rank,store_name,domain_url,emails,phones,instagram,facebook,twitter,linkedin,youtube,category,tagline,tagline_source,logo_url,state,city,gstin,india_evidence,quality_score
1,Yoho,https://yoholife.in,listen@yoholife.in; nodal-officer@yoholife.in; support@yahoworldwide.com,+919205162890; +919205185352,https://www.instagram.com/yoho_lifestyle,https://www.facebook.com/Yoho-Lifestyle-102895602358594,https://twitter.com/yoholifestyle,https://www.linkedin.com/company/yoholifestyle/about,https://www.youtube.com/@yoholifestyle8286,Footwear,"Yoho offers the latest collection of comfortable footwear. Moccasins and casual slippers for men and women that are extremely light, soft, and comfy, with simple returns and exchanges. ✯ Free Shipping ✯ COD",meta_json,https://cdn.shopify.com/s/files/1/0604/8828/6399/files/YohoLogo_90e19438-0573-45a1-85f4-a80c7c4e6784.png?v=1778234592,Delhi,Delhi,07AAFCI8644A1ZP,meta.json country=IN; currency=INR; state=Delhi; .in domain; GSTIN on site; +91 phone on site,13
2,Nveda,https://nveda.in,info@nveda.in; info.nveda@gmail.com,+918071175544; +918071189145; +919513276145,https://www.instagram.com/nveda.shop,https://www.facebook.com/nveda.shop,https://twitter.com/HealthNveda,https://www.linkedin.com/company/nveda,https://www.youtube.com/@nveda,Health & Wellness,"Ayurvedic & nutritional supplements for joint health, PCOD, sugar management & energy. 100K+ ratings. Free doctor consultation. Free shipping on prepaid.",meta_json,https://nveda.in/cdn/shop/files/nveda_logo.png?v=1709719037&width=400,Karnataka,Bengaluru,29AADCB9662P1ZT,meta.json country=IN; currency=INR; state=Karnataka; .in domain; GSTIN on site; +91 phone on site,13
3,ORIONZ,https://orionzjewels.com,support@orionzjewels.com,+919821530396,https://instagram.com/orionzjewels,https://facebook.com/orionzjewels,https://x.com/orionzjewels,https://in.linkedin.com/company/orionz,https://www.youtube.com/@orionz.jewels,Jewellery & Accessories,"Explore Premium Jewellery For Men at ORIONZ. Discover Stylish Rings, Earrings, Bracelets, Chains, Pendants and Gifts For Him. Get Your Perfect Men's Jewellery Today.",meta_json,https://cdn.shopify.com/s/files/1/0285/4548/2827/files/1780987727852-orionzcashfreesquaremonogram21500x1500.png?v=1780987731,Maharashtra,Mumbai,27AADCO7255R1ZN,meta.json country=IN; currency=INR; state=Maharashtra; GSTIN on site; +91 phone on site,13
4,Homeomart,https://homeomart.com,cs@homeomart.com; homeomart@gmail.com; vasant@homeomart.com,+919686858499; +918313555300,https://www.instagram.com/homeomart,https://www.facebook.com/homeomart,https://twitter.com/homeomart,https://www.linkedin.com/company/homeomart/about,https://www.youtube.com/channel/UC2fRWNSOMJx674GF9v-RQaw/videos,Health & Wellness,"Your one-stop online destination for the most extensive range of homeopathic remedies in India. From wellness essentials to specialized treatments, discover the widest selection of products. Experience the best in homeopathy shopping with unbeatable deals and dedicated customer service. Shop with co",meta_json,https://homeomart.com/cdn/shop/files/Homeomart_Logo_Large_4036467a-0b1e-45fd-a2b1-231c82ee1bcd.png?v=1722952079&width=250,Karnataka,Belgaum,29AAGCI5547P1ZR,meta.json country=IN; currency=INR; state=Karnataka; GSTIN on site; +91 phone on site,13
5,Ctrl8,https://ctrl8.in,support@ctrl8.in,+919220248884; +919811551142,https://www.instagram.com/ctrl8india,https://www.facebook.com/profile.php?id=61578452181113,https://x.com/ctrl8india,https://www.linkedin.com/company/112766819/admin/dashboard,https://www.youtube.com/channel/UCr0Pvl0VRigRy-AOVcrDy_w,Electronics & Gadgets,"Discover CTRL8, your destination for premium wireless earbuds, Bluetooth headphones and smart audio accessories. Enjoy powerful sound, deep bass, long battery life and seamless connectivity. Shop stylish, high-performance audio products with secure checkout and fast delivery across India",meta_json,https://ctrl8.in/cdn/shop/files/FINAL_LOGO_UNIT_77895523-8214-428c-b6f7-b16a42e1711c.png?v=1777382098&width=1308,Delhi,Delhi,07AAFCK8233R1ZV,meta.json country=IN; currency=INR; state=Delhi; .in domain; GSTIN on site; +91 phone on site,13
6,Plantsguru,https://plantsguru.com,care@plantsguru.com; info@plantsguru.com,+918468888666,https://www.instagram.com/plantsguru,https://www.facebook.com/plantsguru,https://twitter.com/plantsguru,https://in.linkedin.com/company/plants-guru,https://www.youtube.com/c/plantsguru,Plants & Gardening,"Buy plants online at Plantsguru – your trusted online nursery for indoor plants, outdoor plants, seeds, pots, plant food, and garden tools. With 10+ million healthy, well-rooted, ready-to-use potted plants delivered across India, we make plant shopping easy and affordable.",meta_json,https://plantsguru.com/cdn/shop/files/Final_Logo_Png_2.png?v=1734417323&width=500,Maharashtra,Pune,27AAICM2618R1ZV,meta.json country=IN; currency=INR; state=Maharashtra; GSTIN on site; +91 phone on site,13
7,Kicky & Perky,https://kickyandperky.com,support@kickyandperky.com; hello@kickyandperky.com,+917300061721; +919997478555,https://www.instagram.com/Kickyandperky,https://www.facebook.com/kickyandperky,https://twitter.com/kickyandperky,https://in.linkedin.com/company/kicky-and-perky,https://www.youtube.com/@KickyandPerky,Jewellery & Accessories,"Explore Kicky & Perky’s exquisite collection of pure silver jewellery adorned with dazzling moissanites. Shop elegant, ethical and timeless designs online today",meta_json,https://kickyandperky.com/cdn/shop/files/knp_logo_transparent_background-08.png?v=1664796054&width=2134,Rajasthan,JAIPUR,08ABICS9951Q1Z7,meta.json country=IN; currency=INR; state=Rajasthan; GSTIN on site; +91 phone on site,13
8,PATOYS,https://patoys.in,help@patoys.in,+918010110811,https://www.instagram.com/patoys.in,https://www.facebook.com/patoysindia,https://twitter.com/patoys_,https://www.linkedin.com/company/patoys,https://www.youtube.com/channel/UCF1EieIcVGAlXZyiLBp6pvw,Automotive,"Delivering Papa's Love since day one. Shop India's best kids ride-on cars, bikes, jeeps & spare parts at PATOYS. 2100+ reviews. Fast delivery across India.",meta_json,https://www.patoys.in/cdn/shop/files/patoys-logo.png,Uttar Pradesh,Mathura,09AGLPA4499A1ZF,meta.json country=IN; currency=INR; state=Uttar Pradesh; .in domain; GSTIN on site; +91 phone on site,13
9,biobasics,https://biobasics.org,e.orders@biobasics.org; hello@biobasics.org,+919629122246; +919952468040,https://www.instagram.com/biobasicsin,https://www.facebook.com/biobasicsin,https://twitter.com/biobasicsindia,https://www.linkedin.com/company/bio-basics,https://www.youtube.com/channel/UCK7uSCyQzdBQ9TH8Y7BbLBw,Food & Beverages,Bio Basics is your trusted online organic grocery store where you can buy our full range of healthy and organic food products!,meta_json,https://www.biobasics.org/cdn/shop/files/BB_Logo-black.png?v=1695285929&width=500,Tamil Nadu,Coimbatore,33AANCA5715G1ZS,meta.json country=IN; currency=INR; state=Tamil Nadu; GSTIN on site; +91 phone on site,13
10,EasyPhones,https://easyphones.co.in,info@easyphones.co.in; warranty@easyphones.co.in,+918829064700,https://www.instagram.com/easyphonesofficial,https://www.facebook.com/profile.php?id=61552140507769,https://x.com/EasyphonesInfo,,https://www.youtube.com/@Easyphones971,Electronics & Gadgets,Buy refurbished phones in India with 6-month warranty & 7-day return. Explore premium brands at great prices with EasyPhones,meta_json,https://easyphones.co.in/cdn/shop/files/EasyPhones_logo_in_redbox.webp?v=1740420874&width=500,Rajasthan,Udaipur ,08AARCM1836E1ZB,meta.json country=IN; currency=INR; state=Rajasthan; .in domain; GSTIN on site; +91 phone on site,12
11,BLING QUEEN,https://blingqueen.in,support@blingqueen.in,+919150436777,https://www.instagram.com/blingqueen_shop,https://www.facebook.com/blingqueenshop,https://twitter.com/blingqueenshop,,https://www.youtube.com/channel/UCoEmrMl-S6ntMy-RPJ5D5bA,Jewellery & Accessories,"Shop fashion jewellery online in India at Bling Queen. Discover stylish women’s and men’s jewellery, artificial jewellery, imitation jewellery, necklaces, chains, bracelets, bangles, earrings, rings, belts and gifting picks for everyday wear and special occasions. Enjoy elegant designs with free del",meta_json,https://blingqueen.in/cdn/shop/files/Bling_Queen_-_High_Res_Logo_-_PNG_200x.png?v=1632370973,Tamil Nadu,Chennai,33AAICG8798C1ZA,meta.json country=IN; currency=INR; state=Tamil Nadu; .in domain; GSTIN on site; +91 phone on site,12
12,EMBEYVALLY,https://embeyvally.in,help@embeyvally.in,+919428265169,https://www.instagram.com/embeyvallybrand,https://www.facebook.com/profile.php?id=61567629142524,https://twitter.com/EmbeyVally,,https://www.youtube.com/@embeyvally-thefashionjewel566,Jewellery & Accessories,"embeyvally® product range includes the largest-ever collection of traditional as well as Western Jewellery, Necklace Mangalsutra , Bracelets, Earrings, and Related Items.",meta_json,https://embeyvally.in/cdn/shop/files/s_copy_cc52f9d2-5c44-483d-9574-94c6740b81cd.jpg?v=1739372946&width=500,Gujarat,Surat,24ARGPT7145Q1Z0,meta.json country=IN; currency=INR; state=Gujarat; .in domain; GSTIN on site; +91 phone on site,12
13,99wholesale,https://99wholesale.com,support@99wholesale.com,+918871488214,https://www.instagram.com/99wholesale.india,https://www.facebook.com/99wholesale,https://x.com/99wholesalelive,https://www.linkedin.com/company/99wholesale,https://www.youtube.com/@99wholesale,Apparel & Fashion (Women),Get Household & Kitchen Products for just Rs.99 with Free shipping across India. 100% guarantee on-time delivery and the best quality!,meta_json,https://99wholesale.com/cdn/shop/files/99wholesale-logo.jpg?v=1735970559&width=500,Maharashtra,Mira Road,27AAQCM8075Q1ZA,meta.json country=IN; currency=INR; state=Maharashtra; GSTIN on site; +91 phone on site; Indian PIN code on site,12
14,Leheriya,https://leheriya.com,support@leheriya.com,+911169296516; +919873003388,https://www.instagram.com/leheriya.in,https://www.facebook.com/shop.leheriya,https://twitter.com/TheLeheriya,,https://www.youtube.com/channel/UCXiZxjt15YKzqfbRWXKME_w,Apparel & Fashion,"Premium handcrafted unstitched 3PC salwar suits online in India. Shop Ajrakh, Kota Doria, Banarasi, Kalamkari, Fancy, Applique, Cotton, Silk, Bandhani, Kantha, Aari work, Jamdani, Fancy, Trending, Bhagalpuri, Ikat, Mangalgiri, South Cotton, Chikankari, Shibori and regional textile suit sets and dupa",meta_json,https://www.leheriya.com/cdn/shop/files/logo_be55d2b1-210e-43b5-b911-3585765e88aa_140x.png?v=1677655114,Delhi,Delhi,07AAQCP4784P1ZB,meta.json country=IN; currency=INR; state=Delhi; GSTIN on site; +91 phone on site,12
15,Vismay,https://vismay.com,support@vismay.in,+919947533700; +917994184777; +917306601573,https://www.instagram.com/vismay.india,https://www.facebook.com/vismay.india,,https://www.linkedin.com/company/vismay,https://www.youtube.com/@VismayIn,Apparel & Fashion (Women),"Shop Indian ethnic wear for women with Vismay - quality fabrics, comfortable fits and elegant designs for work, casual wear and festive occasions.",meta_json,https://vismay.com/cdn/shop/files/Logo_vismay2.png?v=1737186553,Kerala,Kochi,32AAJCP5736C1ZM,meta.json country=IN; currency=INR; state=Kerala; GSTIN on site; +91 phone on site; Indian PIN code on site,12
16,Chandrani Pearls,https://chandranipearls.in,info@chandranipearls.net,+919147291911,https://www.instagram.com/chandrani.pearls,https://www.facebook.com/ChandraniPearls.in,,https://www.linkedin.com/company/chandrani-pearls,https://www.youtube.com/channel/UClKR_SN7_bTzIVUApSHxYcw,Jewellery & Accessories,"Chandrani Pearls is the leading pearl jewellery manufacturer in India. We specialize in pearl designer jewellery, fashion accessories, and 925 silver jewellery & more.",meta_json,https://chandranipearls.in/cdn/shop/files/2-1_CP_Blue_eeea8f17-63a0-4c5b-8c5e-8778c92bc22f.png?v=1722670228&width=2400,West Bengal,Kolkata,19AAECC9607L1Z7,meta.json country=IN; currency=INR; state=West Bengal; .in domain; GSTIN on site; +91 phone on site; Indian PIN code on site,12
17,Myra Gems,https://myragems.com,care@myragems.com,+918591242234; +919821565020,https://www.instagram.com/myragems_official,https://www.facebook.com/myragems.official,,https://www.linkedin.com/company/myragems,https://www.youtube.com/@myragems,Jewellery & Accessories,"Shop gemstone rings for men and women at Myra Gems. Explore gemstone ring designs, including exclusive gemstone ring designs for men, crafted with certified stones.",meta_json,https://cdn.shopify.com/s/files/1/0529/1514/2815/files/myra-gems-logo.jpg,Maharashtra,Mumbai,27AAUCM2120J1ZA,meta.json country=IN; currency=INR; state=Maharashtra; GSTIN on site; +91 phone on site; Indian PIN code on site,12
18,Dheu ,https://dheu.in,info@dheu.in,+918420031006,https://www.instagram.com/dheu_calcutta,https://www.facebook.com/dheucalcutta,https://twitter.com/dheu_calcutta,,https://www.youtube.com/channel/UClWAykQyVaf7LzJrEhGOgFw,Apparel & Fashion (Men),"Boutique Dheu: The best Ethnic Boutique in Kolkata and online destination for Couple collection, Handcrafted saree, Silk saree, Jewellery and more. Top Designer & Bengali Fashion Boutique! Best Punjabi Dhuti Store in Kolkata, Wedding Dhoti Kurta for Men",meta_json,https://www.dheu.in/cdn/shop/files/LOGO_icon_round_130x@2x.png?v=1712647750,West Bengal,Kolkata,19AAICD0247M1ZE,meta.json country=IN; currency=INR; state=West Bengal; .in domain; GSTIN on site; +91 phone on site,12
19,Kankatala,https://kankatala.com,hello@kankatala.com,+919059564499,https://www.instagram.com/kankatala_,https://www.facebook.com/kankatala,https://twitter.com/kankatala_,,https://www.youtube.com/@kankatala_,Apparel & Fashion,"Buy handloom sarees online from exclusive hand-picked collection of Kanchipuram, Banarasi, Silk, Cotton, Uppada, Organza, Linen and shop more at Kankatala",meta_json,https://kankatala.com/cdn/shop/files/image_9_a425efb0-54c0-4c49-b260-c229428e5293.png?v=1717581942&width=500,Andhra Pradesh,Visakhapatnam,37AACCK8987H1ZV,meta.json country=IN; currency=INR; state=Andhra Pradesh; GSTIN on site; +91 phone on site; Indian PIN code on site,12
20,Soni Fashion,https://soni.fashion,support@soni.fashion,+912816777777; +912816777775; +918401840185,https://www.instagram.com/SoniFashion_India,https://www.facebook.com/sonifashionindia,https://twitter.com/SoniFashion_,,https://www.youtube.com/c/SoniFashion,Jewellery & Accessories,"Shop 1 gram gold jewellery & gold plated jewelry online in India at Soni Fashion. Explore necklaces, bangles, rings & bridal designs at great prices.",meta_json,https://cdn.shopify.com/s/files/1/0416/8417/2955/files/Soni_Fashion_brand_logo_Square.png,Gujarat,RAJKOT,24AFLPJ0228H2ZQ,meta.json country=IN; currency=INR; state=Gujarat; GSTIN on site; +91 phone on site,12
21,Ethnic Elements,https://ethnicelement.in,support@ethnicelement.com; ethnicelement@ethnicelement.com; contact@ethnicelement.com; ethnicelementsbybharati@gmail.com,+917892366169; +918699705591,https://www.instagram.com/ethnicelements,https://www.facebook.com/ethnicelementsbybharati,,https://www.linkedin.com/company/ethnic-elements,http://www.youtube.com/@ethnicelement2330,Apparel & Fashion (Women),"Discover Ethnic Elements – a sustainable ethnic wear brand rooted in Indian handloom traditions. Shop eco-friendly Kalamkari, Bhujodi, Baghprint, Ikkat, Jamdani & Ajrakh clothing. Handcrafted by skilled rural artisans. COD available | Free shipping | Genuine, premium-quality ethnic fashion | Suit Se",meta_json,https://ethnicelement.in/cdn/shop/files/Ethnic_Elements_2e2c91a5-a17a-4ea9-9c3f-dc4f3e676149.png?v=1760442442&width=401,Karnataka,Bengaluru,29BRAPS6881D1ZE,meta.json country=IN; currency=INR; state=Karnataka; .in domain; GSTIN on site; +91 phone on site,12
22,Frek,https://frek.in,support@frek.in; contact@frek.in; frek.co.in@gmail.com,+911169320321; +919239689726; +917810952948,https://www.instagram.com/frekenterprises,https://www.facebook.com/frektp,https://x.com/frekenterprises,,https://www.youtube.com/@frekenterprises,Plants & Gardening,"Buy live plants online in India, from succulents and cactus to indoor and hanging plants. Healthy plants, safe packaging, and delivery across India.",meta_json,https://frek.in/cdn/shop/files/Frek_Logo_PNG_Transparant_HD.png?v=1777582305&width=500,West Bengal,Darjeeling,19BAAPT5329N1Z3,meta.json country=IN; currency=INR; state=West Bengal; .in domain; GSTIN on site; +91 phone on site,12
23,Indclues,https://indclues.com,support@indclues.com,+911169266285,https://www.instagram.com/indclues.app,https://www.facebook.com/indclues,https://twitter.com/IndcluesCom,,https://www.youtube.com/@indclues,Electronics & Gadgets,"Indclues.com - Online Shopping for Mobile Accessories, Batteries, Back Covers & Other Products at Lowest Price in India. Free shipping All Over India.",meta_json,https://indclues.com/cdn/shop/files/indclues_logo_2021_png.png?v=1613714411&width=500,West Bengal,Siliguri Town,19DIEPS2433E1Z9,meta.json country=IN; currency=INR; state=West Bengal; GSTIN on site; +91 phone on site,12
24,MyWestern,https://mywestern.in,info@mywestern.in; mywestern2024@gmail.com,+919724077763; +917600015547,https://www.instagram.com/mywesterns,https://facebook.com/mywesterns,https://x.com/MyWestern2024,,https://www.youtube.com/@mywestern,Apparel & Fashion (Women),"Shop western dresses online for women at MyWestern. Explore party wear, cord sets, midi dresses, floral shirt dresses & trendy western wear tops.",meta_json,https://mywestern.in/cdn/shop/files/Untitled-1_copy_bb71ee34-dda2-4be9-8483-714d61ca6618_256x.png?v=1755156515,Gujarat,surat,24CHIPS4286H1ZX,meta.json country=IN; currency=INR; state=Gujarat; .in domain; GSTIN on site; +91 phone on site,12
25,Rasayanam,https://rasayanam.in,contact@rasayanam.in; wecare@rasayanam.in; ayush@rasayanam.in,+918882566684; +919711650949,https://www.instagram.com/rasayanam,https://www.facebook.com/Rasayanam.health,,https://www.linkedin.com/company/rasayanam,https://www.youtube.com/@Rasayanam-YT,Health & Wellness,"Rasayanam offers clean vegetarian supplements with ingredients, purity tested, and free from unnecessary additives",meta_json,https://rasayanam.in/cdn/shop/files/Chatbot_Logo.svg?v=1776345896&width=72,Haryana,Faridabad,06AANCR7133H1Z6,meta.json country=IN; currency=INR; state=Haryana; .in domain; GSTIN on site; +91 phone on site,12
26,The Yellow Dwelling,https://theyellowdwelling.com,wecare@theyellowdwelling.com; hello@pinklay.com; theyellowdwelling@gmail.com,+919606246004,https://www.instagram.com/theyellowdwelling,https://www.facebook.com/theyellowdwelling,,https://www.linkedin.com/company/theyellowdwelling,https://www.youtube.com/channel/UCTntHrK9FQR4PKfT00s1G5Q,Home & Decor,"Buy Premium, Stylish and Custom made Cotton & Linen Curtains, Cushion covers, Dining linen, Bedding Linen and other home decor products online in India.",meta_json,https://theyellowdwelling.com/cdn/shop/files/newlogo-1024x419.png?v=1688640012&width=1024,Tamil Nadu,Karur,33AABCY2054L1ZB,meta.json country=IN; currency=INR; state=Tamil Nadu; GSTIN on site; +91 phone on site,12
27,dreamjwell,https://dreamjwell.com,priya@dreamjwell.com,+918548828550; +919741500770,https://instagram.com/dreamjwell,https://facebook.com/dreamjwell,https://twitter.com/dreamjwell,,https://www.youtube.com/channel/UCXU2fS2l7dARoHaNkc3TSLw,Jewellery & Accessories,"Dreamjwell: Temple, Kemp, CZ & AD fashion jewelry sets. Shop exquisite Necklaces, Earrings, Bangles, Maang Tikkas, and Rings. Worldwide shipping!",meta_json,https://dreamjwell.com/cdn/shop/files/logo_-_500px_x_500px_-_white_bg.png?v=1731556619&width=500,Karnataka,Bangalore,29AVIPD0504B2Z9,meta.json country=IN; currency=INR; state=Karnataka; GSTIN on site; +91 phone on site,12
28,Topperskit LLP,https://topperskit.com,support@topperskit.com,+919651114888; +917839114402,https://www.instagram.com/topperskit.tk,https://www.facebook.com/topperskit.tk,https://twitter.com/topperskit,,https://www.youtube.com/channel/UCS91AeruQGsfeiIuK5410WA,Books & Stationery,India's leading online stationery store offers altogether a new experience to shop for stationery items.,meta_json,https://topperskit.com/cdn/shop/files/sketch-1595571228899.webp?v=1698387046&width=500,Uttar Pradesh,Lucknow,09AAPFT5201M1ZQ,meta.json country=IN; currency=INR; state=Uttar Pradesh; GSTIN on site; +91 phone on site,12
29,Green Milk Concepts,https://greenmilkconcepts.in,info@greenmilkconcepts.in,+919150024832,https://www.instagram.com/greenmilkconcept,https://www.facebook.com/greenmilkconcepts,https://twitter.com/greenmilkcon,,https://www.youtube.com/@greenmilkconcepts,Health & Wellness,"Discover Green Milk Concepts’ Ayurvedic products for pain relief, glowing skin, and daily wellness. Herbal oils, supplements & skincare. Shop now!",meta_json,https://greenmilkconcepts.in/cdn/shop/files/Green-Milk-Concepts-Logo-Image-Transparent.png?v=1745570232&width=112,Tamil Nadu,Chennai,33ADFFS8874A1Z0,meta.json country=IN; currency=INR; state=Tamil Nadu; .in domain; GSTIN on site; +91 phone on site,12
30,KashmirBox.com,https://kashmirbox.com,care@kashmirbox.com,+912269470525; +919797708647; +919796659999,https://instagram.com/kashmirboxofficial,https://facebook.com/kashmirboxofficial,https://twitter.com/kashmirbox,,https://youtube.com/@KashmirBoxonline,Apparel & Fashion (Women),"We offer Best Quality Saffron (Kesar) & Dryfruits, Authentic Cashmere shawls, Luxurious Pashmina Wraps. The Best Online Shopping Site for Kashmiri Products",meta_json,https://www.kashmirbox.com/cdn/shop/files/KASHMIR_BOX_3d5f001d-8ec7-41dd-bdfb-89974aedfdc0.png?v=1774889093&width=750,Jammu and Kashmir,Srinagar,01AAECK9299A1ZN,meta.json country=IN; currency=INR; state=Jammu and Kashmir; GSTIN on site; +91 phone on site,12
31,Adimanav Studios,https://adimanav.com,care@adimanav.com,+917057052577,https://www.instagram.com/AdiManavDotCom,https://www.facebook.com/AdimanavDotCom,https://www.twitter.com/AdiManavDotCom,https://in.linkedin.com/company/adimanavstudios,https://www.youtube.com/@adimanavdotcom,Apparel & Fashion,"Adimanav is a Pune-based brand specialising in graphic tees and pure cotton printed shirts for the whole family - kids, women, and men. Our designs are rooted in Maharashtrian culture and printed in-house for quality you can feel. Bold prints. Real cotton. Made with intent.",meta_json,https://adimanav.com/cdn/shop/files/adimanav-logo_9ddc79da-e382-4b78-8ab9-8e70196056a2.png?v=1699850034&width=500,Maharashtra,Pune,27ADLPY5615K1ZU,meta.json country=IN; currency=INR; state=Maharashtra; GSTIN on site; +91 phone on site,12
32,Anandi Green's,https://anandigreens.com,support@anandigreens.com; help@anandigreens.com,+919429694669; +917470555313,https://www.instagram.com/anandi_greens,https://www.facebook.com/greenanandi,https://twitter.com/AnandiGreens,,https://www.youtube.com/@anandigreens88,Plants & Gardening,"Shop premium HDPE and geo-fabric grow bags, vegetable and flower seeds, and gardening tools online. Fast shipping across India. Order from Anandi Green's today.",meta_json,https://cdn.shopify.com/s/files/1/0759/1657/5009/files/Anandi_Greens_logo_New_1200x628px.jpg?v=1753077253,Madhya Pradesh,Indore,23ABECA3012C1ZM,meta.json country=IN; currency=INR; state=Madhya Pradesh; GSTIN on site; +91 phone on site,12
33,9shines label,https://9shineslabel.com,support@9shineslabel.com,+919019061655,https://www.instagram.com/9shineslabel,https://www.facebook.com/9shineslabel,,https://www.linkedin.com/company/9shines-label,https://www.youtube.com/@9shines_label,Apparel & Fashion (Women),"Explore premium styles with nighties for women, maternity clothes, sleeveless nighties, short nighties, kaftans, and pajama sets. Refresh your wardrobe now.",meta_json,https://tapita.io/pb/pub/media/spb/usr/8739/wysiwyg/58810302617/page-1.jpeg,Karnataka,Bengaluru,29BAOPB0131L1ZS,meta.json country=IN; currency=INR; state=Karnataka; GSTIN on site; +91 phone on site,12
34,Saffron Threads,https://saffronthreadsclothing.com,marketing@saffronthreadsclothing.com; sanjeev@shreebalajifashions.com,+918655995224; +919322220989,https://www.instagram.com/saffron_threads,https://www.facebook.com/SaffronThreads,https://x.com/saffron_threads,,https://www.youtube.com/channel/UCbMtXNbb7nTNFo-Scgcqdqw,Apparel & Fashion (Women),Buy trendy and designer ethnic wear for women by saffron threads. Shop now for effortless comfort with ✯ Free Shipping ✯ Easy Returns ✯ Pay on delivery,meta_json,https://saffronthreadsclothing.com/cdn/shop/files/Saffron_Threads_Logo.png?v=1756411155&width=500,Maharashtra,Mumbai,27ABOFS5787M1Z1,meta.json country=IN; currency=INR; state=Maharashtra; GSTIN on site; +91 phone on site,12
35,SCOOBOO ,https://scooboo.in,support@scooboo.in; corporate@scooboo.in,+919875923993; +918288880584,https://www.instagram.com/scooboo.in,https://www.facebook.com/Scooboo.in,https://twitter.com/ScoobooIn,,https://www.youtube.com/channel/UCuGR5Zk7v4zKDHeHh8wsV8Q/featured,Books & Stationery,"Are you looking to buy stationery online in India? Visit Scooboo (art and craft shop near you) and buy the latest stationery, art supplies, craft material, and desk tools at reasonable prices. Scooboo is India’s largest one stop store for art and craft supplies.",meta_json,https://scooboo.in/cdn/shop/files/SCOOBOO_LOGO.png?v=1614307628&width=500,Chandigarh,CHANDIGARH,04AAJFH9774K1ZS,meta.json country=IN; currency=INR; state=Chandigarh; .in domain; GSTIN on site; +91 phone on site,12
36,Vinod Cookware India Private Limited ,https://vinodcookware.com,customercare@vinodcookware.com,+912266211209; +912266211200,https://www.instagram.com/vinod_cookware,https://web.facebook.com/vinodintelligentcookware,https://x.com/Vinod_Cookware,,https://www.youtube.com/channel/UC_MJXqk0ntNePaMYPl6_uig,Kitchen & Dining,"Vinod Cookware – India’s best kitchenware products brand. Our product catalogue includes pressure cookers, hard anodised, stainless steel, Sandwich Bottom (SAS) cookware, Insulated (water bottles and much more.",meta_json,https://vinodcookware.com/cdn/shop/files/Vinod_PNG_red_logo_f6fa8948-be9c-47f7-8ac1-7a29f6af9a33.png?v=1779791753&width=500,Maharashtra,Mumbai,27AAJCV4382N1ZK,meta.json country=IN; currency=INR; state=Maharashtra; GSTIN on site; +91 phone on site,12
37,Xtep India,https://xtepindia.com,customercare@xtepindia.com; customercare.ecom@xtep.com; chandru.venkatesh@xtep.com,+916366822301,https://www.instagram.com/xtepindiaofficial,https://www.facebook.com/xtepindiasports,,https://in.linkedin.com/company/xtep-india,https://www.youtube.com/@XtepIndiaOfficial,Footwear,"Discover Xtep India's official online store, featuring a wide selection of running shoes, athletic apparel, and accessories designed for performance and style. Shop now and elevate your fitness journey.",meta_json,https://xtepindia.com/cdn/shop/files/Main.svg?v=1739280353&width=2076,Karnataka,Bengaluru,29AAGCV3628L1ZS,meta.json country=IN; currency=INR; state=Karnataka; GSTIN on site; +91 phone on site,12
38,hoop,https://hoophello.com,care@hoophello.com,+919818320509,https://www.instagram.com/hoop.hello,https://www.facebook.com/hoop.hello,https://twitter.com/hoop_hello,https://www.linkedin.com/company/hoopwellness/about,https://www.youtube.com/@hoophello,Health & Wellness,"Shop hoop Magnesium Lotion, Epsom Body Wash, Relief Sprays, Hydrogel Patches and more. Daily wellness products India loves. LIVE ACTIVE.",meta_json,https://hoophello.com/cdn/shop/files/logo-white-hoop4.webp?v=1789902866&width=300,Delhi,Delhi,07AAGCH2678L1Z4,meta.json country=IN; currency=INR; state=Delhi; GSTIN on site; +91 phone on site,12
39,JaipurFabric®,https://jaipurfabric.com,info@jaipurfabric.com; fabricjaipur@gmail.com,+919314075567; +919887334567,https://www.instagram.com/jaipur_fabric,https://www.facebook.com/jaipurfabric,https://x.com/jaipurfabric,https://in.linkedin.com/company/jaipur-fabric,https://www.youtube.com/@jaipur_fabric,Home & Decor,"Discover JaipurFabric's exquisite collection of authentic handloom fabrics and home decor. From vibrant bed sheets and quilts to elegant AC Dohar, Comforters and curtains, our handcrafted products bring the rich heritage of Jaipur to your home. Shop now for quality, tradition, and style with best qu",meta_json,https://www.jaipurfabric.com/cdn/shop/files/Swadeshi_Jaipur_Fabric.png?v=1756707312&width=300,Rajasthan,Jaipur,08AAPCS3274C1Z7,meta.json country=IN; currency=INR; state=Rajasthan; GSTIN on site; +91 phone on site,12
40,Touch925,https://touch925.com,info@touch925.com,+917041886769; +917290465419; +917041746797,https://www.instagram.com/touch_925,https://www.facebook.com/touch925,https://x.com/Touch925,https://www.linkedin.com/company/touch925,https://www.youtube.com/@Touch925,Gifts & Hampers,"Explore silver jewellery for men, women, kids & gifting. From necklaces to earrings, enjoy online silver shopping at Touch925 for timeless gifts or personal treats!",meta_json,https://touch925.com/cdn/shop/files/ABP_logo_svg.png?v=1714664247&width=2560,Delhi,New Delhi,07ABKCS8349G1ZU,meta.json country=IN; currency=INR; state=Delhi; GSTIN on site; +91 phone on site,12
41,Brown Living™,https://brownliving.in,hello@brownliving.in,+919324693122,https://www.instagram.com/brownlivingindia,https://www.facebook.com/BrownLivingIndia,https://twitter.com/brownliving_,https://www.linkedin.com/company/brown-living,https://www.youtube.com/@Brownlivingindia,Apparel & Fashion (Women),"Shop verified sustainable, eco-friendly, non-toxic and ethical products from trusted Indian brands. Plastic-free packaging and carbon-neutral delivery.",meta_json,https://cdn.shopify.com/s/files/1/0087/0173/9088/files/schemaplus_organization_logo_99acddd6-d9fd-4956-b67e-dddcd48b49ad.jpg?v=1745940419,Maharashtra,Mumbai,27AADCL9982G1ZZ,meta.json country=IN; currency=INR; state=Maharashtra; .in domain; GSTIN on site; +91 phone on site,12
42,ThinkRobotics.com,https://thinkrobotics.com,donotreply@thinkrobotics.com,+918065427666; +919318394903,https://www.instagram.com/thinkrobotics_,https://www.facebook.com/thinkrobotics,https://x.com/RoboticsThink,https://in.linkedin.com/company/thinkrobotics,https://www.youtube.com/channel/UCo3C9bbiAdJ-jezSVB8J1VA,Electronics & Gadgets,"Latest Electronics, Robotics DIY components , Motors, Input Devices products at the lowest prices on the internet guaranteed! Try our 3D Printing service, we have experience of over 80,000 hours and provide finest print resolution with many color and material options.",meta_json,https://thinkrobotics.com/cdn/shop/t/90/assets/thinkrobotics-logo.png?v=108755154443091797991782223113,Delhi,New Delhi,07AAOCA0854B1ZY,meta.json country=IN; currency=INR; state=Delhi; GSTIN on site; +91 phone on site,12
43,Come again,https://comeagain.co.in,support@comeagain.co.in; queries@comeagain.co.in,+918076592781,https://www.instagram.com/comeagain.co.in,https://www.facebook.com/people/ComeAgaincoin/61583923898090,https://x.com/Comeagain_co,https://www.linkedin.com/company/comeagainco,https://www.youtube.com/@comeagain.co-in,Jewellery & Accessories,"Buy Come Again Charms Bracelet, Fashion Accessories & Jewellery online for Women. Explore trendy collection of Earrings, Necklaces, Bracelets, Rings.",meta_json,https://comeagain.co.in/cdn/shop/files/c_2-removebg-preview.png?v=1759232730&width=500,Delhi,New Delhi,07AAECW4604K1Z7,meta.json country=IN; currency=INR; state=Delhi; .in domain; GSTIN on site; +91 phone on site,12
44,Blubein,https://blubein.com,support@blubein.com,+9118005711777; +918925866772,https://www.instagram.com/blubein,https://www.facebook.com/Blubein,https://twitter.com/Blubein_in,,https://www.youtube.com/@blubein_official,Health & Wellness,"Shop clean-label vitamins and supplements for fitness, weight management and beauty. Vegan, science-backed nutrition — delivered across India.",meta_json,https://blubein.com/cdn/shop/files/Blubein_logo.svg?v=1737827307&width=400,Tamil Nadu,Chennai,33AALCB9226DIZT,meta.json country=IN; currency=INR; state=Tamil Nadu; GSTIN on site; +91 phone on site,12
45,Dopehead Stores,https://dopeheadstores.com,info@dopeheadstores.com,+919156665055,https://www.instagram.com/dopeheadstores,https://www.facebook.com/DopeheadStores,https://x.com/dopehead_stores,,https://www.youtube.com/@DopeheadStores,Apparel & Fashion,"All sizes available | customized fitting | Just share your height and waist measurements when you order. The ultimate harem pants! With their bold and eclectic designs, these pants are perfect for making a statement while staying comfy. Boho spirit and urban confidence. Breathable Fabric with 2 side",meta_json,https://www.dopeheadstores.com/cdn/shop/files/l2d.png?v=1724753076&width=500,Maharashtra,Pune,27AATFD5831B1ZF,meta.json country=IN; currency=INR; state=Maharashtra; GSTIN on site; +91 phone on site,12
46,Pitshirts,https://pitshirts.in,customersupport@pitshirts.in; irfansudden@gmail.com,+918049367920; +919150634852,https://instagram.com/pitshirtss,https://www.facebook.com/profile.php?id=100068257743514,,,https://www.youtube.com/@reachdigitalmarketing4610,Apparel & Fashion (Women),We Manufacture and Sell Pure Cotton Polo T Shirts with pocket of wide varieties from Plain to Stripes we have nearly 25 colors available from sizes S to 4 XL .,meta_description,https://pitshirts.in/cdn/shop/files/1000095275.jpg?v=1723959120&width=500,Tamil Nadu,Tirupur,33AEKPI6457D2ZK,meta.json country=IN; currency=INR; state=Tamil Nadu; .in domain; GSTIN on site; +91 phone on site,11
47,thedeconstruct,https://thedeconstruct.in,wecare@thedeconstruct.in,+918047105772; +919398249040,https://www.instagram.com/deconstruct_skincare,https://www.facebook.com/deconstructhq,,https://www.linkedin.com/company/the-deconstruct,https://www.youtube.com/channel/UCPBXXrn7tw20A6JldPuXEUg,Beauty & Personal Care,"Explore Deconstruct – science-backed skincare for all skin types. Gentle, effective formulas that support healthy, balanced skin.",meta_json,https://thedeconstruct.in/cdn/shop/files/header-logo.webp?v=1682503114&width=304,Karnataka,Bangalore,29AAICB9825H1Z8,meta.json country=IN; currency=INR; state=Karnataka; .in domain; GSTIN on site; +91 phone on site,11
48,Sutisancha,https://sutisancha.com,care@sutisancha.com,+916354506028; +919265660282,https://www.instagram.com/suti_sancha,https://www.facebook.com/profile.php?id=100090565305936,,,https://www.youtube.com/@Sutisancha.official,Apparel & Fashion,Sutisancha is Brimming with Treasures That Are Sure To Become A Favorite Place in Your Collection. Thank You & Happy Shopping!,meta_json,https://sutisancha.com/cdn/shop/files/PNG_FILE_2.png?v=1705755357&width=4294,Gujarat,Surat,24AAWFK6975C1ZU,meta.json country=IN; currency=INR; state=Gujarat; GSTIN on site; +91 phone on site; Indian PIN code on site,11
49,Kalyan Silks - India ,https://kalyansilks.com,customerservice@kalyansilks.com,+918129966333; +914872434000; +914873500200,https://www.instagram.com/kalyansilks,https://www.facebook.com/KalyanSilks,https://x.com/kalyansilkss,,https://www.youtube.com/channel/UCF7YjXeHKmS7Rbo-2gyDb2Q,Apparel & Fashion (Women),"Welcome to the world of Kalyan Silks, we are world’s largest silk saree showroom network and the most trusted brand in Kerala for more than a century now.",meta_json,https://www.kalyansilks.com/cdn/shop/files/Kalyan_Silks_Logo.png?v=1765531110&width=180,Kerala,Thrissur,32AABCK5929J2ZG,meta.json country=IN; currency=INR; state=Kerala; GSTIN on site; +91 phone on site,11
50,100Ampere,https://100ampere.com,contact@100ampere.com; support@haritutradingprivatelimited.com,+919289557750; +918826352900,https://www.instagram.com/100ampereofficial,https://www.facebook.com/people/100Ampereofficial/61575456301957,,,https://www.youtube.com/channel/UCmStp6OSfZsilBUOVDSmNag,Electronics & Gadgets,Cadiant Shopify Template with multiple layouts and styles allows you to create different structures and satisfies any specific requirements for different kinds of business.,meta_description,https://100ampere.com/cdn/shop/files/logo-100.png?v=1773662826&width=240,Haryana,Faridabad,06AAMCD4257B1ZU,meta.json country=IN; currency=INR; state=Haryana; GSTIN on site; +91 phone on site,11
51,Caratbazaar,https://caratbazaar.in,support@caratbazaar.in; caratbazaar@gmail.com,+917011541514; +917428756972; +918190598524,https://instagram.com/caratbazaar2.0,https://www.facebook.com/profile.php?id=61579771829740,,,https://www.youtube.com/@Caratbazaar,Jewellery & Accessories,"Visit CaratBazaar for beautiful Lab Grown Diamond & Moissanite Jewellery. Discover rings, earrings, and more. Explore website for Stunning designs that shine forever. Buy now.",meta_json,https://caratbazaar.in/cdn/shop/files/CARATBAZAAR_LOGO_Long_544d00ed-a2f2-4a83-bc50-2b5cbc5a78c8.svg?v=1773733065&width=900,Delhi,NEW DELHI,07AAGCL3172M1Z7,meta.json country=IN; currency=INR; state=Delhi; .in domain; GSTIN on site; +91 phone on site,11
52,Melblok,https://melblok.com,we.care@melblok.com; corporate@ratticorp.com,+918035738817,https://www.instagram.com/melblok,https://www.facebook.com/Melblok.skin,https://twitter.com/melblok,,https://www.youtube.com/channel/UCPnjOY8Zae9OFEY0ksWYTFw,Beauty & Personal Care,Restorative Dermatological Skincare.,meta_json,https://melblok.com/cdn/shopifycloud/storefront/assets/no-image-2048-a2addb12_grande.gif,Delhi,New Delhi,07AAMCR5930M1ZT,meta.json country=IN; currency=INR; state=Delhi; GSTIN on site; +91 phone on site,11
53,Mirana,https://miranajewels.com,care@miranajewels.com; miranabymegha@gmail.com,+919413563838,https://www.instagram.com/miranabymegha,https://www.facebook.com/miranabymegha,https://twitter.com/miranabymegha,,,Jewellery & Accessories,"Shop Real Look High Quality Designer Artificial Jewellery at Mirana from a Wide Range of Bridal Jewellery, Necklaces, Earrings, Bangles, Rings & more at Affordable Prices.",meta_json,https://miranajewels.com/cdn/shop/files/Mirana-Logo-Horizontal_1741x501px.png?v=1741266660&width=1741,Rajasthan,Jaipur,08AFLPD4697J1ZX,meta.json country=IN; currency=INR; state=Rajasthan; GSTIN on site; +91 phone on site,11
54,Nayajaisa,https://nayajaisa.com,support@nayajaisa.com; sales@nayajaisa.com; escalation@nayajaisa.com,+918446068589; +919987147979; +911691714518,https://www.instagram.com/nayajaisa,,,https://www.linkedin.com/company/nayajaisa,https://www.youtube.com/@NayaJaisaIndia,Electronics & Gadgets,"Nayajaisa is India’s trusted destination for refurbished laptops, desktops, and workstations—quality-tested and certified like new. 💻 With over 2,00,000+ PCs sold in 5+ years, we deliver performance and reliability at unbeatable prices. ✅ Shop smart. Shop sustainable. Visit www.nayajaisa.com today!",meta_json,https://nayajaisa.com/cdn/shop/files/naya_jaisa_transparent_logo_0aafeae8-e860-4a25-a3f1-fd2ae9c923f3.png,Maharashtra,Navimumbai,27AAMCR8484J1ZI,meta.json country=IN; currency=INR; state=Maharashtra; GSTIN on site; +91 phone on site,11
55,Ornate Jewels,https://ornatejewels.com,care@ornatejewels.com; sales@ornatejewels.com,+918600718666; +917590712221,https://www.instagram.com/ornatejewels,https://www.facebook.com/ornatejewelscom,,,https://www.youtube.com/channel/UC9_02TJWGcntmvz2sGMIKUg,Jewellery & Accessories,"India's factory-direct jewellery brand. 925 BIS hallmarked silver, real 9K & 10K gold, lab-grown diamonds & natural gemstones. 1,200+ designs. Lifetime Warranty. Gift box. From ₹799.",meta_json,https://www.ornatejewels.com/cdn/shop/files/Social_Sharing_Image_1200x628_28.4.jpg?v=1778585819&width=600,Rajasthan,Pune,08AABCW5767E1Z3,meta.json country=IN; currency=INR; state=Rajasthan; GSTIN on site; +91 phone on site,11
56,Paragon Footwear,https://paragonfootwear.com,cs@paragonfootwear.com; esupport@paragonfootwear.com,+91180042555552; +918042611111,https://www.instagram.com/paragonfootwear,https://www.facebook.com/Paragonfootwear,,,https://www.youtube.com/user/Paragonfootwear,Footwear,"As a brand that sells all over the country, Paragon needs little or no introduction in the Indian sub-continent.",about_paragraph,https://paragonfootwear.com/cdn/shop/files/paragon-logo.png?v=1771220301&width=250,Karnataka,Bengaluru,29AABCP3052F1ZM,meta.json country=IN; currency=INR; state=Karnataka; GSTIN on site; +91 phone on site,11
57,karmikh,https://karmikh.com,admin@karmikh.com; info@karmikh.com,+919431620315,https://www.instagram.com/karmikh_official,https://www.facebook.com/Karmikhclothing,,,https://www.youtube.com/@karmikh6547,Baby & Kids,"Buy soft cotton newborn outfits , personalized baby rompers, custom infant wear & adorable family twinning sets that make every milestone special . Gentle, cozy & perfect for your newborn & gifting.",meta_json,https://karmikh.com/cdn/shop/files/logo.png?v=1715019499&width=500,Karnataka, Bengaluru,29ACLPV7821K1ZR,meta.json country=IN; currency=INR; state=Karnataka; GSTIN on site; +91 phone on site,11
58,Moto Genius ,https://motogeniusstore.com,info@motogeniusstore.com; support@motogeniusstore.com; info@motogeniusstore.in,+919266959267,https://www.instagram.com/moto_genius,https://www.facebook.com/people/MOTO-Genius/61583620731321,,,https://www.youtube.com/@MOTOGENIUS-OFFICIAL,Automotive,"Shop premium bike parts and bike accessories at Moto Genius. Explore durable bike modification accessories designed for performance, style, and everyday riding needs",meta_json,https://motogeniusstore.com/cdn/shop/files/logo_for_moto_8c41caf4-ff94-4592-b58c-ba3dd093116d.png?v=1758866106&width=409,Delhi,New Delhi,07ACFFM3855Q1ZJ,meta.json country=IN; currency=INR; state=Delhi; GSTIN on site; +91 phone on site,11
59,Beejwala,https://beejwala.com,beejwala.com@gmail.com,+919319759222,https://www.instagram.com/beejwalaindia,https://www.facebook.com/beejwalaindia,https://twitter.com/BeejwalaIndia,https://www.linkedin.com/company/beejwala,https://www.youtube.com/channel/UCZWGKV3aJYoZYA9T6oV-D6w,Plants & Gardening,"Beejwala.com is One of the Best online Garden Stores in India. Buy Flower Seeds Online, Vegetable Seeds Online, Nursery Live Plants, Flower Bulbs Online, Exotic Vegetable Seeds & Herb Seeds at Best Prices. Delivered fast across India. Shop now for the finest selection of seeds and create your dream ",meta_json,https://beejwala.com/cdn/shop/files/Beejwala_Logo_Mobile_2_140x@2x.png?v=1653382505,Uttar Pradesh,Hapur,09ACZPI9229A2Z6,meta.json country=IN; currency=INR; state=Uttar Pradesh; GSTIN on site; +91 phone on site,11
60,P•TAL,https://ptal.in,contact@ptal.in,+917314620881; +919740357742; +917314620795,https://www.instagram.com/ptal.in,https://www.facebook.com/ptal.org,,,https://www.youtube.com/@ptal.global,Kitchen & Dining,"Shop for handmade Copper, Kansa and Brass vessels, utensils, home décor, kitchenware, and wedding gift items. Choose from our vintage metal handicrafts.",meta_json,https://ptal.in/cdn/shop/files/logo_b7b2fb7a-895b-466f-8cca-838f7e5f2c7e.png?v=1749555198&width=800,Haryana,Panchkula,06AAKCK0953B1ZU,meta.json country=IN; currency=INR; state=Haryana; .in domain; GSTIN on site; +91 phone on site,11
61,Diamo,https://diamopure.com,info@diamopure.com,+917041869868,https://www.instagram.com/diamo.pure,https://www.facebook.com/diamopure,,,https://www.youtube.com/@Diamo_Pure,Jewellery & Accessories,Discover Diamo’s stunning collection of silver diamond jewellery india – where elegance meets brilliance. Shop timeless piece at fair price & Perfect for everyday.,meta_json,https://www.diamopure.com/cdn/shop/files/Group_1000002467.png?v=1777951307&width=500,Gujarat,surat,24AAYFD4474F1Z3,meta.json country=IN; currency=INR; state=Gujarat; GSTIN on site; +91 phone on site,11
62,Paksha India,https://paksha.in,care@paksha.com; care@paksha.in,+919391008804; +918621034913,https://www.instagram.com/shoppaksha,https://www.facebook.com/ShopPaksha,,,https://www.youtube.com/@shoppaksha,Jewellery & Accessories,"Explore pure 925 silver jewellery online – from elegant necklaces and earrings to rings, bracelets & pendants. Indian handcrafted designs. Shop now!",meta_json,https://paksha.in/cdn/shop/files/logo-earth-color2_8a38e889-38df_p-4724-ba44-5192c83e4e0a_430x_28366605-96f6-4dd7-b59e-12b4968682e6_410x.png?v=1719476401,West Bengal,Hooghly,19AANCP9154G1ZU,meta.json country=IN; currency=INR; state=West Bengal; .in domain; GSTIN on site; +91 phone on site,11
63,itisaaj,https://itisaaj.in,sales@itisaaj.in; support@itisaaj.in,+919022502704,https://instagram.com/itisaaj.in,https://facebook.com/kolhapurisaaj,,,https://www.youtube.com/channel/UCeCFnk9SPHfftBKzVjz-fjQ,Jewellery & Accessories,"Checkout latest range of artificial/maharashtrian jewellery online at itisaaj, best imitation jewellery store in India. Quality products, pan India cash on delivery.",meta_json,https://itisaaj.in/cdn/shop/files/Hemant_Jewellers_Logo_SVG.svg?v=1721302085&width=112,Maharashtra,Kolhapur,27AADPO8628B1ZQ,meta.json country=IN; currency=INR; state=Maharashtra; .in domain; GSTIN on site; +91 phone on site,11
64,Priya Foods,https://priyafoods.com,response@priyafoods.com,+914023597777,https://www.instagram.com/priyafoodsofficial,https://www.facebook.com/PriyaFoodsOfficial,,,https://www.youtube.com/@priyafoods2910,Food & Beverages,"Perfect for every kitchen and every occasion! Shop from our wide range of Pickles, Masalas, Pastes, Instant Mixes, Ready to Eat, Papad,Quick Foods, Roti Pachadi and more.",meta_json,https://priyafoods.com/cdn/shop/files/LOGO.png?v=1632809617&width=594,Telangana,Ranga Reddy District,36AAACU2690P2ZR,meta.json country=IN; currency=INR; state=Telangana; GSTIN on site; +91 phone on site,11
65,Indian Terrain Fashions Limited,https://indianterrain.com,support@indianterrain.com; careers@indianterrain.com,+919990904222,https://www.instagram.com/indianterrainofficial,https://www.facebook.com/indianterrain,,,https://www.youtube.com/@MansTerrain,Apparel & Fashion (Men),"Indian Terrain is India's leading brand for Men's clothing. Buy shirts, t- shirts, jeans, trousers, joggers, shorts, jackets, sweaters, coats, sweatshirts & boxers.",meta_json,https://indianterrain.com/cdn/shop/files/indian-terrian-logo-black.png?v=1787576700&width=500,Tamil Nadu,Chengalpattu,33AACCI1509D1Z9,meta.json country=IN; currency=INR; state=Tamil Nadu; GSTIN on site; +91 phone on site,11
66,Baby Forest,https://babyforest.in,info@babyforest.in; care@babyforest.in,+9118002023102,https://instagram.com/babyforestayurveda,https://facebook.com/babyforestayurveda,,,https://www.youtube.com/channel/UCsTDFmYpBICfsJADSbKE72Q,Baby & Kids,"Explore Baby Forest's range of organic baby care products made with Ayurvedic ingredients. From skincare to feeding essentials, nurture your baby naturally",meta_json,https://www.babyforest.in/cdn/shop/files/babyforest-logo.png?v=1657621604&width=346,Uttar Pradesh,Noida,09AAECL2151J1ZI,meta.json country=IN; currency=INR; state=Uttar Pradesh; .in domain; GSTIN on site; +91 phone on site,11
67,Devastram,https://devastram.com,support@devastram.com,+917290023092,https://www.instagram.com/devastram.india,https://www.facebook.com/Devastram,,,https://youtube.com/@devastram,Jewellery & Accessories,"Trusted by 15,000+ devotees, Devastram offers handcrafted Laddu Gopal & Mata Rani dresses & other Deity dresses with triple quality checks and premium quality.",meta_json,https://www.devastram.com/cdn/shop/files/WhatsApp_Image_2026-05-06_at_15.03.27-removebg-preview_1.png?v=1778060800&width=500,Haryana,Gurgaon,06AMJPM3462H1ZZ,meta.json country=IN; currency=INR; state=Haryana; GSTIN on site; +91 phone on site; Indian PIN code on site,11
68,Saundh,https://saundh.com,askme@saundh.in; careers@saundh.com; marketing@saundh.com,+917069090097; +917069090015; +918799678588,https://www.instagram.com/saundhindia,https://www.facebook.com/saundhofficial,,,https://www.youtube.com/channel/UCeRpzOCnSGuQI8FXJ5ux1xQ,Apparel & Fashion (Women),"Shop Saundh for modern ethnic wear for women and men. Explore designer kurta sets, festive outfits and elegant Indian wear crafted with modern sensibility.",meta_json,https://saundh.com/cdn/shop/files/saundh-logo.png?v=1638180235&width=611,Gujarat,Surat,24ABICS4023R2ZX,meta.json country=IN; currency=INR; state=Gujarat; GSTIN on site; +91 phone on site; Indian PIN code on site,11
69,KarissaKart,https://karissakart.com,support@karissakart.com; karissarkw2@gmail.com; care@karissakart.com,+919352896389; +919024851298,https://www.instagram.com/karissakart,https://www.facebook.com/profile.php?id=61564227959119,,,https://www.youtube.com/@Karissakart,Beauty & Personal Care,"Shop premium skincare, hair care, and baby care products at wholesale prices. Our products are ideal for retailers and bulk buyers at the best prices.",meta_json,https://karissakart.com/cdn/shop/files/png_500X500_724f25a2-e0a9-4e65-abde-565919104dca.png?v=1732096379,Rajasthan,Jaipur,08AXWPA3846P1ZN,meta.json country=IN; currency=INR; state=Rajasthan; GSTIN on site; +91 phone on site; Indian PIN code on site,11
70,Kelkar Foods and Fragrances,https://kffindia.com,customersupport@kffindia.com,+919834619053; +919284352836,https://www.instagram.com/kelkar_fragrances,https://www.facebook.com/Gandhavedh,,,https://www.youtube.com/@KelkarFragrances,Beauty & Personal Care,"Manufacturer of Fragrance Oils - Rose Water, Floral Water, Aroma Mist offered by Gandhavedh (A Unit Of Kelkar Foods & Fragrance), Pune, Maharashtra.",meta_json,https://kffindia.com/cdn/shop/files/KFF_logo.png?v=1692616368,Maharashtra,Pune,27AUWPK7580M1ZI,meta.json country=IN; currency=INR; state=Maharashtra; GSTIN on site; +91 phone on site,11
71,Sprinklez Boutique,https://sprinklez.in,support@sprinklez.in; sales@sprinklez.in,+919738612222,https://www.instagram.com/sprinklez_boutique741,https://www.facebook.com/sprinklez.in,,,https://www.youtube.com/@sprinklezboutique741,Apparel & Fashion,"Shop good quality women’s clothing in India at affordable price. Buy kurtas, ethnic wear, salwar, co-ord sets, maternity & nightwear online at latest styles.",meta_json,https://sprinklez.in/cdn/shop/files/logo.png?v=1740031114,Tamil Nadu,Rajapalayam,33DBPPA6761P1Z3,meta.json country=IN; currency=INR; state=Tamil Nadu; .in domain; GSTIN on site; +91 phone on site,11
72,Mannat Jewelz,https://mannatjewelz.in,info@mannatjewelz.in,+917306362600,https://www.instagram.com/mannat.jewelz,https://www.facebook.com/people/Mannat-Jewelz-India/61567654591770,,,https://www.youtube.com/@MannatJewelz-q9u,Jewellery & Accessories,"Discover affordable, premium-quality imitation jewellery at Mannat Jewelz. Shop trending traditional, western, statement, bridal jewellery, haarams, chokers & more online. Based in Near Sainik School, Kazhakuttam, Thiruvananthapuram, Kerala.",meta_json,https://mannatjewelz.in/cdn/shop/files/Website_Logo_Mannat_Jewelz_ec75384f-2640-4769-873b-f45c9cf6ad8e.svg?v=1729103291&width=200,Kerala,Thiruvananthapuram,32ACCFM0093M1Z9,meta.json country=IN; currency=INR; state=Kerala; .in domain; GSTIN on site; +91 phone on site,11
73,Legend of Toys,https://legendoftoys.com,carecrew@legendoftoys.com,+919880212323,https://www.instagram.com/legendoftoys,https://www.facebook.com/people/Legend-of-Toys/61576754631079,,https://www.linkedin.com/company/legend-of-toys/posts,https://www.youtube.com/@legendoftoys,Automotive,"Discover Legend of Toys, your ultimate destination for high-quality remote control cars and other toys. Shop RC cars, trucks, drifters, drones, bracelet kits and more. Experience unmatched performance and endless fun today!",meta_json,https://www.legendoftoys.com/cdn/shop/files/Legend_of_Toys_-_Blue_Transparent_logo.png?v=1737205254&width=4500,Karnataka,Bengaluru,29AAFCF7834H1ZA,meta.json country=IN; currency=INR; state=Karnataka; GSTIN on site; +91 phone on site,11
74,AKAI INDIA,https://akaiindia.in,akaicare@akaiindia.in; akaianalyticsdata@gmail.com,+918544840022; +919592100441; +918544840033,https://www.instagram.com/akai.india,https://www.facebook.com/akaiindia.in,,https://in.linkedin.com/company/akaiindia,https://www.youtube.com/@Akai-India,Electronics & Gadgets,"Buy AKAI Smart TVs, Audio & Home Appliances Online in India",meta_json,https://akaiindia.in/cdn/shop/files/akai_logo.png,Punjab,Zirakpur,03AADCH8900N2ZH,meta.json country=IN; currency=INR; state=Punjab; .in domain; GSTIN on site; +91 phone on site,11
75,Housenama,https://housenama.com,help@housenama.com; privacy@housenama.com,+918779295624,https://instagram.com/_housenama,https://facebook.com/housenama,https://x.com/housenama,,https://youtube.com/@housenama,Kitchen & Dining,"Shop online at Housenama for designer name-plates. 1100+ options for home, office & desk. 150,000+ customers. 4.6+ rating. India's #1 nameplate brand.",meta_json,https://housenama.com/cdn/shop/files/housenama-logo-512x275.png?v=1667459152&width=500,Maharashtra,Mumbai,27AAECC5483E1ZN,meta.json country=IN; currency=INR; state=Maharashtra; GSTIN on site; +91 phone on site,11
76,Ariro Toys,https://arirotoys.com,help@arirotoys.com; growthmanager@arirotoys.com; ideator@arirotoys.com,+916700097558; +918939992452; +917305972453,https://www.instagram.com/arirotoys,https://www.facebook.com/arirowoodentoys,,https://in.linkedin.com/company/ariro-woodentoys,https://www.youtube.com/channel/UC7dsa4PGXR58uYo3wtbVVPQ,Toys & Games,"Buy Wooden Toys Online in India. Montessori toys for infants and toddlers in India. Wooden toys for babies from birth and above. Ideal toys for baby boys and girls and a good new born gifting choice. Developmental toys for kids with age appropriate milestones. Complete developmental aid for 3,6,9Mon",meta_json,https://arirotoys.com/cdn/shop/files/ariro-logo_2a872f1b-1afe-489c-9fca-70990bd9650b.png?v=1647908106&width=500,Tamil Nadu,Chennai,33AATCA4160D1ZV,meta.json country=IN; currency=INR; state=Tamil Nadu; GSTIN on site; +91 phone on site,11
77,DiamondLady,https://diamondlady.in,help@diamondlady.in; legal@diamondlady.in; samarth@diamondlady.in,+918800225829,https://www.instagram.com/diamondlady.in,https://www.facebook.com/diamondlady.in,https://x.com/diamondlady,,https://www.youtube.com/@diamondlady_in,Apparel & Fashion,"Shop DiamondLady for thoughtfully designed dresses and co-ord sets in quality fabrics, with inclusive sizing, easy exchange support, and customization options for a better fit.",meta_json,https://diamondlady.in/cdn/shop/files/DiamondLady_Logo_Rounded.png?v=1788430866&width=320,Delhi,Delhi,07FYRPB5249C1ZC,meta.json country=IN; currency=INR; state=Delhi; .in domain; GSTIN on site; +91 phone on site,11
78,NeverOwned India,https://neverowned.in,info@neverowned.in,+919911163300,https://www.instagram.com/neverowned.in,https://www.facebook.com/profile.php?id=100086532015234,,https://www.linkedin.com/company/neverowned-in,https://www.youtube.com/@neverownedindia,Kitchen & Dining,"NeverOwned India is the most loved & organised open-box electronics & lifestyle goods platform, with 10+ physical stores across 5 states. We offer verified, high-quality products at unbeatable prices. Shop smart and save more on top brands with trust & convenience. Visit our stores or shop online to",meta_json,https://neverowned.in/cdn/shop/files/logo_260x.png?v=1662096604,Delhi,New Delhi,07AAJCT7079A1Z7,meta.json country=IN; currency=INR; state=Delhi; .in domain; GSTIN on site; +91 phone on site,11
79,Effilo,https://effilo.com,hello@effilo.com; effilostreetwear@gmail.com,+919566054761,https://instagram.com/effilodotcom,,https://twitter.com/effilodotcom,,https://www.youtube.com/@effilodotcom,Apparel & Fashion,"Stain-repellent shirts for men that shrug off spills. Shop flannel, bamboo linen and satin shirts — 2 for ₹999 each, 3 for ₹899 each, auto-applied at checkout. Free shipping.",meta_json,https://effilo.com/cdn/shop/files/effilo_logo_mob_1.png?v=1764756286&width=412,Tamil Nadu,Tirupur,33AAMCD4524F1ZV,meta.json country=IN; currency=INR; state=Tamil Nadu; GSTIN on site; +91 phone on site; Indian PIN code on site,11
80,Armima,https://armima.com,support@armima.com,+916355655462,https://www.instagram.com/armimaofficial,https://www.facebook.com/armimaofficial,,,https://www.youtube.com/@armimaofficial,Apparel & Fashion,"Introducing our top-rated Indian saree brand that combines tradition and elegance. Our sarees are crafted with the finest fabrics and intricate designs, making each piece unique. With a vast collection of sarees in different colors and patterns, we have something for everyone. Shop now to experience",meta_json,https://armima.com/cdn/shop/files/Armima_Logo_Main.webp?v=1771998128&width=400,Gujarat,Surat,24CPLPK0454E2Z4,meta.json country=IN; currency=INR; state=Gujarat; GSTIN on site; +91 phone on site,11
81,BaSaKa,https://basaka.in,support@basaka.in,+919872099339,http://instagram.com/basaka.in,https://facebook.com/basaka.in,,,http://www.youtube.com/@basaka-in,Apparel & Fashion,"Discover the perfect blend of tradition and style with Basaka collections , Made of 100% COTTON and All Size inclusive. Shop our exquisite outfits for women now!",meta_json,https://basaka.in/cdn/shop/files/BaSaKa_Apparels_1200_x_628_px.png?v=1767513854&width=500,Tamil Nadu,COIMBATORE,33BSGPS6631G1ZN,meta.json country=IN; currency=INR; state=Tamil Nadu; .in domain; GSTIN on site; +91 phone on site,11
82,Forgals,https://forgals.in,community@forgals.in; forgalsworkspace@gmail.com,+919220537879,https://www.instagram.com/forgals.in,,,https://in.linkedin.com/company/communityforgals,https://www.youtube.com/@communityforgals,Apparel & Fashion,"Forgals offers premium women’s formal shirts designed for style, comfort, and confidence. Our breathable 100% cotton shirts feature sweat-proof technology, hidden buttons to prevent gaping, and a tailored fit for a polished look.",meta_json,https://forgals.in/cdn/shop/files/logo_without_bg.png?v=1728882040&width=500,Delhi,Delhi,07AAJFF9355L1ZT,meta.json country=IN; currency=INR; state=Delhi; .in domain; GSTIN on site; +91 phone on site,11
83,Fazyo,https://fazyo.com,customerservice@fazyo.com,+919207188000; +912830323436,https://www.instagram.com/fazyofashion,https://www.facebook.com/Fazyofashion,,,https://www.youtube.com/@fazyofashion,Apparel & Fashion,"Stop scrolling, start wearing. Fazyo brings you the latest streetwear and fashion trends that match your vibe. Shop now and own your look.",meta_json,https://fazyo.com/cdn/shop/files/Fazyo_Logo_d205138f-baeb-493c-9561-f847a4a9068a.jpg?v=1753767700&width=3300,Kerala,Thrissur,32AAFCF3876P1Z4,meta.json country=IN; currency=INR; state=Kerala; GSTIN on site; +91 phone on site,11
84,HighSpark,https://highsparksilver.com,care@highsparksilver.com; support@highsparksilver.com; grievance@highsparksilver.com,+919145000110; +917590837410,https://www.instagram.com/highsparksilver,https://www.facebook.com/highsparksilver,,,https://www.youtube.com/@highspark223,Jewellery & Accessories,"925 sterling silver jewellery, hypoallergenic and BIS certified. Free shipping, 15-day returns. Earrings, pendants and rings crafted to last.",meta_json,https://highsparksilver.com/cdn/shop/files/HIGHSPARK_5.jpg?v=1770905139&width=500,Maharashtra,Pune,27ABVFA3915C1ZF,meta.json country=IN; currency=INR; state=Maharashtra; GSTIN on site; +91 phone on site,11
85,Amit Aggarwal,https://amitaggarwal.com,marketing@amitaggarwal.com; contactus@amitaggarwal.com; hr@amitaggarwal.com; humanresources@amitaggarwal.com; customercare@amitaggarwal.com,+919871074980; +919818557985,https://www.instagram.com/amitaggarwalofficial,https://www.facebook.com/amitaggarwalfashion,,https://www.linkedin.com/company/amit-aggarwal-official,https://www.youtube.com/@amitaggarwal1329,Apparel & Fashion (Women),"Enter the world of designer Amit Aggarwal, blending traditional with contemporary. Shop now.",meta_json,https://www.amitaggarwal.com/cdn/shop/files/AA_Black_Logo.png?v=1789538445&width=500,Uttar Pradesh,Noida,09AAVFA4747K1ZQ,meta.json country=IN; currency=INR; state=Uttar Pradesh; GSTIN on site; +91 phone on site,11
86,Singhania's,https://singhanias.in,designer@singhanias.in; bdm@singhanias.in,+919505533310; +919912233310; +916281641370,https://www.instagram.com/singhanias_official,https://www.facebook.com/SinghaniasHyderabadOfficial,,,https://www.youtube.com/@Singhanias1881,Apparel & Fashion,"Discover the epitome of luxury at Singhania's. Explore our premium and authentic saree collection, showcasing timeless craftsmanship. Enjoy Free Shipping!!",meta_json,https://www.singhanias.in/cdn/shop/files/singhanias_logo_1.webp?v=1747823005&width=500,Telangana,Hyderabad,36ABKCS3726P1ZN,meta.json country=IN; currency=INR; state=Telangana; .in domain; GSTIN on site; +91 phone on site,11
87,Barsana Magic,https://barsanamagic.com,info@barsanamagic.com; care@barsanamagic.com,+911354150929; +917830483495; +918006232305,https://www.instagram.com/barsanamagic,https://www.facebook.com/barsanamagic,,,https://www.youtube.com/@BarsanaMagic,Food & Beverages,Explore Barsana Magic’s milestones and achievements in delivering premium natural and organic products. Celebrate our commitment to quality and sustainability.,about_meta_description,https://barsanamagic.com/cdn/shop/files/logo_-_mh.png?v=1787811542&width=120,Uttarakhand,Dehradun,05AAMCS6254P2ZM,meta.json country=IN; currency=INR; state=Uttarakhand; GSTIN on site; +91 phone on site,11
88,Chowkhat Lifestyle,https://chowkhat.com,support@chowkhat.com,+918826230177,https://www.instagram.com/chowkhat,https://www.facebook.com/chowkhathandicraft,,,https://www.youtube.com/@chowkhat,Apparel & Fashion,"India's First Affordable Handmade Online Store. Buy kurti, suit sets, palazzos, dress, dupatta, accessories and much more. Lucknow Chikankari | Tie & Dye | Bandhej | Handblock | Gota Work",meta_json,https://chowkhat.com/cdn/shop/files/download.png?v=1729705251&width=1090,Uttar Pradesh,Ghaziabad,09AALCC0106F1Z2,meta.json country=IN; currency=INR; state=Uttar Pradesh; GSTIN on site; +91 phone on site,11
89,Ayurblends,https://ayurblends.in,connect@ayurblends.in,+919176556018,https://www.instagram.com/ayurblends_natural_care,https://www.facebook.com/AyurBlendsHerbal,,,https://youtube.com/@ayurblends7265,Beauty & Personal Care,Uncompromising care! Each Ayurblends product is clinically proven to leave you with no harmful side effects.,about_paragraph,https://ayurblends.in/cdn/shop/files/Ayur-Blend-logo-150-150.png?v=1758393188&width=500,Tamil Nadu,Chennai,33BFSPN3900G1ZH,meta.json country=IN; currency=INR; state=Tamil Nadu; .in domain; GSTIN on site; +91 phone on site,11
90,ev2 Charger,https://ev2charger.in,info@ev2charger.in,+917011033936,https://www.instagram.com/ev2charger,https://www.facebook.com/profile.php?id=61556714661241,https://twitter.com/ambaemobility,,https://www.youtube.com/channel/UCumPIhDL99dPv-YBlGbNCmA,Electronics & Gadgets,"We provide quality electric two-wheeler chargers at affordable prices. Our chargers are compatible with all brands like Hero Electric, Okinawa, Ampere, Joy E-Bike and many more. We provide chargers with every possible combination of Voltage and Ampere.",meta_json,https://ev2charger.in/cdn/shop/files/logo_transparent-fotor-20230903152846.png?v=1693735159&width=500,Uttar Pradesh,Ghaziabad,09ABXFA4728K1ZP,meta.json country=IN; currency=INR; state=Uttar Pradesh; .in domain; GSTIN on site; +91 phone on site,11
91,elra,https://elra.in,support@elra.in,+919930824432,https://www.instagram.com/elraworld,https://www.facebook.com/elraworld,,https://www.linkedin.com/company/elraworld,https://www.youtube.com/@Elraworld,Jewellery & Accessories,"Discover modern demi-fine jewellery by Elra. Minimal, versatile designs crafted for everyday elegance and effortless styling.",meta_json,https://elra.in/cdn/shop/files/Elra-Logo-1200x628px.png?v=1764940507&width=5000,Maharashtra,Mumbai,27ABDCA1577D1ZV,meta.json country=IN; currency=INR; state=Maharashtra; .in domain; GSTIN on site; +91 phone on site,11
92,Artgatha,https://artgatha.com,hello@artgatha.com,+918809965666,https://www.instagram.com/artgatha.official,https://www.facebook.com/profile.php?id=61576965684507&mibextid=ZbWKwL,https://x.com/theartgatha,,https://youtube.com/@artgatha,Art & Craft,"Explore stunning handcrafted wall mural paintings at Artgatha. From 3D designs to spiritual & modern art, transform your home with unique murals.",meta_json,https://www.artgatha.com/cdn/shop/files/20250526_073534.png?v=1748225267&width=500,Jharkhand,Bokaro,20ACJFA6876H1ZB,meta.json country=IN; currency=INR; state=Jharkhand; GSTIN on site; +91 phone on site,11
93,Books and You,https://booksandyou.in,info@booksandyou.in,+919811743904; +917093601167; +917093001168,http://instagram.com/booksandyou_ind,https://www.facebook.com/booksandyou.in,https://twitter.com/BooksandYou_ind,,https://www.youtube.com/@booksandyou_ind,Books & Stationery,"Discover Books and You, India’s top online bookstore for new & second-hand books. Explore a vast selection, comics & more with doorstep delivery & free shipping!",meta_json,https://booksandyou.in/cdn/shop/files/logo-final_R_Cropped.png?v=1692436819&width=500,Telangana,Hyderabad,36AMHPP1646C1Z7,meta.json country=IN; currency=INR; state=Telangana; .in domain; GSTIN on site; +91 phone on site,11
94,HerbsPro.in,https://herbspro.in,support@herbspro.in; support@herbspro.com,+918333027018,https://www.instagram.com/herbspro.in,https://www.facebook.com/herbspro.in,https://x.com/herbspro_india,,https://www.youtube.com/@herbspro_india,Health & Wellness,"Herbspro.in is the best online store of herbal supplements that provides health and wellness products of the best brands, including vitamins & supplements, beauty treatments, pet care, groceries and many more.",meta_json,https://herbspro.in/cdn/shop/files/social-logo_a6646d7b-7b96-4ad9-a920-36f3e7eee7dd.png?v=1786084713,Telangana,Hyderabad,36AADCH7639G1ZE,meta.json country=IN; currency=INR; state=Telangana; .in domain; GSTIN on site; +91 phone on site; Indian PIN code on site,11
95,Honey and Spice,https://honeyandspice.in,hello@honeyandspice.in; business@bonneterre.in,+919945869813; +919611963669,https://www.instagram.com/honeyandspiceindia,https://www.facebook.com/HoneyandSpiceIndia,,https://www.linkedin.com/company/honey-and-spice,https://www.youtube.com/@honeyandspice2715,Food & Beverages,"Buy from Honey and Spice store, Premium Raw Honeys, Mono-floral Honeys, All-natural spices, A2 Desi Cow Ghee, Apple Cider vinegar, Honey Rose Gulkand, Premium freeze dried Coffee and many more straight from nature products. At Honey and Spice we travel across the country to bring you the best of Nat",meta_json,https://cdn.shopify.com/s/files/1/0753/4441/2951/files/Amazon-Logo.png?v=1753965390,Karnataka,Bangalore,29AAGCB1261P1ZB,meta.json country=IN; currency=INR; state=Karnataka; .in domain; GSTIN on site; +91 phone on site,11
96,APEXEL INDIA,https://apexel.in,support@apexel.in; apexelin@gmail.com,+918015367462,https://instagram.com/apexel.in,https://facebook.com/apexelindia,https://twitter.com/apexelindia,,https://www.youtube.com/@apexelindia3817,Electronics & Gadgets,"Enhance your mobile photography with Apexel's high-quality mobile camera lens and accessories. Discover features like zoom, wide-angle, macro lenses, etc.",meta_json,https://apexel.in/cdn/shop/files/Untitled-1-01.png?v=1677857150&width=1000,Puducherry,Karaikal,34AASCA7324G1ZK,meta.json country=IN; currency=INR; state=Puducherry; .in domain; GSTIN on site; +91 phone on site,11
97,Geonix,https://geonix.in,contact@geonix.in; care@geonix.in,+919990120066,https://www.instagram.com/geonix.in,https://www.facebook.com/Geonixofficial,,https://in.linkedin.com/company/geonix,https://youtube.com/@geonixinternational,Electronics & Gadgets,"Learn about Geonix, a leading Indian technology and consumer electronics brand founded in 2013 in Delhi, offering storage, peripherals, gaming, audio, mobile and laptop accessories, networking, and digital solutions.",about_meta_description,https://www.geonix.in/cdn/shop/files/Geonix-Logo-Blue_1_1.png?v=1751718644&width=120,Delhi,NEWDELHI,07AAGCG6099N1ZU,meta.json country=IN; currency=INR; state=Delhi; .in domain; GSTIN on site; +91 phone on site,11
98,OnlineMantra.in,https://onlinemantra.in,onlinemantra@ateeagn.com,+917021448032; +919000040624; +919000040622,https://www.instagram.com/onlinemantraindia,https://www.facebook.com/onlinemantraretail,https://twitter.com/onlinemantrain,https://www.linkedin.com/company/onlinemantra,https://www.youtube.com/@onlinemantraindia,Books & Stationery,"Discover OnlineMantra.in – India’s largest online store for premium writing instruments and luxury gifts. Explore curated collections of fountain pens, rollerballs, inks, and calligraphy accessories. 100% genuine products, exclusive brands, and a seamless shopping experience await.",meta_json,https://www.onlinemantra.in/cdn/shop/files/Om_Logo_New_long_8afd79e7-16e9-4804-aee5-6da8c9d8bc1c.png?v=1783426420&width=120,Maharashtra,MUMBAI,27ACXPT3702B1ZG,meta.json country=IN; currency=INR; state=Maharashtra; .in domain; GSTIN on site; +91 phone on site,11
99,MIPATEX,https://mipatex.in,support@mipatex.in; vishal@mipaindustries.com; info@mipaindustries.com,+919225098431; +911760683482; +911760683644,https://www.instagram.com/mipaindustries,https://www.facebook.com/mipatex,https://twitter.com/mipaindustries,,https://www.youtube.com/@mipaindustries,Plants & Gardening,"MIPATEX products are specially designed for Advanced Farming. Free delivery on Pond Liner, Vermi Bed, Shade Net, Grow Bags and All Gardening items. High Quality, UV Stabilized products with best price available. We support organic farming and our products are nature safe.",meta_json,https://mipatex.in/cdn/shop/files/48_2048x.jpg?v=1781691504,Maharashtra,Pune,27APUPR4152F1ZG,meta.json country=IN; currency=INR; state=Maharashtra; .in domain; GSTIN on site; +91 phone on site,11
100,Just In Time Trading Private Limited,https://justintime.in,customercare@justintime.in; customercare@justinitme.in,+918080656656,https://instagram.com/justintime.watches,https://www.facebook.com/justintime.in,https://twitter.com/justintimewatch,https://www.linkedin.com/company/just-in-time-tr.-pvt.-ltd.,https://www.youtube.com/channel/UCbA-2akYcV0FAdsiQ72ZoWA,Jewellery & Accessories,"Most trusted and authorised retailer for watches with 75+ stores across India. Best fashion & Premium watch brands such as Fossil, Longines, Rado, Tissot & more.",meta_json,https://justintime.in/cdn/shop/files/JIT_logo-website_1.svg?v=1746179773&width=500,Maharashtra,Mumbai,,meta.json country=IN; currency=INR; state=Maharashtra; .in domain; +91 phone on site,10
101,ReFit Global,https://refitglobal.com,support@refitglobal.com; sales@refitglobal.com,+919355533853; +917026267043; +919355177199,https://www.instagram.com/refitglobal,https://www.facebook.com/ReFitglobal,https://x.com/ReFitGlobal,https://www.linkedin.com/company/refit-global,https://www.youtube.com/@ReFitGlobal,Electronics & Gadgets,"Buy refurbished phones, second-hand mobiles & pre-owned devices with 47 checkpoints, up to 12 months warranty, No Cost EMI & free shipping across India.",meta_json,https://cdn.shopify.com/s/files/1/0874/4068/7387/files/Logo-a668e71027ad5db488a7c8f1cb514dea.png?v=1715177065,Uttar Pradesh,Noida,,meta.json country=IN; currency=INR; state=Uttar Pradesh; +91 phone on site,10
102,Avimee Herbal,https://avimeeherbal.com,support@avimeeherbal.com; hr@avimeeherbal.com; business@avimeeherbal.com; marketing@avimeeherbal.com,+917506738742,https://www.instagram.com/avimeeherbal,https://www.facebook.com/officialavimeeherbal,https://x.com/avimee_herbal,https://www.linkedin.com/company/avimee-herbal,https://www.youtube.com/channel/UCxj3PmUxUN1iF0rYLCNOUVg,Beauty & Personal Care,"Shop Online At Our Official Store From Our Wide Range Of Haircare & Skincare Products. Wide range of hair oil, hair serum available only on avimeeherbal.com",meta_json,https://avimeeherbal.com/cdn/shop/files/Avimee_Herbal_Logo_1_eaf9aa76-cb24-44d1-a5f0-d4cbbbc0ac53.png?v=1732164363&width=500,Gujarat,Surat,,meta.json country=IN; currency=INR; state=Gujarat; +91 phone on site,10
103,Kimti,https://kimti.in,support@kimti.in; hi@shyamgupta.in,+919004057630; +919004032488,https://instagram.com/mykimti,https://www.facebook.com/profile.php?id=61554938855878&mibextid=LQQJ4d,,,,Jewellery & Accessories,Affordable. Unique. Premium Jewellery For Everyday Wear And Occasions.,meta_json,https://kimti.in/cdn/shop/files/kimti_new_logo_1200_x_628_px.gif?v=1740125592&width=500,Maharashtra,Mumbai,27AAHCH7555H1Z8,meta.json country=IN; currency=INR; state=Maharashtra; .in domain; GSTIN on site; +91 phone on site,10
104,Newjaisa,https://newjaisa.com,business@newjaisa.com; connect@newjaisa.com; support@newjaisa.com,+919535698866; +919026265699; +917969540832,https://www.instagram.com/newjaisa,https://www.facebook.com/people/NewJaisa-Technologies/100077760237912,https://x.com/NwJaisa,https://www.linkedin.com/company/newjaisa,https://www.youtube.com/@NewJaisaTechnologies,Electronics & Gadgets,"Shop quality-checked refurbished laptops, desktops, and more at NewJaisa. Save big with warranty, fast delivery, and a smart choice for your tech needs.",meta_json,https://newjaisa.com/cdn/shop/files/logo_white_530222c4-f905-44fc-8dfc-64a729b4e989.png?v=1738391131&width=200,Karnataka,Bangalore,,meta.json country=IN; currency=INR; state=Karnataka; +91 phone on site,10
105,Relaxo Footwears Limited,https://relaxofootwear.com,customercare@relaxofootwear.com; rfl@relaxofootwear.com,+9118001086001,https://www.instagram.com/official_relaxofootwearindia,https://www.facebook.com/relaxofootwears,https://twitter.com/relaxofootwears,https://www.linkedin.com/company/relaxo-footwear-ltd,https://www.youtube.com/c/relaxoindia,Footwear,"Relaxo Footwear is one of the best footwear company in India. Explore a wide range of online footwear from known brands like Relaxo, Sparx, Bahamas, Flite",meta_json,https://relaxofootwear.com/cdn/shop/files/logo2.svg?v=1726556839&width=500,Delhi,Delhi,,meta.json country=IN; currency=INR; state=Delhi; +91 phone on site,10
106,Organicbazar,https://organicbazar.net,support@organicbazar.net,+917723851280,https://instagram.com/organicbazarofficial,https://www.facebook.com/OrganicBazar.Net,https://twitter.com/organic_bazar,https://www.linkedin.com/company/organicbazar,https://www.youtube.com/@organicbazar,Plants & Gardening,"Buy The Best Quality Seeds, HDPE Grow Bag, Organic Fertilizer, Soil, Gardening Tools, and Pots online at the Lowest prices - Organicbazar.net",meta_json,https://organicbazar.net/cdn/shop/files/logo.png?v=1756883134&width=500,Madhya Pradesh,Narsinghpur,,meta.json country=IN; currency=INR; state=Madhya Pradesh; +91 phone on site,10
107,Walkaroo Footwear,https://walkaroo.in,customercare@walkaroo.in,+9118005722999,https://www.instagram.com/walkarooin,https://www.facebook.com/WalkarooIN,https://twitter.com/WalkarooIN,https://www.linkedin.com/company/walkaroo,https://www.youtube.com/channel/UCnN3VoMZ0uyxdVUPOxTUogg,Footwear,"Buy footwear online from India's No.1 PU footwear brand at an affordable price. Walkaroo offers a wide range of footwear for Men, Women, and Kids, including shoes, flip-flops, sandals, sliders, heels, and flats. Shop now!",meta_json,https://www.walkaroo.in/cdn/shop/files/LOGO_RED.jpg?v=1707540006&width=290,Tamil Nadu,Coimbatore,,meta.json country=IN; currency=INR; state=Tamil Nadu; .in domain; +91 phone on site,10
108,Estailo - with love from Korea,https://estailofashion.com,support@estailofashion.com,+919350840880,https://www.instagram.com/estailo.official,https://www.facebook.com/EstailoFashioningyou,,,,Jewellery & Accessories,"Shop trendy jewelry with love from Korea at Estailo Fashion. Browse rings, necklaces, earrings, and more to find unique styles that fit every occasion.",meta_json,https://estailofashion.com/cdn/shop/files/estailo_wordmark.svg?v=1734517061&width=510,Haryana,Gurugram,06DUWPK0643E1ZI,meta.json country=IN; currency=INR; state=Haryana; GSTIN on site; +91 phone on site,10
109,Wonderchef India,https://wonderchef.com,care@wonderchef.in,+9118602660788; +917070595959; +912232191488,https://www.instagram.com/wondercheflife,https://www.facebook.com/WonderchefLife,https://x.com/wonderchef,https://in.linkedin.com/company/wondercheflife,https://www.youtube.com/user/wonderchefindia,Kitchen & Dining,"Wonderchef, India’s most loved brand, offers premium cookware and kitchen appliances and is available in over 20,000 retail outlets nationwide.",meta_json,https://www.wonderchef.com/cdn/shop/files/wcf_logo_400x70-min.png?v=1740468970&width=200,Maharashtra,Mumbai,,meta.json country=IN; currency=INR; state=Maharashtra; +91 phone on site,10
110,Axor Helmets,https://axorhelmets.com,customercare@axorhelmets.com,+917901014646,https://www.instagram.com/axorhelmet,https://www.facebook.com/axormotogearindia,https://twitter.com/AxorHelmets,https://www.linkedin.com/company/vega-auto-accessories-pvt-ltd,https://www.youtube.com/channel/UCKs80jqeRpYKu46zgK2CiYw,Automotive,"Axor started its journey in the year 2015 with the collaboration of International designers and expertise in the industry. Axor helmets are conceptualised and designed in Italy while exclusively promoted by the pioneers of the industry, Vega, India.",meta_json,https://axorhelmets.com/cdn/shop/files/AXOR_NEW_LOGO.png?v=1736592423,Karnataka,Belgaum,,meta.json country=IN; currency=INR; state=Karnataka; +91 phone on site,10
111,Ugaoo,https://ugaoo.com,support@ugaoo.com,+919129912991; +918087087224,https://www.instagram.com/ugaoo,https://www.facebook.com/ugaooindia,https://twitter.com/Ugaooindia,https://in.linkedin.com/company/ugaoo,https://www.youtube.com/channel/UCr7jDFF5MO-4-BtcrVDNVxA,Plants & Gardening,"Shop plants, seeds, pots, soil, fertilisers and tools — all in one place at Ugaoo. Everything you need for indoor and outdoor gardening.",meta_json,https://www.ugaoo.com/cdn/shop/files/Logo-website-header-01.png?height=116&v=1725347801,Maharashtra,Pune,,meta.json country=IN; currency=INR; state=Maharashtra; +91 phone on site,10
112,arihantbooks,https://arihantbooks.com,crm@arihantbooks.com; agra.arihant@gmail.com; sonia@arihantbooks.com; hyd.arihant@gmail.com; meerutbranch.arihant@gmail.com,+919084720127; +919084720217; +911135450944,https://www.instagram.com/arihantpub,https://www.facebook.com/arihantpub,https://x.com/arihantpub,https://www.linkedin.com/company/arihantpublications,https://www.youtube.com/user/arihantpublications,Books & Stationery,"Arihant Publications publishes some of the Finest Textbooks, Study Guides, Solved Paper and Practice Sets for Secondary and Higher Secondary Exams and for every competitive exams in India. Voted as India’s Leading test prep publisher, we publish more than 3000 Books for all that you might need.",meta_json,https://arihantbooks.com/cdn/shop/files/New-main-logo-02.svg?v=1781814497,Uttar Pradesh,Noida,,meta.json country=IN; currency=INR; state=Uttar Pradesh; +91 phone on site,10
113,Fetch N Buy,https://fetchnbuy.in,help@fetchnbuy.in,+911140844884,https://www.instagram.com/fetchnbuy,https://www.facebook.com/fetchnbuy,https://twitter.com/FetchNBuy,,,Food & Beverages,"Delivering Indian goods, transnationally.",meta_json,https://fetchnbuy.in/cdn/shop/files/fetch-n-buy-logo-header_250x@2x.png?v=1650219334,Haryana,Gurugram,06DKMPS4592G3ZI,meta.json country=IN; currency=INR; state=Haryana; .in domain; GSTIN on site; +91 phone on site,10
114,MARS Cosmetics ,https://marscosmetics.in,support@marscosmetics.in; collaborations@marscosmetics.in; abhishek@marscosmetics.in,+919289507849; +912024202604,https://www.instagram.com/reachedmars,https://www.facebook.com/reachedmars,https://twitter.com/reachedmars,https://in.linkedin.com/company/mars-cosmetics,https://www.youtube.com/@MARSCosmetics,Beauty & Personal Care,"Shop MARS Cosmetics India for affordable, trend-driven makeup online. Discover lipsticks, foundations, eye makeup and beauty kits designed for Indian skin tones.",meta_json,https://marscosmetics.in/cdn/shop/files/LOGO_WHITE-_MARS_53df8062-5f84-48be-8ba2-040963552e1e.png?v=1717479443&width=2779,Delhi,North Delhi,,meta.json country=IN; currency=INR; state=Delhi; .in domain; +91 phone on site,10
115,Vishal Peripherals,https://vishalperipherals.com,helpdesk@vishalperipherals.com; vishalperipherals.shopify@gmail.com; support1@vishalperipherals.com,+919177051116,https://www.instagram.com/vishalperipherals,https://www.facebook.com/vishalperipheralsltd,https://twitter.com/Vikash881537378,https://www.linkedin.com/company/vishalperipherals,https://www.youtube.com/channel/UCtDKL1YFLkZlfHWEOPKQhXQ,Electronics & Gadgets,"Discover premium computer peripherals and accessories at Vishal Peripherals, Hyderabad. Explore top-quality products and grab exciting offers today!",meta_json,https://vishalperipherals.com/cdn/shop/files/lOGO_1_200x@2x.png?v=1745412309,Telangana,Hyderabad,,meta.json country=IN; currency=INR; state=Telangana; +91 phone on site,10
116,House of Aadyaa,https://aadyaa.com,sales@aadyaa.com,+917219285508; +919823875508; +919823375508,https://www.instagram.com/houseofaadyaa,https://www.facebook.com/houseofaadyaa,https://twitter.com/houseofaadyaa,https://www.linkedin.com/company/aadyaa,https://www.youtube.com/channel/UC4EHwG_9q6G0zul0XwBNtdA,Jewellery & Accessories,"Your search for best silver jewellery , handmade in India ends here at House of Aadyaa. We present to you India's largest collection of rings , earrings , anklet , nose pin , bangles , bracelets , necklaces , mangalsutra,set,septum ring,nath. Lightweight , affordable and certified silver jewelry. St",meta_json,https://aadyaa.com/cdn/shop/files/Aadyaa_logo_512_by_512_7829cb09-f377-49fc-8e67-5d591a1ce5d7.png?v=1737619254&width=768,Maharashtra,Pune,,meta.json country=IN; currency=INR; state=Maharashtra; +91 phone on site,10
117,Bees Plant Hub,https://beesplantshub.com,info@beesplantshub.com,+918590669171,https://www.instagram.com/beesplantshub_com,,,,https://youtube.com/@beesplantshub_com,Plants & Gardening,"Shop live plants online at Bees Plant Hub. Explore flowering, fruit, indoor, water & orchid plants. Fast delivery, healthy plants, and expert support.",meta_json,https://beesplantshub.com/cdn/shop/files/Bees_Logo.png?v=1752657451&width=500,Kerala, Thiruvananthapuram,32BNCPV5549M1ZG,meta.json country=IN; currency=INR; state=Kerala; GSTIN on site; +91 phone on site,10
118,Elinor Jewels,https://elinorjewels.com,support@elinorjewels.com; care@elinorjewels.com,+919998095758; +917096165209; +919157995758,https://www.instagram.com/elinor_jewels_,https://www.facebook.com/elinor_jewels_-102993585247997,,,,Jewellery & Accessories,"Elinor Jewels: Our Story Elinor Jewels was born out of resilience and a dream shared by three friends – Benisha, Nazneen, and Wahbiz – during one of the toughest times, the Covid era in 2021.",about_meta_description,https://elinorjewels.com/cdn/shop/files/Group.webp?v=1774463647&width=500,Gujarat,Surat,24AAJFE5485C1ZI,meta.json country=IN; currency=INR; state=Gujarat; GSTIN on site; +91 phone on site,10
119,Filohevis.in,https://filohevis.in,support@filohevis.com,+919999978924,https://www.instagram.com/filohevis,https://www.facebook.com/filohevis,,,,Apparel & Fashion,"Buy Shirts for Men Online at Filo Hevis. Shop from our exclusive range of Formal Shirt, Casual Shirts, Printed Shirts, and Party Wear Shirt, at affordable prices. Shop Now!",meta_json,https://filohevis.in/cdn/shop/files/logo-New-_1.jpg?v=1753422076&width=1074,Delhi,Delhi,07AAGCF4194B1ZS,meta.json country=IN; currency=INR; state=Delhi; .in domain; GSTIN on site; +91 phone on site; Indian PIN code on site,10
120,Himalaya Rudraksha Anusandhan Kendra,https://himalayarudraksh.online,info@himalayarudraksh.online; himalayarudrakshonline@gmail.com,+917453915158,https://www.instagram.com/himalaya_rudraksha,https://www.facebook.com/himalayarudrakshus,https://x.com/himalaya_rudra,https://www.linkedin.com/company/himalayarudraksh,https://www.youtube.com/channel/UC53nQBvcqTsR6ru13Ix1MAA,Jewellery & Accessories,"Shop certified Himalayan Rudraksha malas, kanthas, gemstones and spiritual beads. 100% authentic, lab-tested and energized. Order online with trusted assurance.",meta_json,https://himalayarudraksh.online/cdn/shop/files/himalaya_logo_3326_x_1357_px.png?v=1773846258&width=500,Uttarakhand,Hardwar,,meta.json country=IN; currency=INR; state=Uttarakhand; +91 phone on site,10
121,Monrow Shoes,https://monrow.in,care@monrow.in,+917619233641; +919611844008,https://www.instagram.com/monrowworld,https://www.facebook.com/monrowshoes,https://twitter.com/monrowshoes,https://in.linkedin.com/company/monrowshoes,https://www.youtube.com/channel/UCyIvOzsx4T-2JEuwxl0QSYA,Footwear,"Fashion ❣️ Comfort We aim to create shoes and bags that not only look stylish but also feel incredibly comfortable. Designed for the go-getters who deserve effortless elegance every step of the way! ❤️ Explore the latest trends in women’s footwear and bags online. Shop now – Flats, Sandals, Heels, S",meta_json,https://www.monrow.in/cdn/shop/files/Monrow_Logo_1_130x_2x_d69430df-9900-4609-bcd8-05484197db51_100x.webp?v=1755853707,Karnataka,Bengaluru,,meta.json country=IN; currency=INR; state=Karnataka; .in domain; +91 phone on site,10
122,MySmartBazaar,https://mysmartbazaar.com,help@mysmartbazaar.com,+919403892047; +918373993093; +919013175322,https://www.instagram.com/mysmartbazaar,https://www.facebook.com/MySmartBazaar,,,,Jewellery & Accessories,"Shop at My Smart Bazaar for wholesale anti tarnish jewelry & accessories. Trendy, high-quality pieces at unbeatable prices with global shipping!",meta_json,https://mysmartbazaar.com/cdn/shop/files/MSB_Bharat_ka_Wholesale_bazaar_2_afabfafe-bbdf-4b98-bfb4-be172db353e6.png?v=1730025556&width=1161,Delhi,New Delhi,07AANPJ3360M1ZD,meta.json country=IN; currency=INR; state=Delhi; GSTIN on site; +91 phone on site,10
123,Underrated Club,https://underratedclub.com,orders@underratedclub.com,+918600008201,https://www.instagram.com/underratedclub_official,https://www.facebook.com/UnderratedClubOfficial,https://x.com/underrated_club,https://www.linkedin.com/company/underratedclub,https://youtube.com/@UnderratedClub_Official,Apparel & Fashion (Men),"Shop premium men’s streetwear fashion at Underrated Club. Explore denims, cargos, hoodies, sweatshirts and everyday T-shirts.",meta_json,https://www.underratedclub.com/cdn/shop/files/Underrated_Animation_1.gif?v=1718954288&width=375,Maharashtra,Pune,,meta.json country=IN; currency=INR; state=Maharashtra; +91 phone on site,10
124,Bhavana Handlooms,https://bhavanahandlooms.in,support@bhavanahandlooms.in,+918341644907,https://www.instagram.com/mana.handloomsarees,,,,https://www.youtube.com/channel/UCRfnNHmxkXT-_JnpnJwZ2SQ,Apparel & Fashion,"Buy premium cotton dresses, handloom frocks, ethnic wear, and designer collections at Bhavana Handlooms. Quality handcrafted dresses for women. Best in Quality Reasonable Prices.",meta_json,https://www.bhavanahandlooms.in/cdn/shop/collections/Black_Gold_Luxury_Initial_Jewelry_Shop_Logo_1.png?crop=center&height=300&v=1789642479&width=300,Andhra Pradesh,Chilakaluripet ,37GKHPS3468D1ZQ,meta.json country=IN; currency=INR; state=Andhra Pradesh; .in domain; GSTIN on site; +91 phone on site,10
125,Cotton Culture,https://cottonculture.co.in,support@cottonculture.co.in; info@cottonculture.co.in,+918277997646; +919820535999,https://www.instagram.com/cottonculture.co.in,https://www.facebook.com/cottonculture.co.in,https://twitter.com/CottonCulture4,https://www.linkedin.com/company/cotton-culture-co-in,https://www.youtube.com/channel/UChC2wfJc1rdJUnZ55W7gWbw,Apparel & Fashion (Women),"Shop stylish women’s kurtis, ethnic wear, workwear & everyday fashion online at Cotton Culture. Premium fabrics, modern designs, fast delivery & COD across India.",meta_json,https://www.cottonculture.co.in/cdn/shop/files/CC_Logo_224x224_Size_jpg_4277a5c3-af1d-49d2-8437-f9bb2c4717ee.jpg?v=1785306492&width=280,Maharashtra,Navi Mumbai,,meta.json country=IN; currency=INR; state=Maharashtra; .in domain; +91 phone on site,10
126,Eatopia ,https://eatopiaworld.com,care@mcgillfoods.com; orders@mcgillfoods.com,+919585677111,https://www.instagram.com/eatopiaworld,https://www.facebook.com/EatopiaWorld,https://twitter.com/eatopiaworld,,https://www.youtube.com/@EatopiaWorld,Food & Beverages,"India's Clean and Healthy Snacks with No Added Colors, Sugar, Preservative, Flavor, Gluten, Maida. Energy Bars, Not fried Snacks, Protein Bars, Breakfast cereals made with superfoods",meta_json,https://eatopiaworld.com/cdn/shop/files/inedible_logo_1-cropped.png?v=1783937745&width=500,Maharashtra,mumbai,27AAMCM4148E1ZD,meta.json country=IN; currency=INR; state=Maharashtra; GSTIN on site; +91 phone on site,10
127,Hammer,https://hammeronline.in,info@hammeronline.in,+919991108081,https://www.instagram.com/hammerlifestyle_,https://www.facebook.com/HammerLifestyle,https://twitter.com/HammerLifestyle,https://in.linkedin.com/company/hammer-audio,https://www.youtube.com/channel/UC_mxCd3tf3VshVQiSuALgGQ/videos,Electronics & Gadgets,"Buy truly wireless earbuds, bluetooth calling smartwatch, headphones and electric toothbrushes. Get upto 80% discount on HAMMER true wireless earbuds, smartwatches and headphones.",meta_json,https://hammeronline.in/cdn/shop/files/hAMMER_lOGO_GOOOGLE.png?v=1641298293&width=280,Haryana,Panipat,,meta.json country=IN; currency=INR; state=Haryana; .in domain; +91 phone on site,10
128,ministerwhite.com,https://ministerwhite.com,hello@ministerwhite.com,+919092269333; +919280093595,https://www.instagram.com/ministerwhiteofficial,https://www.facebook.com/ministerwhiteofficial,https://x.com/ministerwhite01,https://in.linkedin.com/company/minister-white,https://www.youtube.com/channel/UCZMsBzJZPWWpPwR7PNToXVQ,Apparel & Fashion (Men),"Minister White offers a Premium Shirt & Dhoti collection for every occasion. Buy our exclusive range of Wedding sets, Shirt & Dhoti Combo, Kurta & Panchakacham",meta_json,https://ministerwhite.com/cdn/shop/files/Minister_White_New_Logo_Parambariyam_ce7ff431-4d24-4dc4-a8d2-ad336e5a4b71.png?v=1771233221,Tamil Nadu,Chennai,,meta.json country=IN; currency=INR; state=Tamil Nadu; +91 phone on site,10
129,Bhima Jewellery,https://bhimajewellery.com,care@bhimajewellery.com; digitalmarketingbhima@gmail.com,+918547771777; +917356641888; +919207729021,https://www.instagram.com/bhimajewelleryofficial,https://www.facebook.com/bhimatvm,https://x.com/Bhima_Jewellery,https://www.linkedin.com/in/bhima-jewellery-5369a2234,https://www.youtube.com/@bhima,Jewellery & Accessories,Bhima Gold Pure Gold |Buy the Latest Gold and Diamond Jewellery Collections Online|Special Wedding Collections |Lightweight Designer Jewellery|100+ Years Legacy.,meta_json,https://www.bhimajewellery.com/cdn/shop/files/Logo.png?v=1761639660&width=200x,Kerala,Thiruvananthapuram,,meta.json country=IN; currency=INR; state=Kerala; +91 phone on site,10
130,Bongmade,https://bongmade.com,corporate@bongmade.com,+918276969444,https://www.instagram.com/bongmadecollection,https://www.facebook.com/bongmade,,,https://www.youtube.com/@bongmade,Apparel & Fashion,"Looking for stylish and unique Bengali graphic t-shirts? Look no further than Bongmade! Our collection of t-shirts features original designs inspired by Bengali culture, language, and traditions.",meta_json,https://bongmade.com/cdn/shop/files/Logo.png?v=1762631151&width=500,West Bengal,Kolkata,19AAWFB7664F1ZS,meta.json country=IN; currency=INR; state=West Bengal; GSTIN on site; +91 phone on site,10
131,Kalpraag,https://kalpraag.com,support@kalpraag.com,+919717102471; +919218097189,https://www.instagram.com/kalpraag,https://www.facebook.com/kalpraag,,,,Apparel & Fashion,"Explore Kalpraag’s Kurta Sets, where traditional Indian craftsmanship meets modern designs. Each set is tailored for men who value comfort and style, featuring fresh patterns and a range of vibrant colors that capture the essence of Indian fashion. Whether for festive occasions or casual gatherings.",meta_json,https://cdn.shopify.com/s/files/1/0619/6884/2930/files/kalpraag-Logo__1_-removebg-preview_8bb6595f-2322-4e73-b7b2-4e154399b78a.png?v=1747816229,Delhi,North West Delhi,07AALCK7653B1ZG,meta.json country=IN; currency=INR; state=Delhi; GSTIN on site; +91 phone on site,10
132,Newinsub,https://newinsub.com,support@newinsub.com; info@newinsub.com,+917359796000,https://www.instagram.com/newinsub,https://www.facebook.com/people/Newinsub/61564960182332,,,,Apparel & Fashion,"NEWINSUB, operating under the trade name Aalmore Apparels, was founded by Harsh Shah with a bold vision: to redefine the fast-fashion apparel segment in India. Built on innovation, customer obsession, and trend-driven creativity, NEWINSUB has rapidly evolved into a trusted name for fashion-forward",about_meta_description,https://newinsub.com/cdn/shop/files/New_in_Sub_X.png?v=1784114202&width=500,Gujarat,Surat,24GRGPS4471E1ZL,meta.json country=IN; currency=INR; state=Gujarat; GSTIN on site; +91 phone on site,10
133,Teenbaan,https://teenbaan.com,contact@teenbaan.com; support@teenbaan.com; balajiselvaganesh@gmail.com,+917619407601,https://www.instagram.com/teenbaan_shopping,https://www.facebook.com/ShoppingTeenbaan,,,https://www.youtube.com/@teenbaan_shopping,Footwear,"Shop trendy, comfortable women’s footwear at Teenbaan – sandals, clogs,slippers ,Flip flops & shoes from ₹299. Stylish, affordable & free shipping online. Buy Products Online at Best Price in India - Leading E-commerce Company -Cash on Delivery available - 1 to 4 days getting delivery - teenbaan.com",meta_json,https://teenbaan.com/cdn/shop/files/T_2.png?v=1756814170&width=500,Karnataka,Bangalore,29AAMCT1430C1ZJ,meta.json country=IN; currency=INR; state=Karnataka; GSTIN on site; +91 phone on site,10
134,The Nomad Vibes,https://thenomadvibes.com,support@thenomadvibes.com; thenomadvibesshop@gmail.com,+919983859310; +912938401623,https://www.instagram.com/thenomad_vibes_,https://www.facebook.com/TheNomadVibes,,,https://www.youtube.com/@TheNomadVibes,Apparel & Fashion,"Explore our collection of eco-conscious hemp bags and clothing, handcrafted for style and sustainability. Discover nature-inspired fashion online in India.",meta_json,https://thenomadvibes.com/cdn/shop/files/image-removebg-preview_1.png?v=1774596358&width=330,Rajasthan,Jaipur,08DWWPK4710A1ZI,meta.json country=IN; currency=INR; state=Rajasthan; GSTIN on site; +91 phone on site,10
135,FMCGCart,https://fmcgcart.com,care@fmcgcart.com,+918595561500,https://instagram.com/fmcgcart,https://www.facebook.com/fmcgcart,,,,Beauty & Personal Care,"Welcome to FMCGCart (https://fmcgcart.com)FMCGCart is a venture of Light Wings Online Shopping Private Limited. We are a e-Commerce company based in New Delhi, dealing in Hair Care, Skin Care, Fitness & Nutrition products. All products listed in the website are 100% Authentic & Verified.",about_meta_description,https://fmcgcart.com/cdn/shop/files/Logo-1024x201-2.png?v=1700305305&width=100,Delhi,New Delhi,07AAECL9218J1Z8,meta.json country=IN; currency=INR; state=Delhi; GSTIN on site; +91 phone on site,10
136,Iba,https://ibacosmetics.com,consumercare@ibacosmetics.com,+917226026655; +919904994471,https://www.instagram.com/ibacosmetics,https://www.facebook.com/ibacosmeticsindia,https://twitter.com/Ibacosmetics,https://www.linkedin.com/company/iba-cosmetics,https://www.youtube.com/@IbaCosmeticsOfficial,Beauty & Personal Care,Buy Beauty & Cosmetics Products Online from India's No.1 Vegan & Halal-Certified Brand. Shop Cruelty-Free & PETA-Certified Cosmetic & beauty Products from Iba Cosmetics.,meta_json,https://cdn.shopify.com/s/files/1/0588/8199/9031/files/iba_logo.png?v=1660114119&width=100,Gujarat,Ahmedabad,,meta.json country=IN; currency=INR; state=Gujarat; +91 phone on site,10
137,Bunaiiwala,https://bunaiwala.com,support@bunaiwala.com; care@bunaaiwalaa.in,+919256965132,https://www.instagram.com/bunaiiwala,https://www.facebook.com/people/Bunaaiwalaa/61573068400594,,,,Apparel & Fashion,"Buy ethnic wear online at Bunaiiwala for women and girls, featuring kurta sets, co-ord sets, kurtas, kurtis, tops, and dresses. Free Shipping COD available.",meta_json,https://bunaiwala.com/cdn/shop/files/web_logo.png?v=1773498983&width=500,Rajasthan,Jaipur,08CBEPS2545F2ZK,meta.json country=IN; currency=INR; state=Rajasthan; GSTIN on site; +91 phone on site,10
138,Maxzone Clothing,https://maxzoneclothing.com,marketing@maxzoneclothing.com,+919376787980,https://www.instagram.com/maxzoneclothing,,,,https://www.youtube.com/@maxzoneclothing,Apparel & Fashion,Get men's T-Shirt online starting from ₹ 429 onwards with simple return and exchange. Affordable t-shirt for every Men! Place your order now.,meta_json,https://maxzoneclothing.com/cdn/shop/files/Untitled_design_8.png?v=1740574126&width=600,Tamil Nadu,Tiruppur,33AAUCM6309D1ZF,meta.json country=IN; currency=INR; state=Tamil Nadu; GSTIN on site; +91 phone on site,10
139,Stryder Bikes,https://stryderbikes.com,customer.care@tatainternational.com; shopifyexperts@binaryic.com,+9118001232660,https://www.instagram.com/stryderbikes,https://www.facebook.com/stryderbikes,https://twitter.com/stryderbikes,,https://www.youtube.com/channel/UCJQvF1z-G0MIVYSzDOozflA,Automotive,"Most trusted bicycle brand in India - Find the best bicycles for adults, Kids at Stryder. Shop online for gear cycles and more. Get top-quality cycles delivered to your door.",meta_json,https://stryderbikes.com/cdn/shop/files/Vector_Smart_Object_2_237x.png?v=1714470282,Punjab,Ludhiana,03ABBCS9377H1Z3,meta.json country=IN; currency=INR; state=Punjab; GSTIN on site; +91 phone on site,10
140,Threads & Blocks,https://threadsandblocks.com,info@threadsandblocks.com,+919820132671,https://www.instagram.com/threads_and_blocks,https://www.facebook.com/threadsandblocks,,,,Apparel & Fashion,"Discover the perfect saree for any occasion at Threads and Blocks. Browse our stunning collection of Organza, Designer, Chiffon, and more at unbeatable prices. Shop now!",meta_json,https://threadsandblocks.com/cdn/shop/files/logo-red_ac625420-bc76-4ffc-a0eb-ce2905d97732_105x.png?v=1631712586,Rajasthan,Jaipur,08AISPR3641J1ZN,meta.json country=IN; currency=INR; state=Rajasthan; GSTIN on site; +91 phone on site,10
141,DULHAN JEWELS,https://dulhanjewels.com,support@dulhanjewels.com,+919390096228,https://www.instagram.com/_dulhanjewels,,,,https://www.youtube.com/@DulhanJewels,Jewellery & Accessories,"Shop Latest Designer, Imitation & Artificial Jewellery Online at Dulhan Jewels. Buy Bridal Jewellery, Necklaces, Earrings, Bangles & More.",meta_json,https://dulhanjewels.com/cdn/shop/files/dulhan-final-logo-new.jpg?v=1783680380&width=500,Telangana,Hyderabad,36AAUFD1891L1ZQ,meta.json country=IN; currency=INR; state=Telangana; GSTIN on site; +91 phone on site,10
142,FitFeast,https://fitfeast.in,contact@fitfeast.in,+918383861058; +914650257257,https://www.instagram.com/fitfeast.in,https://www.facebook.com/fitfeasthealth,,,,Food & Beverages,"FitFeast makes tasty protein-rich snacks like Peanut Butters, Protein Chips, Protein Bars, and Protein Shakes. Lab-Tested and Trusted by FDA.",meta_json,https://fitfeast.in/cdn/shop/files/1_1ff7072a-742a-41e2-8134-44e7bccc7b03.png?v=1762154848&width=500,Delhi,Mahipalpur Extension,07AAECF7259B1ZQ,meta.json country=IN; currency=INR; state=Delhi; .in domain; GSTIN on site; +91 phone on site,10
143,Grey Pottery,https://greypottery.com,info@greypottery.com; care@greypottery.com; mehrotraketki@gmail.com,+919927411113,https://www.instagram.com/greypotteryapp,https://www.facebook.com/GreyPotteryApp,,,https://www.youtube.com/@greypottery6161,Kitchen & Dining,Grey Pottery Built with Love and Clay,home_title,https://greypottery.com/cdn/shop/files/logo_3_1.png?v=1732172076&width=330,Uttar Pradesh,Moradabad,09BELPM6113G1ZF,meta.json country=IN; currency=INR; state=Uttar Pradesh; GSTIN on site; +91 phone on site,10
144,Sheopals,https://sheopals.com,support@sheopals.com,+919999212172,https://www.instagram.com/thesheopals,https://www.facebook.com/thesheopals,https://twitter.com/thesheopals,https://www.linkedin.com/company/sheopals,https://www.youtube.com/@thesheopals,Health & Wellness,"Sheopal's is India’s top Ayurvedic store offering herbal health, skincare & personal care products. Shop now for Authentic Ayurvedic Products Online in India at the best prices.",meta_json,https://www.sheopals.com/cdn/shop/files/Logo2.png,Delhi,New Delhi,,meta.json country=IN; currency=INR; state=Delhi; +91 phone on site,10
145,ATEONLINESHOP,https://ateonlineshop.com,info@ateonlineshop.com; support@ateonlineshop.com,+917060425552; +917302445554,https://www.instagram.com/ate_onlineshop,https://www.facebook.com/ateonlineshopindia,,,https://www.youtube.com/@ate5167,Sports & Fitness,"India's trusted manufacturer of Track & Field, Olympic Weightlifting & Gym Equipment. Barbells, discus, platforms & more. Trusted by gyms & federations.",meta_json,https://ateonlineshop.com/cdn/shop/files/ate_logo_transparant_black1.png?v=1706355743&width=500,Uttar Pradesh,Saharanpur,09AAECA6855E1ZL,meta.json country=IN; currency=INR; state=Uttar Pradesh; GSTIN on site; +91 phone on site,10
146,Dharishah Ayurveda,https://dharishahayurveda.com,care@dharishahayurveda.com,+917404344408,https://www.instagram.com/dharishah.ayurveda,https://facebook.com/dharishahayurved,,,,Health & Wellness,"Dharishah Ayurveda offers premium Ayurvedic medicines online, backed by 135+ years of expertise in crafting natural and effective health remedies. Buy now!",meta_json,https://dharishahayurveda.com/cdn/shop/files/dharishah-logo_1.svg?v=1705642253&width=500,Haryana,Ambala Cantt,06AGZPD4502H1ZE,meta.json country=IN; currency=INR; state=Haryana; GSTIN on site; +91 phone on site,10
147,KRISHNA WATCH COMPANY,https://krishnawatch.com,info@krishnawatch.com,+919897544049; +911214029435,https://www.instagram.com/krishnawatchcompany,https://www.facebook.com/krishnawatchcompany,https://x.com/krishna_watch,https://www.linkedin.com/company/krishna-watch-company,https://www.youtube.com/@krishnawatchcompany,Jewellery & Accessories,"Krishna Watch Company – Shop premium men's & women's watches and smartwatches. Genuine brands, cutting-edge designs & exceptional quality. Order online today!",meta_json,https://www.krishnawatch.com/cdn/shop/files/KWC-full-logo-and-name-blue.svg?v=1760595570&width=500,Uttar Pradesh,Meerut,,meta.json country=IN; currency=INR; state=Uttar Pradesh; +91 phone on site,10
148,Bene Kleed,https://benekleed.com,care@benekleed.com,+917899981061; +918861533548,https://www.instagram.com/benekleed_official,https://facebook.com/benekleed_official,,,,Apparel & Fashion (Men),"Bene kleed exists at the intersection of culture, confidence, and craftsmanship. Inspired by the evolving language of streetwear, we create elevated essentials designed for self-expression and individuality. Each piece reflects our commitment to authenticity, quality, and modern identity.",meta_json,https://benekleed.com/cdn/shop/files/LOGO_3.png?v=1789131508&width=220,Karnataka,Bengaluru,29ABHCS5607A1ZG,meta.json country=IN; currency=INR; state=Karnataka; GSTIN on site; +91 phone on site,10
149,Nari'yal Cosmetics,https://nariyal.co.in,cc@nariyal.co.in,+918956985927,https://www.instagram.com/nariyalcosmetics,https://www.facebook.com/nariyalcosmetics,https://x.com/nariyal_india,https://www.linkedin.com/company/100767900/admin/dashboard,https://www.youtube.com/@nariyalcosmetics,Beauty & Personal Care,"Discover Nari'yal Cosmetics India: skincare, body care, and wellness products made with pure coconut oil. Shop natural, hydrating solutions today!",meta_json,https://www.nariyal.co.in/cdn/shop/files/logo_Banner_1.png?v=1786101660&width=5760,Maharashtra,Pune,,meta.json country=IN; currency=INR; state=Maharashtra; .in domain; +91 phone on site,10
150,MECNEX,https://mecnex.com,contact@mecnex.com,+919217277362,https://www.instagram.com/mecnex,,,,https://www.youtube.com/@mecnexindia,Apparel & Fashion (Women),About Us We launched MECNEX in 2020 with one simple belief: To redefine what people could expect from leather jackets in India.,about_meta_description,https://mecnex.com/cdn/shop/files/mecnex_black_ce230a97-a60a-4e6c-98a4-f008e930a7e4.png?v=1701863991&width=500,Delhi,New Delhi,07AATCM5129J1ZY,meta.json country=IN; currency=INR; state=Delhi; GSTIN on site; +91 phone on site,10
151,The Formal Club,https://theformalclub.in,care@theformalclub.com,+918071423797; +918288899720; +918037835953,https://www.instagram.com/theformalclubofficial,https://www.facebook.com/theformalclubofficial,https://x.com/TheFormalClub,https://in.linkedin.com/company/theformalclubofficial,https://www.youtube.com/@TheFormalClub,Apparel & Fashion,"Buy Best premium formal shirts for men at The Formal Club. Solid, Checks, Stripes, Giza & more. Buy 3 Get 1 Free, Free Shipping & COD. Made in India.",meta_json,https://theformalclub.in/cdn/shop/files/TheFormalClub-512.png?v=1778217933&width=512,Chandigarh,Chandigarh,,meta.json country=IN; currency=INR; state=Chandigarh; .in domain; +91 phone on site,10
152,Big Hello,https://bighello.in,support@bighello.in,+9118005705566,https://www.instagram.com/bighello_,https://www.facebook.com/people/Big-Hello/100094541523493,https://twitter.com/BigHello_,,,Apparel & Fashion (Men),Plus Size Clothing for Men & Women I Offering sizes up to 7XL,meta_json,https://bighello.in/cdn/shop/files/BH-logo1.png?v=1699509755&width=90,Karnataka,Bangalore,29AAYCA5010F1ZK,meta.json country=IN; currency=INR; state=Karnataka; .in domain; GSTIN on site; +91 phone on site,10
153,AuraBenaras,https://aurabenaras.com,info@aurabenaras.com,+919793640454; +919005223019; +917985256029,https://www.instagram.com/aura_benaras,https://www.facebook.com/aura.benarasi,,,,Apparel & Fashion,Shop authentic handwoven Banarasi silk sarees from Aura Benaras. Discover timeless craftsmanship & luxury silk sarees perfect for weddings & special occasions.,meta_json,https://cdn.shopify.com/s/files/1/0336/0846/6564/files/check_3.png?v=1613760229,Uttar Pradesh,Varanasi,09AAVFS9188C1ZC,meta.json country=IN; currency=INR; state=Uttar Pradesh; GSTIN on site; +91 phone on site,10
154,Gharaana.in,https://gharaana.in,support@gharaana.in,+919667111778,https://www.instagram.com/gharaana.in,https://www.facebook.com/gharaanaindia,,,,Home & Decor,"Elevate your home with handcrafted furniture, stylish mirrors, and elegant crockery. Shop unique pieces that blend modern design with timeless quality.",meta_json,https://gharaana.in/cdn/shop/files/Untitled_design_87.png?v=1747955528&width=500,Rajasthan,Jodhpur,08BWNPM6791A1Z6,meta.json country=IN; currency=INR; state=Rajasthan; .in domain; GSTIN on site; +91 phone on site,10
155,Zevana,https://zevana.co,support@zevana.co,+919559288832; +919513169662,https://www.instagram.com/shopzevana,https://www.facebook.com/shopzevana,,,,Jewellery & Accessories,"Discover Zevana's exclusive online collection of bridal sets, mangalsutras, and bangles. Premium 18k gold-plated & authentic kundan jewelry. Shop Now!",meta_json,https://zevana.co/cdn/shop/files/logo.webp?v=1782476070&width=360,Uttar Pradesh,Lucknow,09AAFCO1711N1ZA,meta.json country=IN; currency=INR; state=Uttar Pradesh; GSTIN on site; +91 phone on site,10
156,MR Jewels,https://mrjewels.in,info@mrjewels.in; mrjewels100@gmail.com,+917042306142; +919667976060,https://www.instagram.com/mrjewels100,,,,https://www.youtube.com/@MRJewels100,Jewellery & Accessories,"Shop premium artificial jewellery — Kundan, Polki, Meenakari & American diamond sets in micron gold plating. Celebrity-worn designs. Free shipping across India.",meta_json,https://cdn.shopify.com/s/files/1/0879/3820/3960/files/mrjewels-fashion-jewellery-logo.png,Karnataka,Bengaluru,29BTMPR3384J1ZU,meta.json country=IN; currency=INR; state=Karnataka; .in domain; GSTIN on site; +91 phone on site,10
157,Oracura,https://oracura.in,support@oracura.in,+917738733700; +9118001207201,https://www.instagram.com/oracura.in,https://www.facebook.com/ORACURAsolutions,https://x.com/ORACURA,https://in.linkedin.com/company/oracura,https://www.youtube.com/c/ORACURASolutions,Baby & Kids,Oracura is a leading developer and marketer of innovative dental healthcare products such as electric toothbrushes and cordless water jet flosser in India.,meta_json,https://oracura.in/cdn/shop/files/oracura-press-theprint.png?v=1789538213&width=540,Maharashtra,Navi Mumbai,,meta.json country=IN; currency=INR; state=Maharashtra; .in domain; +91 phone on site,10
158,Suvasa,https://suvasa.in,customercare@suvasa.in,+919358800640; +917073591114; +919251916096,https://www.instagram.com/suvasa.india,https://www.facebook.com/suvasa.jaipur,https://x.com/Suvasaindia,https://www.linkedin.com/company/suvasa-apparel-furnishing-pvt-ltd,https://www.youtube.com/@Suvasaindia,Apparel & Fashion (Women),"Founded in 2000 by husband-wife duo Oona and Rajat Singh, Suvasa is a Jaipur-rooted brand built on the principles of family and heritage.",about_paragraph,https://suvasa.in/cdn/shop/files/Suvasa_Horizontal_red_logo_1.svg?v=1732812731&width=535,Rajasthan,Jaipur,,meta.json country=IN; currency=INR; state=Rajasthan; .in domain; +91 phone on site,10
159,SourceItRight,https://sourceitright.com,support@sourceitright.com,+918141022000,https://www.instagram.com/sourceitright,https://www.facebook.com/sourceitright.in,,,https://www.youtube.com/channel/UCMkw-QnMdIXYWaSdp5zMu3w,Apparel & Fashion,"Buy Fabric Online at unbeatable prices with ➤ COD ➤ Fast Free Shipping ➤ Secure Payments ➤ hassle-free returns, Choose from a wide range of dress material fabrics, Cotton, Silk, chiffon, ikat, velvet & more, Shop now & get the best deals.",meta_json,https://sourceitright.com/cdn/shop/files/500_X_500_Transperatn_cbd7d4bb-b2fa-409d-b8fb-86a41be5eaf1.png?v=1665145184&width=2000,Tamil Nadu,Chennai,33CLTPP9669L1ZV,meta.json country=IN; currency=INR; state=Tamil Nadu; GSTIN on site; +91 phone on site; Indian PIN code on site,10
160,UNIQKART,https://uniqkart.in,support@uniqkart.in,+914214102307,https://www.instagram.com/uniqkart_in,,https://x.com/Uniqkart,,https://www.youtube.com/@UNIQZONE-uniqkart-uniqbuy,Electronics & Gadgets,"Our Story Founded in 2021 by UNIQZONE, Uniqkart was born out of a passion for bringing high-quality, unique, and innovative imported products to customers across India.",about_meta_description,https://www.uniqkart.in/cdn/shop/files/uniqkart_logo_big_new_original1_145x@2x.png?v=1692708561,Tamil Nadu,COIMBATORE,33AAHFU0051E1ZP,meta.json country=IN; currency=INR; state=Tamil Nadu; .in domain; GSTIN on site; +91 phone on site,10
161,The Gift Studio,https://thegiftstudio.com,contact@thegiftstudio.com; kunal.dhatavkar@rpsg.in,+912231394015; +918976449556; +917506210892,https://www.instagram.com/thegiftstudioofficial,https://www.facebook.com/giftstudioofficial,,,https://www.youtube.com/@thegiftstudio_,Gifts & Hampers,"Shop the best selection of gifts online! Find unique presents, gift hampers, and personalized gifts for every occasion. Buy now for great deals!",meta_json,https://thegiftstudio.com/cdn/shop/files/TGS_LOGO-02_1_bd179bde-b3d0-45f5-8862-5da8824ccd82.svg?v=1745584490&width=600,West Bengal,Kolkata,19ABNCS2580C1Z5,meta.json country=IN; currency=INR; state=West Bengal; GSTIN on site; +91 phone on site,10
162,Freemen®,https://freemen.in,support@freemen.in; support@freemen.com,+919157633776,https://www.instagram.com/freemen.in,https://www.facebook.com/freemenin,,https://www.linkedin.com/company/freemenin,https://www.youtube.com/@Freemenin,Jewellery & Accessories,"Shop one gram gold jewellery online. Real gold-plated jewellery at the best prices. Perfect for Indian occasions, casual wear, and gifting options! - Order now!",meta_json,https://freemen.in/cdn/shop/files/freemen-logo-re_180x.png,Gujarat,AHMEDABAD,24AAGCF3649D1ZU,meta.json country=IN; currency=INR; state=Gujarat; .in domain; GSTIN on site; +91 phone on site,10
163,Goodgudi,https://goodgudi.com,care@goodgudi.com,+918147240133,https://www.instagram.com/goodgudi.official,https://www.facebook.com/goodgudiretail,,https://in.linkedin.com/company/goodgudi,http://www.youtube.com/@GoodGudiOfficial,Art & Craft,"Find the perfect Secret Santa gifts at Goodgudi! From cute stationery to quirky lifestyle must-haves, we bring you joyful, affordable gifting options that everyone will love. Your ultimate destination for thoughtful gifts.",meta_json,https://www.goodgudi.com/cdn/shop/files/goodgudi_final_logo_editable_370x.png?v=1745934693,Karnataka,Bengaluru,29AAKCG5234H1ZE,meta.json country=IN; currency=INR; state=Karnataka; GSTIN on site; +91 phone on site,10
164,The Watch Factory,https://watchfactory.in,support@watchfactory.in; viwary@watchfactory.in,+9118008912866; +916367908052; +916376861674,https://www.instagram.com/thewatchfactory_official,https://www.facebook.com/thewatchfactoryonline,,https://www.linkedin.com/company/thewatchfactory,,Jewellery & Accessories,"Enhancing your personality more with the hottest International brands at The Watch Factory™, Shop 40+ International Watch Brands and Top Swiss Watch Retailer in India.",meta_json,https://watchfactory.in/cdn/shop/files/Website_Logo_The_Watch_Factory_6b0c6111-1d9f-436d-bc17-54a869fd3e78.svg?v=1778138924&width=400,Rajasthan,Jaipur,08AAZCA2617B1ZO,meta.json country=IN; currency=INR; state=Rajasthan; .in domain; GSTIN on site; +91 phone on site,10
165,UNIQBUY,https://uniqbuy.in,support@uniqbuy.in,+914214102307,https://www.instagram.com/uniqbuy.in,,https://x.com/Uniqbuy_in,,https://www.youtube.com/channel/UC5s8Ck7wWmuNHAkW_Pgf0ZA,Electronics & Gadgets,"About Us Welcome to Uniqbuy.in, your trusted online store for a curated selection of high-quality imported products.",about_meta_description,https://nbg1.your-objectstorage.com/seolab/jsonld-images/u9vaSEJQt3Li2i5RBtvgvbgo2D1leTqa1o4pXX2I.png,Tamil Nadu,"SOMANUR,COIMBATORE",33AAHFU0051E1ZP,meta.json country=IN; currency=INR; state=Tamil Nadu; .in domain; GSTIN on site; +91 phone on site,10
166,NITORI INDIA,https://nitori.co.in,eccs@nitori.co.in,+919004044369,https://www.instagram.com/nitoriindia,https://www.facebook.com/nitoriindia,,,https://www.youtube.com/@NitoriIndiaOfficial,Kitchen & Dining,"Shop NITORI for well-designed furniture & home decor in The India at affordable prices. We offer a range of sofa, bed, dining chair, dining table, kitchen cabinets mattresses, wardrobes, tableware and more. Visit us now!",meta_json,https://www.nitori.co.in/cdn/shop/files/NITORI_LOGO_EC_734x150.png?v=1724057344,Maharashtra,Mumbai,27AADCN1939K1Z7,meta.json country=IN; currency=INR; state=Maharashtra; .in domain; GSTIN on site; +91 phone on site; Indian PIN code on site,10
167,TROOST,https://troost.in,support@troost.in,+917404482292,https://instagram.com/troostofficial,https://www.facebook.com/troostin,,https://www.linkedin.com/company/troosthomedecor,,Home & Decor,"TROOST is a modern rugs brand bringing fresh design, thoughtful craftsmanship, and timeless textures to contemporary homes. Discover handmade rugs with bold patterns, natural materials, and lasting quality—created to elevate your space with effortless style.",meta_json,https://www.troost.in/cdn/shop/files/logo_file_new_-01.png?v=1717047908&width=4300,Haryana,Panipat,06AAJPN2049M1ZF,meta.json country=IN; currency=INR; state=Haryana; .in domain; GSTIN on site; +91 phone on site; Indian PIN code on site,10
168,Indian Hobby Center,https://indianhobbycenter.com,info@indianhobbycenter.com; ihcbbsr@gmail.com,+918249931161; +917749850441,https://www.instagram.com/indianhobbycenter,https://www.facebook.com/ihcrl,https://x.com/ihctweet,,,Books & Stationery,Online Hobby Store | Educational Supply Store | Online Robotics Store | Arduino | Electronics Components | UAV | Drone Parts | Airplane | 3D PRINTER | Sensor | Modules | IC | MOTORS | Tools | Consumer Electronics | DIY | RC | IOT | Development Boards | Gears | Automation | Artifitial Intelligence | ,meta_json,https://www.indianhobbycenter.com/cdn/shop/files/indian_hobby_center.png?v=1758270228&width=500,Odisha,Bhubaneswar,21AMBPJ9593L1ZP,meta.json country=IN; currency=INR; state=Odisha; GSTIN on site; +91 phone on site; Indian PIN code on site,10
169,Attire By Ayaana,https://attirebyayaana.com,info@attirebyayaana.com; neha.punit.gupta@gmail.com,+917690000829; +919741833550; +917073733737,https://www.instagram.com/attire_by_ayaana,https://www.facebook.com/AttirebyAyaana,,,https://youtube.com/@AttireByAyaana,Apparel & Fashion,"Our journey started 2 years ago in a online store in Bangalore. We have worked harder than anyone and upgraded from 200 followers to 20,000 followers This allowed us to not only connect with customers in India but all around the globe, who all share a love for Indian Ethnic Wear.We sell Ethnic",about_meta_description,https://attirebyayaana.com/cdn/shop/files/WhatsApp_Image_2023-11-20_at_15.48.50-removebg-preview_c819cac1-92bf-48f0-8790-df3be79e7356.png?v=1704541914&width=500,Rajasthan,bhadra,08ALOPG1264B1ZE,meta.json country=IN; currency=INR; state=Rajasthan; GSTIN on site; +91 phone on site,10
170,Furper.com,https://furper.com,mail@furper.com; thefurper@gmail.com,+919856928928,https://www.instagram.com/thefurper,https://www.facebook.com/Furper.india,https://twitter.com/thefurper,,,Electronics & Gadgets,Furper is India's 1st Online Shopping Store For Only Global Products At Lowest Price. Buy High Quality Products With Free & Fast Shipping To Your Home.,meta_json,https://furper.com/cdn/shop/t/18/assets/logo.png?v=148830831740908864511788948832,Haryana,Ambala City,06AMGPN1615A1ZO,meta.json country=IN; currency=INR; state=Haryana; GSTIN on site; +91 phone on site,10
171,INKHUB,https://inkhub.in,help@inkhub.in; customercare.inkhub@gmail.com; partner.inkhub@gmail.com,+911169656663,https://www.instagram.com/inkhub_,https://www.facebook.com/inkhub01,,,https://www.youtube.com/@inkhub_tattoos/shorts,Religious & Pooja,"Shop 1,000+ semi-permanent tattoos from ₹199. Needle-free, waterproof, and lasts 1-2 weeks. Trusted by 45 lakh+ customers across India. Custom designs available.",meta_json,https://cdn.shopify.com/s/files/1/0697/5845/2027/files/2_34c257d4-113f-4bda-a944-b97eaa80e5b8.png?v=1771230662,Jharkhand,ranchi,20AAKFI5919C1ZQ,meta.json country=IN; currency=INR; state=Jharkhand; .in domain; GSTIN on site; +91 phone on site,10
172,Carriall,https://carriall.com,hello@carriall.com; sales@carriall.com,+918888099991; +919373687399,https://www.instagram.com/thecarriallco,https://www.facebook.com/TheCariallCo,https://x.com/thecarriallco,https://www.linkedin.com/company/the-carriall-co,https://www.youtube.com/channel/UC6GdSsz8tYbfRM_QY0f4wjg,Bags & Luggage,"Carriall is a premium smart luggage & lifestyle brand offering innovative luggage, backpacks, duffle bags, laptop bags, lunch bags, travel accessories & stylish handbags for modern travellers. Home to the Official Real Madrid Bag Collection in India. Where smart design meets everyday convenience for",meta_json,https://carriall.com/cdn/shop/files/CARRIALL_LOGO-03_c9ea5214-2bd5-4f0b-a54d-83c4389cee3d.png?v=1708083104&width=1364,Maharashtra,nashik,,meta.json country=IN; currency=INR; state=Maharashtra; +91 phone on site,10
173,Blaupunkt India,https://blaupunktaudio.in,sales@blaupunktaudio.in; wecare@blaupunktaudio.in,+918860022600,https://www.instagram.com/blaupunktaudioindia,https://www.facebook.com/blaupunktaudioindia,https://twitter.com/AudioBlaupunkt,https://in.linkedin.com/company/blaupunktaudioindia,https://www.youtube.com/channel/UCF2a5X82dQc2BKyfVJRMv3A,Electronics & Gadgets,"Discover Blaupunkt’s premium audio products backed by 100 years of German innovation. Explore sound systems, music system, home audio systems, TWS earbuds, headphones & speakers. Click to get best price.",meta_json,https://cdn.shopify.com/s/files/1/0458/9938/2938/files/blaupunkt-logo.png,Haryana,Gurgaon,,meta.json country=IN; currency=INR; state=Haryana; .in domain; +91 phone on site,10
174,Flyo Shoes,https://flyo.shoes,customercare@flyo.shoes,+911294032572; +919217244014,https://instagram.com/flyoshoes,https://facebook.com/flyoshoes,,,,Footwear,"Explore shoes online for men, women, and kids at FLYO. Shop casual, sports, formal, adventure and school styles with shipping across India.",meta_json,https://flyo.shoes/cdn/shop/files/flyo_logo.png?v=1732182462&width=140,Haryana,Gurugram,06AAGCL4429F1ZM,meta.json country=IN; currency=INR; state=Haryana; GSTIN on site; +91 phone on site,10
175,GRYTT,https://grytt.in,info@grytt.in,+917725873503,https://www.instagram.com/grytt.in,,,,https://www.youtube.com/@gryttindia,Jewellery & Accessories,"GRYTT is jewelry for men who embrace the grind. Crafted from tough recycled 316L stainless steel with 18K gold or rhodium plating, our pieces are durable, waterproof, and hypoallergenic. Designed for men who live with grit and determination, GRYTT represents strength, resilience, a story earned thro",meta_json,https://grytt.in/cdn/shop/files/BRIA_3.svg?v=1771781419&width=280,Madhya Pradesh,Indore,23BWYPN4867M1ZG,meta.json country=IN; currency=INR; state=Madhya Pradesh; .in domain; GSTIN on site; +91 phone on site,10
176,Aesthesy,https://aesthesy.com,hi@aesthesy.com,+919627588880; +919412088880; +919760249788,https://instagram.com/aesthesydotcom,https://facebook.com/aesthesy.store,,,,Art & Craft,"Looking to Buy Wall Art & Paintings online? Aesthesy offers a different range of wall art like graffiti wall art, luxury wall art, motivational wall art, parody wall art & much more at the best prices. Shop Now!",meta_json,https://aesthesy.com/cdn/shop/t/89/assets/aes-logo-wordmark.svg?v=15741693887792619971789245932,Uttarakhand,Rudrapur,05ACBFA0012D1ZJ,meta.json country=IN; currency=INR; state=Uttarakhand; GSTIN on site; +91 phone on site,10
177,Ethnusvilla,https://ethnusvilla.com,support@ethnusvilla.com; help@ethnusvilla.com,+919974409700,https://www.instagram.com/ethnus_villa,https://www.facebook.com/ethnusvilla,,,,Apparel & Fashion,Ethnus Villa is one of the best online ethnic wear store in India that has a range of designer Saree collection. Ethnus Villa is providing an online shopping with easy exchange and return policy.,meta_json,https://ethnusvilla.com/cdn/shop/files/1_ab3cf583-6174-4bb7-b67b-04f140a6db20.png?v=1748084816&width=95,Gujarat,Surat,24EBQPB5528B1ZX,meta.json country=IN; currency=INR; state=Gujarat; GSTIN on site; +91 phone on site,10
178,I Blame Beads,https://iblamebeads.com,hello@iblamebeads.com,+917977619831,https://www.instagram.com/iblamebeads,https://www.facebook.com/iblamebeads,,,,Jewellery & Accessories,"**About Us**Welcome to I Blame Beads, where elegance meets affordability in the world of artificial jewelry.",about_meta_description,https://www.iblamebeads.com/cdn/shop/files/Screenshot_2025-06-20_155712_ff0010bb-9c1c-4157-a050-fa5619a8a81a_180x.png?v=1753959930,Maharashtra,Mumbai,27BMXPG9885K1ZS,meta.json country=IN; currency=INR; state=Maharashtra; GSTIN on site; +91 phone on site,10
179,Good Times by Sai Creations,https://goodtimesbysaicreations.com,support@goodtimesbysaicreations.com,+919999836386; +919027711295,https://www.instagram.com/saicreationswatchesofficial,https://www.facebook.com/people/Sai-Creations-Official/61577909310461,,,,Jewellery & Accessories,"Established in 2002 in the heart of Noida, we have spent over two decades building a reputation as one of India’s most trusted destinations for authentic timepieces.",about_paragraph,https://goodtimesbysaicreations.com/cdn/shop/files/saicreation-black-logo.png?v=1758197186&width=500,Uttar Pradesh,Noida,09AANPG9215C1ZR,meta.json country=IN; currency=INR; state=Uttar Pradesh; GSTIN on site; +91 phone on site,10
180,iberiaskinbrands,https://iberiaskinbrands.in,info@iberiaskinbrands.com; hello@iberiaskinbrands.com,+919599691116; +917428762354,https://www.instagram.com/iberiaskinbrandsindia,https://www.facebook.com/iberiaskinbrandsIndia,https://x.com/ISkinbrands,https://www.linkedin.com/company/iberia-skinbrands,https://www.youtube.com/channel/UCtF-YPEqLtfkHTyo9KR5mWg,Beauty & Personal Care,Buy luxury Skin care and hair care products online at iberiaskinbrands.in. 100% genuine products from international brands. Free shipping available.,meta_json,https://iberiaskinbrands.in/cdn/shop/files/Iberia_Logo_003_3.png?v=1720440022&width=110,Delhi,Delhi,,meta.json country=IN; currency=INR; state=Delhi; .in domain; +91 phone on site; Indian PIN code on site,10
181,ariser,https://ariser.co.in,online@ariser.co.in,+919043717757,https://www.instagram.com/ariserindia,https://www.facebook.com/ariseronline,,,https://www.youtube.com/channel/UCll35KNJ5QBw2QwJII3AOJw,Apparel & Fashion (Men),Discover fashionable Mens Trousers and Shirts for Men. Browse our collection of Stretchable Pants with premium-quality apparel crafted for comfort.,meta_json,https://ariser.co.in/cdn/shop/files/Ariser_Logo___New_final.jpg?v=1691465702&width=3600,Tamil Nadu,Erode,33AAIFA8010E1Z1,meta.json country=IN; currency=INR; state=Tamil Nadu; .in domain; GSTIN on site; +91 phone on site,10
182,Confidential Couture,https://confidentialcouture.com,info@confidentialcouture.com; consign@confidentialcouture.com; sales@confidentialcouture.com; support@confidentialcouture.com; tech@confidentialcouture.com,+919873846800; +917045613494; +918527315312,https://www.instagram.com/confidentialcoutureofficial,https://www.facebook.com/ConfidentialCoutureOfficial,https://twitter.com/ConfidentialIND,https://www.linkedin.com/company/confidentialcouture,https://www.youtube.com/@confidentialcouture/videos,Bags & Luggage,"India's Premier website to buy & sell designer pre owned luxury handbags online in India. Buy & Sell top brands Hermes, Gucci, Bottega Veneta & many more.",meta_json,https://confidentialcouture.com/cdn/shop/files/0L3A3922_989040fa-f884-4139-9d26-7d534d26c4cd_compact.jpg?v=1790149678,Delhi,New Delhi,,meta.json country=IN; currency=INR; state=Delhi; +91 phone on site,10
183,Hektor,https://hektor.in,customercare@hektor.in,+918108330031,https://www.instagram.com/hektorindia,https://www.facebook.com/hektorindia,https://twitter.com/Hektorindia,https://www.linkedin.com/company/hektorindia,https://www.youtube.com/@Hektorindia,Apparel & Fashion (Men),"Premium men’s apparel and innerwear designed for comfort, breathability, and everyday performance. Explore shirts, polos, boxers & more at Hektor.",meta_json,https://hektor.in/cdn/shop/files/Hektor_Logo-1.png?v=1744632966&width=5200,Gujarat,Surat,,meta.json country=IN; currency=INR; state=Gujarat; .in domain; +91 phone on site,10
184,House of Ceramics,https://houseofceramics.in,query@houseofceramics.in; houseofceramics.in@gmail.com,+919990904378; +919999712932,https://www.instagram.com/houseofceramics.in,https://www.facebook.com/houseofceramics.in,,,https://www.youtube.com/@houseofceramics,Kitchen & Dining,"Transform your home with House of Ceramics exquisite handcrafted ceramic tableware, kitchenware, and one-of-a-kind décor. Experience exceptional craftsmanship and artistry in every item, bringing timeless beauty and unmatched quality to your space.",meta_json,https://www.houseofceramics.in/cdn/shop/files/HOC_Logo_-_1_Final_a657b09c-237e-4fc2-a463-65ef178c3ba1.png?v=1735221202&width=500,Haryana,Gurugram,06AANFH8563N1ZL,meta.json country=IN; currency=INR; state=Haryana; .in domain; GSTIN on site; +91 phone on site,10
185,Aurawill,https://aurawill.in,support@aurawill.in,+919025067516,https://www.instagram.com/aurawill_health_mix,https://www.facebook.com/aurawill.healthmix,,,https://www.youtube.com/@aurawillfoods,Health & Wellness,"Aurawill grew out of Theneer Idaivelai, where we spent years helping people understand what they eat and guiding them towards real, wholesome food.",meta_description,https://www.aurawill.in/cdn/shop/files/logo_a79f9535-93d5-410d-a51d-9d37a9d8ed1e.png?v=1769619793&width=500,Tamil Nadu,Chennai,33ABECA0388H1ZU,meta.json country=IN; currency=INR; state=Tamil Nadu; .in domain; GSTIN on site; +91 phone on site,10
186,Big Bear Farms,https://bigbearfarms.in,orders@bigbearfarms.in; hello@bigbearfarms.in,+919805177770; +919805277770,https://www.instagram.com/bigbearfarms,https://www.facebook.com/bigbearfarms.in,,,,Food & Beverages,"Shop delicious homemade fruit jams, caramel toffees & traditional Indian pickles at Big Bear Farms. 100% natural, handcrafted & delivered across India.",meta_json,https://www.bigbearfarms.in/cdn/shop/t/39/assets/bbf-logo.png?v=104407506908076809621779545125,Himachal Pradesh,Kullu,02AHVPC1962F1ZJ,meta.json country=IN; currency=INR; state=Himachal Pradesh; .in domain; GSTIN on site; +91 phone on site; Indian PIN code on site,10
187,Techcommerce.in,https://techcommerce.in,support@techcommerce.in; support@pinekart.com,+919311737848; +919312631616,https://www.instagram.com/techcommerce.in,https://www.facebook.com/Techcommerce.in,https://x.com/Techcommerce2,https://www.linkedin.com/company/techcommerce,https://www.youtube.com/@techcommerce1,Electronics & Gadgets,"Purchase electronics online in India with top brands, quick shipping, and fantastic discounts. Get the newest devices, accessories, and tech necessities at unbeatable prices with dependable delivery throughout India.",meta_json,https://cdn.shopify.com/s/files/1/0966/5039/5923/files/carant_logo_3.png?v=1766383831,Delhi,New Delhi,,meta.json country=IN; currency=INR; state=Delhi; .in domain; +91 phone on site,10
188,Bharat Vedica,https://bharatvedica.com,info@bharatvedica.com,+917057000078,https://www.instagram.com/bharatvedicaorganics,https://www.facebook.com/people/Bharat-Vedica/61560492716394,https://x.com/bharatvedica,https://www.linkedin.com/company/bharatvedica,https://www.youtube.com/@BharatVedica,Food & Beverages,"Buy organic foods online including A2 ghee, raw honey, millets, flours and wood pressed oils. Pure, chemical free nutrition inspired by tradition from Bharat Vedica.",meta_json,https://bharatvedica.com/cdn/shop/files/Bharat_vedica_Logo_only_with_Patel_Venture.png?v=1761553799,Gujarat,Anand,,meta.json country=IN; currency=INR; state=Gujarat; +91 phone on site,10
189,ANUROOP,https://anuroop.co.in,info@anuroop.co.in; info.anuroop@gmail.com,+918788046500; +917822877953,https://www.instagram.com/anuroop.co.in,https://www.facebook.com/Anuroop.co.in,,,,Apparel & Fashion,"Timeless curation of Occasion-wear Unstitched Suits, Dupattas and Sarees for girls & women who love tailor-made clothes",meta_json,https://anuroop.co.in/cdn/shop/files/EXTRA_Rs._100_Off_on_Rs._2400_Code_UTSAV10_EXTRA_Rs._250_Off_on_Rs._5000_Code_UTSAV25_1200_x_600_px_1200_x_300_px_842928e6-47ef-47e6-96e0-9ad9034933da.png?v=1742288959&width=500,Maharashtra,Yavatmal,27ACLPW4045L1ZY,meta.json country=IN; currency=INR; state=Maharashtra; .in domain; GSTIN on site; +91 phone on site,10
190,Angrakhaa,https://angrakhaa.com,customersupport@angrakhaa.com,+918447959170,https://www.instagram.com/angrakhaa,https://www.facebook.com/angrakhaa,,,https://www.youtube.com/@angrakhaa,Apparel & Fashion,"S to 7XL, same price for all sizes!",meta_json,https://www.angrakhaa.com/cdn/shop/files/B_W_33c6088a-9ac4-4ecc-905d-c23857c5df2d.jpg?v=1739284340&width=1127,Delhi,New Delhi,07ABLFA8000C1ZX,meta.json country=IN; currency=INR; state=Delhi; GSTIN on site; +91 phone on site,10
191,Aranyam Perfumes,https://aranyamperfumes.com,care@aranyamperfumes.com; connect@aranyamperfumes.com,+917700033336,https://instagram.com/aranyamperfumes,https://facebook.com/aranyamperfumes,,,https://www.youtube.com/@aranyamperfumes,Beauty & Personal Care,Authentic Natural Fragrances,meta_json,https://www.aranyamperfumes.com/cdn/shop/files/Aranyam_Logo.png?v=1743749241&width=400,Maharashtra,Mumbai,27AAJCV1990N1ZK,meta.json country=IN; currency=INR; state=Maharashtra; GSTIN on site; +91 phone on site,10
192,Aishwaryam Oils,https://aishwaryamoils.com,info@aishwaryamoils.com,+919942590202,https://www.instagram.com/aishwaryamoils,https://www.facebook.com/aishwaryamoils24,,,https://www.youtube.com/channel/UC6Xsvs4bMlV8WBEZQpWeOXQ,Food & Beverages,"Premium cold-pressed oils, organic spices & traditional sweets from India. Buffalo ghee, coconut oil, groundnut oil & authentic masala powders. 100% natural.",meta_json,https://aishwaryamoils.com/cdn/shop/files/Logo.png?v=1758964983&width=500,Tamil Nadu,Tiruppur,33ABLFA9243M1Z2,meta.json country=IN; currency=INR; state=Tamil Nadu; GSTIN on site; +91 phone on site,10
193,Geeklane,https://geeklane.in,care@geeklane.in; support@geeklane.in,+919403891130; +919315547045; +918130756678,https://www.instagram.com/geeklane.in,https://www.facebook.com/profile.php?id=61555785144956,,,https://www.youtube.com/@geeklanein,Electronics & Gadgets,Find the perfect gift for the occasion in your life! Geeklane offers a wide selection of gadgets & creative gifts for men and women. Shop by interest & surprise your favourite ones today!,meta_json,https://www.geeklane.in/cdn/shop/files/New_logo_cropped_1.png?v=1732702118&width=4000,Delhi,New Delhi,07ABAFG9901B1ZS,meta.json country=IN; currency=INR; state=Delhi; .in domain; GSTIN on site; +91 phone on site,10
194,PALMONAS,https://palmonas.com,peopleandculture@palmonas.com; franchise@palmonas.com; corporate@palmonas.com; legalteam@palmonas.com; pr@palmonas.com,+919175008322,https://www.instagram.com/palmonas_official,https://www.facebook.com/palmonas,,https://www.linkedin.com/company/palmonas,https://www.youtube.com/@palmonas/videos,Jewellery & Accessories,"Shop for Demifine® collection pieces for your everyday use from PALMONAS. Bracelets, necklaces, rings, earrings, mangalsutras and much more. waterproof, anti tarnish and hypoallergenic jewellery. Affordable luxury jewellery for everyday. Shop for alternative to real gold jewellery at PALMONAS",meta_json,https://cdn.shopify.com/s/files/1/0613/1400/7297/files/LOGO-01-01_170x.png?v=1643713043,Maharashtra,Pune,,meta.json country=IN; currency=INR; state=Maharashtra; +91 phone on site,9
195,Pilgrim India,https://discoverpilgrim.com,hello@discoverpilgrim.com; social@discoverpilgrim.com,+917400097974,https://www.instagram.com/discover.pilgrim,https://www.facebook.com/pilgrim.discover,,https://www.linkedin.com/company/discover-pilgrim,https://www.youtube.com/@PilgrimIndia,Beauty & Personal Care,"Pilgrim - Premium International Brand | No Animal Testing, No Harmful Chemicals, Natural, Vegan Friendly, FDA Approved.",meta_json,https://discoverpilgrim.com/cdn/shop/files/Pilgrim-New-Logo-Without-Tagline_a9de71c3-9c1c-4a33-b4eb-95830dab01db.png?v=1750912299&width=400,Haryana,Tauru,,meta.json country=IN; currency=INR; state=Haryana; +91 phone on site,9
196,iTokri आई.टोकरी,https://itokri.com,helloji@itokri.com,+917773897774; +917514012029; +9118001201269,https://www.instagram.com/itokri,https://www.facebook.com/itokri,https://x.com/itokri,,https://www.youtube.com/user/itokri,Apparel & Fashion,"Trusted online store in India to buy original fabric, authentic dress material, ethnic wear, women accessories in various crafts by Indian Artisans.",meta_json,https://itokri.com/cdn/shop/files/Group_1458_2x_95f81960-e86c-4e73-a9e2-9b93370be915.png?v=1660109560&width=120,Madhya Pradesh,Gwalior,,meta.json country=IN; currency=INR; state=Madhya Pradesh; +91 phone on site; Indian PIN code on site,9
197,Vastrado,https://vastrado.com,customercare@vastrado.com,+917045177666,https://www.instagram.com/vastrado,https://www.facebook.com/Vastrado,https://x.com/vastrado1,,https://youtube.com/@vastradoindia,Apparel & Fashion (Men),"At Vastrado, we strive hard to bring you the latest trends and unmatched quality at unbeatable prices. We are a one-stop online shopping fashion destination where you can shop for men, women and kids.",meta_json,https://www.vastrado.com/cdn/shop/files/Vastrado_Logo_1a-01_1.png,Maharashtra,Mumbai,,meta.json country=IN; currency=INR; state=Maharashtra; +91 phone on site,9
198,ReiseMoto,https://reisemoto.com,info@reisemoto.com,+918655818999; +919930762158,https://www.instagram.com/reise_moto,https://www.facebook.com/reisemoto2022,,https://www.linkedin.com/company/reise-moto,https://www.youtube.com/@reisemoto,Automotive,"Reisemoto offers India's largest selection of motorcycle riding jackets, pants, gloves, helmets, luggage, and more. Shop online with Reisemoto for top brands.",meta_json,https://www.reisemoto.com/cdn/shop/files/reise-moto-Logo-Black-1920X683.png?v=1774439684&width=1920,Maharashtra,Mumbai,,meta.json country=IN; currency=INR; state=Maharashtra; +91 phone on site,9
199,Banana Club In Vogue Pvt Ltd,https://bananaclub.co.in,customercare@bananaclub.co.in,+916363802383,https://www.instagram.com/_banana_club,https://m.facebook.com/bananaclubstore,,https://www.linkedin.com/company/banana-club-invogue/posts,https://www.youtube.com/channel/UC_pjOZCvBV8eta0j74ihG_g,Apparel & Fashion,Explore affordable men's clothing at Banana Club for the ultimate style upgrade. Get all the latest fashion essentials at 30-50% discount with us. Buy now,meta_json,https://bananaclub.co.in/cdn/shop/files/banana-club_350x.png?v=1681805284,Karnataka,Bengaluru,,meta.json country=IN; currency=INR; state=Karnataka; .in domain; +91 phone on site,9
200,MyDesignation,https://mydesignation.com,care@mydesignation.com; support@mydesignation.com,+918891483888; +918891384888; +918891404888,https://www.instagram.com/mydesignationofficial,https://www.facebook.com/mydesignationofficial,,https://www.linkedin.com/company/mydesignation/mycompany,https://www.youtube.com/channel/UCtb2ioX_CyGNtwHBTUNVVRA,Apparel & Fashion (Men),"MyDesignation offers a wide variety of stylish and comfortable fashion clothing for men including shirts, t-shirts, hoodies, jackets, and more",meta_json,https://www.mydesignation.com/cdn/shop/files/logo-type-black_69abd3c2-ddd1-48c3-a459-48c9ee2f4723.png?v=1728281205&width=4002,Kerala,Thiruvananthapuram,,meta.json country=IN; currency=INR; state=Kerala; +91 phone on site,9
201,Bella Vita Organic (IDAM Natural Wellness Pvt. Ltd.),https://bellavitaorganic.com,shop@bellavitaorganic.com,+919810154380; +914150213213,https://www.instagram.com/bellavita.official,https://www.facebook.com/bellavitaorganic,https://twitter.com/bellavita_org,,https://www.youtube.com/c/BellaVitaOrganicIndia,Beauty & Personal Care,"Discover Bellavita Organic's premium perfumes, skincare and beauty products. Shop bestselling fragrances, gift sets and more at great prices.",meta_json,https://bellavitaorganic.com/cdn/shop/files/Bella_Vita_Logo_360_E_2x_d60de42b-fa50-45b3-b490-be70ac1fffa1.png?v=1716533001&width=668,Haryana,Gurugram,,meta.json country=IN; currency=INR; state=Haryana; +91 phone on site,9
202,Krishna's Herbal & Ayurveda,https://krishnaayurved.com,care@krishnaayurved.com,+912913529700,https://www.instagram.com/krishna_ayurved_official,https://www.facebook.com/krishnasaloevera,https://twitter.com/HerbalKrishna,,https://www.youtube.com/channel/UCAg9twalMwxq8M_G1c4RnsA,Health & Wellness,Rajputana Agrico is the top ayurvedic & herbal product company in India. Ayurvedic store for all types of herbal products with a portfolio of over 100 products.,meta_json,https://krishnaayurved.com/cdn/shop/files/kha-logo-2025.png?v=1749664575&width=543,Rajasthan,Jodhpur,,meta.json country=IN; currency=INR; state=Rajasthan; +91 phone on site,9
203,Nilkamal Furniture,https://nilkamalfurniture.com,customercare@nilkamalfurniture.com,+9118001219115,https://www.instagram.com/nilkamal_ltd,https://www.facebook.com/OfficialNilkamal,https://twitter.com/nilkamal_ltd,,https://www.youtube.com/channel/UCgIYdtLkIW9OjLtRS8ZZHzQ,Home & Decor,Buy furniture and mattresses online from Nilkamal Furniture. Explore modern home and office furniture designs with delivery across India.,meta_json,https://cdn.shopify.com/s/files/1/0044/1208/0217/files/Nilkamal_Logo_v2_410x_393bcb28-715b-4adc-b2de-0312dfd1ffd5.png?v=1722251626,Maharashtra,Mumbai,,meta.json country=IN; currency=INR; state=Maharashtra; +91 phone on site,9
204,Renee Cosmetics,https://reneecosmetics.in,hi@reneecosmetics.in,+9118001038909,https://www.instagram.com/reneeofficial,https://www.facebook.com/ReneeCosmetics,https://twitter.com/renee_cosmetics,,https://www.youtube.com/@reneecosmeticsofficial,Beauty & Personal Care,"RENEE Cosmetics is an Indian makeup brand that's redefining beauty with its range of high quality, cruelty-free and FDA-approved innovative products.",meta_json,https://cdn.shopify.com/s/files/1/0597/9422/7350/files/fav-logo.png?v=1705571603,Gujarat,Ahmedabad,,meta.json country=IN; currency=INR; state=Gujarat; .in domain; +91 phone on site,9
205,Supertails,https://supertails.com,support@supertails.com; harshlovespets@supertails.com,+919187711456; +9118005723575,https://www.instagram.com/supertails.official,https://www.facebook.com/supertails.official,https://twitter.com/supertails_ind,https://www.linkedin.com/company/supertails,https://www.youtube.com/@supertails_,Pet Supplies,Best pet store in India with top brands of pet supplies. Buy all pet essentials like cat and dog products. ✓Best prices ✓Fast delivery ✓Easy Returns.,meta_json,https://supertails.com/cdn/shop/files/supertails-logo-for-dark-theme_200x_2x_59a36949-1934-4494-b180-9ff4bcb2cb35_200x.webp?v=1659207740,Karnataka,Bangalore,,meta.json country=IN; currency=INR; state=Karnataka; +91 phone on site,9
206,Traya,https://traya.health,customercare@traya.health; zahra@traya.health,+918828006272,https://www.instagram.com/traya.health,https://www.facebook.com/traya.health,https://twitter.com/TrayaHealth,https://www.linkedin.com/company/trayahealth,https://www.youtube.com/@TrayaHealth,Health & Wellness,"Traya combines dermatology, Ayurveda, and nutrition to build customised hair loss plans that target the root cause delivering assured results.",meta_json,https://cdn.shopify.com/s/files/1/0100/1622/7394/files/whatsapp-logo_75x.png,Maharashtra,Mumbai,,meta.json country=IN; currency=INR; state=Maharashtra; +91 phone on site,9
207,Ayushakti India,https://ayushakti.com,info@ayushakti.com,+9118002663001,https://www.instagram.com/ayushakti,https://www.facebook.com/Ayushakti,https://x.com/ayushakti_ind,,https://www.youtube.com/@AyushaktiAyurveda,Health & Wellness,"With over 37 years of experience, we offer proven herbal remedies for chronic diseases and transformative education to restore your health and vitality",meta_json,https://www.ayushakti.com/cdn/shop/files/logo_1_1_2.webp?v=1745560269&width=500,Maharashtra,Mumbai,,meta.json country=IN; currency=INR; state=Maharashtra; +91 phone on site,9
208,LajreeDesigner,https://lajreedesigner.com,support@lajreedesigner.com,+918780307216,https://www.instagram.com/lajreedesigner,https://www.facebook.com/LajreeDesigners,https://x.com/lajreedesigner,,https://www.youtube.com/@Lajree-designer,Apparel & Fashion,"Shop premium designer sarees online at Lajree Designer®. Explore Banarasi, Kanjivaram, silk, and festive sarees crafted by skilled weaving communities. Free Shipping & COD Available.",meta_json,https://lajreedesigner.com/cdn/shop/files/LajreeDesigner-Logo_00158269-45c5-4e6e-b6a1-92b9f336f0d8.png?v=1710502396&width=1588,Gujarat,surat,,meta.json country=IN; currency=INR; state=Gujarat; +91 phone on site,9
209,P.C. Chandra Jewellers,https://pcchandraindia.com,customercare@pcchandraindia.com,+918010700400; +916293759760,https://www.instagram.com/p.c.chandrajewellers,https://www.facebook.com/pcchandrajewellersindia,https://twitter.com/PCChandraJwelrs,,https://www.youtube.com/user/pcchandrajewellers,Jewellery & Accessories,"Shop certified gold, diamond & silver jewellery online at P.C. Chandra. Explore rings, necklaces, bangles, bridal and daily wear collections",meta_json,https://pcchandraindia.com/cdn/shop/files/91_px_38_px_PC_CHANDRA.png?v=1726809911&width=455,West Bengal,Kolkata ,,meta.json country=IN; currency=INR; state=West Bengal; +91 phone on site,9
210,PRAO FASHION JEWELLERY,https://prao.com,help@prao.com; customer.grievances@prao.com,+918130777605,https://www.instagram.com/praojewellery,https://www.facebook.com/PRAOjewellery,https://twitter.com/praojewellery,,https://youtube.com/@praojewellery,Jewellery & Accessories,"PRAO is the World’s finest collection of fashion jewellery that caters to every style. Whether you crave timeless elegance or trendy exuberance, we have something to make you dazzle!",meta_json,https://prao.com/cdn/shop/files/Final_PRAO_Logo_Black.png?v=1714561452&width=1616,Delhi,North Delhi,,meta.json country=IN; currency=INR; state=Delhi; +91 phone on site,9
211,Style Jaipur,https://stylejaipur.com,order@stylejaipur.com,+916377956762,https://www.instagram.com/stylejaipurclothing,https://www.facebook.com/stylejaipur,,https://www.linkedin.com/company/stylejaipur,https://www.youtube.com/@stylejaipurclothing,Apparel & Fashion,"Jaipur Kurti, Kurta Set, Plazo, Dupatta Set, Gown, Kaftan, Co-ords Set, Anarkali Dress, Designer Kurti etc. Best price ever. Quality assured. Cash on Delivery. Free Shipping.",meta_json,https://stylejaipur.com/cdn/shop/files/WhatsApp_Image_2025-07-24_at_5.07.37_PM.jpg?v=1753417623&width=500,Rajasthan,Jaipur,,meta.json country=IN; currency=INR; state=Rajasthan; +91 phone on site,9
212,thelotusfab,https://thelotusfab.in,support@thelotusfab.in; grievance@thelotusfab.in,+919023419934,https://www.instagram.com/thelotusfabhub,https://www.facebook.com/thelotusfab1,https://x.com/thelotusfab,,https://www.youtube.com/@lotusfab,Apparel & Fashion,"Discover stylish ready to wear, silk, cotton, printed & designer sarees at Lotusfab. Premium Indian sarees crafted for comfort, elegance & modern fashion",meta_json,https://thelotusfab.in/cdn/shop/files/Lotusfab.webp?v=1785563790&width=330,Gujarat,Surat,,meta.json country=IN; currency=INR; state=Gujarat; .in domain; +91 phone on site,9
213,"Moxie Beauty - Clean, high performing products for Indian hair types",https://moxiebeauty.in,support@moxiebeauty.in; upport@moxiebeauty.in,+919971193530,https://instagram.com/moxiebeautyofficial,https://www.facebook.com/moxiebeautyofficial,,https://www.linkedin.com/company/moxie-beauty,https://youtube.com/@moxiebeautyofficial,Beauty & Personal Care,"Moxie Beauty offers the best hair care products. From shampoos to styling gels, find everything you need for perfect hair. Buy online now!",meta_json,https://moxiebeauty.in/cdn/shop/files/MOXIE_lOGO.svg?v=1692615362&width=500,Delhi,New Delhi,,meta.json country=IN; currency=INR; state=Delhi; .in domain; +91 phone on site,9
214,Doctor's Choice,https://thedrchoice.com,care@thedrchoice.com,+919266309704; +917669338599,https://www.instagram.com/thedrchoice,https://facebook.com/thedrchoice320,,https://in.linkedin.com/company/doctor-s-choice-dc,https://www.youtube.com/c/DoctorsChoiceChoiceofAthletes,Food & Beverages,"Who does not love eating tasty food with good nutrition? But do we always get it? Not really. That’s what we wanted to fix. Hi, we’re Nupur & Ankit, and we took your everyday favourites and turned them to be high in protein, easy to cook, and genuinely tasty.",about_meta_description,https://thedrchoice.com/cdn/shop/files/New_Project_1.png?v=1776104139&width=900,Haryana,Gurugram,,meta.json country=IN; currency=INR; state=Haryana; +91 phone on site,9
215,Argos Watches,https://argoswatch.in,support@argoswatch.in,+918490001436; +919228172045,https://www.instagram.com/argoswatch,https://www.facebook.com/argoswatch,https://twitter.com/ArgosWatches,,https://www.youtube.com/@argoswatch,Jewellery & Accessories,"Shop Argos automatic watches for men and women. Mechanical watches designed in India with Japanese Miyota movement, sapphire crystal, and lifetime warranty.",meta_json,https://www.argoswatch.in/cdn/shop/files/argos_logo.svg?v=1728924719&width=138,Gujarat,Surat,,meta.json country=IN; currency=INR; state=Gujarat; .in domain; +91 phone on site,9
216,Peachmode,https://peachmode.com,contact@peachmode.com; returns@peachmode.com; marketing@peachmode.com,+912262760606; +918097280606,https://instagram.com/peachmodeinsta,https://www.facebook.com/peachmode1,https://www.twitter.com/peachmode1,,https://www.youtube.com/c/Peachmode,Apparel & Fashion,"Peachmode is your one stop online shopping destination for designer ethnic wear. Browse through our handpicked designs of sarees, anarkalis, lehengas, kurtis, etc at best price.",meta_json,https://peachmode.com/cdn/shop/files/Peachmode_Logo_d591d907-a905-4b79-b2c2-d8afb40f5c71_500x.png?v=1667046457,Maharashtra,Mumbai Suburban,,meta.json country=IN; currency=INR; state=Maharashtra; +91 phone on site,9
217,Crossword.in ,https://crossword.in,estore@crossword.in,+918530206759,https://www.instagram.com/crosswordbookstores,https://www.facebook.com/Crosswordbookstores,https://x.com/crossword_book,https://www.linkedin.com/company/crosswordbookstores,,Books & Stationery,"Buy books online in India at Crossword.in – the best online bookstore for fiction, non-fiction, self-help books, children’s story books & bestsellers. Explore novels, biographies, stationery, gift cards & books for all ages with great deals and fast delivery across India.",meta_json,https://cdn.shopify.com/s/files/1/0975/6010/1045/files/logo.svg?v=1759153212,Maharashtra,Pune,,meta.json country=IN; currency=INR; state=Maharashtra; .in domain; +91 phone on site,9
218,AS-IT-IS Nutrition,https://asitisnutrition.com,orders@asitisnutrition.com; info@asitisnutrition.com,+918071176077; +917829108777; +919741933033,https://www.instagram.com/asitisnutrition,https://www.facebook.com/asitisnutrition,https://x.com/asitisnutrition,,https://www.youtube.com/@ASITISNUTRITION,Health & Wellness,"Buy premium whey protein isolate, BCAAs & peanut butter at AS-IT-IS Nutrition. Science-backed nutrition for serious athletes. Shop online in India.",meta_json,https://asitisnutrition.com/cdn/shop/files/AS-IT-IS_White_Text_Logo_Without_BG.png?v=1779092943,Karnataka,Bangalore,,meta.json country=IN; currency=INR; state=Karnataka; +91 phone on site,9
219,Jack and Jones India,https://jackjones.in,help@jackjones.in,+9118002660005,https://www.instagram.com/jackjonesindia,https://www.facebook.com/JackJonesIndia,https://twitter.com/JackJonesIndia,,https://www.youtube.com/@JackJonesIndia,Apparel & Fashion,"Buy Men's clothing, such as T-shirts, Jeans, Trousers, Blazers, Jackets, Pants, Shirts, Shoes, Sneakers, Innerwear, Shorts, and accessories, Online at JACK&JONES.",meta_json,https://www.jackjones.in/cdn/shop/files/JJ.png,Maharashtra,Mumbai,,meta.json country=IN; currency=INR; state=Maharashtra; .in domain; +91 phone on site,9
220,Unniyarcha ,https://unniyarcha.com,care@unniyarcha.com,+918527218333; +918071188884; +917483725981,https://www.instagram.com/unniyarchajewelry,https://www.facebook.com/UnniyarchaJewelry,https://twitter.com/unniyarchajewel,,https://www.youtube.com/@UnniyarchaSilverJewellery,Jewellery & Accessories,"Celebrate tradition with thoughtfully crafted 925 silver jewellery. Explore Unniyarcha's collection of timeless designs for everyday wear, gifting, and special occasions.",meta_json,https://unniyarcha.com/cdn/shop/files/Logo_Black_copy.png?v=1766982053&width=400,Haryana,Gurgaon,,meta.json country=IN; currency=INR; state=Haryana; +91 phone on site,9
221,Go Colors India,https://gocolors.com,customercare@gocolors.com,+9118001239953; +917305959422; +919566883407,https://www.instagram.com/gocolors,https://www.facebook.com/GoColorsOfficial,,https://www.linkedin.com/company/gocolors,https://www.youtube.com/channel/UCBoCRIMYgPErDLj5PAduCNw,Apparel & Fashion (Women),"Discover Go Colors – India’s leading brand for women’s bottom wear. Shop leggings, palazzos, pants & more in vibrant colors, sizes & styles for every occasion.",meta_json,https://gocolors.com/cdn/shop/files/logo_8e9d7325-46c8-416f-9380-c4e7a8d40fee.svg?v=1737369902&width=500,Tamil Nadu,Chennai,,meta.json country=IN; currency=INR; state=Tamil Nadu; +91 phone on site,9
222,Veromoda-India,https://veromoda.in,help@veromoda.in,+9118002660005; +9118002660006,https://www.instagram.com/veromodaindia,https://www.facebook.com/VeroModaIndia,https://twitter.com/veromodaindia,,https://www.youtube.com/user/VeroModaInd,Apparel & Fashion,"Online Shopping for Womens: Buy Tops, Dresses, Jumpsuits, Jeans, Shorts, Skirts & Jackets Online in India from a wide range of collections available at VEROMODA.",meta_json,https://www.veromoda.in/cdn/shop/files/Veromoda_Logo_Black_1.png,Maharashtra,Mumbai,,meta.json country=IN; currency=INR; state=Maharashtra; .in domain; +91 phone on site,9
223,The Bear House,https://thebearhouse.com,support@thebearhouse.com,+918884477728; +918448081017; +918068365518,https://www.instagram.com/bearhouseindia,https://www.facebook.com/thebearhouseindia,https://x.com/bearhouseindia,https://www.linkedin.com/company/the-bear-house,,Apparel & Fashion,Looking for stylish and affordable men's clothing? Look no further than The Bear House. Shop our online collection and elevate your wardrobe today.,meta_json,https://thebearhouse.com/cdn/shop/files/logo-tbh.svg,Karnataka,Bengaluru,,meta.json country=IN; currency=INR; state=Karnataka; +91 phone on site,9
224,bullionknot,https://bullionknot.com,support@bullionknot.com; bullionnknot@gmail.com,+917859983869; +918347762123; +919328721162,https://www.instagram.com/bullion_knot,https://www.facebook.com/bullionknotindia,,https://in.linkedin.com/company/bullion-knot,https://www.youtube.com/channel/UC7AgeRp-x70nRpFA1TrNK0Q,Apparel & Fashion,Find exquisite ethnic dresses for women this wedding season at BullionKnot. Surprise your partner with a designer ethnic gown.,meta_json,https://cdn.shopify.com/s/files/1/0630/4628/7536/files/1771530116664-images.png?v=1771530118,Gujarat,surat,,meta.json country=IN; currency=INR; state=Gujarat; +91 phone on site,9
225,Limelight Diamonds,https://limelightdiamonds.com,contact@limelightdiamonds.com; recruit@limelightdiamonds.com,+919136313988; +918169469023; +917208827674,https://www.instagram.com/limelightdiamonds,https://www.facebook.com/limelightdiamonds,https://x.com/LimelightMumbai,https://www.linkedin.com/company/limelight-lab-grown-diamonds/posts,https://www.youtube.com/channel/UCKdHrjFW5V9iyMfdbe8ucYw,Jewellery & Accessories,Lab grown diamond jewellery from Limelight Diamonds redefines luxury. Shop our exquisite CVD diamond jewellery collection and find your perfect diamond piece.,meta_json,https://limelightdiamonds.com/cdn/shop/files/Image-21.png?v=1753952693&width=200,Maharashtra,Mumbai,,meta.json country=IN; currency=INR; state=Maharashtra; +91 phone on site,9
226,Suroskie,https://suroskie.com,customercare@suroskie.com; prsuroski@gmail.com; info@suroskie.com,+919711148187; +918527584372; +918882459950,https://www.instagram.com/suroskiebeauty,https://www.facebook.com/suroskiebeauty,,,,Beauty & Personal Care,"Buy Korean skincare products online in India from Suroskie. Shop our extensive range of premium cleansers, serums, moisturizers, and more.",meta_json,https://suroskie.com/cdn/shop/files/logo_1_ff71a06e-489a-41c2-95fa-371649cd792c.png?v=1726130651&width=500,Uttar Pradesh,Ghaziabad,09AIUPB2645Q2ZI,meta.json country=IN; currency=INR; state=Uttar Pradesh; GSTIN on site; +91 phone on site; Indian PIN code on site,9
227,Ambrane India,https://ambraneindia.com,care@ambraneindia.com; order@ambraneindia.com,+911169951111,https://www.instagram.com/ambraneindia,https://www.facebook.com/AmbraneIndia,https://x.com/AmbraneIndia,https://www.linkedin.com/company/ambrane-india,https://www.youtube.com/@ambrane,Electronics & Gadgets,"Ambrane India - Shop Power banks, Cables, Chargers, Vacuum Cleaners, True Wireless Earphones, Bluetooth Earphones, Speakers, Trimmers, Grooming Kit, Hair Dryers & Other Mobile Accessories",meta_json,https://ambraneindia.com/cdn/shop/files/Primary_logo_orange.svg?v=1731334099&width=270,Haryana,Sonipat,,meta.json country=IN; currency=INR; state=Haryana; +91 phone on site,9
228,Bla Bli Blu,https://blabliblulife.com,support@blabliblulife.com,+919220508119,https://www.instagram.com/blabliblu.official,https://www.facebook.com/blabliblu.official,https://x.com/blablibluHQ,https://www.linkedin.com/company/blablibluofficial,https://www.youtube.com/@BLABLIBLU.OFFICIAL,Beauty & Personal Care,Discover premium long-lasting perfumes & body washes with 25% oil concentration. Shop Bla Bli Blu fragrances. Free delivery across India.,meta_json,https://blabliblulife.com/cdn/shop/files/TOP_LOGO.png,Haryana,Gurugram,,meta.json country=IN; currency=INR; state=Haryana; +91 phone on site,9
229,Alberto Torresi,https://albertotorresi.com,customercare@albertotorresi.com,+917088401110; +917490049250; +916350046750,https://www.instagram.com/albertotorresi,https://www.facebook.com/AlbertoTorresiShoes,https://twitter.com/AlbertoTorresiS,,https://www.youtube.com/user/albertotorresishoes,Footwear,"Buy Men & Women Casual Shoes, Formal Shoes, Boots, Sandals, Slippers, Derby, Brogues, Sneakers, Slip Ons, Flyknit, Espadrilles Online At Best Prices in India.",meta_json,https://www.albertotorresi.com/cdn/shop/files/logoat_600x_740aa664-607e-4c37-b96b-4bf4face6228.png?v=1613736164&width=226,Uttar Pradesh,Agra,,meta.json country=IN; currency=INR; state=Uttar Pradesh; +91 phone on site,9
230,Clarks India,https://clarks.in,customercare@clarks.in; customercare@metrobrands.com; dpo@metrobrands.com; grievance.officer@metrobrands.com,+919653306311,https://www.instagram.com/clarks_india,https://www.facebook.com/profile.php?id=61579308161672,https://x.com/clarksshoes,,https://www.youtube.com/user/clarksshoes,Footwear,"Shop from Clarks India for authentic shoes and footwear crafted with British heritage. Discover stylish pairs for men and women with comfort, quality, and timeless design.",meta_json,https://clarks.in/cdn/shop/files/Clarks_Logo.jpg?v=1754465753&width=120,Maharashtra,Mumbai,,meta.json country=IN; currency=INR; state=Maharashtra; .in domain; +91 phone on site,9
231,EUME,https://eumeworld.com,customercare@eumeworld.com,+919321366003; +918355915209; +918169471379,https://www.instagram.com/eumeworld,https://www.facebook.com/eumeworld,https://twitter.com/eumeworld_,,https://www.youtube.com/channel/UCrlu294g_k6vFDVNh4oYuYA,Bags & Luggage,"Welcome to EUME! Explore innovative, stylish travel bag designed for everyday commuters and jetsetters. Experience comfort, and sustainability today!",meta_json,https://eumeworld.com/cdn/shop/files/EUME_BLACK.png?height=120&v=1768216337,Maharashtra,Mumbai,,meta.json country=IN; currency=INR; state=Maharashtra; +91 phone on site,9
232,fitflop,https://fitflop.in,support@fitflop.in; customercare@clarks.in; customercare@metrobrands.com; dpo@metrobrands.com,+918591787676,https://www.instagram.com/fitflop.in,https://www.facebook.com/profile.php?id=100071097703354,https://x.com/FitFlopOfficial,,https://www.youtube.com/user/FitFlopFootwear,Footwear,Choose Fitflop to buy shoes online in India that complement your body structure and natural movement. Discover the best online footwear collection here and upgrade your style!,meta_json,https://www.fitflop.in/cdn/shop/files/image.jpg?v=1763978979,Maharashtra,Mumbai,,meta.json country=IN; currency=INR; state=Maharashtra; .in domain; +91 phone on site,9
233,Ikoho,https://ikoho.in,hello@ikoho.in; collabs@ikoho.in,+918077764592,https://www.instagram.com/ik0h0,,https://x.com/ikohoes,https://www.linkedin.com/company/ikoho/posts,https://www.youtube.com/@ikoho_in,Footwear,"Discover trendy derby sneakers, aesthetic boots, and eco-friendly Derby shoes online at IKOHO. Explore our collection of aesthetic and chunky footwear .Buy comfortable waterproof Boots online at IKOHO",meta_json,https://ikoho.in/cdn/shop/files/IKOHO-LOGO.svg?v=1753259890&width=115,Uttar Pradesh,Noida,,meta.json country=IN; currency=INR; state=Uttar Pradesh; .in domain; +91 phone on site,9
234,Ivana Jewels,https://ivanajewels.com,info@ivanajewels.com,+916354914240,https://www.instagram.com/ivanabyjindal,https://www.facebook.com/ivanabyjindal,,https://www.linkedin.com/company/ivana-jewels-by-jindal,https://www.youtube.com/@ivanabyjindal,Jewellery & Accessories,"Shop lab grown diamond jewellery online at Ivana Jewels. Explore certified lab grown diamonds in hallmarked gold across rings, earrings, bracelets and necklaces.",meta_json,https://ivanajewels.com/cdn/shop/files/Ivana_Logo_horizontal.png?v=1745527979,Gujarat,Surat,,meta.json country=IN; currency=INR; state=Gujarat; +91 phone on site,9
235,KAZO,https://kazo.com,customercare@kazo.com,+911204200222,https://www.instagram.com/kazowoman,https://www.facebook.com/kazowoman,,https://in.linkedin.com/company/kazobrands,https://www.youtube.com/@KAZOWoman,Bags & Luggage,"Shop best women western dresses, jumpsuits, party wear tops and bottoms, jewellery, perfumes and the latest trendy girl’s fashion online at KAZO. Order now!",meta_json,https://kazo.com/cdn/shop/files/Kazo_transparent_black_2_5a230c88-22d4-439b-921a-ca7a0803efeb.webp?v=1717583489,Uttar Pradesh,Noida,,meta.json country=IN; currency=INR; state=Uttar Pradesh; +91 phone on site,9
236,KoraNM,https://koranm.com,customercare@koranm.com,+918879777222,https://www.instagram.com/korabynm,https://www.facebook.com/korabynmofficial,,https://www.linkedin.com/company/korabynm,https://www.youtube.com/@korabynm,Apparel & Fashion (Men),"Shop premium men's traditional wear including kurta sets, Indo Western outfits, sherwanis and Jodhpuri suits for weddings and festive occasions.",meta_json,https://koranm.com/cdn/shop/files/Kora-logo.png?v=1779359967&width=2610,Maharashtra,Mumbai,,meta.json country=IN; currency=INR; state=Maharashtra; +91 phone on site,9
237,KYMEE,https://kymee.in,care@kymee.in,+919558608708; +916290660821; +911785473283,https://www.instagram.com/kymee.in,https://www.facebook.com/people/Kymee/61555545393437,,https://www.linkedin.com/company/kymee-jewellery,https://www.youtube.com/@KymeeJewellery,Jewellery & Accessories,"Shop modern, minimal jewellery for women, from rings to bracelets. Handcrafted with affordable 18K Gold Vermeil (18K Gold on 925 Sterling Silver). Premium designs are unique for any occasion and outfit.",meta_json,https://cdn.shopify.com/s/files/1/0857/2085/8938/files/Layer_2.png?v=1709701658,Gujarat,Surat,,meta.json country=IN; currency=INR; state=Gujarat; .in domain; +91 phone on site,9
238,Lost my buds,https://lostmybuds.com,lostmybudscustomersupport@gmail.com; gzbdeals.budsparts@gmail.com; supportlostmybuds@gmail.com,+918860026120; +919990668038; +919990609948,https://www.instagram.com/lostmybuds,https://m.facebook.com/61583735705339,,,https://www.youtube.com/@Lostmybuds,Electronics & Gadgets,"Shop original-quality earbuds replacement parts at LostMyBuds. Buy single buds, charging cases, and ear tips for OnePlus, Realme, Boat, JBL & more. Fast shipping & COD available.",meta_json,https://lostmybuds.com/cdn/shop/files/20260109_141242.png?v=1767948218&width=400,Uttar Pradesh,Ghaziabad,09CEYPV0019Q2ZD,meta.json country=IN; currency=INR; state=Uttar Pradesh; GSTIN on site; +91 phone on site,9
239,PSR Silks,https://psrsilks.com,customercare@psrsilks.in,+917540005884,https://www.instagram.com/psr_silks,https://www.facebook.com/PSR_Silks,https://twitter.com/PSR_Silks,,https://www.youtube.com/channel/UCoXDnS6tfPbsOMcTGPuC2YQ,Apparel & Fashion,PSR Silks is a unique & traditional women's clothing store for all occasions. A place to purchase all your Indian aesthetic fashion & style.,meta_json,https://www.psrsilks.com/cdn/shop/files/PSR_logo-removebg-preview_263fde24-67a4-47b1-873e-6374dcb5ada7.png?v=1709183162&width=300,Tamil Nadu,Coimbatore,,meta.json country=IN; currency=INR; state=Tamil Nadu; +91 phone on site,9
240,Strokes by Namrata Mehta,https://thestrokesgallery.com,info@thestrokesgallery.com,+918454036950,https://www.instagram.com/the_strokes_gallery,https://www.facebook.com/thestrokesgallery,https://twitter.com/strokes_namrata,,https://www.youtube.com/channel/UCvPkIIG6XRIHkXBFYAyYgFw,Bags & Luggage,Vegan leather handbags designed and handcrafted in India.,meta_json,https://www.thestrokesgallery.com/cdn/shop/files/new_logo_without_NM.jpg?v=1757852297&width=332,Maharashtra,Pune,,meta.json country=IN; currency=INR; state=Maharashtra; +91 phone on site,9
241,uppercase,https://uppercase.co.in,customercare@uppercase.co.in,+918691800800,https://www.instagram.com/uppercase_ecobags,https://www.facebook.com/uppercase.ecobags,https://x.com/myuppercase,https://www.linkedin.com/company/acefour-accessories-pvt-ltd,,Bags & Luggage,"Explore our various collection of eco-friendly bags, travel trolley bags, office bags, stylish college bags, womens duffle bag for your needs at uppercase.",meta_json,https://uppercase.co.in/cdn/shop/files/uc_web_logo.svg?v=1754307760&width=537,Maharashtra,Mumbai,,meta.json country=IN; currency=INR; state=Maharashtra; .in domain; +91 phone on site,9
242,Frenchcuff.in,https://frenchcuff.in,info@frenchcuff.in,+917078002926,https://www.instagram.com/frenchcuffofficial,https://www.facebook.com/people/French-Cuff-Official/61581241809267,,,,Apparel & Fashion (Men),"FrenchCuff newly launched linen collection – breathable, lightweight men’s shirts perfect for summer. Shop premium styles online in India.",meta_json,https://frenchcuff.in/cdn/shop/files/2_b3e77663-9216-4d3c-bb0b-c76eb7d74ca3.png?v=1756974482&width=500,Uttar Pradesh,Muradnagar,09ABGFB2484G1ZD,meta.json country=IN; currency=INR; state=Uttar Pradesh; .in domain; GSTIN on site; +91 phone on site,9
243,PinkJelly | India’s First Two Times Gold Plated Jewellery,https://pinkjelly.in,pinkjelly.india@gmail.com; ornazajewels@gmail.com,+919274563700; +919998081083,https://www.instagram.com/pinkjelly.india,https://www.facebook.com/people/Ornazajewelscom/61580300608901,https://x.com/Ornazajewels,,,Jewellery & Accessories,PinkJelly | India’s First Two Times Gold Plated Jewellery,og_description,https://pinkjelly.in/cdn/shop/files/loog.png?v=1786291270&width=4016,Gujarat,Surat,24CITPJ1183N1ZP,meta.json country=IN; currency=INR; state=Gujarat; .in domain; GSTIN on site; +91 phone on site,9
244,PRDGY,https://prdgy.in,support@prdgy.in,+918910040181,https://www.instagram.com/prdgy.in,https://www.facebook.com/prdgy.in,https://twitter.com/prdgyin,,https://www.youtube.com/@prdgyin,Apparel & Fashion,PRDGY® is a Made in India oversized streetwear brand for those prodigy minds. ✓ Free Shipping ✓ Best Offers,meta_json,https://www.prdgy.in/cdn/shop/files/PRDGY.png?v=1695890071&width=1100,Chhattisgarh,Raipur,,meta.json country=IN; currency=INR; state=Chhattisgarh; .in domain; +91 phone on site; Indian PIN code on site,9
245,Wondr Diamonds,https://wondrdiamonds.com,sales@wondrdiamonds.com; admin@wondrdiamonds.com; niyathi@wondrdiamonds.com,+916374712556,https://instagram.com/wondrdiamonds,https://www.facebook.com/wondrdiamonds,,https://www.linkedin.com/company/wondr-diamonds,https://www.youtube.com/@wondrdiamonds,Jewellery & Accessories,"Shop premium lab grown diamonds at Wondr Diamonds. Get luxury jewellery at unbeatable prices — sustainable, certified and crafted for every occasion.",meta_json,https://www.wondrdiamonds.com/cdn/shop/files/W-D-Logo-v05.png?v=1772439428,Tamil Nadu,Coimbatore,,meta.json country=IN; currency=INR; state=Tamil Nadu; +91 phone on site,9
246,Heritage India Official,https://heritageofficial.com,care@heritageofficial.com; care@heritagestore.in,+919026643476,https://www.instagram.com/heritage_india,https://www.facebook.com/heritageindia.official,,https://www.linkedin.com/company/heritage-india-official,https://www.youtube.com/@heritage.official,Apparel & Fashion (Men),"Shop HERITAGE's fusion of tradition and modern style in our handcrafted Indian ethnic wear. Explore designer suit sets, co-ords & kurta collections online.",meta_json,https://www.heritageofficial.com/cdn/shop/files/Screenshot_2022-04-09_at_1.56.18_AM-removebg-preview.png?v=1649449627&width=697,Uttar Pradesh,Prayagraj,,meta.json country=IN; currency=INR; state=Uttar Pradesh; +91 phone on site,9
247,Nangaliaruchira,https://nangaliaruchira.com,care@nangaliaruchira.com,+917726960701,https://www.instagram.com/nangaliaruchira,https://www.facebook.com/nangaliraruchira,,https://www.linkedin.com/in/ruchira-nangalia-b363665b,http://www.youtube.com/@NANGALIARUCHIRAXS-6XL,Apparel & Fashion,"Nangalia Ruchira: India’s top plus-size clothing online store. Explore stylish, comfortable & 100% cotton dresses, tops & bottoms in western and ethnic wear. Shop now!",meta_json,https://www.nangaliaruchira.com/cdn/shop/files/NR-logo.png?v=1764304389&width=962,Rajasthan,Jaipur,,meta.json country=IN; currency=INR; state=Rajasthan; +91 phone on site,9
248,Neurogum India,https://neurogumindia.com,hello@neurogumindia.com,+918655350764,https://www.instagram.com/neurogumindia,https://facebook.com/neurogumindia,https://x.com/neurogumindia,,https://youtube.com/@neurogumindia,Food & Beverages,"Boost focus and energy with NeuroGum India. Try clean, fast-acting energy gum made with caffeine, L-theanine, and vitamins for daily performance.",meta_json,https://neurogumindia.com/cdn/shop/files/website_logo_1.png?v=1789541376&width=800,Haryana,Gurugram,,meta.json country=IN; currency=INR; state=Haryana; +91 phone on site,9
249,Nutristar,https://nutristar.in,support@nutristar.in,+911141236777; +919899179320,https://www.instagram.com/nutristar,https://m.facebook.com/nutristarindia,,https://www.linkedin.com/company/nutristar,https://www.youtube.com/channel/UCFLy5WFkFsBiNc8uL8WVAqQ,Health & Wellness,"Shop health supplements online at Nutristar.in, your reliable health supplement store online. Explore a wide range of premium vitamins, minerals, and nutritional products to support your health and wellness goals.",meta_json,https://nutristar.in/cdn/shop/files/NUTRISTAR_APP_LOGO-01.svg?v=1789126001&width=210,Delhi,Delhi,,meta.json country=IN; currency=INR; state=Delhi; .in domain; +91 phone on site,9
250,ottostore.com,https://ottostore.com,hello@ottostore.com,+914449683333,https://www.instagram.com/ottoclothingofficial,https://www.facebook.com/ottoindia,,https://www.linkedin.com/company/otto-clothing/mycompany,https://www.youtube.com/channel/UClAtLtUVk_uPr-4iCXPJOyA,Apparel & Fashion,"Explore Otto clothing for men. Shop stylish shirts, polo t-shirts, formal trousers, cotton pants & innerwear online.",meta_json,https://www.ottostore.com/cdn/shop/files/512x512_Shield_logo_png_38d09d40-87dd-4255-bae1-a06557be76cb_1.png?v=1766214913,Tamil Nadu,Chennai,,meta.json country=IN; currency=INR; state=Tamil Nadu; +91 phone on site,9
251,PairieTales,https://pairietales.com,hello@pairietales.com; collab@pairietales.com; grievanceofficer@bally.in; grievanceofficer@pairietales.com,+911141168333; +919625705694,https://www.instagram.com/pairietales,https://www.facebook.com/people/Pair-ie-Tales/61575553053477,https://x.com/pairietales,https://www.linkedin.com/company/pair-ie-tales/people,,Footwear,"Discover stylish women's footwear including heels, flats, sandals and pumps. Shop Pair-ie Tales for premium quality, comfort and everyday elegance.",meta_json,https://www.pairietales.com/cdn/shop/files/logo.svg?v=1743607504&width=180,Haryana,Gurugram,,meta.json country=IN; currency=INR; state=Haryana; +91 phone on site,9
252,Tresmode,https://tresmode.com,customercare@tresmode.com,+918069181000,https://www.instagram.com/tresmode,https://www.facebook.com/TresmodeIndia,https://twitter.com/tresmode,,https://www.youtube.com/channel/UCttzBs0fjAwSvJWoyBSURaQ,Footwear,"Premium footwear for men and women only at Tresmode. Find the perfect pair of sneakers, sandals, flats and more at our online or retail stores, across India.",meta_json,https://www.tresmode.com/cdn/shop/files/Tresmode_Logo_140x_be971cec-c249-4f88-8846-e06a8a584046_140x.png?v=1693308843,Maharashtra,Mumbai,,meta.json country=IN; currency=INR; state=Maharashtra; +91 phone on site,9
253,Amama,https://amama.in,contact@amama.in,+918287187386,https://www.instagram.com/amamajewels,https://www.facebook.com/amamaloves,,https://www.linkedin.com/company/amama-jewellery,https://www.youtube.com/@amama_jewels,Jewellery & Accessories,Shop handcrafted jewellery at best prices online at Amama. Check out our selection of 6000+ handcrafted jewellery for women and men. From daily wear to festive wear find jewellery for every occasion.,meta_json,https://www.amama.in/cdn/shop/files/Group_1.png?v=1776098945&width=177,Uttar Pradesh,Noida,,meta.json country=IN; currency=INR; state=Uttar Pradesh; .in domain; +91 phone on site,9
254,Assembly,https://assemblytravel.com,contactus@assemblytravel.com,+918588840181; +918588840368; +918588840335,https://www.instagram.com/assembly.travel,https://www.facebook.com/AssemblyLuggage,,https://www.linkedin.com/company/assemblyluggage,https://www.youtube.com/@assembly9294,Bags & Luggage,"Shop premium luggage, trolley bags, suitcases & backpacks at Assembly. 3-year warranty, 30-day returns & free shipping. Elevate your travel today.",meta_json,https://assemblytravel.com/cdn/shop/files/logo-2.png?v=1708682708&width=628,Haryana,Gurgaon,,meta.json country=IN; currency=INR; state=Haryana; +91 phone on site,9
255,BoxUp Luxury Gifting,https://boxupgifting.com,kushal@boxupgifting.com; abcd@gmail.com; info@boxupgifting.com,+919663993971; +918047488446,https://www.instagram.com/boxup_luxury_gifting,https://www.facebook.com/BoxUpLuxuryGifting,,https://www.linkedin.com/company/boxupgifting,https://www.youtube.com/@boxupluxurygifting,Gifts & Hampers,"Shop unique gifts online at BoxUp Luxury Gifting. Discover customized gifts and personalized gift items for birthdays, anniversaries, weddings & every special occasion.",meta_json,https://www.boxupgifting.com/cdn/shop/files/BrandElements_2_2_1.svg?v=1738220253&width=120,Karnataka,Bangalore,,meta.json country=IN; currency=INR; state=Karnataka; +91 phone on site,9
256,Emori,https://emori.in,support@emori.in; emorijewellery@gmail.com,+919311920196; +918826866811; +919667217998,https://www.instagram.com/emori.in,https://www.facebook.com/profile.php?id=100094932525756,,https://www.linkedin.com/company/emorijewelry,https://www.youtube.com/@EmoriJewellery,Jewellery & Accessories,"Lab grown diamonds with high quality you’ll notice the moment you wear it. Choose from rings, earrings, necklaces, bracelets & mangalsutras. All IGI-SGL certified. Enjoy 30-day returns, lifetime exchange, and free shipping.",meta_json,https://emori.in/cdn/shop/files/Make_gifting_Special_26474921-9606-4a86-bdfa-006175d70d7f.png?v=1767505754&width=2999,Haryana,Gurugram,,meta.json country=IN; currency=INR; state=Haryana; .in domain; +91 phone on site,9
257,FYVA,https://fyva.in,help@fyva.in,+912248904150,https://instagram.com/fyva_in,https://www.facebook.com/fyva.in,,https://www.linkedin.com/company/fyvashop,https://www.youtube.com/@FYVA_in,Apparel & Fashion (Men),"FYVA online shopping site for men, women & accessories in India. Shop branded clothing online at great prices with offers, easy returns, COD & fast delivery across India.",meta_json,https://fyva.in/cdn/shop/files/Fyva_Secondary_Logo_1.png?v=1699330508&width=1600,Karnataka,Bengaluru,,meta.json country=IN; currency=INR; state=Karnataka; .in domain; +91 phone on site,9
258,Mohsin Textiles,https://mohsintextiles.com,support@mohsintextiles.com,+919935826596; +918810859381,https://www.instagram.com/mohsin_textile,https://www.facebook.com/mo.mohsintextiles,https://x.com/MohsinTextiles,,https://www.youtube.com/@MohsinTextiles,Apparel & Fashion,"Shop for trendy and stylish Banarasi Suit, Silk Sarees, Bandhani Dupatta, Lahenga, Bridal Gharara, Unstitched Dress Material, Banarasi Fabric, and Pure Khaddi Chiffon Suit online from Varanasi at Mohsin Textiles. Browse our collection now!",meta_json,https://mohsintextiles.com/cdn/shop/files/Site_Logo_Black.png?v=1721418006&width=500,Uttar Pradesh,Varanasi,,meta.json country=IN; currency=INR; state=Uttar Pradesh; +91 phone on site,9
259,Selected-India,https://selectedhomme.in,help@selectedhomme.in,+9118002660003,https://www.instagram.com/selectedindia,https://www.facebook.com/SELECTEDIndia,https://x.com/SelectedIndia,,https://www.youtube.com/@selectedindia8028,Apparel & Fashion (Men),"Explore premium men’s clothing crafted from quality fabrics and modern designs. Elevate your wardrobe with timeless, contemporary style.",meta_json,https://www.selectedhomme.in/cdn/shop/files/MAIN_LOGO.svg?v=1753949140&width=260,Maharashtra,Mumbai,,meta.json country=IN; currency=INR; state=Maharashtra; .in domain; +91 phone on site,9
260,The Good Doll,https://thegooddoll.in,care@thegooddoll.in; suhas@indianyards.in,+918122160020; +917094772101,https://www.instagram.com/the.good.doll,https://www.facebook.com/thegooddoll,,https://www.linkedin.com/company/88962197,https://youtube.com/@thegoodgiftshop,Toys & Games,"Range of fabric dolls that aid an enjoyable play while being kind to the planet. They are good for the child, good for the artisan and good for the planet.",meta_json,https://thegooddoll.in/cdn/shop/files/thegoodgift-logo-yellow_5710f18d-dce1-4c4f-a139-663391f82ed3.png?v=1680004330&width=220,Tamil Nadu,Ooty,,meta.json country=IN; currency=INR; state=Tamil Nadu; .in domain; +91 phone on site,9
261,VOYLLA,https://voylla.com,help@voylla.com; privacy@voylla.com,+917240035551; +917230066750,https://www.instagram.com/voylla,https://www.facebook.com/voylla,https://twitter.com/voyllafashion,,https://www.youtube.com/channel/UChTK7n617vBWm8uVMr50lXA,Jewellery & Accessories,"Shop the latest imitation, artificial & fashion jewellery online at Voylla. Explore earrings, necklaces, bangles & more in stylish designs at best prices.",meta_json,https://cdn.shopify.com/s/files/1/0610/9472/3750/files/Make-in-India-Logo-PNG-HD.png?v=1671526773,Rajasthan,Jaipur,,meta.json country=IN; currency=INR; state=Rajasthan; +91 phone on site,9
262,FAITH AND PATIENCE ,https://faithandpatience.co.in,hello@faithandpatience.co.in,+917852855002; +919983111400,https://www.instagram.com/meeoow_club,https://www.facebook.com/faithandpatience.shop,,https://in.linkedin.com/company/faith-and-patience,https://www.youtube.com/@MeeoowClub,Beauty & Personal Care,"Makeup that breathes, waxing that doesn’t hurt, skincare that heals — Faith & Patience is India’s first beauty house for real Indian skin. Powered by Faith & Patience Beauty, Meeoow Club, and Dr. Fundamental — we create gentle, effective beauty that truly cares.",meta_json,https://cdn.shopify.com/s/files/1/0560/8613/4989/files/New-Logo-Website.jpg,Rajasthan,Jaipur,,meta.json country=IN; currency=INR; state=Rajasthan; .in domain; +91 phone on site,9
263,House Of Beauty India,https://houseofbeautyindia.com,customercare@houseofbeautyindia.com; customercare@houseofbeauty.india,+919810657886; +911244116090; +919994485021,https://www.instagram.com/houseofbeautyindia,https://www.facebook.com/houseofbeautyindia,,https://www.linkedin.com/company/houseofbeautyindia,https://www.youtube.com/channel/UCAFU6ek5Tbz0RoGoAaG6KCQ,Beauty & Personal Care,"Select from wide range of Skincare products (Haircare, Serums & Creams, Bodycare, Face Tools (Face Massager, Derma Rollers, LED Masks, Guasha, Face Roller), Supplement Vitamins, Monthly Group Face Yoga and bookings for Experience Zone, Vasant Vihar, Delhi for holistic journey with us. Get your glow ",meta_json,https://houseofbeautyindia.com/cdn/shop/files/Primary_Logo_-_White.png?v=1727241167&width=1647,Haryana,Gurgaon,,meta.json country=IN; currency=INR; state=Haryana; +91 phone on site,9
264,Nap Chief,https://napchief.com,orders@napchief.com; support@napchief.com,+912048556982,https://www.instagram.com/napchief_official,https://www.facebook.com/NapChief,,https://in.linkedin.com/company/nap-chief,https://www.youtube.com/@napchief8574,Apparel & Fashion,"Most Trusted Online Shop for Kids wear in India. Official Character Clothing for DISNEY, MARVEL, FROZEN, HARRY POTTER, PAW PATROL. Winter Collection is now Live! Buy Hoodies, Fleece Winter Wear, Co-Ord Sets, Nightwear, Shorts Sets, Joggers, Dresses for Boys & Girls. Affordable & Value for money clot",meta_json,https://napchief.com/cdn/shop/files/header_logo-min_100x_2x_1.png?v=1755942619&width=121,Tamil Nadu,Coimbatore,,meta.json country=IN; currency=INR; state=Tamil Nadu; +91 phone on site,9
265,Only-India,https://only.in,help@only.in,+9118002660004; +914214103243; +914214103916,https://www.instagram.com/onlyindia,https://www.facebook.com/ONLYIndia,https://x.com/OnlyIndia,,https://www.youtube.com/@OnlyIndiaOfficial,Apparel & Fashion,"Explore stylish western wear with ONLY India. From jeans and dresses to stylish tops and skirts, we offer a huge online shopping fashion collection for women.",meta_json,https://www.only.in/cdn/shop/files/only_logo.webp,Maharashtra,Mumbai,,meta.json country=IN; currency=INR; state=Maharashtra; .in domain; +91 phone on site,9
266,Pixies.in,https://pixies.in,contact@pixies.in,+919543452444; +919176040360; +919176340360,https://www.instagram.com/pixiesbeautyshop,https://www.facebook.com/pixiesbeautyshop,https://x.com/Pixies_Chennai,,https://www.youtube.com/channel/UCnB-4bUumQJQNqBmYFuXnkA,Beauty & Personal Care,"Explore top beauty, hair & skincare brands on Pixies.in. Enjoy seasonal offers, 100% genuine products & speedy delivery across India.",meta_json,https://pixies.in/cdn/shop/files/Pixies_Logo_854ee792-6c6d-4329-9bfa-89046e3b61a2.png?v=1757268084&width=912,Tamil Nadu,Chennai,,meta.json country=IN; currency=INR; state=Tamil Nadu; .in domain; +91 phone on site,9
267,Sweet Karam Coffee,https://sweetkaramcoffee.in,care@sweetkaramcoffee.in; sathya@sweetkaramcoffee.in,+917358068806,https://www.instagram.com/sweetkaramcoffee_india,https://www.facebook.com/SweetKaramCoffee,,https://www.linkedin.com/company/sweetkaramcoffee,https://www.youtube.com/c/SweetkaramcoffeeIn,Food & Beverages,India's Only Snacking Brand Delivering 100+ Delicacies without Palm Oil or Preservatives or Maida across the Globe. Join the Good Food Revolution! ❤️,meta_json,https://sweetkaramcoffee.in/cdn/shop/files/Logo_changes_6.gif?v=1773838112&width=220,Tamil Nadu,Chennai,,meta.json country=IN; currency=INR; state=Tamil Nadu; .in domain; +91 phone on site,9
268,Vega Helmets,https://vegaauto.com,customercare@vegaauto.com; shraddha@vegaauto.com,+917901014646,https://www.instagram.com/vegahelmets,http://facebook.com/vegahelmetindia,,https://in.linkedin.com/company/vega-auto-accessories-pvt-ltd,https://www.youtube.com/channel/UCpxLU1yk2-y1zrfYl3nGoqg,Automotive,"Founded in 1982 in Belgaum, India, Vega Auto Accessories Limited is the foundation of the Vega Group of Companies and one of India’s most trusted helmet brands.",about_paragraph,https://vegaauto.com/cdn/shop/files/Vega_LOGO-02_1.png?v=1768563231&width=4500,Karnataka,Belagavi,,meta.json country=IN; currency=INR; state=Karnataka; +91 phone on site,9
269,Chidiyaa ,https://chidiyaa.com,hello@chidiyaa.com,+919284457051,https://www.instagram.com/chidiyaaonline,https://www.facebook.com/chidiyaaonline,https://twitter.com/ChidiyaaOnline,,https://www.youtube.com/@chidiyaaonline5318,Apparel & Fashion,"Beautiful handcrafted clothing for Women. Exclusive ajrakh and dabu hand block printed cotton sarees, kurtis, kurta sets, palazzo, pants, dupattas and dress available at Chidiyaa.",meta_json,https://chidiyaa.com/cdn/shopifycloud/storefront/assets/no-image-2048-a2addb12_500x500.gif,Maharashtra,pune,,meta.json country=IN; currency=INR; state=Maharashtra; +91 phone on site,9
270,The Natural Wash,https://thenaturalwash.com,care@thenaturalwash.com; marketing@thenaturalwash.com; offlinesale@thenaturalwash.com,+917878780909; +914450442020,https://www.instagram.com/thenaturalwash,https://www.facebook.com/thenaturalwash,https://twitter.com/thenaturalwash_,,https://www.youtube.com/channel/UCeJu1tMcEf9kc0hhJBdbMCg,Beauty & Personal Care,"TNW - The Natural Wash is an online store for safe skincare, hair, lip & body care products. TNW products comprise of all natural ingredients handpicked directly from the Mother Nature.",meta_json,https://www.thenaturalwash.com/cdn/shop/files/super7-logo-compressed.png?v=1786615489&width=500,Delhi,New Delhi,,meta.json country=IN; currency=INR; state=Delhi; +91 phone on site,9
271,Thomas Scott,https://thomasscott.in,contact@thomasscott.in,+919920736900,https://www.instagram.com/thomasscott.in,https://www.facebook.com/thomasscott.in,,https://in.linkedin.com/company/thomasscott,https://www.youtube.com/@thomasscott_in,Apparel & Fashion (Men),"Discover premium men's apparel at Thomas Scott. Explore our latest collection of shirts, trousers, and more, crafted for the modern man. Shop online for timeless style and unmatched quality.",meta_json,https://thomasscott.in/cdn/shop/files/thomas-logo.svg?v=1775709452,Maharashtra,"Mumbai, Maharashtra, ",,meta.json country=IN; currency=INR; state=Maharashtra; .in domain; +91 phone on site,9
272,Etiquette Apparel,https://etiquetteapparel.com,customercare@etiquetteapparel.com; rupeshjain_19@yahoo.in,+916265147601; +919766097409,https://www.instagram.com/etiquetteapparel,https://www.facebook.com/etiquetteapparel,,,,Apparel & Fashion,"Shop womens wear online at Etiquette Apparel. Discover stylish kurtas, dresses, sets & more, crafted for modern women. Feel confident and stylish every day.",meta_json,https://etiquetteapparel.com/cdn/shop/files/logo_1.png?v=1688995559&width=500,Madhya Pradesh,INDORE,23AAQFR9894M1Z2,meta.json country=IN; currency=INR; state=Madhya Pradesh; GSTIN on site; +91 phone on site,9
273,Killer Jeans,https://killerjeans.com,customersupport@killerjeans.com,+911141194101; +912226814410; +912226814420,https://www.instagram.com/killerjeansofficial,https://www.facebook.com/KillerJeans,https://twitter.com/killer_jeans,,https://www.youtube.com/@killerjeansofficial,Apparel & Fashion (Men),"Killer is a menswear brand offering a wide range of men's clothing and Accessories. Shop online for the latest collection of men's jeans, shirts, t-shirts, jackets, and more at Killer in India.",meta_json,https://www.killerjeans.com/cdn/shop/files/killer-new-logo.png?v=1771431547,Maharashtra,Mumbai,,meta.json country=IN; currency=INR; state=Maharashtra; +91 phone on site,9
274,Krishna Pearls,https://krishnapearls.com,marketing@krishnapearls.com; customercare@krishnapearls.com; customercare@krishnajewellers.com; onlinesales@krishnajewellers.com,+918499011111,https://www.instagram.com/krishna.pearls.hyderabad,https://www.facebook.com/krishnapearlsjubileehills,https://twitter.com/KrishnaPearls36,,https://www.youtube.com/@KrishnaPearlsHyderabad,Jewellery & Accessories,"Explore timeless elegance with our premium pearl jewellery collection. Shop real pearl necklaces, pearl earrings, pearl sets, bangles, and bracelets. Perfect for every cherished occasion. Buy now at Krishna Pearls",meta_json,https://www.krishnapearls.com/cdn/shop/files/KJ-_Logo_transparent.png?v=1733914163&width=500,Telangana,Hyderabad,,meta.json country=IN; currency=INR; state=Telangana; +91 phone on site,9
275,SASSAFRAS,https://sassafras.in,support@sassafras.in; grievance@sassafras.in,+912245634164,https://www.instagram.com/sassafrasindia,https://www.facebook.com/sassafrasindia,,https://www.linkedin.com/company/sassafrasfashion,https://www.youtube.com/@sassafrasindia,Apparel & Fashion (Women),"Online shopping for women fashion in India. Buy trendy jeans, tops, dresses, jeggings, shorts, skirts, and more. Affordable styles, fast delivery, free shipping, COD, and easy returns across India.",meta_json,https://sassafras.in/cdn/shop/files/Sassafras_Text_Logo_ORIGINAL_2015_380x_e40aa4ec-4ceb-4174-874d-2cfd02b83114-removebg-preview_1_328x.png?v=1685112210,Haryana,Gurugram,,meta.json country=IN; currency=INR; state=Haryana; .in domain; +91 phone on site,9
276,aykaa,https://aykaa.in,support@aykaa.in,+919773368504; +917340672122,https://www.instagram.com/aykaa_jpr,,,,,Apparel & Fashion,"aykaa — premium ethnic wear for women: designer suit sets, co-ord sets & occasion wear crafted in India. Free delivery, COD available & 5-day easy exchange.",meta_description,https://aykaa.in/cdn/shop/files/logo.webp?v=1788858371&width=3891,Rajasthan,Jaipur,08ECDPA3634R1ZB,meta.json country=IN; currency=INR; state=Rajasthan; .in domain; GSTIN on site; +91 phone on site; Indian PIN code on site,9
277, Diadem,https://diademstore.com,care@diademstore.com,+919150074439,https://www.instagram.com/diademstore.in,https://www.facebook.com/diademstore.in,https://twitter.com/Diadem_Store,,https://www.youtube.com/c/DiademStore,Apparel & Fashion,"Explore Diadem’s 10,000+ styles – from silk & designer sarees to bridal lehengas, gowns, and men's suits & sherwanis. Shop online or visit Chennai’s top store",meta_json,https://diademstore.com/cdn/shop/files/Diadem-logo_320x.png?v=1716455041,Tamil Nadu,Chennai,,meta.json country=IN; currency=INR; state=Tamil Nadu; +91 phone on site,9
278,Daily Life Forever52,https://forever52.in,care@forever52.in,+9118008892052,https://www.instagram.com/forever52india,https://www.facebook.com/forever52india,https://twitter.com/forever52india,,https://www.youtube.com/@Forever52India/featured,Beauty & Personal Care,"Buy Cosmetic Products, Skincare & Beauty Products online from Forever52. The most renowned cosmetic brands with a high range of fashion & make-up products.",meta_json,https://www.forever52.in/cdn/shop/files/final_static_logo-03_a43308e6-b295-4861-9df5-a82723c6d6cf.png?v=1772193221&width=4267,Punjab,Ludhiana,,meta.json country=IN; currency=INR; state=Punjab; .in domain; +91 phone on site; Indian PIN code on site,9
279,Kavya Style Plus,https://kavyastyleplus.com,kavyastyleplus@gmail.com,+919016473929; +918758538270; +919428809808,https://instagram.com/kspwholesale,https://www.facebook.com/kavyastylewholesale,,,https://www.youtube.com/c/KavyaStylePlusManufacturerKurtis,Apparel & Fashion,"Kavyastyleplus, a Premium Quality Manufacturer Wholesaler Kurtis Suits Saree , Women , Men and Kids Collection from Ahmedabad Gujarat India. Women Outfits sold via Cash on Delivery like Kurtis Salwar Suits, Readymade 3 piece suits, Kurtis sets, Kaftan Sets, Night Suits, Nighty, One piece Gown, Lehen",meta_json,https://kavyastyleplus.com/cdn/shop/files/logo_rectengal_-_Copy.png?v=1701011036&width=500,Gujarat,ahmedabad,24AASFK0687P1ZI,meta.json country=IN; currency=INR; state=Gujarat; GSTIN on site; +91 phone on site,9
280,myBageecha,https://mybageecha.com,support@mybageecha.com,+919724549420,https://www.instagram.com/mybageecha,https://facebook.com/myBageecha,https://x.com/myBageecha,,https://www.youtube.com/channel/UCwBFBpyFVIhU2lE1xxN6-8A,Plants & Gardening,"Gift your home a little something. Choose from a range of plants, nature inspired décor, pots or garden essentials. Order unique products online at myBageecha at best prices! From our Bageecha to Yours!",meta_json,https://mybageecha.com/cdn/shop/files/mybageecha_header_463fb91b-d46e-4e0e-9e86-7dffcf60a744_140x@2x.png?v=1732541150,Gujarat,Ahmedabad,,meta.json country=IN; currency=INR; state=Gujarat; +91 phone on site,9
281,Healing Hands,https://myhealinghands.in,care@myhealinghands.in; info@myhealinghands.in,+918888188884; +919545360309,https://www.instagram.com/myhealinghands.in,https://www.facebook.com/MyHealingHands.In,,https://www.linkedin.com/company/healing-hands-herbs,https://www.youtube.com/@MyHealingHandsIn,Health & Wellness,"India's 1st patented plant-based kits for Piles, Fissure & Constipation. Doctor-developed, clinically validated, and trusted by 10 Lakh+ patients. Shop now!",meta_json,https://myhealinghands.in/cdn/shop/files/Fevicon.svg,Maharashtra,Pune,,meta.json country=IN; currency=INR; state=Maharashtra; .in domain; +91 phone on site,9
282,OFFLIMITS,https://offlimits.co.in,support@offlimits.co.in,+919599297556,https://www.instagram.com/offlimits_tribe,https://www.facebook.com/profile.php?id=61580311965970,https://twitter.com/OfflimitsT,,https://www.youtube.com/@OFF_LIMITS_Tribe,Footwear,"Shop Sports Shoes, Sneakers, Gym Footwear, and Athleisure Apparel for men & women. Discover stylish, performance-driven collections at Off Limits.",meta_json,https://offlimits.co.in/cdn/shop/files/logo-red_1200x1200.png?v=1634801955,Haryana,Haryana,,meta.json country=IN; currency=INR; state=Haryana; .in domain; +91 phone on site,9
283,Zarkan,https://zarkan.co,support@zarkan.co,+919910855890; +918190542319,https://www.instagram.com/zarkan.co,https://www.facebook.com/ZarkanJewellery,https://twitter.com/Zarkanjewellery,,https://www.youtube.com/@zarkan9891,Jewellery & Accessories,"Mission At Zarkan, our mission is to ignite your inner spark with our authentic sterling silver jewellery. We aim to make you fall in love with yourself first and our jewellery second.",about_meta_description,https://www.zarkan.co/cdn/shop/files/website_logo_1080_1.png?v=1751909877,Delhi,New Delhi,,meta.json country=IN; currency=INR; state=Delhi; +91 phone on site,9
284,Zeroharm,https://zeroharm.in,care@zeroharm.in,+917382838383,https://www.instagram.com/zeroharm_sciences,https://www.facebook.com/ZEROHARMSCIENCE,https://x.com/zeroharm_in,,https://www.youtube.com/@zeroharm,Health & Wellness,Get 100% plant based natural wellness & healthcare supplements in India at ZeroHarm Sciences. India's 1st Nano formulated nutraceutical brand.,meta_json,https://www.zeroharm.in/cdn/shop/files/Zeroharm_logo_1.png?v=1687502546&width=500,Telangana,Hyderabad,,meta.json country=IN; currency=INR; state=Telangana; .in domain; +91 phone on site,9
285,Conscious Chemist,https://consciouschemist.com,hello@consciouschemist.com,+918929934984,https://www.instagram.com/consciouschemistindia,https://www.facebook.com/consciouschemistindia,https://x.com/ccofficialindia,,https://www.youtube.com/@consciouschemistindia,Beauty & Personal Care,"Trusted by thousands & featured on Shark Tank India, Conscious Chemist brings you highly effective skincare. Backed by science, loved by your skin. Shop now!",meta_json,https://consciouschemist.com/cdn/shop/files/logo-conscious-chemist.png?v=1764151987&width=600,Haryana,Gurugram,,meta.json country=IN; currency=INR; state=Haryana; +91 phone on site,9
286,Diabexy,https://diabexy.com,customercare@diabexy.com; info@diabexy.com; contact@nutroactive.com,+918448952009; +918826054422,http://instagram.com/diabexy,https://www.facebook.com/diabexy,,http://linkedin.com/company/diabexy1,https://www.youtube.com/@Diabexy,Food & Beverages,"Shop certified diabetes-friendly food products at Diabexy. Low GI, sugar-free foods, atta, drops, snacks and daily diet products for diabetes and sugar control.",meta_json,https://diabexy.com/cdn/shop/files/diabexy_updated_logo_for_diabexy_websote_webep_1400x.webp?v=1768477110,Rajasthan,Alwar,,meta.json country=IN; currency=INR; state=Rajasthan; +91 phone on site,9
287,www.farmdidi.com,https://farmdidi.com,customercare@farmdidi.com; careers@farmdidi.com; marketing@farmdidi.com,+918045883770; +919960657292,https://www.instagram.com/farmdidi,https://www.facebook.com/FarmDidi,https://twitter.com/farm_didi,,https://www.youtube.com/@farmdidi,Food & Beverages,"On a mission to provide high-quality homemade pickles, achars, papads, chutneys and empower 1 million rural women. # 1 online pickle brand, Clean Label, Preservatives Free, Every Jar traceable to a rural woman",meta_json,https://www.farmdidi.com/cdn/shop/files/1755680803632_1.gif?v=1755683231&width=150,Maharashtra,Navi Mumbai,,meta.json country=IN; currency=INR; state=Maharashtra; +91 phone on site,9
288,Galio India,https://galioindia.com,digital@galioindia.com,+918588050007,https://www.instagram.com/galioautomotive,https://www.facebook.com/galioautomotive,,https://www.linkedin.com/company/13376882/admin/dashboard,https://www.youtube.com/@Galioautomotive,Automotive,"Shop car accessories online at Galio—India’s trusted brand for stylish, durable and vehicle-specific auto accessories. Fast delivery & secure checkout.",meta_json,https://galioindia.com/cdn/shop/files/500x500_f1350747-ff9b-42c8-befa-e839e25e623c.png?v=1743485933,Haryana,Sonipat,,meta.json country=IN; currency=INR; state=Haryana; +91 phone on site,9
289,Mirabelle,https://mirabellecosmetics.in,customercare@mirabellecosmetics.com; business@mirabellecosmetics.com; admin@mirabellecosmetics.com,+914222314711,https://www.instagram.com/mirabellekorea,https://www.facebook.com/mirabellekorea,https://x.com/Mirabellekorea,,https://www.youtube.com/@MirabelleKorea,Beauty & Personal Care,"Buy Korean skincare brand Mirabelle in India. Explore sunscreens, serums, face washes & more to hydrate, protect, and brighten your skin naturally.",meta_json,https://mirabellecosmetics.in/cdn/shop/files/Screenshot_2024-08-28_101054_1.png?v=1726669235&width=500,Tamil Nadu,Coimbatore,,meta.json country=IN; currency=INR; state=Tamil Nadu; .in domain; +91 phone on site,9
290,Rajnigandha,https://rajnigandha.com,shop@rajnigandha.com; rewards@rajnigandha.com; care@rajnigandha.com,+911204032570; +911204032200; +919810582570,https://www.instagram.com/rajnigandha_pm,https://www.facebook.com/RajnigandhaPM,https://twitter.com/RajnigandhaPM,,https://www.youtube.com/channel/UCq-72BlWQOgOHmL1QCvCkOw,Food & Beverages,"Buy Rajnigandha Pan Masala, Rajnigandha Meetha Pan Masala, Silver Pearls, Rajnigandha Saffron & other products online at Rajnigandha.com & enjoy free delivery above minimum order value – Shop Now",meta_json,https://rajnigandha.com/cdn/shop/files/logo_6af127d6-e976-4830-9432-b5d4c391c55d.png?v=1714458122&width=500,Uttar Pradesh,Noida,,meta.json country=IN; currency=INR; state=Uttar Pradesh; +91 phone on site,9
291,Submarine Pens,https://submarinepens.com,online@submarinepens.co.in; info@submarinepens.com,+919967158178; +919570070809,https://www.instagram.com/submarine_pens,https://www.facebook.com/people/Submarine-Pens/61560238484127,,https://www.linkedin.com/company/submarine-pens,https://www.youtube.com/@SubmarineDesignerPens,Books & Stationery,Looking to buy the best pens for writing online in India? Discover the finest writing and top-rated pens at Submarine Pens. Shop your favorites now!,meta_json,https://www.submarinepens.com/cdn/shop/files/Logo_animation_1.gif?v=1721299173&width=330,Maharashtra,Palghar,,meta.json country=IN; currency=INR; state=Maharashtra; +91 phone on site,9
292,beinghuman-clothing,https://beinghumanclothing.com,support@beinghumanclothing.com; legal@beinghumanclothing.com,+912241517099,https://www.instagram.com/beinghumanclothing,https://www.facebook.com/beinghumanclothing,https://x.com/bebeinghuman,,https://www.youtube.com/user/beinghumanclothing,Apparel & Fashion (Men),"Explore premium men’s and women’s fashion at Being Human Clothing. Shop trendy, comfortable, and stylish apparel for every seasons wardrobe. Shop Now!",meta_json,https://www.beinghumanclothing.com/cdn/shop/files/logo_2x-ea949744-0a03-4713-ab88-4fc0f2541d74_2x_7bede12b-eeba-496b-bc70-454d84dda065.png?v=1759726423&width=500,Maharashtra,Mumbai,,meta.json country=IN; currency=INR; state=Maharashtra; +91 phone on site,9
293,JVL Classicware,https://jvlclassicware.com,jvlwebenquiry@gmail.com; ayushjvl@gmail.com,+919894429610; +919790976638,https://www.instagram.com/jvlclassicwarellp,https://www.facebook.com/jvlonline,,,https://www.youtube.com/@jvlclassicwarellp,Kitchen & Dining,"At JVL, we believe the heart of every home lies in the kitchen—and we’re here to make it smarter, sleeker, and stronger.",meta_json,https://jvlclassicware.com/cdn/shop/files/JVL_LOGO_copy.png?v=1746601622&width=160,Tamil Nadu,Chennai,33AAKFJ1271A1ZX,meta.json country=IN; currency=INR; state=Tamil Nadu; GSTIN on site; +91 phone on site,9
294,Neown,https://neown.in,contact@neown.in,+919324455972; +919137081640,https://www.instagram.com/neown.in,,https://twitter.com/home,https://www.linkedin.com/company/neown,https://youtube.com/@neOwn.,Books & Stationery,"We're a kids book & toy library (0-14 years) with 75,000+ books & 1,500+ premium toys. You can select books & toys on the neOwn app & get home delivery + pick up! Rent, Read, Play, Return! Built for the child's success and the parents' convenience - all in one sustainable & affordable package.",meta_json,https://neown.in/cdn/shop/files/neOwn_website_logo_4f4f6dc2-8b02-4ac7-bfda-842abc1992f8.png?v=1745232656&width=3912,Maharashtra,Mumbai,,meta.json country=IN; currency=INR; state=Maharashtra; .in domain; +91 phone on site,9
295,Twin Birds Store,https://twinbirds.co.in,support@twinbirds.co.in; bdmtrade@twinbirds.org; franchise@twinbirds.org,+919003666718; +919894508081,https://www.instagram.com/twinbirdsonline,https://www.facebook.com/TwinBirdsOfficial,,https://in.linkedin.com/company/twin-birds,https://www.youtube.com/@twinbirdsonline,Apparel & Fashion,"Shop leggings, saree shapers, kurti pants, straight pants, loungewear & T-shirts for women at Twin Birds. Comfortable styles with free shipping over ₹999.",meta_json,https://twinbirds.co.in/cdn/shop/files/Twin_Birds_-_Logo.jpg,Tamil Nadu,Tirupur,,meta.json country=IN; currency=INR; state=Tamil Nadu; .in domain; +91 phone on site,9
296,ZanduCare,https://zanducare.com,care@zanducare.com,+9118005728000,https://www.instagram.com/zanducareofficial,https://www.facebook.com/zanducareofficial,,https://www.linkedin.com/company/emami-ltd,https://www.youtube.com/c/ZanduCareOfficial,Health & Wellness,Explore 100% Ayurvedic & Wellness products at Zandu Care. Made with high-quality ingredients to promote overall well-being and help you thrive every day. Shop now!,meta_json,https://zanducare.com/cdn/shop/files/Zandu_logo_200.png,West Bengal,Kolkata,,meta.json country=IN; currency=INR; state=West Bengal; +91 phone on site,9
297,Zebronics,https://zebronics.com,grievance@zebronics.com; enquiry@zebronics.com,+914440000004; +911800121199725,https://www.instagram.com/zebronics,https://facebook.com/zebronics,https://twitter.com/zebronics,https://in.linkedin.com/company/zebronics,,Electronics & Gadgets,"Zebronics is an Indian Brand helping you in discovering best Soundbars, Home Theaters, Wireless Party Bluetooth Speakers, Headphones, LED Projectors, Gaming & PC Peripherals, Power Banks, LED TV, CCTV, Mobile Accessories, Electronics & Appliances in India.",meta_json,https://zebronics.com/cdn/shop/files/HORIZONTAL_PNG_Black.png?v=1782559489&width=777,Tamil Nadu,Chennai,,meta.json country=IN; currency=INR; state=Tamil Nadu; +91 phone on site,9
298,MyRatna,https://myratna.com,info@myratna.com,+917297035550,https://www.instagram.com/MyRatnaIndia,https://www.facebook.com/MyRatnaIND,https://twitter.com/MyRatnaIndia,,https://www.youtube.com/@MyRatnaGEMs,Jewellery & Accessories,"Best place to buy loose gemstones online in India. Precious and semi precious stone at reasonable price. We provide original certified diamond, loose stones, and original rudraksha. Browse our collection now!",meta_json,https://www.myratna.com/cdn/shop/files/white_logo_svg.svg?v=1781950993&width=190,Rajasthan,Udaipur,,meta.json country=IN; currency=INR; state=Rajasthan; +91 phone on site,9
299,Baidyanath,https://baidyanath.com,cc@baidyanath.com,+9118001021855; +917596058046,https://www.instagram.com/baidyanath_100yrsofcaring,https://www.facebook.com/profile.php?id=61555503009468,,https://www.linkedin.com/company/baidyanathaofficial,https://www.youtube.com/@baidyanath_100yrsofcaring,Health & Wellness,Explore wide range of Baidyanath (बैद्यनाथ) Authentic Ayurvedic Products and Medicines. Free Shipping available.,meta_json,https://www.baidyanath.com/cdn/shop/files/Untitled_design_2.png?v=1700220068&width=1080,West Bengal,Kolkata,,meta.json country=IN; currency=INR; state=West Bengal; +91 phone on site,9
300,Glam21,https://glam21.in,orders@glam21.in; glam21cosmetics@gmail.com; support@glam21.in,+917669222082,https://instagram.com/glam21cosmetic,https://www.facebook.com/glam21cosmetics,,https://www.linkedin.com/company/glam21-cosmetics,https://www.youtube.com/@Glam21cosmetic/featured,Beauty & Personal Care,Buy Glam21 Cosmetics Online . Glam21 Cosmetics is a 21st century beauty and skincare brand. Glam21 is a fast growing cosmetic and skincare brand which strives to deliver you the best.,meta_json,https://glam21.in/cdn/shop/files/Glam21-01.png?v=1737185613&width=3508,Delhi,New Delhi,,meta.json country=IN; currency=INR; state=Delhi; .in domain; +91 phone on site,9
301,MYALMARI LUXURY TRADING LLP,https://myalmari.in,contact@myalmari.in,+919004435953; +919167797122,https://instagram.com/myalmari_,,,,,Bags & Luggage,"Indulge in the luxury of high-end fashion while staying green. My Almari presents a hand-picked collection of preloved designer clothing, shoes, handbags, and accessories for the discerning fashion connoisseur. Elevate your style with our exclusive range of sustainable and stylish fashion finds.",meta_json,https://myalmari.in/cdn/shop/files/Almari_logo_B.png?v=1672130145&width=420,Maharashtra,Mumbai,27AADPS3103K1ZR,meta.json country=IN; currency=INR; state=Maharashtra; .in domain; GSTIN on site; +91 phone on site,9
302,Neerus India,https://neerus.com,orders@neerus.com,+919000293293,https://www.instagram.com/neerusindia,https://www.facebook.com/neerusindia,https://twitter.com/NEERUSIND,,https://www.youtube.com/user/Neerusindia,Apparel & Fashion,"Neerus Ethinic Wear is India's TOP Ethinic Wear brand with Kurti, Lehngas, Sarees. We deliver all over India and ship globally also.",meta_json,https://www.neerus.com/cdn/shop/files/logo-06.png?v=1728036367&width=280,Telangana,Hyderabad,,meta.json country=IN; currency=INR; state=Telangana; +91 phone on site,9
303,Organic Tattva,https://organictattva.com,customersupport@organictattva.com; hr@organictattva.com; customercare@organictattva.com,+911204260545,https://www.instagram.com/organictattva,https://www.facebook.com/OrganicTattva,,https://www.linkedin.com/company/organictattva,https://youtube.com/@organictattva2013,Food & Beverages,"Discover a wide range of fresh, healthy, and sustainably grown organic food products. Shop with confidence for nutritious, eco-friendly options that support your well-being and the planet from Organic Tattva",meta_json,https://organictattva.com/cdn/shop/files/OT_d09a8d6d-20fd-4ad9-8fc4-51742b37eaa2.png?v=1748064724&width=872,Uttar Pradesh,Greater Noida,,meta.json country=IN; currency=INR; state=Uttar Pradesh; +91 phone on site,9
304,Vaidban Ayurved Bhawan,https://vaidban.com,info@vaidban.com; care@vaidban.com,+918283060000; +919311921819; +918800825789,https://www.instagram.com/subhashgoyalhealthshow,https://www.facebook.com/vaidbanayurvedbhawanchd,https://x.com/vaidban44,,https://www.youtube.com/@VaidbanAyurvedBhawan,Health & Wellness,"Vaidban Ayurved Bhawan offers 100% natural Ayurvedic products for wellness, immunity, joint care, diabetes, and men's health. Trusted since 1971 for authentic herbal remedies.",meta_json,https://vaidban.com/cdn/shop/files/ssss.png?v=1756973779&width=500,Chandigarh,Chandigarh,,meta.json country=IN; currency=INR; state=Chandigarh; +91 phone on site,9
305,Talk To Crystals,https://talktocrystals.com,support@talktocrystals.com,+919650119440,https://www.instagram.com/talktocrystals,https://www.facebook.com/talktocrystals,https://twitter.com/talktocrystals,,https://www.youtube.com/channel/UCLcH-aXEndlv5o2KmRQ-V9Q,Jewellery & Accessories,"Talk To Crystals is India's Leading Crystal Shop to Buy Real Natural Healing Crystals & Reiki Crystal Products Online. Find Certified Rose Quartz, Moldavite, Pyrite, Amethyst, Citrine & Black Tourmaline. Shop Healing Stones and Crystals Near New Delhi Gurgaon Mumbai Bangalore Chennai Kolkata, in Ind",meta_json,https://talktocrystals.com/cdn/shop/files/talktocrystals-logo_145x_2x-min_145x@2x.png?v=1669120718,Haryana,Gurugram,,meta.json country=IN; currency=INR; state=Haryana; +91 phone on site,9
306,BabyOrgano,https://babyorgano.com,care@babyorgano.com; info@babyorgano.com,+916353847155; +919327277041,https://www.instagram.com/babyorgano,https://www.facebook.com/babyorgano,https://x.com/BabyOrgano,,https://www.youtube.com/channel/UCAjhgyiQYEWF287ZBOF8rIg/featured,Health & Wellness,"Ayurvedic and natural baby care products brand, trusted by more than 1 million parents. All kids care products are FDCA-approved and GMP certified. Shop Now!",meta_json,https://cdn.shopify.com/s/files/1/0615/7756/0253/files/babyorgano-old-logo-to-new.gif?v=1789551210,Gujarat,Ahmedabad,,meta.json country=IN; currency=INR; state=Gujarat; +91 phone on site,9
307,Clapstore Toys,https://clapstoretoys.com,support@clapstoretoys.com,+917620415224; +919226990725,https://www.instagram.com/clapstoretoysofficial,https://www.facebook.com/profile.php?id=61555191806473,https://x.com/clapstoretoys,,https://www.youtube.com/@Clapstore/featured,Toys & Games,"Clapstore Toys offers safe, eco-friendly Montessori-inspired busy boards and interactive toys that promote a screen-free childhood through hands-on play, skill-building, and developmental learning.",meta_json,https://clapstoretoys.com/cdn/shop/t/40/assets/cs-logo-header.webp?v=19356998037603703761789144691,Maharashtra,Pune,,meta.json country=IN; currency=INR; state=Maharashtra; +91 phone on site; Indian PIN code on site,9
308,Elegant Auto Retail,https://elegantautoretail.com,support@elegantautoretail.com,+919716262626,https://www.instagram.com/elegant_auto,https://www.facebook.com/elegantauto,https://twitter.com/elegantauto1,,https://www.youtube.com/c/elegantautoretail,Automotive,"Buy Latest Car Accessories Online Shopping in India Explore the Huge Range of Car Accessories, Seat Cover & Car Mats With Accessories Price List. ✓COD Available ✓Lowest Price ✓Car Interior Accessories for Maruti, Hyundai, Honda, Tata, Mg, Kia, Volkswagen, Skoda, Renault.",meta_json,https://elegantautoretail.com/cdn/shop/files/Elegant_Logo_with_R_-_1000px_X_200px.png?v=1713765105,Uttar Pradesh,Noida,,meta.json country=IN; currency=INR; state=Uttar Pradesh; +91 phone on site,9
309,GlamZei,https://glamzei.com,orders@glamzei.com,+918320885995,https://www.instagram.com/glamzei,https://www.facebook.com/glamzei,,https://linkedin.com/company/glamzee,https://www.youtube.com/channel/UCfN7WhLw_2nOBO1rdijfPCw,Apparel & Fashion (Women),Buy casual wear for women online in India. Sizes available up to 7XL with ✯25+ vibrant colors. ✯Free Shipping ✯COD ✯Easy Returns & Exchanges ✯100% Cotton.,meta_json,https://glamzei.com/cdn/shop/files/GLAMZEI_LOGO_FINAL_1.png?v=1758925952&width=264,Gujarat,Ahmedabad,,meta.json country=IN; currency=INR; state=Gujarat; +91 phone on site,9
310,neofaa.com,https://neofaa.com,support@neofaa.com,+918058050045,https://www.instagram.com/neofaaofficial,https://www.facebook.com/neofaaofficial,https://twitter.com/neofaaofficial,,https://www.youtube.com/channel/UCJ_sCd-MIhF06jfUFmxBn7A,Apparel & Fashion (Women),"Explore the collection of western wears matching your style only from Neofaa which offers a wide range of Tops, Shorts, Shrugs, and jumpsuits for women. Shop Now!",meta_json,https://neofaa.com/cdn/shop/files/logo_White_600x.png?v=1688107547,Gujarat,SURAT,,meta.json country=IN; currency=INR; state=Gujarat; +91 phone on site,9
311,Tuco Kids,https://tucokids.com,support@tucokids.com,+919207245500,https://www.instagram.com/tuco__kids,https://www.facebook.com/theunbottleco,,https://www.linkedin.com/company/tucokids,https://www.youtube.com/@tuco_kids,Beauty & Personal Care,A natural personal care range for kids and teens with a vision to make this planet plastic free,meta_json,https://tucokids.com/cdn/shop/files/vacay_ready_final_ac28fe6f-41c2-4d12-b03f-c4d792dd3f0b.png?v=1734084099&width=512,Karnataka,Bangalore,,meta.json country=IN; currency=INR; state=Karnataka; +91 phone on site,9
312,AZGA,https://azga.in,hello@azga.in; azgaonline@gmail.com,+918779666047,https://www.instagram.com/azgaofficial,https://www.facebook.com/AZGAOFFICIAL,,https://in.linkedin.com/company/azga,https://www.youtube.com/@azgaofficial,Jewellery & Accessories,"Shop jewelry crafted with traditional workmanship for men, women, and kids. Rings, Neck Chains, Bracelets, Evil Eye, Cufflinks, Buttons, Lapel Pins, Pocket Squares, Nazariyas, Polki, Initial Cufflinks, Subscription, Corporate Orders, and many more.",meta_json,https://www.azga.in/cdn/shop/files/azga_final_logo_2_copy_97a4874d-2978-4329-988c-76a7455c89d4.png?v=1678345864&width=1674,Rajasthan,JAIPUR,,meta.json country=IN; currency=INR; state=Rajasthan; .in domain; +91 phone on site,9
313,The Artment ,https://theartment.com,hello@theartment.com,+911141170762,https://www.instagram.com/theartment,https://www.facebook.com/TheArtment,,https://www.linkedin.com/company/the-artment/mycompany,https://www.youtube.com/channel/UCGUyqnrubJU1yEs6iuT2DZg,Home & Decor,"Offering the perfect combination of Art, utility, and a premium experience, Artment is an art decor brand that brings a wave of artful joy into regular life! We are keen on spreading awareness about the magic of art. We understand that art is subjective and its importance in everyone's life is diffe",meta_json,https://theartment.com/cdn/shop/files/artment_logo.png,Delhi,New Delhi,,meta.json country=IN; currency=INR; state=Delhi; +91 phone on site,9
314,Mana Gramasethu,https://managramasethu.in,info@managramasethu.in; support@managramasethu.in,+919391689950,https://www.instagram.com/managramasethu,https://www.facebook.com/profile.php?id=61583867476232,,https://www.linkedin.com/company/managramasethu,https://www.youtube.com/channel/UCQAsloycX7B2_rPd3SeCYgQ,Plants & Gardening,"Mana GramaSethu is India’s trusted online agriculture store offering quality seeds, fertilizers, pesticides, crop nutrition, and farm tools with fast delivery.",meta_json,https://managramasethu.in/cdn/shop/files/Mana_Grama_Sethu_ee89b980-bd73-4704-9e1b-e0eb575e48f3.png?v=1770892688&width=1000,Andhra Pradesh,Prakasam District,,meta.json country=IN; currency=INR; state=Andhra Pradesh; .in domain; +91 phone on site; Indian PIN code on site,9
315,Banjaaran Studio,https://banjaaran.in,studio@banjaaran.in; karanveer@banjaaran.in; mehandee@banjaaran.in; meera@banjaaran.in; support@banjaaran.in,+919999474819; +919999947481,https://www.instagram.com/banjaaran,,,,,Footwear,"Banjaaran Studio is a shoe brand primarily fosuced on manufacturing and retailing handcrafted premium designer footwear for both men and women. With 100% in-house production, Banjaaran Studio offers a wide variety of footwear like slipons, sneakers, brogues and high-tops with express delivery in ind",meta_json,https://banjaaran.in/cdn/shop/files/BANJAARAN_STUDIO_1-removebg-preview.png?v=1732703260&width=600,Haryana,Faridabad,06BSLPD9229A2ZX,meta.json country=IN; currency=INR; state=Haryana; .in domain; GSTIN on site; +91 phone on site,9
316,ESSA GARMENTS,https://essa.in,customercare@essagarments.com; shopping@essagarments.com,+918925899286; +918925880586; +919500799705,https://www.instagram.com/essa_garments,https://www.facebook.com/official.essa,,,https://www.youtube.com/@essagarmentsofficial,Apparel & Fashion (Men),"Shop men's & women's innerwear, trunks, briefs,t-shirts and loungewear online. Quality everyday essentials from ESSA GARMENTS — delivered across India.",meta_json,https://essa.in/cdn/shop/files/essa_logored.png?v=1765291137&width=300,Tamil Nadu,Tiruppur,33AADCE6591N1Z7,meta.json country=IN; currency=INR; state=Tamil Nadu; .in domain; GSTIN on site; +91 phone on site,9
317,Kaushalya Art Jewellery,https://kaushalyaartjewellery.com,support@kaushalyaartjewellery.com,+918850957540; +917208980173,https://www.instagram.com/kaushalya__art__jewellery,,,,https://www.youtube.com/@KaushalyaArtJwellery,Jewellery & Accessories,"Discover Kaushalya Art Jewellery's stunning collection of artificial jewelry, including bridal sets, Kundan, Polki, and South Indian designs. Elevate your style with our beautifully crafted pieces perfect for every occasion. Shop now and find the perfect adornment for your special moments.",meta_json,https://www.kaushalyaartjewellery.com/cdn/shop/files/8480619417.png?v=1766653426&width=500,Maharashtra,Mumbai,27DLEPR5275L1ZE,meta.json country=IN; currency=INR; state=Maharashtra; GSTIN on site; +91 phone on site,9
318,Rustic Art,https://rusticart.in,hello@rusticart.in,+918010767872; +918308456956,https://www.instagram.com/rusticart,https://www.facebook.com/RusticArt,https://twitter.com/Rustic_Art,https://www.linkedin.com/company/rustic-art,,Beauty & Personal Care,"Sustainable beauty, personal care & home care for safe and toxin free living. All our products are vegan & cruelty free. We are a women led, women majority brand that takes care of our beautiful planet while taking care of your and your family's health by making safe & toxin free products for everyd",meta_json,https://www.rusticart.in/cdn/shop/files/logo_dark_90x.png?v=1713615375,Maharashtra,Satara,,meta.json country=IN; currency=INR; state=Maharashtra; .in domain; +91 phone on site; Indian PIN code on site,9
319,The Usee Shop,https://theuseeshop.com,useeshopapp@gmail.com,+919198205557; +918318893022,https://www.instagram.com/theuseeshop,https://www.facebook.com/USeeShopApp,,,https://www.youtube.com/channel/UCDEuQnSZsxexOKOEw4mSndg,Apparel & Fashion,"Explore our collection of Banarasi sarees, Georgette sarees, banarasi tissue silk sarees, and more at The Usee Shop. Find elegant designs that add style to every special occasion.",meta_json,https://theuseeshop.com/cdn/shop/files/Main_1x1_Grey-BG.jpg?v=1663844193&width=1646,Uttar Pradesh,Varanasi,09ABFCS5185H1ZX,meta.json country=IN; currency=INR; state=Uttar Pradesh; GSTIN on site; +91 phone on site,9
320,Thriveco.in,https://thriveco.in,care@thriveco.in,+919513151000,https://www.instagram.com/thrivecotalks,https://www.facebook.com/thrivecotalks,,https://www.linkedin.com/company/thriveco,https://www.youtube.com/@Thrivecotalks,Beauty & Personal Care,"ThriveCo offers effective, clean products with deeply researched technology to solve skin & hair problems. Shop Now! ✓Free Shipping ✓COD ✓Secure",meta_json,https://www.thriveco.in/cdn/shop/files/ThriveCo-logo-no-claims.webp?v=1728296379,Haryana,Gurugram,,meta.json country=IN; currency=INR; state=Haryana; .in domain; +91 phone on site,9
321,Buy Bakson,https://buybakson.com,customercare@buybakson.com,+9118002572829,https://www.instagram.com/baksonsofficial,https://www.facebook.com/baksonofficial,,https://in.linkedin.com/company/bakson-s-homoeopathy,https://www.youtube.com/@BaksonHomoeopathy,Health & Wellness,"Explore a wide range of Bakson's homeopathic products, dilutions, mother tinctures, and hair care products etc. Safe solutions for immunity, skin, and daily health.",meta_json,https://www.buybakson.com/cdn/shop/files/New_Launch_1_1.png?v=1748361876&width=500,Uttarakhand,Roorkie,,meta.json country=IN; currency=INR; state=Uttarakhand; +91 phone on site,9
322,Chicnutrix,https://chicnutrix.com,connect@chicnutrix.com,+918657549138,https://www.instagram.com/chicnutrix,https://www.facebook.com/Chicnutrixindia,https://twitter.com/chicnutrix,,https://www.youtube.com/channel/UC-zhimxph-BNmQYWlBAwwkg,Health & Wellness,Innovative nutrition supplements company to bring world class supplements to India to lead an active lifestyle. Trusted by millions for everyday nutrition goals.,meta_json,https://chicnutrix.com/cdn/shop/files/horizontalLogo.png?v=1786612765&width=500,Maharashtra,Mumbai ,,meta.json country=IN; currency=INR; state=Maharashtra; +91 phone on site; Indian PIN code on site,9
323,haus & kinder,https://hausandkinder.com,care@hausandkinder.com,+918291667888,https://www.instagram.com/hausandkinder,https://www.facebook.com/hausandkinderhome,,https://in.linkedin.com/company/hausandkinder,https://www.youtube.com/c/HausKinderHomeBaby,Home & Decor,"Shop a wide range of double bedsheets, single bed sheet, and king size bed sheets along with home essentials like towels, cushion covers, dohar, table cloths, comforters & more. Free shipping, easy returns.",meta_json,https://hausandkinder.com/cdn/shop/files/1_56f5e485-96d6-495c-9f61-647584b2aed9.png?v=1767603922&width=500,Maharashtra,Mumbai,,meta.json country=IN; currency=INR; state=Maharashtra; +91 phone on site,9
324,Khadi Natural,https://khadinatural.com,helpdesk@khadinatural.com,+9118001230690,https://www.instagram.com/khadinatural,https://www.facebook.com/khadinaturalin,https://twitter.com/khadi_natural,,https://www.youtube.com/channel/UCXsGhwuCUNNShdSkZ4jxQDg,Beauty & Personal Care,"Buy Khadi Natural’s Ayurvedic skin, hair & body care products made with pure herbs & essentials. Shop natural, organic & chemical-free beauty today!",meta_json,https://www.khadinatural.com/cdn/shop/files/Application_Icon_3e67f31a-4d59-4b04-8656-08f2451f6894.png?v=1657612161&width=1736,Haryana,Gurugram,,meta.json country=IN; currency=INR; state=Haryana; +91 phone on site,9
325,Maisha By Esha,https://maishalifestyle.com,care@maishalifestyle.com,+917016416328; +919879779883,https://www.instagram.com/maishabyesha,https://www.facebook.com/maishabyesha,,https://www.linkedin.com/company/maishalifestyleproductspvtltd,https://www.youtube.com/channel/UCQGqpKCvIhsLDbtmJu1Molg,Bags & Luggage,"AS SEEN ON SHARK TANK INDIA | Shop Online from a range of Handbags, Shoulder Bags & Sleeves, Purse, Laptop Bag, Travel Bag, Totes, Satchel, Baguette, Backpack, college and office bags. Designed For Young Women and Girls. Using premium cotton & jacquard sustainable vegan fabrics. COD Available, Free ",meta_json,https://maishalifestyle.com/cdn/shop/files/mbenew.png?v=1760957986&width=341,Gujarat,Ahmedabad,,meta.json country=IN; currency=INR; state=Gujarat; +91 phone on site,9
326,Nu Republic,https://nurepublic.co,hello@nurepublic.co,+918826257630,https://www.instagram.com/nu.republic,https://www.facebook.com/NuRepublicIndia,,https://www.linkedin.com/company/nurepublicin,https://www.youtube.com/@NuRepublic,Electronics & Gadgets,"Explore a fantastic range of smartwatch, wireless headphones, budget earphones and best portable speakers for you. We aim to make music look good & sound even better. Buy Now!",meta_json,https://www.nurepublic.co/cdn/shop/files/NU.png?v=1671524160&width=1860,Delhi,Delhi,,meta.json country=IN; currency=INR; state=Delhi; +91 phone on site,9
327,YesBabu,https://yesbabu.in,yesbabu.shopify@gmail.com,+919093931800; +917980272087,https://www.instagram.com/yesbabu.sweetu,https://facebook.com/yesbabu.sweetu,,,https://www.youtube.com/channel/UCUcgrqPueg4MMkCB7qMZk-g,Jewellery & Accessories,"India’s coolest sunglasses collection at unbeatable prices! Redefine your style with YesBabu sunglasses — elegant, UV-protected eyewear crafted for comfort & confidence. Trendy, durable & perfect for all-day comfort. Explore limited offers & free gifts today!",meta_json,https://yesbabu.in/cdn/shop/files/3CAA278A-8969-4D08-9B07-F107D06AA609.png?v=1773419686&width=500,West Bengal,Howrah,19CGUPD5285N1ZF,meta.json country=IN; currency=INR; state=West Bengal; .in domain; GSTIN on site; +91 phone on site; Indian PIN code on site,9
328,The Design Cart,https://thedesigncart.com,contact@thedesigncart.com,+918882251201,https://www.instagram.com/thedesigncart,https://www.facebook.com/thedesigncart,https://twitter.com/thedesigncart,https://in.linkedin.com/company/the-design-cart,https://www.youtube.com/@thedesigncartindia,Apparel & Fashion,"The Design Cart is an online supplier of Beads online, Embroidery Material, Buttons, Sequins, Fabric online and Jewelry making material for Fashion Designers. Buy Beading Supplies, Threads, Embroidery Material, Borders and Laces, Stones, Dabka, Zari, Beads, Fabric online for fashion and jewelry desi",meta_json,https://cdn.shopify.com/s/files/1/1950/2653/files/TDC_Logo_Black.png,Delhi,New Delhi,,meta.json country=IN; currency=INR; state=Delhi; +91 phone on site,9
329,Utkarsh Agrochem Pvt ltd. ,https://utkarshagro.com,ccare@utkarshagro.com,+918866543678; +917567833044; +919824522033,https://www.instagram.com/utkarshagrochem,https://www.facebook.com/utkarshagrochem,https://twitter.com/UAgrochem,https://www.linkedin.com/company/utkarsh-agrochem-pvt-ltd,https://youtube.com/@utkarshagrochem,Plants & Gardening,"Manufacturer of high-quality agricultural inputs. Buy organic fertilizer for plants, liquid bio-fertilizers, and the best nutrients for flowering plants online.",meta_json,https://utkarshagro.com/cdn/shop/files/utkarsh_logo_1new01.png?v=1737621827&width=245,Gujarat,Kamrej,,meta.json country=IN; currency=INR; state=Gujarat; +91 phone on site,9
330,Zeelretail,https://zeelretail.com,zeelcustomer@gmail.com; info@nzeel.com,+918055337723; +918591201402; +919833377277,https://www.instagram.com/zeelclimateclothing,https://facebook.com/zeelclimateclothing,https://twitter.com/ZeelClimateClo,,https://www.youtube.com/@ZeelClimateClothing,Apparel & Fashion (Men),"Buy raincoats, rain jackets online for men and women at the ZEEL Official Website. Discover 100% waterproof raincoats for your rainy day needs in India.",meta_json,https://zeelretail.com/cdn/shop/files/ZEEL_LOGO_BLACK_-_512_x_128_512bce9b-a960-4c23-a191-f36eac6d85bf_200x.png?v=1710831502,Maharashtra,Mumbai,27AAICN2787L2ZR,meta.json country=IN; currency=INR; state=Maharashtra; GSTIN on site; +91 phone on site,9
331,Earth Rhythm - Clean. Kind. Effective,https://earthrhythm.com,support@earthrhythm.com; business@earthrhythm.com,+919667797376; +919958825846,https://www.instagram.com/theearthrhythm,https://www.facebook.com/theearthrhythm,https://x.com/theearthrhythm,https://www.linkedin.com/company/earth-rhythm/mycompany,https://www.youtube.com/c/EarthRhythm,Beauty & Personal Care,Earth Rhythm is India’s 1st homegrown brand for smart and safe skincare. Visit and order today for the best skincare cosmetics by Earth Rhythm.,meta_json,https://earthrhythm.com/cdn/shop/files/41_google_er_logo.png?v=1664526818&width=400,Haryana,Gurugram,,meta.json country=IN; currency=INR; state=Haryana; +91 phone on site,9
332,Intex Technologies,https://intex.in,info@intex.in; shubhi@intex.in,+911204895555; +919355596674; +919953030145,https://www.instagram.com/intextechnologies,https://www.facebook.com/IntexIndia,https://twitter.com/IntexBrand,https://in.linkedin.com/company/intextechnologies,https://www.youtube.com/c/IntexTechnologiesLimited,Electronics & Gadgets,"Discover Intex – India’s trusted brand for LED TVs, multimedia speakers, smartwatches, home appliances, and IT accessories. Since 1996, we deliver innovation, quality, and affordability across electronics and lifestyle products.",meta_json,https://www.intex.in/cdn/shopifycloud/storefront/assets/no-image-2048-a2addb12.gif,Delhi,Delhi,,meta.json country=IN; currency=INR; state=Delhi; .in domain; +91 phone on site,9
333,Shopforshops,https://shop4shops.in,admin@shop4shops.in,+919842271248; +919843017433; +919384517433,https://www.instagram.com/shop4shops.in,https://www.facebook.com/profile.php?id=61573145243780,,,https://www.youtube.com/@Shop4shops,Apparel & Fashion (Women),"Buy wholesale clothes and readymade Tirupur garments online from Shop4shops, sourced from leading manufacturers, suppliers, exporters and dealers. Shop Wholesale garments",meta_json,https://shop4shops.in/cdn/shop/files/logo_inner.webp?v=1718191705&width=500,Tamil Nadu,Coimbatore,33ABQPV6176M1ZP,meta.json country=IN; currency=INR; state=Tamil Nadu; .in domain; GSTIN on site; +91 phone on site,9
334,Troovy,https://troovyfoods.com,hello@troovyfoods.com; roopal@troovyfoods.com; saurabh@troovyfoods.com; _zeba@honestinnovations.co; honestinnovationsforyou@gmail.com,+919810228072; +918800280709; +919650266623,https://www.instagram.com/troovyfoods,https://www.facebook.com/troovyfoods,,,https://www.youtube.com/channel/UCQ9qe56DEFeoHf01FZBHwAA,Food & Beverages,"Shop high protein snacks for children made with millets, whole grains & natural ingredients no processed sugar, no junk. Trusted by Indian parents. Order online today.",meta_json,https://troovyfoods.com/cdn/shop/files/2TROOVY_LOGO_2726x.png?v=1740123596,Haryana,Gurgaon,06AAFCH8738L1Z2,meta.json country=IN; currency=INR; state=Haryana; GSTIN on site; +91 phone on site,9
335,Divine Hindu,https://divinehindu.in,support@divinehindu.in; store.jayanagar@divinehindu.in; ishikahr@divinehindu.in; aniruddha@divinehindu.in,+919220239256; +918130978800; +919900032791,https://www.instagram.com/divinehindu.in,https://www.facebook.com/divinehindu,,,https://www.youtube.com/@DivineHinduIndia,Religious & Pooja,"Explore our collection of authentic Rudraksha beads, spirituality items & spiritual jewelry with govt. lab certification,inspired by Hindu culture and traditions.",meta_json,https://cdn.shopify.com/s/files/1/0790/4988/3955/files/divineHinduLogo.webp,Haryana,Gurugram,06AAKCD8130H1ZO,meta.json country=IN; currency=INR; state=Haryana; .in domain; GSTIN on site; +91 phone on site,9
336,Leeford,https://leefordortho.in,care@leefordortho.in,+919875931591,https://www.instagram.com/leefordortho,https://www.facebook.com/leefordhealthcareofficial,https://x.com/leefordofficial,https://in.linkedin.com/company/leeford-healthcare-limited,https://www.youtube.com/@LeefordOrtho,Sports & Fitness,"Discover Leeford Ortho’s orthopedic products for pain relief, joint support, and mobility. Trusted by healthcare experts for comfort and quality.",meta_json,https://www.leefordortho.in/cdn/shop/files/leeford_logo_new_1_-01.svg?v=1743513171&width=100,Punjab,Ludhiana,,meta.json country=IN; currency=INR; state=Punjab; .in domain; +91 phone on site,9
337,Sleepyhead,https://mysleepyhead.com,support@mysleepyhead.com; grievance@mysleepyhead.com,+918884884345; +918040363753,https://www.instagram.com/sleepyheadhq,https://www.facebook.com/SleepyheadHQ,https://twitter.com/SleepyheadHQ,https://in.linkedin.com/company/mysleepyhead,https://www.youtube.com/@SleepyheadHQ,Home & Decor,"Shop best quality mattresses, beds, sofa sets and recliners online. Get free delivery, up to 100 night trial and 10 years warranty, only on Sleepyhead",meta_json,https://mysleepyhead.com/cdn/shop/files/sleepyhead-logo.png?v=1763549039&width=500,Karnataka,Bengaluru,,meta.json country=IN; currency=INR; state=Karnataka; +91 phone on site; Indian PIN code on site,9
338,Waidon,https://waidon.com,info@adonhaircare.com; info@waidon.com,+919595676676,https://www.instagram.com/waidonofficial,https://www.facebook.com/adonhaircare,,https://www.linkedin.com/company/waidon,https://www.youtube.com/@waidonhindi,Health & Wellness,"Discover doctor-approved, AI-powered hair loss analysis with Waidon — trusted by 4L+ satisfied customers for clinically guided hair treatments. Waidon — Doctor-Approved Hair Treatment Store: Shop 100+ clinically tested hair treatments at affordable prices. ✔️ Genuine Products ✔️ Doctor-Curated Brand",meta_json,https://waidon.com/cdn/shop/files/wAidon_Logo.svg?v=1739334358&width=500,Maharashtra,Mumbai,27AADCF0054D1Z6,meta.json country=IN; currency=INR; state=Maharashtra; GSTIN on site; +91 phone on site,9
339,Baybee India,https://baybee.co.in,care@baybee.co.in; bdm@galaxyinc.in; socialmedia@baybee.co.in; bulkorders@baybee.co.in,+918015527083; +917520444000,https://www.instagram.com/baybee.india,https://www.facebook.com/profile.php?id=100094192320131,https://x.com/Baybee_IN,https://www.linkedin.com/company/baybee,https://www.youtube.com/@baybee_india,Baby & Kids,"Shop India's #1 baby brand — strollers, high chairs, ride-ons, cribs & more. 1 Million+ happy parents. Certified, safety-tested products. Free shipping. Shop now!",meta_json,https://baybee.co.in/cdn/shop/files/Baybee_logo_1.png?v=1768816330&width=111,Tamil Nadu,Chennai,,meta.json country=IN; currency=INR; state=Tamil Nadu; .in domain; +91 phone on site,9
340,Gro Club,https://gro.club,support@gro.club,+919513631850,https://www.instagram.com/mygroclub,https://www.facebook.com/mygroclub,https://twitter.com/mygroclub,https://in.linkedin.com/company/mygroclub,https://www.youtube.com/channel/UClOPwTJf90BAD7nJsm1hBJQ,Baby & Kids,"The world’s first circular kids’ brand offering Smart Ownership of bicycles, cradles, strollers and more - upgrade as your child grows, with ease and sustainability.",meta_json,https://gro.club/cdn/shop/files/Gro_Logo.png?v=1659516770&width=85,Karnataka,Bengaluru,,meta.json country=IN; currency=INR; state=Karnataka; +91 phone on site,9
341,thrillerrr,https://thrillerrr.in,support@thrillerrr.in,+919319255881; +919831313110,https://www.instagram.com/thrillerrr.in,https://www.facebook.com/profile.php?id=61577901149336,https://x.com/home,https://www.linkedin.com/company/thrillerrr/posts,https://www.youtube.com/@thrillerrrindia,Gifts & Hampers,"Shop premium wellness products & personal accessories for adults in India. Discreet delivery, Safe materials & Thoughtfully curated products.",meta_json,https://www.thrillerrr.in/cdn/shop/files/logo.webp?v=1757075035&width=500,Delhi,New Delhi,,meta.json country=IN; currency=INR; state=Delhi; .in domain; +91 phone on site,9
342,GK Publications,https://gkpublications.com,gkp@gkpublications.com; info@gkpublications.com,+919311640900,https://www.instagram.com/gkponline,https://www.facebook.com/gkpub,https://twitter.com/GKPonline,https://in.linkedin.com/company/gkpublications,https://www.youtube.com/channel/UCCbxS6mvieQJmo0CIGXhbFQ,Books & Stationery,"GK Publications (GKP) is an Indian test-prep publisher offering books, solved papers, handbooks, and mock tests for competitive exams like UPSC, GATE, IIT-JEE, NEET, SSC, Banking, Defence, and school-level entrance tests.",meta_json,https://gkpublications.com/cdn/shop/files/GKPLogBlack.png,Delhi,New Delhi,,meta.json country=IN; currency=INR; state=Delhi; +91 phone on site,9
343,Amrutam,https://amrutam.co.in,support@amrutam.co.in,+919713171999,https://www.instagram.com/amrutamofficial,https://www.facebook.com/AmrutamOfficial,https://twitter.com/amrutamofficial,https://www.linkedin.com/company/amrutam-pharma,https://www.youtube.com/channel/UCZTlecy-WlwAh-ZZpv94PIQ,Health & Wellness,"Explore Amrutam’s wide range of Ayurvedic products designed to enhance health and wellness for both women and men. From menstrual health to immune support, hair care, skin care - our natural formulations are crafted to restore balance and vitality. Embrace the power of Ayurveda for a healthier life.",meta_json,https://amrutam.co.in/cdn/shop/files/only_text_Amrutam_Logo_in_Green-09_5580cc82-5bb1-43d6-9ed8-f5d51c04d1f8.png?v=1658129548&width=200,Madhya Pradesh,Gwalior,,meta.json country=IN; currency=INR; state=Madhya Pradesh; .in domain; +91 phone on site,9
344,Steadfast Nutrition,https://steadfastnutrition.in,info@steadfastnutrition.in,+917428007230,https://www.instagram.com/steadfastnutrition,https://www.facebook.com/steadfastnutrition,https://twitter.com/sn_premium,https://www.linkedin.com/company/steadfastnutrition,https://www.youtube.com/c/SteadfastNutrition,Health & Wellness,"Fuel your performance with Steadfast Nutrition. Discover lab-tested, organ-friendly wellness & sports supplements, and single-serve protein sachets built for elite athletes & fitness enthusiasts.",meta_json,https://www.steadfastnutrition.in/cdn/shop/files/Logo1.jpg?v=1716271115,Uttar Pradesh,Noida,,meta.json country=IN; currency=INR; state=Uttar Pradesh; .in domain; +91 phone on site,9
345,Atlantic Books,https://atlanticbooks.com,customerservice@atlanticbooks.com; customerservice@atlanticpublishing.com; orders@atlanticbooks.com,+919355505734; +911140775209; +911138301361,https://www.instagram.com/atlanticbookworld,https://www.facebook.com/AtlanticPublishers,https://x.com/atlanticbooksco,https://www.linkedin.com/company/atlantic-publishers-and-distributors-pvt-limited,https://www.youtube.com/@atlanticpublisheranddistibuter,Books & Stationery,"Buy Books Online in India. Shop from over 15 million books online. Free Shipping all over India. Online bookstore, buy books, shop books, buy fiction books. Established in 1977, Atlantic is India’s leading distributors of books partnering world’s leading publishers in Science & Technology, Managemen",meta_json,https://atlanticbooks.com/cdn/shop/files/9_0bbcf2f6-2455-4813-964d-e277fb7eb80d_514x150.png?v=1765198201,Delhi,Delhi,,meta.json country=IN; currency=INR; state=Delhi; +91 phone on site,9
346,Pokonut,https://pokonut.com,support@pokonut.com; suraj@pokonut.com; basavaraj@pokonut.com; care@pokonut.com,+916363501207; +919035675358,https://www.instagram.com/pokonutindia,https://www.facebook.com/pokonutindia,https://twitter.com/PokonutI,https://www.linkedin.com/company/pokonut,https://www.youtube.com/@pokonutindia2446,Beauty & Personal Care,Discover skincare and haircare products made with effective natural ingredients. Pokonut combines modern formulation with gentle everyday care!,meta_json,https://www.pokonut.com/cdn/shop/files/11-11-Media-x-Pokonut-Whiteboard-06-01-2025_01_46_AM.png?v=1784531191&width=500,Karnataka,Bengaluru,,meta.json country=IN; currency=INR; state=Karnataka; +91 phone on site,9
347,Lavos Performance,https://lavosperformance.com,support@lavosperformance.com; admin@bsapparelindia.com,+919994511411,https://www.instagram.com/lavosindia,https://www.facebook.com/LavosIndia,https://x.com/lavosperformanc,https://www.linkedin.com/company/lavos-performance,https://www.youtube.com/@LavosPerformance,Apparel & Fashion (Women),"Shop premium innerwear, period panties, bras & activewear for women and men. Soft, breathable & sustainable performance wear by Lavos.",meta_json,https://www.lavosperformance.com/cdn/shop/files/lavos-144px.svg?v=1758632046,Tamil Nadu,Tirupur,,meta.json country=IN; currency=INR; state=Tamil Nadu; +91 phone on site,9
348,Aroma Magic ,https://aromamagic.com,customercare@aromamagic.com,+919811642820,https://www.instagram.com/aromamagicindia,https://www.facebook.com/aromamagicindia,https://x.com/AromaMagicIndia,https://www.linkedin.com/company/aromamagicindia,https://www.youtube.com/@aromamagicindia,Beauty & Personal Care,"Shop natural skin care, hair care & aromatherapy products at Aroma Magic. Discover face wash, sunscreen, essential oils & herbal beauty products for healthy skin.",meta_json,https://aromamagic.com/cdn/shop/files/aromamagic.png?v=1644578749&width=170,Delhi,Delhi,,meta.json country=IN; currency=INR; state=Delhi; +91 phone on site,9
349,Anantham Silks,https://ananthamsilks.com,estore@ananthamsilks.com,+918925990171; +919944992000; +914567221111,https://www.instagram.com/ananthamsilks,https://www.facebook.com/@AnanthamSlks,https://x.com/ananthamsilks,,https://www.youtube.com/@AnanthamSilks,Apparel & Fashion,"Discover Anantham Silks, where we blend tradition and style in Indian sarees, preserving heritage while embracing innovative designs for every occasion.",meta_json,https://ananthamsilks.com/cdn/shop/files/anan_logo_1.png?v=1785913044&width=500,Tamil Nadu,Ramanathapuram,,meta.json country=IN; currency=INR; state=Tamil Nadu; +91 phone on site,9
350,ArtZolo.com,https://artzolo.com,info@artzolo.com; marketing@artzolo.com,+919956445560,https://www.instagram.com/artzolo,https://www.facebook.com/theartzolo,https://twitter.com/artzolo,https://www.linkedin.com/company/3680464,,Art & Craft,"Original paintings, sculptures, photography & more by India's top artists. Curated collections, secure checkout & worldwide delivery. Shop Now!",meta_json,https://cdn.shopify.com/s/files/1/0781/4555/2668/files/artzolo_logo.jpg?v=1697536073,Maharashtra,Mumbai,,meta.json country=IN; currency=INR; state=Maharashtra; +91 phone on site,9
351,Aseem Shakti,https://aseemshakti.com,aseemsupport@aseemshakti.com; info@aseemshakti.com,+919920757359; +919137249157,https://www.instagram.com/aseembyaseemshakti,https://www.facebook.com/becauseyourelimitless,,,,Apparel & Fashion,"Buy ready to wear sarees with pocket by AseemShakti. India's first pocket sari brand. 15 seconds drape for weddings, parties, work, pujas & more. As seen on Shark Tank.",meta_json,https://www.aseemshakti.com/cdn/shop/files/Aseem_Shakti_1.png?v=1731491102&width=500,Maharashtra,Mumbai,27AAQCA4530L1ZC,meta.json country=IN; currency=INR; state=Maharashtra; GSTIN on site; +91 phone on site,9
352,banarassilksarees,https://banarassilks.com,banarassilkss@gmail.com,+918887633657; +919453714101,https://www.instagram.com/banarassilksarees,https://www.facebook.com/banaraseesareess,,,https://www.youtube.com/@banarassilksarees,Apparel & Fashion,"Shop elegant Banarasi sarees online – pure silk, handloom & designer styles. Fast shipping & secure checkout. maharani tissue silk saree mirror work saree ghunghru work saree",meta_json,https://banarassilks.com/cdn/shop/files/BSS_GOLD_31fdd858-4283-4e71-b762-f7e49896d157.png?v=1670070286&width=1343,Uttar Pradesh,Varanasi,09BCIPA0182Q1ZC,meta.json country=IN; currency=INR; state=Uttar Pradesh; GSTIN on site; +91 phone on site,9
353,cunei,https://cuneiindia.com,customercare@cuneiindia.com,+919326469695,https://instagram.com/cunei.india,https://www.facebook.com/cunei.india,https://www.x.com/cuneiindia,,https://www.youtube.com/channel/UCwgoSdp9KaEJDlTpo8i6Ctg,Jewellery & Accessories,"Best Womens Shoes, Sandals, Flats, Heels and more in India. Shop Now at Cunei India. Fast Shipping. Easy Returns and Exchanges.",meta_json,https://cdn.shopify.com/s/files/1/0653/4273/4549/files/cunei-logo.png,Maharashtra,Mumbai,,meta.json country=IN; currency=INR; state=Maharashtra; +91 phone on site,9
354,Goenka Jewellers : Lab Grown Diamond Jewellery,https://goenkajewellers.com,sales@goenkajewellers.com; arpangoenka@gmail.com,+919830096144; +919830252262,https://www.instagram.com/goenkajewellers,https://www.facebook.com/goenkajewellers,,https://www.linkedin.com/company/goenkajewellers,https://www.youtube.com/@goenkajewellers,Jewellery & Accessories,"Buy IGI certified lab grown diamond jewellery in India. Rings, Earrings, Necklaces & Bracelets. Same-day delivery Kolkata. 100% buyback assured.",meta_json,https://goenkajewellers.com/cdn/shop/files/goenka_jwellers_logo.avif?v=1772695941&width=500,West Bengal,Kolkata,,meta.json country=IN; currency=INR; state=West Bengal; +91 phone on site,9
355,Goonjasa,https://goonjasa.in,goonjasastore@gmail.com; goonjasacare@gmail.com; goonjasainternational@gmail.com,+919213022422; +919687648115,https://www.instagram.com/goonjasa,https://www.facebook.com/goonjasa,,,https://www.youtube.com/@goonjasaofficial,Apparel & Fashion,"Shop the latest sarees, lehenga cholis, gowns, kurtas, and designer ethnic wear at Goonjasa. Explore premium collections of traditional & western wear with worldwide shipping.",meta_json,https://www.goonjasa.in/cdn/shop/files/Goonjasa_Logo_-_English_872847de-db47-4323-a7f7-a2fb04c54222.png?v=1753114933&width=130,Gujarat,Surat,24EPGPM7021J1ZU,meta.json country=IN; currency=INR; state=Gujarat; .in domain; GSTIN on site; +91 phone on site,9
356,Regal Shoes,https://regalshoes.in,orders@regalshoes.co.in,+919819939302,https://www.instagram.com/regalshoes.in,https://www.facebook.com/regalshoes.in,,https://in.linkedin.com/company/regal-shoes,https://www.youtube.com/channel/UC9qfrQ59rAQhUul-1mz4kZA,Footwear,"Shop premium & branded footwear at Regal Shoes. Discover branded shoes for men & women and premium branded bags crafted with 70 years of trusted craftsmanship, delivered across India with hassle-free shipping.",meta_json,https://www.regalshoes.in/cdn/shop/files/401-2021_11_15-RegalSHoes_Logo.webp?v=1741766668&width=155,Maharashtra,Mumbai,,meta.json country=IN; currency=INR; state=Maharashtra; .in domain; +91 phone on site,9
357,Glamgait,https://glamgait.in,help.glamgait@gmail.com,+918401970022,https://www.instagram.com/glamgait_india,https://www.facebook.com/profile.php?id=61573729394074,,,https://www.youtube.com/@GlamgaitIndia,Apparel & Fashion,"Looking for stylish and affordable girls' dresses? Shop the latest collection at Glamgait – your one-stop destination for sarees, gown, lehenegas at best prices in India. We offer a wide range of girls’ dresses perfect for every occasion, all backed by our easy Cash on Delivery option and 7-day hass",meta_json,https://glamgait.in/cdn/shop/files/Glaimgait-logo_1_1416x.png?v=1749375939,Gujarat,surat,24BZPPV9213H1ZU,meta.json country=IN; currency=INR; state=Gujarat; .in domain; GSTIN on site; +91 phone on site,9
358,Hug A Plant,https://hugaplant.com,care@hugaplant.com; ehugaplant@gmail.com,+919747829970; +919544029970,https://www.instagram.com/hug_a_plant,https://www.facebook.com/ehugaplant,https://twitter.com/hugaplant,,https://www.youtube.com/@hugaplant8247,Plants & Gardening,Lets Hug & Love Plants!!,meta_json,https://www.hugaplant.com/cdn/shop/files/Hug_A_Plant_Logo_2.png?v=1688837016&width=500,Kerala,Aluva ,,meta.json country=IN; currency=INR; state=Kerala; +91 phone on site; Indian PIN code on site,9
359,HYARA,https://hyara.in,care@hyara.in; orders@hyara.in; hello@hyara.in; hi@hyara.in,+917305970531; +918778088599,https://www.instagram.com/hyara.in,https://www.facebook.com/hyara.india,,https://www.linkedin.com/company/hyara-in,https://www.youtube.com/@hyara-india,Apparel & Fashion,"Handcrafted outfits designed for real women. Hyara blends heritage, comfort, and modern style through premium fabrics and thoughtful craftsmanship.",meta_json,https://hyara.in/cdn/shop/files/HAYRA_LOGO_INVERSE.avif?v=1782901530&width=500,Tamil Nadu,Tiruppur,,meta.json country=IN; currency=INR; state=Tamil Nadu; .in domain; +91 phone on site; Indian PIN code on site,9
360,11Cart,https://11cart.com,sales@11cart.com,+919769876609; +919638026901,https://www.instagram.com/11_cart,https://www.facebook.com/11Cart,https://x.com/11cartOfficial,,https://www.youtube.com/c/11CartOfficial,Automotive,"Shop the best kids ride-on cars, electric bikes & jeeps in India. Free shipping on orders ₹7,499+. COD available. Order now at 11Cart!",meta_json,https://www.11cart.com/cdn/shop/files/Tasqoon_Logo.png?v=1735014432&width=180,Gujarat,Surat,,meta.json country=IN; currency=INR; state=Gujarat; +91 phone on site,9
361,D DASS Store,https://ddassstore.com,care@ddassstore.com; welcome.ddass@gmail.com,+918955523796,https://www.instagram.com/ddassstore,https://www.facebook.com/ddassstore,https://twitter.com/ddassindia,,https://www.youtube.com/@ddassstore,Religious & Pooja,Buy wooden temple and Furniture for home online in India! Get quality Solid-Wood Mandirs and Furniture crafted with precision. Shop for your favorite design & enjoy free shipping on all orders in India.,meta_json,https://ddassstore.com/cdn/shop/files/dlogo.webp?v=1715058612,Rajasthan,Jodhpur,,meta.json country=IN; currency=INR; state=Rajasthan; +91 phone on site,9
362,Hayat's Lucknowi,https://hayatslucknowi.com,support@hayatslucknowi.com,+918105435527,https://www.instagram.com/hayatslucknowi,https://www.facebook.com/hayatslucknowi,https://x.com/HayatsLucknowi,,https://www.youtube.com/@hayatslucknowi,Apparel & Fashion (Women),"Shop handcrafted Lucknowi Chikankari kurtas, suit sets & kurtis in cotton, georgette & rayon. Free shipping across India. COD available.",meta_json,https://hayatslucknowi.com/cdn/shop/files/Fabric_Label_HL_4.png?v=1764257475&width=500,Rajasthan,Kota,,meta.json country=IN; currency=INR; state=Rajasthan; +91 phone on site,9
363,GemsRoot,https://gemsroot.com,info@gemsroot.com,+917428522177; +911143148316,https://www.instagram.com/gemsroot_official,https://www.facebook.com/gemsroot,,https://www.linkedin.com/company/gemsroot,https://www.youtube.com/@gemsroot,Jewellery & Accessories,"Shop genuine gemstones online at Gemsroot.com. Explore natural, certified gemstones in various colors, cuts and sizes. Choose from a wide range of gemstones and shop securely today.",meta_json,https://www.gemsroot.com/cdn/shop/files/GemsRoot-logo_320c4c94-f471-4f94-a857-fdb3966adeef_471x89.webp?v=1756391684,Haryana,Gurugram,,meta.json country=IN; currency=INR; state=Haryana; +91 phone on site,9
364,Veeba,https://veeba.in,hello@veeba.in; vrb.careers@veeba.in; customercare@veeba.in,+911244653250,https://www.instagram.com/veeba_in,https://www.facebook.com/Veeba.in,https://x.com/veeba_in,,https://www.youtube.com/@VeebaIndia,Food & Beverages,"Transform your home-made food with Veeba's sauces, mayo, spreads & dressings.Quality ingredients and innovation makes every meal a delicious celebration of daily hardwork.",meta_json,https://veeba.in/cdn/shop/files/veeba-logo.png,Haryana,Gurugram,,meta.json country=IN; currency=INR; state=Haryana; .in domain; +91 phone on site,9
365,Abana Homes,https://abanahomes.com,care@abanahomes.com; shop@abanahomes.com; vs@abanahomes.com,+919999558672; +919315569090,https://www.instagram.com/abanahomesindia,,,,,Plants & Gardening,"India's largest bonsai nursery since 2018 — bonsai trees, indoor plants & expert care guidance, delivered safely nationwide to 3,00,000+ happy customers.",meta_json,https://abanahomes.com/cdn/shop/t/20/assets/abana-logo.png?v=5061026273120227651780991879,Uttar Pradesh,Greater Noida,09ATRPV6502C1ZD,meta.json country=IN; currency=INR; state=Uttar Pradesh; GSTIN on site; +91 phone on site,9
366,Alaya by Stage3,https://alayabystage3.com,hello@alayabystage3.com; help@alayabystage3.com,+918448863937,https://www.instagram.com/alayabystage3,https://www.facebook.com/AlayaByStage3Store,https://x.com/Alaya_by_Stage3,,https://www.youtube.com/@Alaya_By_Stage3,Apparel & Fashion,"Shop a trendy curation of Kurtas, Dresses, Tops, Bottoms, Saris & more styled by your favourite designer & influencers. COD Available. Free Shipping. Hassle-Free Returns.",meta_json,https://alayabystage3.com/cdn/shop/files/Asset_4_55334a68-3270-441b-b644-a8723b89b01b.png?v=1732772946&width=1081,Haryana,Gurugram,,meta.json country=IN; currency=INR; state=Haryana; +91 phone on site,9
367,AMOUNEE - Handloom & Handicraft,https://amounee.com,info@amounee.com; megha@amounee.com,+919909949401,https://www.instagram.com/_amounee_,https://www.facebook.com/Amounee1,https://twitter.com/amounee1,,https://www.youtube.com/channel/UCt3Gwg_fJjJJvXxs2_uuEPQ,Apparel & Fashion,A one stop digital platform to conveniently buy 100% authentic handloom and handicraft from the rural artisans and weavers directly.,meta_json,https://amounee.com/cdn/shop/files/logo_1_6164b3f4-f4da-4260-92c3-e17f30a48216.png?v=1692175161&width=130,Gujarat,Ahmedabad,,meta.json country=IN; currency=INR; state=Gujarat; +91 phone on site,9
368,Herbalmax,https://herbalmax.in,support@herbalmax.in,+919669596694; +918878268888,https://www.instagram.com/herbalmax_india,https://www.facebook.com/Herbalmax.in,https://x.com/herbalmax_india,,https://www.youtube.com/@herbalmaxhealthcare,Health & Wellness,"Shop Herbalmax for Ayurvedic health supplements that boost skin glow, hair strength, and overall wellness. 100% natural, safe, and effective. Order now!",meta_json,https://herbalmax.in/cdn/shop/files/logo_1.webp?v=1731665229&width=500,Haryana,Gurugram,,meta.json country=IN; currency=INR; state=Haryana; .in domain; +91 phone on site; Indian PIN code on site,9
369,ASC Fashion Store Pvt Ltd,https://ascfashionstore.com,cxsupport@ascfashionstore.com,+919322321822,https://www.instagram.com/ascfashionstore,,,,,Apparel & Fashion (Women),"ASC Fashion Store Pvt. Ltd. is a family-run cotton house from Kondhwa, Pune — dressing women of every size in pure, soft cotton for over 20 years.Every suit, kurti and cord-set we sell is made from 100% soft cotton sourced directly from the mill — no middlemen, no shortcuts.",about_meta_description,https://ascfashionstore.com/cdn/shop/files/asc-fashion-logo.png?v=1746644729&width=500,Maharashtra,Pune,27AAVCA2672E1ZF,meta.json country=IN; currency=INR; state=Maharashtra; GSTIN on site; +91 phone on site; Indian PIN code on site,9
370,Dritya Jewelry,https://drityajewelry.com,hello@drityajewelry.com; contact@drityajewelry.com; sales@drityajewelry.com; info@drityajewelry.com; mydata@drityajewelry.com,+919966993994; +919989841222,https://www.instagram.com/drityajewelry,https://www.facebook.com/drityajewelry,,,,Jewellery & Accessories,"Explore our curated collection of beautiful necklaces, earrings, and beyond, designed to bring out the best in your style.",meta_json,https://drityajewelry.com/cdn/shop/files/Name_Logo_Maroon.png?v=1746981526&width=2029,Andhra Pradesh,Machilipatnam,37AAMCD2810J1ZL,meta.json country=IN; currency=INR; state=Andhra Pradesh; GSTIN on site; +91 phone on site,9
371,Iconic India,https://iconicindia.com,care@iconicindia.com; escalation@iconicindia.com,+917306660660,https://www.instagram.com/iconicfashionindia,https://www.facebook.com/iconicfashionindia,,https://www.linkedin.com/company/iconic-fashion-india,https://www.youtube.com/@iconicfashionindia,Apparel & Fashion (Men),"Shop Online for Men, Women and Kids Clothing from Premium International Brands like Gant, Antony Morato, True Religion, Iconic, Just Cavalli, DKNY, Kendall+Kylie, Blue Giraffe, Elle, & more at Iconic India.",meta_json,https://www.iconicindia.com/cdn/shop/files/iconic-logo.png?v=1698047257&width=500,Haryana,Gurugram,,meta.json country=IN; currency=INR; state=Haryana; +91 phone on site,9
372, Ajanta Shoes India Pvt. Ltd.,https://ajantashoes.com,info@ajantashoes.com; ecom.manager@ajantashoes.com,+9118002024950; +919748431818; +919147167607,https://www.instagram.com/ajanta_footcare,https://www.facebook.com/AjantaFootcare,,https://in.linkedin.com/company/ajanta,https://www.youtube.com/channel/UCCxiWzPdCFsM4bnto2r8qLg,Footwear,"Shop Ajanta Shoes online for stylish footwear & accessories for men, women & kids. Enjoy trendy collections, quality comfort & hassle-free shopping across India.",meta_json,https://ajantashoes.com/cdn/shop/files/logo_1.png?v=1727602054&width=156,West Bengal,,,meta.json country=IN; currency=INR; state=West Bengal; +91 phone on site,9
373,BAAORI,https://baaori.com,baaoribazaar@gmail.com; hello@baaori.com,+919773322279,https://www.instagram.com/baaoribazaar,https://www.facebook.com/baaoribazaar,,,https://www.youtube.com/@Baaori,Apparel & Fashion,"Baaori – Discover timeless elegance in premium women’s fashion. Shop designer kurtas, co-ord sets, dresses, and Farshi salwars crafted with superior quality and contemporary design.",meta_json,https://baaori.com/cdn/shop/files/BaooriLogo_180x_d63f5129-5046-499a-8810-fcc9c5cdd25b.png?v=1707125736&width=180,Rajasthan,Jaipur,08BNIPB6939H1ZS,meta.json country=IN; currency=INR; state=Rajasthan; GSTIN on site; +91 phone on site,9
374,Bindass Books,https://bindassbooks.in,bindassbooks@gmail.com,+919403893926; +917678211892; +918062178202,https://www.instagram.com/bindassbooks,https://www.facebook.com/bindassbooks,https://x.com/BindassBooks,,https://www.youtube.com/@bindassbooks,Books & Stationery,"Discover a diverse collection of books and novels at Bindass Books since 2017. Enjoy the convenience of free shipping, a 7-day return policy, and COD options. Dive into the joy of reading with Bindass Books",meta_json,https://bindassbooks.in/cdn/shop/files/logo.png?height=100&v=1703617329,Delhi,new delhi,07DVLPM1298H1Z4,meta.json country=IN; currency=INR; state=Delhi; .in domain; GSTIN on site; +91 phone on site,9
375,Deep Ayurveda India,https://deepayurveda.in,info@deepayurveda.com,+917087038065; +911725099999,https://www.instagram.com/deepayurvedaofficial,https://www.facebook.com/ayurvedaglobals,https://x.com/DeepAyurveda,,https://www.youtube.com/@deepayurveda/videos,Health & Wellness,Deep Ayurveda offers the best quality modern ayurvedic medicines products with natural ingredients and supplements online to improve your lifestyle.,meta_json,https://www.deepayurveda.in/cdn/shop/files/logo_1.png?v=1787988966&width=500,Punjab,Sahibzada Ajit Singh Nagar,,meta.json country=IN; currency=INR; state=Punjab; .in domain; +91 phone on site,9
376,embroiderymaterial.com,https://embroiderymaterial.com,care@embroiderymaterial.com,+918826002179; +911204988495,https://www.instagram.com/embroiderymaterial_official,https://www.facebook.com/Embroiderymaterialcom,,https://www.linkedin.com/company/embroiderymaterial-com,https://www.youtube.com/channel/UC7apkChfcaeSpbiG60gOVmw,Art & Craft,"www.embroiderymaterial.com is the 1st choice of Artisans who deals in embroidery, beading, craft & jewelry making. You can buy French metallic wires, Beads, Sequins, Threads, Needles, tools & other supplies online at wholesale prices. Brands Swarovski, Miyuki, Preciosa, Tulip are available with inte",meta_json,https://embroiderymaterial.com/cdn/shop/files/logo.png?v=1723616548&width=250,Uttar Pradesh,Noida,,meta.json country=IN; currency=INR; state=Uttar Pradesh; +91 phone on site; Indian PIN code on site,9
377,Glamour World Ayurvedic ,https://gwayurvedic.com,admin@gwayurvedic.com,+9118001231802,https://www.instagram.com/gwayurvedic,https://www.facebook.com/GWAyurvedic,https://twitter.com/GWAyurvedic,,https://www.youtube.com/@gwayurvedic2004/featured,Beauty & Personal Care,"Our Green Tea Cica Range Combo includes a Face Wash, Toner, and Aqua Gel Moisturizer, each infused with the powerful benefits of Green Tea and Cica (Centella Asiatica), ideal for all skin types.",meta_json,https://gwayurvedic.com/cdn/shop/files/GWAyurvedhic-logo_240x.jpg?v=1721918360,West Bengal,Kolkata,,meta.json country=IN; currency=INR; state=West Bengal; +91 phone on site,9
378,AreoVeda,https://areoveda.in,info@areoveda.in,+9118002025255,https://www.instagram.com/areoveda,https://www.facebook.com/skincarewithareoveda,https://x.com/AreoVeda,,https://www.youtube.com/@areoveda,Baby & Kids,"India's Ecocert & EWG-verified pregnancy and baby skincare brand. Clinically tested, 98%+ natural. Shop stretch mark creams, baby creams & more",meta_json,https://www.areoveda.in/cdn/shop/files/AV_Whitelogo-01-01_1e7a1eb3-5117-4136-abfe-ce01bff4996f.webp?v=1744371386&width=604,Tamil Nadu,chennai,,meta.json country=IN; currency=INR; state=Tamil Nadu; .in domain; +91 phone on site,9
379,autoengina.com,https://autoengina.com,support@autoengina.com,+918552006005,https://www.instagram.com/autoengina,https://www.facebook.com/autoengina,https://x.com/AutoEngina,,https://youtube.com/@autoengina,Automotive,"Shop premium motorcycle accessories and lifestyle products from Auto Engina, India’s leading manufacturer. FREE shipping & Shipping to 25+ Countries.",meta_json,https://autoengina.com/cdn/shop/files/auto-engina-white-logo_png.png?v=1718447335&width=2355,Maharashtra,Pune,,meta.json country=IN; currency=INR; state=Maharashtra; +91 phone on site,9
380,Chitra Apparels,https://chitraapparel.com,info@chitraapparel.com,+918949663773; +919680960449; +913838404246,https://www.instagram.com/chitrafashions2017,https://www.facebook.com/chitrafashions2017,https://x.com/ChitraFashions,,https://www.youtube.com/@ChitraFashions,Apparel & Fashion,"Embrace tradition with a modern twist! Explore our curated range of Indian ethnic wear—Sarees, Kurtis, Lehengas, and more. Elevate your style effortlessly.",meta_json,https://chitraapparel.com/cdn/shop/files/chitra_green_logo_png.png?v=1750236192&width=500,Rajasthan,Rajsamand,,meta.json country=IN; currency=INR; state=Rajasthan; +91 phone on site; Indian PIN code on site,9
381,Hari Darshan,https://haridarshan.com,sales@haridarshan.com; team@haridarshan.com; ecommerce@haridarshan.com,+917669916631,https://www.instagram.com/haridarshanindia,https://www.facebook.com/HariDarshanIndia,https://x.com/HariDarshanin,,https://www.youtube.com/channel/UC3a05LueCb0ob2rRldyLEmg,Religious & Pooja,"Trust of 50 Years, Hari Darshan Official Website - Shop for Certified Natural and Organic Agarbatti, Dhoop, Chandan Tika & Hawan Samagri. Shop Now!",meta_json,https://www.haridarshan.com/cdn/shop/files/Hari_Darshan_Logo_3c15440c-61ac-421d-be12-efe56f2deb51.png?v=1699421915&width=500,Delhi,Delhi,,meta.json country=IN; currency=INR; state=Delhi; +91 phone on site,9
382,BATTERYWORKS,https://batteryworks.in,support@batteryworks.in,+918291369727,,,,https://www.linkedin.com/company/batteryworks,,Electronics & Gadgets,"Batteryworks delivers custom-built battery packs, global battery sourcing, and energy storage solutions with best pricing, quality, and reliability. Now you can buy all types of Batteries on batetryworks.in",meta_json,https://batteryworks.in/cdn/shop/files/batteryworks_white_transparent_bg.png?v=1757219771,Maharashtra,Thane,27ABFFB3731M1ZB,meta.json country=IN; currency=INR; state=Maharashtra; .in domain; GSTIN on site; +91 phone on site,9
383,Discov Accessories,https://discovaccessories.com,info@discovaccessories.com,+919147707636,https://www.instagram.com/shop.discov,https://www.facebook.com/discovaccessories,,https://www.linkedin.com/company/discovaccessories,https://www.youtube.com/@shopdiscov,Jewellery & Accessories,"One Stop for All Fashion Accessories for Women. Discov stands for discovering your unique fashion identity through versatile and beautifully designed accessories. A wide variety of modern jewelry, chic bags, sleek belts, and statement jackets. It’s a lifestyle choice for modern women!",meta_json,https://discovaccessories.com/cdn/shop/files/discove_logo_1.png?v=1772004339&width=500,West Bengal,Kolkata,,meta.json country=IN; currency=INR; state=West Bengal; +91 phone on site,9
384,Helios India,https://heliosindia.com,care@heliosindia.com; mail@heliosindia.com,+911800114252; +918943441011,https://www.instagram.com/heliosindia,https://www.facebook.com/HeliosIndia,,https://www.linkedin.com/company/heliosindia,https://www.youtube.com/channel/UCNx24pwQPYuyD-w6zKtub8w,Footwear,"Better care for every step. Discover Helios premium shoe care & foot care products, designed to keep your footwear looking great and your feet feeling their best.",meta_json,https://heliosindia.com/cdn/shop/files/Helios_Black_Logo.png?v=1718619431&width=500,Haryana,Sonipat,,meta.json country=IN; currency=INR; state=Haryana; +91 phone on site,9
385,Bike Experts-WholeSale Two Wheeler Riding Gears & Accessories Store,https://bikeexperts.in,contact@bikeexperts.in; bikeexpertpy@gmail.com,+919807034444,https://www.instagram.com/bikeexpertspondy,,,,,Automotive,"Discover Premium Bike accessories at Bike Experts, India’s trusted destination for top-quality Protection Gears for all major two wheelers and Riding essentials for all Riders!",meta_json,https://bikeexperts.in/cdn/shop/files/Untitled_design_1.png?v=1729767540&width=80,Puducherry,Pondicherry,34DKAPP9344F2Z1,meta.json country=IN; currency=INR; state=Puducherry; .in domain; GSTIN on site; +91 phone on site,9
386,BoboGears,https://bobogears.com,care@bobogears.com; pr@bobogears.com; sales@bobogears.com; marketing@bobogears.com; influencer@bobogears.com,+919902229003,https://www.instagram.com/_bobogears,https://www.facebook.com/bobogears.in,,https://linkedin.com/company/bobogears,https://www.youtube.com/@bobogears9438,Automotive,"Shop premium Bike accessories from Bobogears. Explore Mobile Holders, Chargers, Aux lights and more for every ride.",meta_json,https://bobogears.com/cdn/shop/files/BOBO-450x110-1.webp?v=1769163876&width=500,Karnataka,Bengaluru,,meta.json country=IN; currency=INR; state=Karnataka; +91 phone on site; Indian PIN code on site,9
387,Charactr,https://charactr.in,charactrexchanges@gmail.com; charactrclothing@gmail.com,+918668470528,https://www.instagram.com/charactr.co.in,,,https://www.linkedin.com/company/charactr-co-in,https://youtube.com/@charactrclothing,Apparel & Fashion (Women),"Discover Charactr's unique urban streetwear for Gen Z. Shop aesthetic oversized tees, baggy pants & designer pieces. India's coolest unisex brand. Explore now!",meta_json,https://www.charactr.in/cdn/shop/files/Monogram_Black_without_background_79831ca7-01a5-4425-8af7-d50918f3ec87.png?v=1781088158&width=500,Maharashtra,Nagpur,27GGCPM5057F1ZA,meta.json country=IN; currency=INR; state=Maharashtra; .in domain; GSTIN on site; +91 phone on site,9
388,Espanshe,https://espanshe.com,contact@espanshe.com,+919846332339; +912830323436,https://www.instagram.com/espanshe_,https://www.facebook.com/espansheclothing,,https://www.linkedin.com/company/espanshee,https://www.youtube.com/@espansheclothing,Apparel & Fashion,"Shop premium men’s fashion at Espanshe. Discover shirts, oversized fits, accessories and new arrivals with fast shipping and easy returns across India.",meta_json,https://espanshe.com/cdn/shop/files/espanshe-logo-black.jpg?v=1790408488&width=500,Kerala,Kozhikode,,meta.json country=IN; currency=INR; state=Kerala; +91 phone on site,9
389,GrandPitstop,https://grandpitstop.com,customer.service@grandpitstop.com; stores@grandpitstop.com,+919310369886; +918384057835,https://www.instagram.com/grandpitstop,https://www.facebook.com/GrandPitstop,,https://www.linkedin.com/company/14464906,https://www.youtube.com/channel/UCqucMa99Fj9WZAQJeT-C-jw/featured,Automotive,"Shop premium motorcycle & car accessories online. Buy tubeless puncture repair kits, luggage racks, mobile holders & riding gear with fast delivery across India at GrandPitstop.",meta_json,https://grandpitstop.com/cdn/shop/files/grand_pitstop_animated.gif?v=1780306032&width=900,Rajasthan,Bhiwadi,,meta.json country=IN; currency=INR; state=Rajasthan; +91 phone on site,9
390,CarryPro,https://carrypro.in,hello@carrypro.in,+919310103959,https://www.instagram.com/carrypro,https://www.facebook.com/carrypro.fb,https://x.com/CarryProGear,,https://www.youtube.com/channel/UCUVkjqOacE3tqeDA_JVeQ1A/featured,Bags & Luggage,"Shop CarryPro's premium travel backpacks, camera bags, everyday backpacks & travel accessories. Handcrafted in India. 3000+ reviews. Free shipping. Starting ₹299.",meta_json,https://carrypro.in/cdn/shop/files/Logo_512x512px.png?v=1668913700&width=512,Uttar Pradesh,Noida,,meta.json country=IN; currency=INR; state=Uttar Pradesh; .in domain; +91 phone on site,9
391,CuratCart : Beauty Curated for You,https://curatcart.com,partner@curatcart.com,+919987343933,https://www.instagram.com/curatcart,,,,,Toys & Games,"Shop Curat Cart for premium skincare, makeup, and personal care essentials. Get glowing results with our top-rated hydrating cosmetics. Order yours today!",meta_json,https://curatcart.com/cdn/shop/files/CeraVe-Logo.png?v=1785733272&width=300,Maharashtra,NAVI MUMBAI,27CCBPN5874N1ZW,meta.json country=IN; currency=INR; state=Maharashtra; GSTIN on site; +91 phone on site,9
392,AMINU,https://aminu.life,care@aminu.life; skincoach@aminu.life; wholesale@aminu.life; community@aminu.life,+919324752679; +917021198701; +918369644178,https://www.instagram.com/aminu.life,https://www.facebook.com/aminu.life,,https://www.linkedin.com/company/aminulife,https://www.youtube.com/@aminulife,Beauty & Personal Care,"Discover high-performance skincare designed around how skin actually behaves. Explore Aminu’s serums, treatments and everyday essentials for healthier, resilient skin.",meta_json,https://www.aminu.life/cdn/shop/files/Logo_in_Black.png?v=1659628310&width=1000,Maharashtra,Mumbai,,meta.json country=IN; currency=INR; state=Maharashtra; +91 phone on site,9
393,Auli Lifestyle,https://aulilifestyle.com,info@aulilifestyle.com,+917044017555; +917044131111,https://instagram.com/auliglow,https://www.facebook.com/aulilifestyle,,https://www.linkedin.com/company/auli-lifestyle,https://www.youtube.com/@AuliActiveAyurveda,Beauty & Personal Care,Buy natural skin care products 100% ayurvedic from the house of Auli Lifestyle. ✔ Chemical-Free ✔ Free Shipping ✔ Cash on Delivery,meta_json,https://aulilifestyle.com/cdn/shop/files/Auli_Logo_Black_1.png?v=1746806012&width=773,West Bengal,Kolkata,,meta.json country=IN; currency=INR; state=West Bengal; +91 phone on site,9
394,A1 CHIPS,https://buya1chips.com,info@buya1chips.com,+918883322244,https://www.instagram.com/a1_chips,https://www.facebook.com/a1chips,https://twitter.com/a1chips,,https://www.youtube.com/@a1_chips,Food & Beverages,"Enjoy the crunch of A1 Chips' Kerala banana chips, made with fresh ingredients and coconut oil. Thin-sliced perfection with free shipping in India. Order now!",meta_json,https://buya1chips.com/cdn/shop/files/A1_Fresh_LOGO.png?v=1700831211&width=2057,Tamil Nadu,Coimbatore,,meta.json country=IN; currency=INR; state=Tamil Nadu; +91 phone on site,9
395,DNINE,https://dninesports.com,admin@dninesports.com; dninesports@gmail.com,+916395583735; +919711061033,https://www.instagram.com/dninesports,https://www.facebook.com/dninesports,,https://www.linkedin.com/company/dninesports,https://www.youtube.com/@dninesports,Footwear,"DNINE offers premium sports shoes, apparel, and accessories designed for performance and style. Elevate your game with DNINE’s quality and comfort today.",meta_json,https://dninesports.com/cdn/shop/files/Logo_D9.png?v=1738408869&width=500,Uttar Pradesh,Agra,,meta.json country=IN; currency=INR; state=Uttar Pradesh; +91 phone on site,9
396,Gatim Fashions,https://gatim.in,info@gatim.in; online@gatim.in; support@gatim.in; customercare@tcnsclothing.com; customercare@gatim.in,+911800121000033; +918697952850,https://www.instagram.com/gatimfashion,https://www.facebook.com/gatimindia,,,https://www.youtube.com/channel/UC9s2YzgkEzaM2OPqeS7OJ5g,Apparel & Fashion,"Buy from a wide range of stylish indian ethnic wear online for women. 100% cotton kurtis, suit sets, straight pants, lounge wear, shop online at Gatim. COD available.",meta_json,https://gatim.in/cdn/shop/files/gatim_logo.png?v=1658471251&width=1280,West Bengal,Kolkata,19AAICG0880D1ZN,meta.json country=IN; currency=INR; state=West Bengal; .in domain; GSTIN on site; +91 phone on site,9
397,Anmasa-store,https://anmasa.com,helpdesk@anmasa.com; info@anmasa.shop,+918800003434,https://www.instagram.com/anmasa.shop,https://www.facebook.com/profile.php?id=61558860686289,,,,Food & Beverages,"Get the finest quality Slow Stone-Ground chakki fresh atta from Anmasa. Pure, chemical-free and nutritious, perfect for healthy and delicious cooking.",meta_json,https://www.anmasa.com/cdn/shop/files/LOGO.png?v=1720030193&width=500,Haryana,Gurugram,06AAZCA6069M1ZR,meta.json country=IN; currency=INR; state=Haryana; GSTIN on site; +91 phone on site; Indian PIN code on site,9
398,15 No. ChawalWala,https://15chawalwala.com,info@15chawalwala.com; ecommerce@15chawalwala.com,+918700647144,https://www.instagram.com/15no.chawalwala,https://www.facebook.com/15Nochawalwalakhariboali,,,,Food & Beverages,"One of India's largest producers of pulses and spices, 15 No. Chawalwala has a milling capacity of around 1000 MT per day. Its completely automated factories use cutting-edge technology throughout the entire milling chain, up till the packaging and branding of the finished product.",meta_json,https://www.15chawalwala.com/cdn/shop/files/BRAND_LOGO_1_99ab5d68-8f86-45d5-a495-b052c8272788.jpg?v=1744192056&width=1112,Delhi,Delhi,07ABGFR6826G1ZZ,meta.json country=IN; currency=INR; state=Delhi; GSTIN on site; +91 phone on site; Indian PIN code on site,9
399,Indian Book Depot (Map House),https://ibdmaphouse.com,info@ibdmaphouse.com,+911145045998; +919311361008,https://www.instagram.com/indianbookdepot,https://www.facebook.com/indianbookdepot,https://twitter.com/indianbookdepot,https://www.linkedin.com/company/indian-book-depot,https://www.youtube.com/channel/UCRXgYqLOXOusM2K-jDpsECQ,Books & Stationery,"Manufacturer and exporter of Educational Charts and Maps, Globes, Children books, colouring books, writing books, picture books, story books | Indian Book Depot",meta_json,https://www.ibdmaphouse.com/cdn/shop/products/world-logo-Sir_420x.jpg?v=1604400318,Delhi,New Delhi,,meta.json country=IN; currency=INR; state=Delhi; +91 phone on site,9
400,Blocktobox Online Enterprises Private Limited,https://blocktobox.com,support@blocktobox.com,+918847488475,https://www.instagram.com/blocktobox,https://www.facebook.com/blocktoboxcoimbatore,,,,Kitchen & Dining,"Your one-stop destination for everything you need to build and grow — over 10,000+ products from top brands, backed by 25+ years of expertise and the best prices guaranteed.",meta_json,https://blocktobox.com/cdn/shop/files/block-to-box-logo.png?v=1682744663,Tamil Nadu,Coimbatore,33AAMCB8642A1ZW,meta.json country=IN; currency=INR; state=Tamil Nadu; GSTIN on site; +91 phone on site; Indian PIN code on site,9
401,CBD Store India,https://cbdstore.in,archival@cbdstore.in; bizhub@cbdstore.in; shipping@cbdstore.in,+917382063544; +919769656935; +917028560224,https://www.instagram.com/cbdstoreindia,https://www.facebook.com/cbdstoreindia,https://twitter.com/cbdstoreindia1,https://www.linkedin.com/company/cbdstore-india,https://www.youtube.com/channel/UCbRxbwkhEnMyhJOJhFQSgTg,Health & Wellness,"Premium CBD oil, THC Extracts, Medical Cannabis, Mushrooms, Herbal Blends & Pet CBD Oil in India. Lab-tested wellness products delivered legally. Shop Now!",meta_json,https://cbdstore.in/cdn/shop/files/CSIN_New_Logo_Compressed.webp?v=1752496793&width=80,Maharashtra,Mumbai,,meta.json country=IN; currency=INR; state=Maharashtra; .in domain; +91 phone on site,9
402,HEllO EDC,https://helloedc.com,hello@helloedc.com; ecom@helloedc.com,+918669198307,https://www.instagram.com/hello_edc,,,,https://www.youtube.com/@HEllOEDC,Jewellery & Accessories,"Shop premium luxury watch straps online in India at Hello EDC. Our products are skin-friendly, sweat-resistant, multiple colors & sizes. Buy our watch strap today!",meta_json,https://www.helloedc.com/cdn/shop/files/Hello_logo_3.png?v=1788762679&width=500,Maharashtra,Mumbai,27AAGCH1293R1ZX,meta.json country=IN; currency=INR; state=Maharashtra; GSTIN on site; +91 phone on site; Indian PIN code on site,9
403,HOMEDEKAR,https://homedekar.com,support@homedekar.com,+919962347681,https://instagram.com/homedekar,https://www.facebook.com/Homedekar,,,https://www.youtube.com/@HOMEDEKAR,Plants & Gardening,"Home Dekar is the best online miniature store in Chennai, India, buy miniature toys like figurines miniatures, animal miniatures, sports miniature, doll house miniatures, brass, sports, vehicle miniatures, ceramic miniatures, glass miniatures and brass miniatures at an affordable price.",meta_json,https://www.homedekar.com/cdn/shop/files/Untitled_design_3.png?v=1677518356&width=500,Tamil Nadu,Chennai,33AAOFH5967K1ZR,meta.json country=IN; currency=INR; state=Tamil Nadu; GSTIN on site; +91 phone on site,9
404,eOURmart.com,https://eourmart.com,eourmart@gmail.com; info@eourmart.com,+918178052582; +919811403893; +911141718525,https://www.instagram.com/eourmart,https://www.facebook.com/eOURmart,https://twitter.com/EourMart,,https://www.youtube.com/@eourmart,Gifts & Hampers,"Proudly Indian! eOURmart is the Name of Trust in Sadar Bazaar, Delhi. You can Buy +1000 Products Online at Factory Price! Here you get Latest Collection for Daily Use Products for Home, Office and Personal Use. Best Offers on Populer Brands Philips, Pigeon, Sujata, boAt, ERD",meta_json,https://www.eourmart.com/cdn/shop/files/eOURmart_Indian_Logo.png?v=1663681095&width=500,Delhi,New Delhi,07AAPPM5943D1ZI,meta.json country=IN; currency=INR; state=Delhi; GSTIN on site; +91 phone on site,9
405,Saubhagyavati Jewellery,https://saubhagyavati.in,hello@saubhagyavati.in; saubhagyavati.shop@gmail.com,+917620979798,https://instagram.com/saubhagyavati.in,https://facebook.com/saubhagyavati.in,https://twitter.com/saubhagyavatiin,,https://www.youtube.com/@Saubhagyavati,Jewellery & Accessories,"Handcrafted Masterpieces where tradition and beauty intertwine. Discover exquisite flower jewelry and handmade items for Haldi, Mehndi, and Baby Showers. Unleash the timeless elegance of floral adornments. Shop now",meta_json,https://saubhagyavati.in/cdn/shop/files/Saubhagyavati_pink_logo_svg.svg?v=1725940471&width=330,Maharashtra,Chhatrapati Sambhajinagar,,meta.json country=IN; currency=INR; state=Maharashtra; .in domain; +91 phone on site,9
406,Bharat Wholesales,https://bharatwholesales.in,info@bharatwholesales.in,+918878828428; +919953105310,https://www.instagram.com/bharatwholesales.in,https://www.facebook.com/BharatWholesales.in,,,,Home & Decor,India’s largest wholesale decor store for all your decor needs. “Discount” is not in our dictionary. We offer only no-regret wholesale prices. Currently operating from New Delhi in India.,meta_json,https://www.bharatwholesales.in/cdn/shop/files/Logo_Gold_713x150.png?v=1658658943,Delhi,NEW DELHI,07ABGCS5188M1ZM,meta.json country=IN; currency=INR; state=Delhi; .in domain; GSTIN on site; +91 phone on site,9
407,BOXNUBE,https://boxnube.in,care@boxnube.in,+911244225489; +919717918832,https://www.instagram.com/globalsourcinggurgaon,https://www.facebook.com/61560394409184,,,,Kitchen & Dining,"Established in the year 2014, at Global Sourcing we truly have a passion for innovation and commitment to offer products & solutions that make a difference for our customers.",about_meta_description,https://boxnube.in/cdn/shop/files/Final_Logo_-_07-Apr-20_2436x.png?v=1708353190,Haryana,Gurgaon,06AAIHD4431N1Z7,meta.json country=IN; currency=INR; state=Haryana; .in domain; GSTIN on site; +91 phone on site,9
408,PNG Jewellers,https://pngjewellers.com,customerservice@pngadgil.com; customerservice@pngagil.com; dhananjay.ghogale@pngadgil.com,+9118002335005,https://www.instagram.com/pngjewellers,https://www.facebook.com/PNGJewelers,https://x.com/pngjewellers,https://in.linkedin.com/company/pngjewellers,https://www.youtube.com/user/PNGGadgilJewellers,Jewellery & Accessories,"Explore exceptional traditional designs & craftsmanship. Buy best gold & diamond jewellery for every occasion. Check out our necklaces, bangles, rings, earrings & more!",meta_json,https://www.pngjewellers.com/cdn/shop/files/Frame_193_1.png?v=1774582683&width=457,Maharashtra,Pune,,meta.json country=IN; currency=INR; state=Maharashtra; +91 phone on site; Indian PIN code on site,8
409,Pothys,https://pothys.com,onlinecustomercare@pothys.com; enquiry@pothys.com,+918939593990; +918939593996,https://www.instagram.com/pothysofficial,https://www.facebook.com/Pothyssilks,https://twitter.com/pothysonline,,https://www.youtube.com/user/pothyschennai,Apparel & Fashion (Men),"Shop authentic Kanchipuram & silk sarees online at Pothys — South India's most trusted name since 1923. 5,000+ designs. Easy returns. Free international shipping above ₹30,000.",meta_json,https://www.pothys.com/cdn/shop/files/pothys-logo-white-text.png?v=1728539955&width=240,Tamil Nadu,Chennai,,meta.json country=IN; currency=INR; state=Tamil Nadu; +91 phone on site,8
410,Sri Sakthi Pugazh Tex,https://ssptex.com,srisakthipugazhtex@gmail.com; info.ssptex@gmail.com; contact@ssptex.com; cbgowtham@ssptex.com,+918925736421; +917358670411; +919677432121,https://www.instagram.com/sri_sakthi_pugazh_tex,,,,https://www.youtube.com/@srisakthipugazhtex400k,Apparel & Fashion (Women),"Shop elite Elampillai sarees online at Sri Sakthi Pugazh Tex (SSPTEX). Discover premium silk, Banarasi, and cotton collections at wholesale prices.",meta_json,https://ssptex.com/cdn/shop/files/IMG_3144_2.png?v=1750257989&width=777,Tamil Nadu,Elampillai,33CBHPR4118N1ZC,meta.json country=IN; currency=INR; state=Tamil Nadu; GSTIN on site; +91 phone on site,8
411,TIGC,https://tigc.in,care@tigc.in,+919538233993; +918048637777,https://www.instagram.com/theindiangarageco_,https://www.facebook.com/tigc2010,,https://in.linkedin.com/company/theindiangargeco,,Apparel & Fashion (Men),Discover the latest trends in men's and women's fashion at TIGC. Explore our collection of stylish clothing for every occasion. Shop now for trendy looks!,meta_json,https://tigc.in/cdn/shop/files/logo_blck_2x_6d407d78-b192-4e1b-ad7f-b8425462ae96_100x.png?v=1706782437,Karnataka,Bangalore,,meta.json country=IN; currency=INR; state=Karnataka; .in domain; +91 phone on site,8
412,Powerlook,https://powerlook.in,support@powerlook.in,+919696333000,https://www.instagram.com/powerlookofficial,https://www.facebook.com/powerlookofficial,,,https://www.youtube.com/@powerlook6252,Apparel & Fashion (Men),"Shop the latest men's fashion online at Powerlook. Discover oversized t-shirts, Linen shirts, Korean pants, denim jeans, polos, and trending styles designed for modern men.",meta_description,https://www.powerlook.in/cdn/shop/files/pl-logo.png?v=1748948999,Maharashtra,Mumbai,,meta.json country=IN; currency=INR; state=Maharashtra; .in domain; +91 phone on site,8
413,Aukera Jewellery,https://aukerajewellery.com,hello@aukerajewellery.in; dm@aukerajewellery.in,+919035155500,https://www.instagram.com/aukera_jewellery,,,https://www.linkedin.com/company/aukera-grown-diamond-jewellery,https://www.youtube.com/@AUKERAJEWELLERY,Jewellery & Accessories,"Explore lab grown diamond jewellery online at Aukera. Shop for rings, earrings, fine designs solitaire and more made with certified lab-grown diamonds.",meta_json,https://aukerajewellery.com/cdn/shop/files/aukera-logo.svg?v=1784033873&width=500,Karnataka,Bengaluru,,meta.json country=IN; currency=INR; state=Karnataka; +91 phone on site,8
414,Blackberrys Menswear,https://blackberrys.com,customersupport@blackberrys.com,+918071811173; +919810000209,https://www.instagram.com/blackberrysmenswear,https://www.facebook.com/BlackberrysMenswear,,https://www.linkedin.com/company/blackberrys,https://www.youtube.com/user/blackberrysgosharp,Apparel & Fashion (Men),Buy formal and casual wear for men from Blackberrys. Explore our wide range of premium menswear. Shop now!,meta_json,https://blackberrys.com/cdn/shop/files/LOGOheaderenew_1.png,Haryana,Gurgaon,,meta.json country=IN; currency=INR; state=Haryana; +91 phone on site,8
415,Triveni World,https://triveniworld.com,info@triveniworld.com,+917065844397,https://www.instagram.com/triveniworldmobile,https://www.facebook.com/TriveniWorld-108156900676136,https://twitter.com/TriveniWorld,,https://www.youtube.com/@triveniworldmobile,Electronics & Gadgets,Shop certified refurbished mobile phones in India at unbeatable prices! Save big on second-hand smartphones with our quality guarantee.,meta_json,https://www.triveniworld.com/cdn/shop/files/Untitled_design_5.jpg?v=1735712832&width=500,Delhi,New Delhi,,meta.json country=IN; currency=INR; state=Delhi; +91 phone on site,8
416,prabhatex,https://prabhatex.com,prabhatex07@gmail.com; prabatex07@gmail.com,+918973734361; +919025078787; +917904223260,https://www.instagram.com/prabha_tex_elampillai,https://www.facebook.com/elampillai.prabatex,,,https://youtube.com/@450k_prabha_tex_elampillai,Apparel & Fashion,"Experience the elegance of traditional Tamil Nadu weaving with this beautiful Elampillai Silk Saree from Prabha Tex. Crafted with premium quality silk and classic designs, this saree is perfect for weddings, festivals, and special occasions. Prabah Tex Elampillai Saree, Best Saree Shop, Elampilai Si",meta_json,https://www.prabhatex.com/cdn/shop/files/main_logo.png?v=1771731280&width=2362,Tamil Nadu,Elampillai,33CLMPP4860J1ZN,meta.json country=IN; currency=INR; state=Tamil Nadu; GSTIN on site; +91 phone on site,8
417,Sreeleathers Kolkata ,https://sreeleathers.com,online@sreeleathers.com,+918420976065; +919748551620; +919681275200,https://www.instagram.com/sreeleathersofficial,https://www.facebook.com/SreeleathersOfficial,,,https://www.youtube.com/@sreeleathersindia,Footwear,"Sreeleathers selling affordable, good-quality leather footwear for men, women, and children. Choose from a wide variety of flats, heels, chappals and sandals from our Ladies' Pujo Collection and huge collection of Gents' sandals, sneakers, casual shoes.",meta_json,https://cdn.shopify.com/s/files/1/0550/7619/2464/files/logo-1_120x@2x.png,West Bengal,Kolkata,,meta.json country=IN; currency=INR; state=West Bengal; +91 phone on site,8
418,Warriorworld,https://warriorworld.in,help@warriorworld.in,+917043460760; +919227037431,https://instagram.com/warriorworldstore,https://www.facebook.com/warriorworldStore,,,https://www.youtube.com/@Warriorworldstore,Apparel & Fashion,"India's First Men's Army Base Men's Fashion Store. We Have All T-shirt,Over Size T-shirt,Full Sleeve T-shirt And Many More Fashion Products.We Provide All India Cash On Delivery With 7 Days Easy Return Policy",meta_json,https://warriorworld.in/cdn/shop/files/logo.png?v=1711179381&width=500,Gujarat,surat,,meta.json country=IN; currency=INR; state=Gujarat; .in domain; +91 phone on site; Indian PIN code on site,8
419,MyBorosil,https://myborosil.com,myborosil@borosil.com,+9118002106520; +911800224552; +917208487334,https://www.instagram.com/borosilandyou,https://www.facebook.com/borosilandyou,https://twitter.com/borosilandyou,https://www.linkedin.com/company/borosillimited/mycompany/verification,https://www.youtube.com/channel/UCwvJukI_hr0Zl-NZbl4VPpg,Kitchen & Dining,"Shop high-quality MyBorosil lunch boxes, kitchen appliances, bottles, glassware, cookware, & more online. Get great deals, easy payment options, & free shipping.",meta_json,https://cdn.shopify.com/s/files/1/0551/8009/9722/files/Borosil-logo-blue.png?v=1693978280,Maharashtra,Mumbai,,meta.json country=IN; currency=INR; state=Maharashtra; +91 phone on site,8
420,Kushal's Retail Pvt Ltd.,https://kushals.com,hello@kushals.com,+919591321696,https://instagram.com/kushalsfashionjewellery,https://www.facebook.com/KushalsFashionJewellery,,,https://www.youtube.com/@KushalsFashionJewellery,Jewellery & Accessories,"Shop Latest Collection of Designer Fashion, Artificial Jewellery Online at Kushals. Buy jewelry from a wide range of Necklaces, Earrings, Bangles, Pendants, Tikkas, Payals & more.",meta_json,https://www.kushals.com/cdn/shop/files/Kushals_New_Logo_Color_A_a5fd5404-6db3-4580-97ca-c68a0232c0c7.png?v=1766647931&width=200,Karnataka,Bangalore,,meta.json country=IN; currency=INR; state=Karnataka; +91 phone on site,8
421,MakerBazar.in,https://makerbazar.in,support@makerbazar.in; contact@makerbazar.in,+919560901125,https://www.instagram.com/makerbazar,https://www.facebook.com/makerbazar.in,,https://in.linkedin.com/company/makerbazar,https://www.youtube.com/@Makerbazar,Electronics & Gadgets,"MakerBazar.in, Online Stores for DIY in India. Buy STEM Kits, Electronics, Robotics, Aeromodelling Drone Parts, IoT, Prototyping, Arts & Crafts at best price.",meta_json,https://makerbazar.in/cdn/shop/files/makerbazar_dark_logo_updated_5242a7e4-b996-4a1d-831c-9543c3dd3f31.png?v=1635332469&width=3046,Haryana,Faridabad,,meta.json country=IN; currency=INR; state=Haryana; .in domain; +91 phone on site,8
422,Harish Projects,https://harishprojects.com,order@harishprojects.in,+919429694495; +919340874058,,,,,https://www.youtube.com/@HarishProjects,Electronics & Gadgets,"Harish Projects' vision is to make India a global leader in practical education (arduino-sensor based working science project), robotics, IoT, AI and renewable technology. Our vision is ensures accessibility, skill development and entrepreneurship opportunities. Harish Projects - Think | Build | Ach",meta_json,https://harishprojects.com/cdn/shop/files/Harish_Projects_Website_Official_Logo.webp?v=1718551616&width=500,Chhattisgarh,Bilaspur,22CHFPC5639D1ZT,meta.json country=IN; currency=INR; state=Chhattisgarh; GSTIN on site; +91 phone on site,8
423,KCPC Bandhani,https://onlinebandhej.com,support@onlinebandhej.com; khatushayamcreations@gmail.com,+919166259900,https://www.instagram.com/kcpcbandhani,https://www.facebook.com/kcpcbandhani,,https://www.linkedin.com/company/kcpc-bandhani,https://www.youtube.com/c/KCPCBandhaniGotapattiManufacturer,Apparel & Fashion,"Shop Trending Sarees, Lehengas, Dupattas, Bandhani Sarees, Salwar Suits & more at KCPC Bandhani. Premium ethnic wear for women, handcrafted in India.",meta_json,https://onlinebandhej.com/cdn/shop/files/Untitled_design_a321dfa8-b5ff-42a1-afb3-89832c1cb1e4.png?v=1785671356,Rajasthan,Sikar,,meta.json country=IN; currency=INR; state=Rajasthan; +91 phone on site,8
424,U.S. Polo Assn. India,https://uspoloassn.in,care@uspoloassn.in,+919880786663,https://www.instagram.com/uspoloassnindia,https://www.facebook.com/USPoloAssn.India,https://x.com/USPoloAssnIn,,https://www.youtube.com/@uspoloassnindia,Apparel & Fashion (Men),"Shop U.S. Polo Assn. online in India for premium shirts, jeans, polos and footwear. Authentic American style for men, women and kids. Free delivery and returns.",meta_json,https://uspoloassn.in/cdn/shop/files/USPA_Logo_600x_4121f63d-5e72-4e27-8abb-439eb8aa5ca4_600x.webp?v=1684817493,Karnataka,Bengaluru,,meta.json country=IN; currency=INR; state=Karnataka; .in domain; +91 phone on site,8
425,Portronics ,https://portronics.com,help@portronics.com,+919555245245,https://www.instagram.com/portronics.india,https://www.facebook.com/Portronics.India,https://twitter.com/portronics,https://in.linkedin.com/company/portronics-digital-pvt-ltd,https://www.youtube.com/c/portronicsdigital,Electronics & Gadgets,"Shop from the latest collection of speakers, headphones, smart watches, USB hubs, chargers & other portable smart gadgets from India's most loved brand - Portronics.",meta_json,https://www.portronics.com/cdn/shop/files/logo_f6f5e2d7-11ef-46f4-b9b8-4d4c99fe098f.png?v=1707295711&width=600,Delhi,New Delhi,,meta.json country=IN; currency=INR; state=Delhi; +91 phone on site,8
426,cforcover.com,https://cforcover.com,support@cforcover.com,+919157557999; +919157991299,https://www.instagram.com/cfc_cforcover,https://www.facebook.com/cforcover,,,https://www.youtube.com/@CFC_CForCover,Electronics & Gadgets,"Shop premium phone covers and mobile accessories for a huge range of iPhone and Android models, trusted by thousands of customers.",meta_json,https://cforcover.com/cdn/shop/files/CFC_BLACK_svg.svg?v=1757064706&width=110,Gujarat,Vadodara,,meta.json country=IN; currency=INR; state=Gujarat; +91 phone on site,8
427,Filo Hevis,https://filohevis.com,support@filohevis.com,+919999978924,https://www.instagram.com/filohevis,https://www.facebook.com/filohevis,,,https://www.youtube.com/@Filohevis,Apparel & Fashion (Men),"Buy Shirts for Men Online at Filo Hevis. Shop from our exclusive range of Formal Shirt, Casual Shirts, Printed Shirts, and Party Wear Shirt, at affordable prices. Shop Now!",meta_json,https://filohevis.com/cdn/shop/files/logo-New-_1.jpg?v=1709846025&width=1074,Delhi,Delhi,,meta.json country=IN; currency=INR; state=Delhi; +91 phone on site,8
428,Gemsmantra,https://gemsmantra.com,support@gemsmantra.com; grievance@astroarunpandit.org; sales@gemsmantra.com,+918796993889; +917236936969; +918115100628,https://www.instagram.com/gemsmantra_,https://www.facebook.com/@GemsMantraa,,,https://www.youtube.com/@Gemsmantra,Jewellery & Accessories,"Shop 100% lab-certified gemstones, Rudraksha, and spiritual jewelry online at GemsMantra. Trusted by 1 lakh+ customers across India for authenticity, value & service.",meta_json,https://gemsmantra.com/cdn/shop/files/gemsmantra-aap-new-logo.png,Uttar Pradesh,Noida ,,meta.json country=IN; currency=INR; state=Uttar Pradesh; +91 phone on site; Indian PIN code on site,8
429,TecSox,https://tecsox.com,info@tecsox.com,+918882115136,https://www.instagram.com/tecsox,https://www.facebook.com/tecsox,,,https://www.youtube.com/@tecsoxindia9805,Electronics & Gadgets,"Explore a range of Bluetooth earbuds, neckbands, phonebanks, speakers & earphones. Elevate your audio experience. Shop now!",meta_json,https://tapita.io/pb/pub/media/spb/usr/8739/wysiwyg/64906035357/Logo.png,Haryana,Gurugram,,meta.json country=IN; currency=INR; state=Haryana; +91 phone on site,8
430,Amalfa,https://amalfa.in,care@amalfa.in,+918699970691; +918699977401,https://www.instagram.com/amalfa.in,,,https://in.linkedin.com/company/amalfa,https://www.youtube.com/@Amalfa.jewels,Jewellery & Accessories,"Shop Amalfa demi-fine jewellery bracelets, necklaces, rings, earrings & more, tarnish-proof, hypoallergenic affordable luxury for everyday wear!",meta_json,https://amalfa.in/cdn/shop/files/amalfalogo.png?v=1758090856&width=911,Haryana,Panchkula,,meta.json country=IN; currency=INR; state=Haryana; .in domain; +91 phone on site,8
431,Infinix Mobiles,https://infinixmobiles.in,infinix.smd@transsion.com; pr@infinixmobility.com; service@carlcare.com; privacy.gmdpl@transsion.com; rohit.walecha@transsion.com,+9118004190525; +911206650888,https://www.instagram.com/infinixindia,https://www.facebook.com/InfinixMobileIN,https://x.com/infinixindia,https://www.linkedin.com/company/infinix-mobile-india,https://www.youtube.com/@Infinixindia,Electronics & Gadgets,"Discover the innovative world of Infinix and shop everything MOBILE, plus explore accessories, entertainment, and expert device support",meta_json,https://infinixmobiles.in/cdn/shop/files/logo.png?v=1738315328&width=327,Delhi,Delhi,,meta.json country=IN; currency=INR; state=Delhi; .in domain; +91 phone on site,8
432,Fixderma Skincare,https://fixderma.com,support@fixderma.com,+919999979839,https://www.instagram.com/fixderma.skincare,https://www.facebook.com/fixdermaindia,,,https://www.youtube.com/@fixderma.skincare,Beauty & Personal Care,Don’t miss the Offer ✨5% on prepaid order offer on prepaid✨ Shop today.,meta_json,https://www.fixderma.com/cdn/shop/files/fixderma_logo_down.svg?v=1755774927&width=500,Haryana,Gurugram,,meta.json country=IN; currency=INR; state=Haryana; +91 phone on site,8
433,InsightCosmetics,https://insightcosmetics.in,care@insightcosmetics.in; hr@insightcosmetics.in; sme@insightcosmetics.in; grievanceofficer@insightscosmetics.in,+919167109506,https://www.instagram.com/insightcosmetic,https://www.facebook.com/insightcosmeticsindia,,,https://www.youtube.com/channel/UCo8F5mT6rBzk07JjKBxF0gQ,Beauty & Personal Care,"Enhance your beauty with the Best Makeup products. Shop a wide range of Makeup products for Face, Eyes, Nail & Lips online at Best Prices and Amazing offers.",meta_json,https://insightcosmetics.in/cdn/shop/files/insight-logo.svg?v=1707911254&width=320,Maharashtra,Mumbai,,meta.json country=IN; currency=INR; state=Maharashtra; .in domain; +91 phone on site,8
434,Redchief,https://redchief.in,customercare@redchief.co.in; amit.mishra@redchief.co.in,+9118001200141; +918110066156; +918220036124,https://www.instagram.com/redchiefofficial,https://www.facebook.com/redchiefofficial,,,https://www.youtube.com/@REDCHIEFOFFICIAL,Apparel & Fashion (Men),"Shop Red Chief for 100% genuine leather footwear. A trusted brand since 1995, offering Branded premium formals, sneakers, and casuals shoes. Made in India | Enjoy Free Shipping",meta_json,https://redchief.in/cdn/shop/files/Logo.png?v=1758126959&width=160,Uttar Pradesh,Kanpur Nagar,,meta.json country=IN; currency=INR; state=Uttar Pradesh; .in domain; +91 phone on site,8
435,STICK IT UP,https://stickitup.xyz,wecare@stickitup.xyz,+919867925615,https://www.instagram.com/stickitup.xyz,https://www.facebook.com/stickitup.xyz,,,https://www.youtube.com/@stickitup,Books & Stationery,"India's #1 sticker brand. 5000+ waterproof vinyl stickers for laptops, bikes, bottles & more. 10 lakh+ happy customers. Starting at ₹15. Free shipping on prepaid.",meta_json,https://cdn.shopify.com/s/files/1/0561/0215/8500/files/Stickitup_logo_with_mascot_e854c4bf-8e9b-4573-bba6-7e71f80020a8.png?v=1780984920,Maharashtra,mumbai,,meta.json country=IN; currency=INR; state=Maharashtra; +91 phone on site,8
436,IMS Mercantiles Limited,https://digitek.net.in,info@digitek.net.in; support@digitek.net.in,+919582443444; +911800123544444; +911147074444,https://www.instagram.com/digitekofficial,https://www.facebook.com/digitekofficial,,https://www.linkedin.com/company/digitekofficial,https://www.youtube.com/channel/UC-smryUreewac23ZHeVOdwQ/featured,Electronics & Gadgets,"Shop the latest photography and videography gear at Digitek. From tripods to lights, get pro tools trusted by content creators and professionals.",meta_json,https://www.digitek.net.in/cdn/shop/files/logo_45c5d2c3-dfe0-4370-b89a-2c83bc8a01d3.png,Delhi,Delhi,,meta.json country=IN; currency=INR; state=Delhi; .in domain; +91 phone on site,8
437,Farida Gupta India,https://faridagupta.com,care@faridagupta.com; people@faridagupta.com,+918287567567,https://www.instagram.com/faridagupta,https://www.facebook.com/faridaguptaclothing,,,https://youtube.com/@faridaguptaclothing,Apparel & Fashion (Women),Handcrafted Clothing - Shop from our wide range of handcrafted clothing for women and men available online- exclusively at Farida Gupta.,meta_json,https://faridagupta.com/cdn/shop/files/FG_New_Logo_1.avif?v=1764221570&width=433,Delhi,New Delhi,,meta.json country=IN; currency=INR; state=Delhi; +91 phone on site,8
438,Glen Appliances Pvt. Ltd,https://glenindia.com,enquiry@glenindia.com; cr@glenindia.com,+919717156666; +919266655555; +919810515191,https://www.instagram.com/glenindia,https://www.facebook.com/GlenIndia,https://twitter.com/Glen__India,,,Kitchen & Dining,"Buy premium kitchen appliances, home essentials, and more at Glen India. Shop high-quality products online with the best prices and fast delivery.",meta_json,https://glenindia.com/cdn/shop/files/Glen_Logo_6975465e-03b4-4290-a453-4ec4cd08c8e8_123x38.png?v=1670407962,Haryana,Faridabad,,meta.json country=IN; currency=INR; state=Haryana; +91 phone on site,8
439,SPARIFY,https://sparify.co,support@sparify.co; sparifyy@gmail.com; info@sparify.co,+918105003848,https://www.instagram.com/sparify_,https://www.facebook.com/Sparify,,https://in.linkedin.com/company/sparify,https://www.youtube.com/@sparify6626,Automotive,Find the perfect bike accessories & performance parts online! Shop our wide selection for any bike brand. Upgrade your ride today. Fast shipping & easy returns.,meta_json,https://www.sparify.co/cdn/shop/files/sparify_trademark_logo.png?v=1779569345&width=500,Karnataka,Bengaluru,,meta.json country=IN; currency=INR; state=Karnataka; +91 phone on site,8
440,Pebble,https://pebblecart.com,support@pebblecart.com; sales@pebblecart.com,+918800271651,https://www.instagram.com/pebbleofficial,https://www.facebook.com/pebbleaccessories,,https://www.linkedin.com/company/pebble-mobile-accessories,https://www.youtube.com/channel/UCjwc7izrZdtP07ZcPP4VTdQ,Electronics & Gadgets,Handpicked for you · Headphones · Wireless Speakers · Smart Wearables · Power banks!,meta_json,https://www.pebblecart.com/cdn/shop/files/Pebble_Logo-2.png?height=32&v=1669287881,Uttar Pradesh,Noida,,meta.json country=IN; currency=INR; state=Uttar Pradesh; +91 phone on site,8
441,Shesha Ayurveda,https://sheshaayurveda.com,orders@sheshaayurveda.com; contact@sheshaayurveda.com; pr@sheshaayurveda.com; escalations-orders@sheshaayurveda.com; renjianooj@gmail.com,+917907095562,https://www.instagram.com/sheshaayurveda,https://www.facebook.com/sheshaayurveda,,https://www.linkedin.com/company/sheshaayurveda,https://www.youtube.com/@sheshaayurveda,Beauty & Personal Care,"Shesha Ayurveda offers authentic Ayurvedic skincare, haircare, and wellness products handmade with love in India. Our products are made from natural ingredients that are sustainably sourced, cruelty-free, and free from harmful chemicals. Shop now and experience the goodness of Authentic Ayurveda pro",meta_json,https://cdn.shopify.com/s/files/1/0646/4179/4234/files/schemaplus_organization_logo.jpg?v=1785394078,Telangana,Hyderabad,,meta.json country=IN; currency=INR; state=Telangana; +91 phone on site,8
442,BAJAAO.COM,https://bajaao.com,helpdesk@bajaao.com; tech@bajaao.com,+912242035353,https://www.instagram.com/bajaao,https://www.facebook.com/bajaao,https://x.com/bajaao,,https://www.youtube.com/c/bajaao,Electronics & Gadgets,"Get your gear from Bajaao.com India's largest music instrument, studio and audio equipment superstore. Your one stop online music store for your musical needs.",meta_json,https://cdn.shopify.com/s/images/admin/no-image-large.gif,Maharashtra,Mumbai,,meta.json country=IN; currency=INR; state=Maharashtra; +91 phone on site,8
443,Himalaya Wellness (India),https://himalayawellness.in,contactus@himalayawellness.com; privacy.team@himalayawellness.com,+9118002081930,https://www.instagram.com/himalayapersonalcare,https://www.facebook.com/HimalayaPersonalCare,https://twitter.com/HimalayaIndia,,https://www.youtube.com/user/HimalayaHerbalsIndia,Beauty & Personal Care,"Himalaya is trusted for head to heel range of herbal products. Shop our products online, see product prices & details on himalayawellness.in We deliver across India.",meta_json,https://himalayawellness.in/cdn/shop/files/Logo-2022-500_555a55b6-ca04-40ad-b4ed-e25cbfeeff7d.png?v=1677556527&width=500,Karnataka,Bengaluru,,meta.json country=IN; currency=INR; state=Karnataka; .in domain; +91 phone on site,8
444,Abros Sports,https://abrosshoes.com,customercare@abrosshoes.com,+919818081769,https://www.instagram.com/abrossports,https://www.facebook.com/AbrosOfficial,,,https://www.youtube.com/@abrossportsOfficial,Footwear,"Experience unmatched comfort, cutting-edge technology, and stylish designs with Abros Sports. Shop now and elevate your performance. Play Big!",meta_json,https://abrosshoes.com/cdn/shop/files/main_logo.png?v=1674492099&width=5760,Haryana,Gurugram,,meta.json country=IN; currency=INR; state=Haryana; +91 phone on site,8
445,ARYA CREATION,https://aryacreation.in,info.aryacreation@gmail.com,+919023721805,https://www.instagram.com/aryacreation_1,https://www.facebook.com/profile.php?id=61578008014027,,,,Apparel & Fashion (Women),"Welcome to Arya Creation, your trusted destination for designer women’s ethnic wear. we are a dedicated manufacturer and retailer of elegant ethnic outfits, including Pakistani suits, gowns, shararas, and custom designer wear.",about_meta_description,https://aryacreation.in/cdn/shop/files/ARYACREATION_LOGO-removebg-preview_bd461618-fd69-401b-b0d9-f3762038d3aa.png?v=1752299230&width=100,Gujarat,Surat,24AOVPR0095K1ZA,meta.json country=IN; currency=INR; state=Gujarat; .in domain; GSTIN on site; +91 phone on site,8
446,Bloomica,https://bloomica.in,care@bloomica.in; bloomicastore@gmail.com,+918438797723,https://www.instagram.com/bloomica.in,https://www.facebook.com/profile.php?id=61578567776132,,,https://www.youtube.com/@Bloomica,Plants & Gardening,"Shop premium quality seeds and live plants at Bloomica. From fruit plants to flower seeds, grow your garden with confidence and care.",meta_json,https://bloomica.in/cdn/shop/files/Bloomica_Logo.png?v=1752611724&width=500,Tamil Nadu,Marthandam,,meta.json country=IN; currency=INR; state=Tamil Nadu; .in domain; +91 phone on site,8
447,Cottonking,https://cottonking.com,info@cottonking.com,+919209010005; +919175993326,https://www.instagram.com/cottonking_official,https://www.facebook.com/cottonkingofficialpage,,,https://www.youtube.com/@CottonkingOfficial,Apparel & Fashion (Men),"Shop Cottonking for 100% cotton shirts, t-shirts & trousers. Fast delivery, easy returns & secure payments for a smooth shopping experience.",meta_json,https://cottonking.com/cdn/shop/files/logo_new.png?v=1706613563&width=300,Maharashtra,Pune,,meta.json country=IN; currency=INR; state=Maharashtra; +91 phone on site,8
448,DESI SITARA,https://desisitara.com,support@desisitara.com; grievance@sskl.co.in,+919068968989,https://www.instagram.com/desisitara,https://www.facebook.com/profile.php?id=61583963534271,,,https://www.youtube.com/@DESISITARA,Apparel & Fashion,"Explore kurtas, suits, kurtis, kurta sets, co-ords and dress materials for women, from daily cotton styles to festive Chanderi, silk and Jamdani looks.",meta_json,https://desisitara.com/cdn/shop/files/animated-logo-brand-pink.gif?v=1774611244&width=330,Telangana,Hyderabad,,meta.json country=IN; currency=INR; state=Telangana; +91 phone on site,8
449,Doctor Extra Soft,https://doctorextrasoft.com,support@doctorextrasoft.com; support@doctorsoft.com; sauban@doctorextrasoft.com,+917045436952; +919167116156,https://www.instagram.com/doctorextrasoft,https://www.facebook.com/Doctorextrasoft,,,https://www.youtube.com/channel/UCtQtTJ0ccFcES_d3QHt0Vbg,Footwear,"Doctor Extra Soft by Family Footwear brings to you a wide range of footwear for men and women. Collections ranging from house slippers, sandals, flip-flops, doctor chappal to sneakers that treat ortho & diabetic foot conditions are available on our website with great discounts and promo codes for fe",meta_json,https://doctorextrasoft.com/cdn/shop/files/logo.png?v=1764145624&width=500,Maharashtra,MUMBAI,,meta.json country=IN; currency=INR; state=Maharashtra; +91 phone on site,8
450,Fashion Dream,https://fashiondream.co.in,info@fashiondream.co.in; support@fashiondream.co.in,+918140836015,https://www.instagram.com/fashiondream.co.in,https://www.facebook.com/people/fashiondreamcoin/100075968604324,,,https://www.youtube.com/@fashiondream4154,Apparel & Fashion (Women),"Fashion Dream offers wide range of designer clothing for women and girls. Available frocks, dresses, Jumpsuits, lehenga choli, Brother Sister, Ethnic Set, Girls casual, fusion wear clothing. You can get Women Designer Clothing Like Dresses, Ethnic Set, Kurta & Kurti , Co Ords, Tops, Knee Length, Mid",meta_json,https://fashiondream.co.in/cdn/shop/files/logo-only.gif?v=1688381263&width=350,Gujarat,Surat,,meta.json country=IN; currency=INR; state=Gujarat; .in domain; +91 phone on site,8
451, FGEAR.in,https://fgear.in,contact@fgear.in,+919066161590,https://www.instagram.com/fgear.in,https://www.facebook.com/fgear.in,,,https://www.youtube.com/@fgearindia,Bags & Luggage,"Thoughtfully designed bags for modern lifestyles. Explore premium backpacks, luggage, and travel accessories by F Gear. Crafted for lasting performance.",meta_json,https://www.fgear.in/cdn/shop/files/update_logo.svg?v=1759759250&width=130,Karnataka,Bengaluru,,meta.json country=IN; currency=INR; state=Karnataka; .in domain; +91 phone on site,8
452,Fuel Shoes,https://fuelshoes.com,letstalk@fuelshoes.com,+919599714006,https://www.instagram.com/fuelshoes,https://www.facebook.com/FuelShoesIndia,,,https://www.youtube.com/@fuelshoes.mws.,Footwear,"Fuel Shoes offers top-tier safety shoes, sports shoes, slippers, and sandals—ensuring quality and style at unbeatable prices. Step into confidence and comfort with our diverse footwear collection, where safety and fashion unite for every step you take.",meta_json,https://fuelshoes.com/cdn/shop/files/fuel.logo_fl.png?v=1707479427&width=500,Haryana,SONIPAT,,meta.json country=IN; currency=INR; state=Haryana; +91 phone on site,8
453,CHK,https://gochk.co,support@gochk.co; harsh@gochk.co,+916364905440,https://www.instagram.com/gochk.co,https://www.facebook.com/gochk.co,,https://in.linkedin.com/company/gochk1,,Footwear,OWN YOUR PATH,meta_json,https://gochk.co/cdn/shop/files/Elle_Logo.png?v=1788435301&width=700,Tamil Nadu,Ranipet,,meta.json country=IN; currency=INR; state=Tamil Nadu; +91 phone on site; Indian PIN code on site,8
454,IDCULT,https://idcult.com,care@idcult.com,+919910433300,https://www.instagram.com/theidcult,https://www.facebook.com/IDbeingcult,,,https://www.youtube.com/channel/UCOWJ4sefmpwQpo66a_W0z7A,Footwear,"Grab the latest men’s & women’s footwear from IDCULT Shoes. Explore casual shoes, sneakers, formal shoes, boots, loafers, sandals & slippers in trending styles",meta_json,https://idcult.com/cdn/shop/files/IMG_1033_ef5c3f5d-695f-40f3-bf1d-10ef821f0398_100x@2x.jpg,Uttar Pradesh,Noida,,meta.json country=IN; currency=INR; state=Uttar Pradesh; +91 phone on site,8
455,Indiclub.shop,https://indiclub.shop,info@indiclub.shop; indiclubfashion@gmail.com,+919274502991,https://www.instagram.com/indiclub.shop,https://www.facebook.com/IndiClubIndia,,,https://www.youtube.com/channel/UCzBShhgcrpxBW7MKF9n2aBw,Apparel & Fashion (Men),"Shop stylish T-shirts, trousers & track pants online at Indiclub – Estimate delivery: 3–5 days. Free shipping & returns on orders over ₹899!",meta_json,https://indiclub.shop/cdn/shop/files/Indiclub_Horizontal_Logo.svg?v=1743149203&width=330,Gujarat,Surat,,meta.json country=IN; currency=INR; state=Gujarat; +91 phone on site,8
456,jaipurkurti,https://jaipurkurti.com,care@jaipurkurti.com,+919314966969; +918078678116; +913330352737,https://instagram.com/jaipurkurti,https://www.facebook.com/jaipurkurti,,,https://www.youtube.com/@jaipurkurtiofficial,Apparel & Fashion (Women),"Shop original Jaipur Kurti for Women's Indian wear from online and in-store. Available across 200+ Retail stores pan-India including Shoppers Stop, Centro, Reliance Trends, Avantra & many more...",meta_json,https://jaipurkurti.com/cdn/shop/files/1.png?v=1774873453&width=145,Rajasthan,Jaipur,,meta.json country=IN; currency=INR; state=Rajasthan; +91 phone on site,8
457,Kalamandir,https://kalamandir.com,hello@kalamandir.com; support@desisitara.com; ecommerce@kalamandir.com,+919852985299; +919068968989,https://www.instagram.com/kalamandirfashions,https://www.facebook.com/kalamandir,,,https://www.youtube.com/@Kalamandir,Apparel & Fashion,"Every great work of art had a modest beginning, and Kalamandir's is no exception. The story is interwoven with themes of wisdom, fortitude, and a profound comprehension of the enduring connection between a woman and her saree.",about_meta_description,https://kalamandir.com/cdn/shop/files/logo_1.png?v=1784182928&width=330,Telangana,Hyderabad,,meta.json country=IN; currency=INR; state=Telangana; +91 phone on site,8
458,Karagiri,https://karagiri.com,help@karagiri.com,+919311749215; +919611719459,https://www.instagram.com/karagiri_ethnic,https://facebook.com/karagirii,https://twitter.com/karagiri2,,https://www.youtube.com/channel/UC7zcruPYUf0YV2xXkK2fu4Q,Apparel & Fashion,"Karagiri has beautiful collections of Indian Ethnic wear online in India. Explore a wide range of products like Sarees, Lehenga Cholis, and Anarkalis at best price. Shop now!",meta_json,https://www.karagiri.com/cdn/shop/files/Image_320x2x_1753700818956_640x.png?v=1753702173,Karnataka,Bengaluru,,meta.json country=IN; currency=INR; state=Karnataka; +91 phone on site; Indian PIN code on site,8
459,Karizma Jewels,https://karizmajewels.in,support@karizmajewels.in; support@karizmajewels.com; karizmajewels@gmail.com,+917814823244; +919815074837,https://www.instagram.com/karizma_jewels,https://www.facebook.com/karizmajewels,https://twitter.com/karizmajewels,,,Jewellery & Accessories,"Karizma Jewels provides jewelry in high quality silver grade. Ethnic traditional collection of Jewelry anklets, chains, bangles and nose rings is available. we provide real gemstones, crystals and red book remedy items online with fast shipping all across India.",meta_json,https://karizmajewels.in/cdn/shop/files/karizmajewels-logo23.png?v=1701171041&width=500,Punjab,Jalandhar,,meta.json country=IN; currency=INR; state=Punjab; .in domain; +91 phone on site,8
460,London Cotton,https://londoncotton.in,hello@londoncotton.in,+919315501574,https://www.instagram.com/lc_londoncotton,https://www.facebook.com/londoncottonofficial,https://x.com/LC_londoncotton,,https://www.youtube.com/@LondonCottonStore,Apparel & Fashion (Men),"London Cotton is a premium shirt brand dedicated to combining style, comfort, and quality. Our shirts are crafted from the finest materials, ensuring a perfect fit for every occasion—from casual outings to formal events",meta_json,https://www.londoncotton.in/cdn/shop/files/LONDON_COTTTON_Logo_p_3000x.png?v=1786171941,Delhi,Delhi,,meta.json country=IN; currency=INR; state=Delhi; .in domain; +91 phone on site,8
461,Lukson,https://lukson.co,care@lukson.co; luksonjewels@outlook.com,+916361617474,https://www.instagram.com/lukson.official,https://www.facebook.com/people/Lukson-Jewels/61563343450447,,,https://www.youtube.com/@Lukson_jewels,Jewellery & Accessories,"Buy IGI certified lab grown diamond jewellery online at Lukson. Explore rings, earrings, pendants, bracelets, necklaces and more crafted in BIS hallmarked gold.",meta_json,https://lukson.co/cdn/shop/files/Logo_Icon_4fe116c6-5a5b-40ff-9e73-50c0d01ace64.png?v=1753090703,Maharashtra,Mumbai,,meta.json country=IN; currency=INR; state=Maharashtra; +91 phone on site; Indian PIN code on site,8
462,myTrident India,https://mytrident.com,care@mytrident.com,+9118001802999; +919878997181,https://www.instagram.com/mytridenthome,https://www.facebook.com/mytridenthome,https://x.com/myTRIDENThome,,,Home & Decor,"Buy premium cotton bedsheets, towels, rugs, and bathrobes at best price in India. Browse our wide range of super soft towels, rugs and bathrobes, etc.",meta_json,https://mytrident.com/cdn/shop/files/myTrident_logo-06_1.png?v=1695131811,Punjab,Dhaula,,meta.json country=IN; currency=INR; state=Punjab; +91 phone on site,8
463,Nilu's Collection,https://niluscollection.com,info@niluscollection.com,+919160497544,https://www.instagram.com/niluscollection_official,https://www.facebook.com/niluscollection,,,https://www.youtube.com/@niluscollection_official/shorts,Jewellery & Accessories,"Discover our stunning collection of fashion jewellry online. Find the perfect piece earring, bracelet, necklace, rings to elevate your style and add a touch of sparkle to your outfit. Shop now!",meta_json,https://www.niluscollection.com/cdn/shop/files/Untitled_design_12_081272ba-07d0-46f2-8acc-ee8d0ff0acaa.png?v=1777114326&width=512,Telangana,Hyderabad,,meta.json country=IN; currency=INR; state=Telangana; +91 phone on site,8
464,Numero Uno,https://numerounojeanswear.com,customercare@nucl.in,+911244555222; +918826004404,https://www.instagram.com/numerounojeanswear,https://www.facebook.com/numerounojeanswear,https://x.com/numerounojw,https://www.linkedin.com/company/numero-uno-clothing-ltd.,https://www.youtube.com/channel/UCTRFjpZI5KbIQ0q7Melhfww,Apparel & Fashion (Men),"Shop premium jeans for men and women online at Numero Uno. Discover slim, regular, straight, tapered, and relaxed fits in authentic denim styles for every occasion.",meta_json,https://www.numerounojeanswear.com/cdn/shop/files/New-Numero-Uno-Logo-White.png,Haryana,Gurgaon ,,meta.json country=IN; currency=INR; state=Haryana; +91 phone on site,8
465,orangesugar,https://orangesugar.in,help@orangesugar.in,+917300006313,https://www.instagram.com/orangesugar.in,https://m.facebook.com/theorangesugar,,https://www.linkedin.com/company/82538921,,Baby & Kids,"Wrap your little ones in unparalleled comfort with our 100% breathable cotton baby and kids wear. Our collection, designed for newborns to 10-year-olds, combines modern design with timeless warmth. Explore our durable, hypoallergenic, & affordable essentials crafted with long-lasting Azo-free dyes.",meta_json,https://www.orangesugar.in/cdn/shop/files/OS_logo_1.png?v=1743231973&width=112,Tamil Nadu,Tiruppur,,meta.json country=IN; currency=INR; state=Tamil Nadu; .in domain; +91 phone on site,8
466,Panjavarnam,https://panjavarnam.com,marketing@panjavarnam.com,+919840758137,https://www.instagram.com/panjavarnamsilks,https://www.facebook.com/panjavarnamsilks,,,https://www.youtube.com/@panjavarnamsilks,Apparel & Fashion,"Panjavarnam silk sarees are unique and handwoven using pure silk pure zari. Buy Online handwoven original Kanjivaram Silk Sarees, Kanchipuram Silk Sarees, Kalamkari, Pochampally, Tussar, Linen, Batik, Dhakai, Bandhini silk sarees At Best Price In India buy/sale Online shopping for Women. ✓ Free Ship",meta_json,https://panjavarnam.com/cdn/shop/files/001_PANJAVARNAM_3d_b20448ad-da7b-4197-97c5-62d90bfaf3c2.png?v=1711736263&width=500,Tamil Nadu,Chennai,,meta.json country=IN; currency=INR; state=Tamil Nadu; +91 phone on site,8
467,Pierre Cardin,https://pierrecardinindia.com,care@pierrecardinindia.com; care@eltusmode.com,+919220034336,https://www.instagram.com/pierrecardinshoe,https://www.facebook.com/pierrecardinfootwear,,,https://youtube.com/@pierrecardinindia8920,Footwear,"Shop Pierre Cardin premium leather shoes for men & women. 100% full-grain leather, handcrafted welt stitch, Made in India. Free shipping. Shop now.",meta_json,https://pierrecardinindia.com/cdn/shop/files/logo_2_222x.png?v=1746506511,Delhi,New Delhi,,meta.json country=IN; currency=INR; state=Delhi; +91 phone on site,8
468,Provogue,https://provogue.com,customercare@provogue.com,+918655664396,https://www.instagram.com/provogue.official,https://www.facebook.com/Provogue,,,https://www.youtube.com/@provogue.official,Bags & Luggage,"Explore Provogue hard luggage bags crafted for modern travel. From short trips to long hauls, find durable, stylish options in all sizes and colors.",meta_json,https://www.provogue.com/cdn/shop/files/PROVOGUE_DESKTOP_PURPLE_4x_ec244d8e-fd3b-44a2-8836-c46a5a4b30d5.png?v=1742654604&width=500,Maharashtra,Mumbai,,meta.json country=IN; currency=INR; state=Maharashtra; +91 phone on site,8
469,RayGlow,https://rayglow.in,contact@raybliss.com,+919448298709; +918888668860; +919797979246,https://www.instagram.com/rayglow_skin_whitening_cream,https://www.facebook.com/rayglow.in,,,https://www.youtube.com/@Rayglow-in,Beauty & Personal Care,"7 brightening actives targeting dark spots, pigmentation & uneven tone through multiple biological pathways. Not 1 hero ingredient but 7. NABL lab tested. FDA approved. ₹2,999.",meta_json,https://www.rayglow.in/cdn/shop/files/Rayglow_TM.png?v=1754482072&width=2000,Karnataka,tumkur,29AAMCR7331N1ZM,meta.json country=IN; currency=INR; state=Karnataka; .in domain; GSTIN on site; +91 phone on site,8
470,Joules by Radhika ,https://shopjbr.com,contact@shopjbr.com,+918097336503; +918454813464,https://instagram.com/joulesbyradhika,https://www.facebook.com/joulesbyradhika,,,https://www.youtube.com/@joulesbyradhika4400,Jewellery & Accessories,"Discover a collection of high-quality Indian Designer Jewellery. Buy necklaces, earrings and rings at Joules by Radhika.",meta_json,https://www.shopjbr.com/cdn/shop/files/JBR_LOGO_ORGINAL_RM_PNG.webp?v=1712047488&width=1100,Maharashtra,Mumbai,,meta.json country=IN; currency=INR; state=Maharashtra; +91 phone on site,8
471,SilkFolks,https://silkfolks.com,support@silkfolks.com,+919099846382,,https://www.facebook.com/silkfolksofficial,https://x.com/Silk_folks,,https://www.youtube.com/@silk-folks,Apparel & Fashion,"Goldy Shoppers ( Silk Folks ) is diametrically profession in Textile, It’s our family Business and after all Silk Folks Brand was born! At Silk Folks, we connect you to the roots - India's heritage, most beautiful handcrafted products from corners of India!",about_meta_description,https://silkfolks.com/cdn/shop/files/SilkFolks-Logo_290x_1b213569-a13f-42f6-bf16-1efac4c04782.png?v=1710502714&width=330,Gujarat,Surat,,meta.json country=IN; currency=INR; state=Gujarat; +91 phone on site,8
472,Silverfied,https://silverfied.in,support@silverfied.in,+919811945925,https://www.instagram.com/silverfied,https://www.facebook.com/silverfied,,,https://www.youtube.com/@Silverfied,Jewellery & Accessories,"925 Silver jewelery for your piercings. Earrings for all the piercings, easy to wear, skin friendly, fairly priced and anti tarnish. Hypoallergenic and skin friendly for Helix, conch, lobe, Tragus and other piercings.",meta_json,https://www.silverfied.in/cdn/shop/files/main-logo.svg?v=1749719008&width=157,Delhi,New Delhi,,meta.json country=IN; currency=INR; state=Delhi; .in domain; +91 phone on site,8
473,Tarakaya Silver,https://silvertarakaya.com,tarakayasilver@gmail.com,+917004515415; +919113761426,https://www.instagram.com/silver_tarakaya925,https://www.facebook.com/silverstory925,,,,Jewellery & Accessories,"Pinterest Dreamy & Bohemian Vibe ""Discover dreamy boho silver jewelry at Tarakaya Silver—925 sterling silver pieces inspired by nature, spirituality, and minimalist beauty. Each piece tells a story, handcrafted just for you.""",meta_json,https://www.silvertarakaya.com/cdn/shop/files/Untitled_design_7.png?v=1725481035&width=500,Jharkhand,Hazaribagh,20AAJCT7661G1ZB,meta.json country=IN; currency=INR; state=Jharkhand; GSTIN on site; +91 phone on site,8
474,Spiffers,https://spiffers.in,support@spiffers.in; director@spiffers.in,+919876515500,https://www.instagram.com/spiffers.in,https://www.facebook.com/worldofspiffers,,,https://www.youtube.com/@spiffersbrand,Footwear,"India's homegrown Footwear brand. Delivering best selling designs year after year. One of the first modern sneaker brands to start in India. All the Products are made with premium materials uppers, all-day comfortable soles at a very pocket friendly price.",meta_json,https://www.spiffers.in/cdn/shop/files/Asset_2_2x_2e81deb6-8b00-4218-bf9d-7e705e883855.png?v=1780991478&width=500,Punjab,jalandhar,,meta.json country=IN; currency=INR; state=Punjab; .in domain; +91 phone on site,8
475,Taruni Clothing,https://taruni.in,eshop@taruni.in,+918977528118,https://www.instagram.com/taruni.official,https://www.facebook.com/taruni.in,https://twitter.com/TaruniOfficial,,https://www.youtube.com/channel/UCecFAgCOVpGA5g0ZnlJvvvQ,Apparel & Fashion (Women),Discover exquisite traditional & ethnic dresses for women & kids in the India. Explore cultural styles & timeless elegance. Shop now!,meta_json,https://taruni.in/cdn/shop/files/Logo_3.png?v=1707816295&width=151,Telangana,Secunderabad,,meta.json country=IN; currency=INR; state=Telangana; .in domain; +91 phone on site,8
476,THE RAJLAXMI JEWELLERS,https://therajlaxmijewellers.in,therajlaxmijewellers@gmail.com; send2saas@gmail.com,+918777348344,https://www.instagram.com/therajlaxmijewellers,https://www.facebook.com/therajlaxmijewellers,,,https://www.youtube.com/@therajlaxmijewellersbehala,Jewellery & Accessories,"BIS certified. Latest and cheapest collection of gold jewellery at minimum making charges at your doorstep. Dealer in Pola category like Bangles, Bracelets, Necklaces and Pola Rings.",meta_json,https://therajlaxmijewellers.in/cdn/shop/files/Bureau_of_Indian_Standards_Logo..png?v=1711113211&width=1100,West Bengal,Kolkata,19EFBPK4528F1ZG,meta.json country=IN; currency=INR; state=West Bengal; .in domain; GSTIN on site; +91 phone on site,8
477,vastrang.in,https://vastrang.in,support@vastrang.in,+916357000381,https://www.instagram.com/vastrang.in,https://www.facebook.com/vastrang.in,,,https://www.youtube.com/@vastrang7008,Apparel & Fashion,Online Buy New Saree Salwar Suit Lehenga Choli Gown Kurti Collection | vastrang Fancy Designer Party Wear Wedding Wear Collection | vastrang online Store Buy 2021 latest collection for women Ethnic wear,meta_json,https://vastrang.in/cdn/shop/files/vastrang.in_1.jpg?v=1785305624&width=330,Gujarat,Surat,,meta.json country=IN; currency=INR; state=Gujarat; .in domain; +91 phone on site,8
478,Walusha,https://walusha.in,help@walusha.in,+916354238305,https://www.instagram.com/walusha_in,https://www.facebook.com/walushakurtis,,,https://www.youtube.com/@Walushakurtis,Apparel & Fashion,"In an era where the idea of beauty is always shifting, walusha.in (Managed By SHIVAM ENTERPRISE) embraces the evergreen beauty – the pure and poise soul. It is a reflection of who you are, what you feel in the moment; a thing of beauty that becomes a joy forever.",about_meta_description,https://walusha.in/cdn/shop/files/WALUSHA_LOGO_e4c83913-27cd-42e2-9a7d-12b26ed92d99.png?v=1701153991&width=1000,Gujarat,Surat,,meta.json country=IN; currency=INR; state=Gujarat; .in domain; +91 phone on site,8
479,Yanchi,https://yanchi.in,studioyanchi@gmail.com,+919333870000; +919350188297; +918053781000,https://www.instagram.com/yanchistudio,https://www.facebook.com/yanchistudio,,,,Apparel & Fashion,"Elevate your wardrobe with premium unstitched and readymade apparel, crafted to suit your unique style and budget. With thousands of satisfied customers and hundreds of glowing reviews, we’re dedicated to making high-quality fashion accessible to all. Experience exceptional products and service—shop",meta_json,https://yanchi.in/cdn/shop/files/logo-png_final.png?v=1693385057&width=500,Haryana,HISAR,06ABZFS2739J1ZE,meta.json country=IN; currency=INR; state=Haryana; .in domain; GSTIN on site; +91 phone on site,8
480,DAKSHIS,https://dakshis.com,support@dakshis.com,+918866845523,https://www.instagram.com/dakshis.com_,,,,,Religious & Pooja,"Authentic Rudraksha, Karungali & spiritual jewellery online. Not just ornaments, but blessings, faith & positivity. Shop original malas, pendants & sacred accessories trusted by 15 Lakh+ devotees.",meta_json,https://dakshis.com/cdn/shop/files/dakshis-logo-hindi.png?v=5649410959467847106,Gujarat,Kheralu,24FWKPP2447D1ZH,meta.json country=IN; currency=INR; state=Gujarat; GSTIN on site; +91 phone on site,8
481,Ekana Label,https://ekanalabel.com,support@ekanalabel.com,+917046801532,https://www.instagram.com/ekana.label,https://www.facebook.com/ekana.label,,,https://www.youtube.com/channel/UConuYByYACPXhSox-5zY5WQ,Apparel & Fashion (Women),Shop Ekana Label for beautiful Indian ethnic wear like sarees and suits. Find both traditional and modern styles at great prices. Perfect for any occasion. Explore our collection today!,meta_json,https://www.ekanalabel.com/cdn/shop/files/Ekana_Logo_1_5db2c785-ceef-47f7-a8dd-2e01ed5599de.png?v=1616651442&width=1200,Gujarat,Surat,,meta.json country=IN; currency=INR; state=Gujarat; +91 phone on site,8
482,Fytika Healthcare Products,https://fytika.com,support@fytika.com; info@fytika.com,+918181819355,https://www.instagram.com/fytika.official,https://www.facebook.com/fytikaofficial,,,https://www.youtube.com/channel/UCUwyon1rGQJfl3RYUJpnhRA,Health & Wellness,"Fytika Healthcare Products offers high-quality products for Health & Wellness that are safe and effective. For more details, visit fytika.com",meta_json,https://fytika.com/cdn/shop/files/main-footr-logo.png?v=1645605130&width=500,Uttar Pradesh,Ghaziabad,,meta.json country=IN; currency=INR; state=Uttar Pradesh; +91 phone on site,8
483,JISORA,https://jisora.com,customercare@jisora.com; grievance@jisora.com,+919358935828,https://www.instagram.com/jisorajaipur,https://www.facebook.com/jisorajaipur,,,https://www.youtube.com/@jisorajaipur,Apparel & Fashion,"Discover Jisora – India’s best brand for women’s co-ord sets, dresses & tops. Shop online for trendy, stylish & comfortable outfits for every occasion.",meta_json,https://jisora.com/cdn/shop/files/jisora-logo_400x_8fdfb8c4-44e5-40cc-8601-52b293749775.png?v=1658906401&width=280,Rajasthan,Jaipur,,meta.json country=IN; currency=INR; state=Rajasthan; +91 phone on site,8
484,John Ellies India,https://johnellies.in,support@johnellies.com,+919090518585,https://www.instagram.com/johnellies_india,https://www.facebook.com/johnellies.india,,,https://www.youtube.com/@johnellies_india,Apparel & Fashion (Men),"Explore a wide range of Premium Men's Shirts, Trousers, Socks, Belts, Club Wear and more. To view our extensive range of men's clothing accessories, Visit Now!",meta_json,https://johnellies.in/cdn/shop/files/John-Ellies-Trim_0d6fb72a-4009-4704-8271-daf77e291356.png?v=1707714768&width=500,Gujarat,Surat,,meta.json country=IN; currency=INR; state=Gujarat; .in domain; +91 phone on site,8
485,Jompers,https://jompers.com,support@jompers.com,+919354983102; +919625916289,https://www.instagram.com/jompers_fashion,https://www.facebook.com/jompersfashion,,,https://www.youtube.com/channel/UCRACPNP_CkPE5l37U2Ud9jg,Apparel & Fashion (Men),"Jompers - Shop Jompers ethnic clothing online for men & women online in India. Shop from a wide range of kurta sets, kurtis, trousers & dresses at Jompers. Flagship Store Located in Noida: G-6, BASEMENT & G. FLOOR, SECTOR -18, NOIDA, U.P.- 201301, Store Number :- 9625916289",meta_json,https://jompers.com/cdn/shop/files/jompers_final_logo_2_c196be5c-9681-4887-9f6d-1c17839c2da6.jpg?v=1658811197&width=320,Delhi,Delhi,,meta.json country=IN; currency=INR; state=Delhi; +91 phone on site,8
486,maizic,https://maizic.com,contact@maizic.com,+917042870887,https://www.instagram.com/maizic,https://www.facebook.com/maizicindia,,,https://www.youtube.com/@Maizicsmarthome,Electronics & Gadgets,"Maizic is India's largest selling AI security brand. With a mission to make your AI journey supereasy, Maizic develops devices that are standalone, have best in class AI features and do not require professional installation, everything is packed inside the box andare packed witlh lifetime oncall tec",meta_json,https://cdn.shopify.com/s/files/1/0729/7309/1091/files/logooo.png?v=1769864134,Uttar Pradesh,Ghaziabad,,meta.json country=IN; currency=INR; state=Uttar Pradesh; +91 phone on site,8
487,Rangita,https://rangita.com,care@rangita.com,+918383073206,https://www.instagram.com/rangita_ethnic,https://www.facebook.com/Rangitaethnic,,,https://youtube.com/@RangitaEthnic,Apparel & Fashion,"Buy ethnic wear for women online at Rangita. Explore variety of traditional wear like sarees, Kurta,Leggings and more. Free Shipping Available above Rs 499",meta_json,https://rangita.com/cdn/shop/files/Rangita_Logo-01_1.webp?v=1714210117&width=1039,Haryana,Gurugram,,meta.json country=IN; currency=INR; state=Haryana; +91 phone on site,8
488,Swtantra,https://swtantra.com,hello@swtantra.com,+919310739426,https://www.instagram.com/swtantraofficial,https://www.facebook.com/Swtantra-110930520379500,,,https://www.youtube.com/channel/UCqCehK-3Wu2bIVA-jssQ8Hw/featured,Apparel & Fashion,"We, at Swtantra, are on a mission to make Indian clothing more wearable globally.",meta_json,https://swtantra.com/cdn/shop/files/Swtantra-logo.svg?v=1744240128&width=565,Delhi,Delhi,,meta.json country=IN; currency=INR; state=Delhi; +91 phone on site,8
489,U Are Jewellery,https://uare.co,contact@uare.co,+919321347711,https://www.instagram.com/uare.co,https://www.facebook.com/profile.php?id=61555686571537,,,https://www.youtube.com/@UAREOfficial,Jewellery & Accessories,"Discover U ARE's exclusive range of handcrafted silver jewellery. Embrace your unique style with our elegant silver rings, pendants, and earrings. Shop now and tell your story!",meta_json,https://www.uare.co/cdn/shop/files/LOGO-OUTERLINE-1.png?v=1690972364&width=300,Maharashtra,Mumbai,,meta.json country=IN; currency=INR; state=Maharashtra; +91 phone on site,8
490,ZIVAMOMS,https://zivamoms.com,info@zivamoms.com,+917356244775; +918592002288,https://www.instagram.com/ziva_maternity_wear,https://www.facebook.com/zivamoms,,,https://www.youtube.com/channel/UCK3y0A4UMrHU6BZ9zVhOChQ,Baby & Kids,"India's most trusted maternity brand since 2012. Shop stylish maternity dresses, nursing wear, infant essentials & hospital kits. Comfortable, safe & delivered across India.",meta_json,https://zivamoms.com/cdn/shop/files/logo-new.jpg?v=1761570508&width=330,Kerala,Angamaly,,meta.json country=IN; currency=INR; state=Kerala; +91 phone on site; Indian PIN code on site,8
491,BLACK MAMBA,https://blackmambajewellery.com,support@blackmambajewellery.com,+919136625598,https://www.instagram.com/blackmamba_jewellery,https://www.facebook.com/blackmambajewellery,,,https://www.youtube.com/@blackmambajewelry3371,Jewellery & Accessories,"Explore premium men’s jewellery at Black Mamba – magnetic lock bracelets, Cuban chains, natural stone jewellery, and bold unisex designs. Designed for modern Indian men. Shop online with fast delivery, high-quality materials, and statement style that stands out",meta_json,https://www.blackmambajewellery.com/cdn/shop/files/bBLACK_MAMBA-new.png?v=1778998499&width=500,Maharashtra,Mumbai,,meta.json country=IN; currency=INR; state=Maharashtra; +91 phone on site,8
492,DCT Dream Comes True ,https://dctclothing.store,customercare@dctclothing.store,+919567169991; +916238630857,https://www.instagram.com/dreamcomestrueboutique,https://www.facebook.com/dctclothingstore,,,https://www.youtube.com/c/DCTCLOTHINGSTORE--DreamComesTrue,Apparel & Fashion,DCT Boutique & Design Studio | Tripunithura (Cochin) Dream Comes True! Visit our physical store or e-Store for extensive collection of clothing for the elegant women in you!,meta_json,https://dctclothing.store/cdn/shop/t/12/assets/logo-new3.svg?v=163110581811908125161680248171,Kerala,Ernakulam,,meta.json country=IN; currency=INR; state=Kerala; +91 phone on site,8
493,Hues Fab,https://huesfab.com,support@huesfab.com; queries@huesfab.com,+919358660167; +919024160167; +919799660167,https://www.instagram.com/huesfab,https://www.facebook.com/huesfab,,,https://www.youtube.com/@huesfab,Apparel & Fashion,"Shop 755+ men's kurtas, shirts, co-ord sets and Nehru jackets at Hues Fab. Crafted from 100% cotton cambric with authentic Sanganeri prints. Free shipping | COD available.",meta_json,https://huesfab.com/cdn/shop/files/HUES_FAB_logo_280_x_80_px.png?v=1743610011&width=280,Rajasthan,Jaipur,,meta.json country=IN; currency=INR; state=Rajasthan; +91 phone on site,8
494,Ibis Fab,https://ibisfab.com,support@ibisfab.com,+919274744189,https://www.instagram.com/ibis.fab,https://www.facebook.com/Ibisfab,,,https://www.youtube.com/@ibisfab,Apparel & Fashion,Ibis Fab is India's best online site for designer and ethnic sarees for women. Shopping is available with a huge range of artisanal collections at affordable prices.,meta_json,https://ibisfab.com/cdn/shop/files/image_2.jpg?v=1765362415&width=600,Gujarat,surat,,meta.json country=IN; currency=INR; state=Gujarat; +91 phone on site,8
495,Lavie World,https://lavieworld.com,support@lavieworld.com; unsubscribe@emarsys.com; ecomservice.in@samsonite.com,+917447707733,https://www.instagram.com/lavieworld,https://www.facebook.com/LavieWorld,https://twitter.com/LavieWorld,,https://www.youtube.com/channel/UChdoRVgDOe3f9EkcvUoF1ZA,Bags & Luggage,"Discover a stunning collection of branded women's bags at Lavie World, where style meets functionality. Elevate your accessory game with the perfect blend of elegance and practicality tailored for every occasion.",meta_json,https://www.lavieworld.com/cdn/shop/files/Web_logo_c2294833-f836-485d-8894-c57023593126.png?v=1726143283&width=260,Maharashtra,mumbai,,meta.json country=IN; currency=INR; state=Maharashtra; +91 phone on site,8
496,Laxmipati Sarees | Sale,https://laxmipati.com,help@laxmipati.com; wholesale@laxmipati.com,+917573975700; +917573001048; +917573001089,https://www.instagram.com/houseoflaxmipati,https://www.facebook.com/HouseofLaxmipati,,,https://www.youtube.com/@laxmipatisarees_,Apparel & Fashion (Women),"Premium Laxmipati sarees for women include georgette, chiffon & silk options with elegant floral prints. Explore graceful designer sarees at लक्ष्मीपति साड़ी",meta_json,https://laxmipati.com/cdn/shop/files/09_1.png?v=1753728997&width=175,Gujarat,Surat,,meta.json country=IN; currency=INR; state=Gujarat; +91 phone on site,8
497,MACS,https://macsjewelry.com,hello@macsjewelry.com; macsmumbai@gmail.com; ello@macsjewelry.com,+918655486206,https://www.instagram.com/macsjewelry,https://www.facebook.com/macsjewellery,,,https://www.youtube.com/@macsjewelry,Jewellery & Accessories,"MACS offers handcrafted pure silver jewellery online in 925 hallmarked silver and vintage silver. Buy 925 pure silver jhumkas, silver hasli, silver nose pins, silver naths, pure silver chokers, silver long necklaces, jadau kundan jewellery, vintage jewellery, tribal silver jewellery by artisans of J",meta_json,https://www.macsjewelry.com/cdn/shop/files/Silver_Jewelry_Logo_9f161d0b-bc1d-468a-bbba-4bc983c945e9.png?v=1656989002,Kerala,Kottayam,,meta.json country=IN; currency=INR; state=Kerala; +91 phone on site,8
498,Parakkat Jewels,https://parakkatjewels.com,support@parakkatjewels.com,+918111837222,https://www.instagram.com/parakkat_jewels,https://www.facebook.com/parakkat,,,https://www.youtube.com/@parakkatjewels,Jewellery & Accessories,"Discover exquisite thick Pure 24k one gram gold plated jewelry pieces at Parakkat Jewels. Explore our collection of stunning gold plated necklaces, earrings, bracelets, rings & more, crafted with precision and passion.",meta_json,https://parakkatjewels.com/cdn/shop/files/Logo.png?v=1711363419&width=500,Kerala,Ernakulam,,meta.json country=IN; currency=INR; state=Kerala; +91 phone on site,8
499,JhaJi Store,https://jhajistore.com,namaste@jhajistore.com; mayank@jhajistore.com,+916201268880,https://www.instagram.com/jhajistore,https://www.facebook.com/jhajistore,https://twitter.com/jhajistore,,,Food & Beverages,"JhaJi Store is an online pickle store that sells homemade achar using authentic, traditional recipes from Mithilanchal in North-Eastern region of Bihar. 300+ 5-Star Reviews and 4000+ Customers in 6 months. We are Delivering these pickles to a Zip Code near you. Place an order online.",meta_json,https://www.jhajistore.com/cdn/shop/files/Logo_2_5eb93ac3-1014-45b1-a22e-0dec9c76b439.png?v=1640655442&width=100,Bihar,Patna,,meta.json country=IN; currency=INR; state=Bihar; +91 phone on site,8
500,AashirsLifestyle,https://aashirs.com,support@aashirs.com,+919916472705; +912025112507,https://www.instagram.com/AashirsStores,https://www.facebook.com/AashirsStores,,https://www.linkedin.com/company/aashirs-lifestyle,,Jewellery & Accessories,"Exclusive handcrafted Imitation jewellery | Shop Latest Collection of Designer , Modern, Ethnic & fusion jewellery | One-stop-shop for all Artificia jewellery needs | Fashion wear at affordable prices | Terracotta, fabric, Stone studs, Metal, Oxidized, Party wear, Daily wear Jewelry. Latest Handcraf",meta_json,https://aashirs.com/cdn/shop/files/aashirs_white.png?v=1690203473&width=500,Karnataka,Bangalore,,meta.json country=IN; currency=INR; state=Karnataka; +91 phone on site; Indian PIN code on site,8
501,bAbli,https://babli.in,support@babli.in,+919913419927,https://www.instagram.com/babli.in,https://www.facebook.com/babliahmedabad,,,https://youtube.com/@shopbabli,Apparel & Fashion,"Shop handwoven cotton dresses, tops & co-ord sets for women of all shapes & sizes. Breathable & stylish fashion, made in India - only at bAbli.",meta_json,https://babli.in/cdn/shop/files/logo.png?v=1701265077&width=270,Gujarat,Ahmedabad,,meta.json country=IN; currency=INR; state=Gujarat; .in domain; +91 phone on site,8
502,Chapter 2 Clothing,https://chapter2drip.com,customercare@chapter2drip.com; operations@chapter2drip.com,+917208038742,https://www.instagram.com/chapter2drip,,https://x.com/Chapter2drip,https://www.linkedin.com/company/chapter-2-drip,,Apparel & Fashion,"Chapter 2 is a manifesto of resilience and reinvention. It’s time to embrace unisex fashion with a fearless blend of acid-wash prints, futuristic details, and minimalist slogans like ""Un-Herd"" and ""Indifferent."" We reject barriers and embrace self-expression, creating pieces that speak volumes.",meta_json,https://chapter2drip.com/cdn/shop/files/LOGO.svg?height=248&v=1768555270,Maharashtra,Mumbai,,meta.json country=IN; currency=INR; state=Maharashtra; +91 phone on site,8
503,CLAZZEY,https://clazzey.com,support@clazzey.com; support@clazzey.store,+918851706339,https://www.instagram.com/clazzey.official,https://www.facebook.com/Clazzey.Official,,,https://www.youtube.com/@ClazzeyOfficial/videos,Apparel & Fashion,"Shop Clazzey – a unique fashion brand redefining streetwear. Explore bold prints, premium fabrics & all-size fits. T-shirts, co-ords, hoodies, shackets & more. Style that stands out.",meta_json,https://clazzey.com/cdn/shop/files/Black_And_White_Illustrated_Eagle_Logo.png?v=1754998643&width=1000,Uttar Pradesh,Ghaziabad,,meta.json country=IN; currency=INR; state=Uttar Pradesh; +91 phone on site,8
504,Curious Cub,https://curiouscub.in,support@curiouscub.in; hello@curiouscub.in,+919056088808,https://www.instagram.com/curiouscub.in,https://www.facebook.com/curiouscub.in,,,https://www.youtube.com/@curiouscubindia,Sports & Fitness,"Explore Montessori-inspired toys, activity boxes & play furniture for ages 0–16 years. Most trusted toy brand of India, trusted by 1,00,000+ parents. Discover our New Launches, age-specific sets & developmental play tools, safe, educational & made in India.",meta_json,https://www.curiouscub.in/cdn/shop/files/Untitled_1.png?v=1674930606&width=500,Haryana,Gharaunda,,meta.json country=IN; currency=INR; state=Haryana; .in domain; +91 phone on site,8
505,Invoguishindia,https://invoguish.in,support@invoguish.in; support@invoguish.com; invoguish@gmail.com; invoguish@gmai.com,+917096610507,https://www.instagram.com/in_voguish_india,https://www.facebook.com/invoguishindia,,,https://www.youtube.com/@InVoguish,Bags & Luggage,Design your tote bag at Invoguish by choosing your name and font style. Simple online process to personalize your bag with a touch of your own.,meta_json,https://www.invoguish.in/cdn/shop/files/In_Voguish_Logo2.png?v=1723601040&width=3297,Gujarat,Surat,,meta.json country=IN; currency=INR; state=Gujarat; .in domain; +91 phone on site; Indian PIN code on site,8
506,Kaftanize,https://kaftanize.com,contact@kaftanize.com; info@kaftanize.com,+917208797373; +917208797272; +917217272179,https://www.instagram.com/kaftanize_clothing,https://www.facebook.com/kaftanizeclothing,,,https://www.youtube.com/@kaftanize,Apparel & Fashion,"Discover the latest trends at Kaftanize! Shop our exquisite collection of co-ords, dresses, tops, and kurta set for women, Functional, comfortable styles for your everyday wardrobe. Fast shipping available!",meta_json,https://kaftanize.com/cdn/shop/files/Kaftanize_Logo_1_df55ccd6-087b-4579-8d8a-b93856ee5cdd_880x.png?v=1705323827,Maharashtra,Mumbai,,meta.json country=IN; currency=INR; state=Maharashtra; +91 phone on site,8
507,mamansh,https://mamansh.com,care@mamansh.com,+918178225916,https://www.instagram.com/mamansh.co,https://www.facebook.com/mamansh.co,,,,Baby & Kids,"Get Natural, High Quality & Toxin Free Product for Your Baby. Best Ingredient, Hygienic Process & Fast Delivery.",meta_json,https://www.mamansh.com/cdn/shop/files/Mamansh_Logo_transparent.png?v=1724407547&width=500,Delhi,Delhi,07ABDFP9493L1ZG,meta.json country=IN; currency=INR; state=Delhi; GSTIN on site; +91 phone on site,8
508,Nostrum,https://nostrumfashion.com,support@nostrumfashion.com,+918779498360,https://www.instagram.com/nostrumfashion,https://www.facebook.com/nostrumfashion,,,https://www.youtube.com/@nostrum.fashion,Apparel & Fashion (Men),"Looking for the latest fashion trends? Browse our collection of shirts, t-shirts, jeans, denim, trousers, jackets, belts and bags. Find the perfect style for any occasion and make a statement with our high-quality, trendy fashion. Shop now for the best deals and fast shipping.",meta_json,https://www.nostrumfashion.com/cdn/shop/files/Untitled_design_12.png?v=1765780748&width=500,Maharashtra,Mumbai,,meta.json country=IN; currency=INR; state=Maharashtra; +91 phone on site,8
509,OUTCAST,https://outcasts.in,support@outcasts.in,+919667752922; +919217288859,https://www.instagram.com/outcast_india,https://www.facebook.com/people/Outcast-clothing/100086060782507,https://twitter.com/Outcastclothin,,,Apparel & Fashion,"Discover the latest in women’s fashion at OUTCAST! Shop stylish western dresses, bold tops, club party outfits, winter wear, and everything to stay on trend.",meta_json,https://outcasts.in/cdn/shop/files/logo_outcast_1.png?v=1735300677&width=520,Uttar Pradesh,Uttar pradesh,,meta.json country=IN; currency=INR; state=Uttar Pradesh; .in domain; +91 phone on site,8
510,P E R C H,https://perch.co.in,support@perch.co.in; contact@perchofficial.comin,+918860000169,https://www.instagram.com/perch.co.in,https://www.facebook.com/profile.php?id=61559457736488&mibextid=LQQJ4d,,,https://www.youtube.com/channel/UCesGhLLo7GkGnURL6BXj_nQ,Apparel & Fashion (Men),"Explore our excellent selection of customized shirts to discover the timeless elegance and superior craftsmanship of perch Shirt. Each shirt is made from the best materials and exudes comfort and sophistication, making it ideal for any setting.",meta_json,https://perch.co.in/cdn/shop/files/PMS_Logo.png?v=1768477217&width=330,Delhi,Delhi,,meta.json country=IN; currency=INR; state=Delhi; .in domain; +91 phone on site,8
511,Rclub,https://rclub.in,wecare@rclub.in,+919205700709,https://www.instagram.com/rclub_india,https://www.facebook.com/rclub_india,,,https://www.youtube.com/c/DSGroupIndia,Food & Beverages,"Experience a premium shopping experience at R-club, DS Group's D2C platform. Find popular brands like Rajnigandha, Pulse, Catch, and many others.",meta_json,https://rclub.in/cdn/shop/files/Rclub-Logo_-_Revised_115x.png?v=1724131983,Uttar Pradesh,Noida,,meta.json country=IN; currency=INR; state=Uttar Pradesh; .in domain; +91 phone on site,8
512,Rimli Boutique,https://rimli.in,support@rimli.co.in,+919841640771,https://www.instagram.com/rimliboutique,https://www.facebook.com/Rimli.boutique,,,https://www.youtube.com/@rimliboutique717,Jewellery & Accessories,"Shop at Rimli for unique Handcrafted Earrings, 925 Silver Necklaces, and Bangles starting @ ₹250. Specializing in Kundan Polki and Antique designs. Worldwide shipping.",meta_json,https://rimli.in/cdn/shop/files/Rimli_logo_black.png?v=1701681285&width=699,Tamil Nadu,Chennai,,meta.json country=IN; currency=INR; state=Tamil Nadu; .in domain; +91 phone on site,8
513,RmKV Silks Private Ltd,https://rmkv.com,customercare@rmkv.com,+916374761235,https://www.instagram.com/rmkv_silks,https://www.facebook.com/RmKVSilks,,,https://www.youtube.com/channel/UCCkJv5DAvuo2UF8MCQlCW6Q,Apparel & Fashion,Shop stunning wedding silk sarees from RmKV’s exclusive collection. Discover premium silk sarees online – crafted to make you shine on your special day!,meta_json,https://rmkv.com/cdn/shop/files/rmkv-logo.webp?v=1725338242&width=500,Tamil Nadu,Chennai,,meta.json country=IN; currency=INR; state=Tamil Nadu; +91 phone on site,8
514,Rosso Brunello Leathers Pvt. Ltd.,https://rossobrunello.com,online@rossobrunello.com; online@rossobrunello.co.in; info@rossobrunello.com,+919971144257; +919953686360,https://www.instagram.com/rossobrunelloofficial,https://www.facebook.com/RossoBrunello,https://x.com/rosso_brunello,,,Footwear,"Shop Rosso Brunello’s exclusive handcrafted luxury leather footwear collection. Explore loafers, moccasins, flats, heels and wedges for men and women.",meta_json,https://www.rossobrunello.com/cdn/shop/files/RB_LOGO.svg?v=1778680190&width=200,Delhi,New Delhi,,meta.json country=IN; currency=INR; state=Delhi; +91 phone on site,8
515,SABHYATA CLOTHING,https://sabhyataclothing.com,customercare@sabhyataclothing.com; adnanwasim@sabhyataclothing.com,+919873299929; +919711117237,https://www.instagram.com/sabhyataclothing,https://m.facebook.com/Sabhyata,https://x.com/Sabhyata_ethnic,,,Apparel & Fashion (Women),"Explore Sabhyata Clothing for stylish ethnic and contemporary women’s fashion. Shop premium kurtis, dresses, co-ord sets, festive wear, and everyday outfits with elegant designs and quality fabrics.",meta_json,https://www.sabhyataclothing.com/cdn/shop/files/Sabhyata_red_logo.png,Uttar Pradesh,Noida,,meta.json country=IN; currency=INR; state=Uttar Pradesh; +91 phone on site,8
516,ShriandSam,https://shriandsam.com,info@shriandsam.com,+918199898904,https://www.instagram.com/shriandsam,https://www.facebook.com/OfficialShriandSam,,,https://www.youtube.com/channel/UC0NQSHx9bK_viKYNUf-X3cA,Kitchen & Dining,"Shri & Sam, India's leading premium brand in kitchenware products. Buy online kitchenware products @ best price - cutlery, cookware | Best DIWALI gifts...",meta_json,https://shriandsam.com/cdn/shop/files/shri_and_sam_logo_280_by_80.png?v=1693306723&width=280,Haryana,sonepat,,meta.json country=IN; currency=INR; state=Haryana; +91 phone on site,8
517,Valli Silks,https://thevallisilks.com,customersupport@thevallisilks.com,+917888799974,https://www.instagram.com/thevallisilks.ecommerce,https://www.facebook.com/Thevallisilks,,,https://www.youtube.com/@ValliSilks,Apparel & Fashion,"Shop Valli Silks for trusted online saree shopping. Explore silk, pattu, Banarasi, Kanchipuram and fancy sarees",meta_json,https://thevallisilks.com/cdn/shop/files/logo.png?v=1780479287&width=330,Telangana,Hyderabad,,meta.json country=IN; currency=INR; state=Telangana; +91 phone on site; Indian PIN code on site,8
518,Zodiac Finest Quality Clothing,https://zodiaconline.com,customercare@zodiacmtc.com; investordesk@zodiacmtc.com; cosecy@zodiacmtc.com; estore@zodiaconline.in,+912266677091; +917208953732,https://www.instagram.com/zodiacclothing,https://www.facebook.com/zodiacclothing,https://x.com/zodiacclothing,https://www.linkedin.com/company/zodiac-clothing-company-ltd,https://www.youtube.com/user/ZodiacClothing,Apparel & Fashion (Men),"Explore the world of Zodiac, home to finely tailored shirts for men, trousers and accessories designed for the modern gentleman's timeless, everyday elegance.",meta_json,https://zodiaconline.com/cdn/shop/files/logo.svg?v=1766469314&width=500,Maharashtra,Mumbai,,meta.json country=IN; currency=INR; state=Maharashtra; +91 phone on site,8
519,LightYears Health,https://lightyearshealth.com,care@elevateconsumer.com; hello@elevateconsumer.com,+918800585957; +918307782545,https://www.instagram.com/lightyearshealth,https://www.facebook.com/profile.php?id=61562343961472,,,http://www.youtube.com/@LightYearsHealth0,Health & Wellness,"Evidence-based nutrition backed by ground breaking science for optimal health, at every age. You require higher quality nutrition to stay in your prime as you age. We are a team of scientists dedicated to designing formulations to help you pursue better health, at every age.",meta_json,https://lightyearshealth.com/cdn/shop/files/Large_Scale_logo_with_health_RGB_2.png?v=1719831406&width=500,Haryana,Gurugram,06AAHCE5395G1ZF,meta.json country=IN; currency=INR; state=Haryana; GSTIN on site; +91 phone on site,8
520,Basanti Kapde aur Koffee,https://basantikekapde.com,care@basantikekapde.com,+918527497781; +919599068994,https://www.instagram.com/basanti_kapdeaurkoffee,https://www.facebook.com/basantikekapde,,,https://www.youtube.com/channel/UCJalzKbwG0K8q1TPZ-GvgXA,Apparel & Fashion,"Shop contemporary Indian clothing by Basanti Kapde Aur Koffee. Shop designer clothing for women, from lehengas and sarees to kurta sets and modern occasion wear.",meta_json,https://www.basantikekapde.com/cdn/shop/files/Logo_white_1_a06150bf-4769-4fe3-a145-36ab37c1de98.webp?v=1713266611&width=500,Delhi,New Delhi,,meta.json country=IN; currency=INR; state=Delhi; +91 phone on site,8
521,Dr Vaidya's,https://drvaidyas.com,legal@drvaidyas.com,+919819586502,https://www.instagram.com/dr.vaidyas,https://www.facebook.com/Dr-Vaidyas-New-Age-Ayurveda-105221161339197,,,https://www.youtube.com/channel/UC2h6ZCRpYzIWBvNUSzGdGyA,Health & Wellness,"Avail Ayurvedic Medicine Online at great prices. Boost your Health with Best Ayurvedic Products for Piles, Liver & much more for both Men and Women. Grab Now!",meta_json,https://drvaidyas.com/cdn/shop/files/logo_f4876803-6f12-4d15-ad7b-4e3b6b5aa365.png?v=1788959275&width=234,Maharashtra,Mumbai,,meta.json country=IN; currency=INR; state=Maharashtra; +91 phone on site,8
522,Estele,https://estele.co,info@estele.co,+918247476318,https://www.instagram.com/estele.co,https://www.facebook.com/estelejewelery,,https://www.linkedin.com/company/30985476,,Jewellery & Accessories,"Discover stylish fashion jewellery online in India at Estele. Shop trendy earrings, necklace sets & more. Starting ₹299 with easy returns.",meta_json,https://estele.co/cdn/shop/files/estele-logo-200--80_160x_160x_5902a255-6c63-4705-af1e-836e5585dedb.png?v=1747398696&width=90,Telangana,Hyderabad,,meta.json country=IN; currency=INR; state=Telangana; +91 phone on site,8
523,fancydresswale.com,https://fancydresswale.com,support@fancydresswale.com,+919667723788,https://www.instagram.com/fancydresswale,https://www.facebook.com/fancydresswale,,,https://www.youtube.com/@fancydresswale4598,Apparel & Fashion (Men),"Discover Fancydresswale.com – your one-stop shop for kids' and adults' fancy dress costumes, party props, wigs, and accessories. Perfect for birthdays, school events, cosplay, and festive celebrations. Shop colorful, creative outfits delivered across India.",meta_json,https://www.fancydresswale.com/cdn/shop/files/ChatGPT_Image_Jul_18_2026_10_34_41_AM_1.png?v=1788519055,Uttar Pradesh,Ghaziabad,,meta.json country=IN; currency=INR; state=Uttar Pradesh; +91 phone on site,8
524,Justwowfactory,https://justwowfactory.com,support@justwowfactory.com,+919717786894; +917042769161,https://www.instagram.com/justwowfactory,https://www.facebook.com/justwowfactory,,,https://www.youtube.com/@justwowfactoryexclusivespi7562,Jewellery & Accessories,Discover our latest Crystal Stone Jewellery Online in India — handcrafted from 100% natural stones and designed to elevate every outfit.,meta_json,https://justwowfactory.com/cdn/shop/files/Just_1.png?v=1759318499&width=235,Uttar Pradesh,Noida,,meta.json country=IN; currency=INR; state=Uttar Pradesh; +91 phone on site,8
525,THE PLUS SIZE STORE by Meera Creations,https://meerasplussizestore.com,orders@meerasplussizestore.com,+919610005615,https://instagram.com/theplussizestore,https://www.facebook.com/theplussizestore,,,https://www.youtube.com/c/ThePlusSizeStorebyMeeraCreations,Apparel & Fashion,Plus Size Indian Clothing- Online Shopping for Women at best prices with Superior Quality. Sizes: XS(36) - 10XL(62) | COD Available | Secure & Easy Checkout | Shipping Worldwide | Customised Sizes Shop-Plus Size Kurtas | Plus Size Anarkali | Plus Size Kurti & Suits | Plus Size wedding Lehengas | Plu,meta_json,https://www.meerasplussizestore.com/cdn/shop/files/plus_size_store_new_logo.png?v=1613702406&width=2592,Rajasthan,Jaipur,,meta.json country=IN; currency=INR; state=Rajasthan; +91 phone on site,8
526,Numour,https://numour.com,help@numour.com; grievance@numour.com; admin@numour.comin,+918061282283,https://www.instagram.com/numour_official,https://www.facebook.com/people/Numour-Official/100095045602913,,,https://www.youtube.com/@numour_official,Beauty & Personal Care,"Actives alone aren’t enough. Numour pairs science-backed skincare with tech that ensures they go deeper, act faster, and visibly transform skin.",meta_json,https://www.numour.com/cdn/shop/files/final_logo-02.png?v=1760561202&width=500,Delhi,Delhi,,meta.json country=IN; currency=INR; state=Delhi; +91 phone on site,8
527,TRIPR,https://triprindia.com,queries@triprindia.com; bliveclothingstore@gmail.com,+918031406054; +919990031828,https://www.instagram.com/triprindia,https://www.facebook.com/triproriginal,,,https://www.youtube.com/@triprindia3084,Apparel & Fashion (Men),"TRIPR is an online fashion portal which offers stylish and trendy clothing for men. We provide the customers with a wide range of designer wear, branded clothes, t-shirts, tops, jeans, shorts, jackets & coats for men at unbeat . Imagine the next level of fashion from the latest men’s fashion clothin",meta_json,https://triprindia.com/cdn/shop/files/New_Tripr_Logo_Black_88f2e2db-bcf6-44b1-8d81-d2a403142942.png?v=1750584762&width=470,Tamil Nadu,Tirupur,,meta.json country=IN; currency=INR; state=Tamil Nadu; +91 phone on site,8
528,Aachifoods,https://aachifoods.com,care@aachifoods.com,+919150074448; +917338721555; +919384098506,https://www.instagram.com/aachi_foods,https://www.facebook.com/aachiproducts,https://x.com/AachiGroup,,,Food & Beverages,"Explore Aachi Foods for authentic Indian spices, ready-to-eat meals, and recipes to elevate your culinary experience.",meta_json,https://aachifoods.com/cdn/shop/files/Aachifoods_logo.jpg?v=1741438810&width=996,Tamil Nadu,Chennai,,meta.json country=IN; currency=INR; state=Tamil Nadu; +91 phone on site,8
529,Arata,https://arata.in,info@arata.in; grc@arata.in; hr@arata.in; marketing@arata.in,+9118001035572,https://www.instagram.com/arata.in,,,https://www.linkedin.com/company/aratahairandscalp,https://www.youtube.com/channel/UCbuKpT07bPUdLlg8m5TEiyQ,Beauty & Personal Care,"Explore Arata's most trusted & dermat-approved haircare solutions for Indian hair. Shop for anti-dandruff shampoo, conditioner, hair growth serum, hair cream & more.",meta_json,https://www.arata.in/cdn/shop/files/New-Arata-Black-Logo.svg?v=1773646538&width=2935,Delhi,New Delhi,,meta.json country=IN; currency=INR; state=Delhi; .in domain; +91 phone on site; Indian PIN code on site,8
530,bigbanana,https://bigbananaonline.com,care@bigbananaonline.com,+917982247187,https://www.instagram.com/ourbigbanana,https://www.facebook.com/ourbigbanana,https://x.com/ourbigbanana,,,Apparel & Fashion (Men),"Shop Men's Plus Size Clothing India with the latest plus size men fashion. Discover 2XL–10XL t-shirts, shirts, jeans, joggers & more with perfect fit, COD, Free Shipping & Easy Returns.",meta_json,https://bigbananaonline.com/cdn/shop/t/52/assets/1checkout_logo.png?v=172084005747703750621790061166,Uttar Pradesh,Ghaziabad,,meta.json country=IN; currency=INR; state=Uttar Pradesh; +91 phone on site,8
531,Cotton Cottage,https://cottoncottageindia.com,care@cottoncottageindia.com; info@cottoncottageindia.com; franchise@cottoncottageindia.com; hr@cottoncottageindia.com,+918828119992; +918828119982,https://www.instagram.com/cottoncottageindia,https://www.facebook.com/Cottoncottageindia,,https://www.linkedin.com/company/cottoncottage-india,,Apparel & Fashion (Women),"Shop the latest collection for men and women at Cotton Cottage. Find clothing that makes you feel confident, comfortable, and ready for anything!",meta_json,https://cottoncottageindia.com/cdn/shop/files/Cotton_Cottage_Horizontal_Red.png?v=1694247757&width=5760,Maharashtra,Mumbai,,meta.json country=IN; currency=INR; state=Maharashtra; +91 phone on site,8
532,Cradiac Sports,https://cradiac.com,support@cradiac.com,+9118001230037,https://www.instagram.com/cradiacbikes,https://www.facebook.com/Cradiacbikes,https://x.com/Cradiacbikes,,https://www.youtube.com/c/CradiacBikes,Automotive,"Explore premium mountain bicycles (MTB), mountain cycles, and men's bicycles for adventurous rides. Discover electric bicycles (e-bike, ebike), gear cycles, and hybrid bikes in India for urban trails. Shop children's bikes online (3, 5, 6-year-olds). Enjoy e-bikes with accessories, men’s cycles and ",meta_json,https://cradiac.com/cdn/shop/files/logo_creation.png?v=1742618246&width=300,Punjab,Ludhiana,,meta.json country=IN; currency=INR; state=Punjab; +91 phone on site,8
533,Earthful,https://earthful.me,care@earthful.me,+918919138554; +917386402244,https://www.instagram.com/earthful.me,https://www.facebook.com/earthful.me,,,https://www.youtube.com/channel/UC0Xz9EZDh8EOwGftAADvAJg,Health & Wellness,"Earthful provides nature-based nutrition supplements, with unique formulations available in India for the very first time, where vitamins and minerals are sourced solely from Plants.",meta_json,https://earthful.me/cdn/shop/files/earthful_r_logo.png?v=1741355696&width=500,Telangana,Hyderabad,,meta.json country=IN; currency=INR; state=Telangana; +91 phone on site; Indian PIN code on site,8
534,Impex Webstore,https://impexstore.com,impexstore@kcmtechnologies.com; info@impexuae.com; info@impexoman.com; haseeb.rahman@impexqatar.com; info.tanzania@impexmail.com,+9118604252444,https://www.instagram.com/impexhome,https://www.facebook.com/impexhome,https://x.com/ImpexHome,https://www.linkedin.com/company/impexhome,https://www.youtube.com/@IMPEXHOME,Kitchen & Dining,"Loved by 50 Million+ families worldwide. Present in 8 countries. Shop premium TVs & speakers, home & kitchen appliances, cookware, fans and more at Impex official website. Exclusive online deals, fast delivery, and trusted international quality — all in one place.",meta_json,https://impexstore.com/cdn/shop/files/IMPEX_LOGO_IMPEX_CARMINE_RED_RGB.png?v=1772094530&width=4590,Kerala,ERNAKULAM,,meta.json country=IN; currency=INR; state=Kerala; +91 phone on site; Indian PIN code on site,8
535,Lagorii Kids,https://lagorii.com,care@lagorii.com,+919620237728,https://www.instagram.com/lagorii_kids,https://www.facebook.com/lagorii.kids,,,https://www.youtube.com/@Lagorii_Kids,Apparel & Fashion,"Discover top-rated brand for kids' clothing for boys and girls. Shop online for the latest fashion trends in kids' Indian wear, western wear, and more. Find the perfect outfit for your little ones today. COD Available, Easy Returns and Exchange, World wide Shipping",meta_json,https://lagorii.com/cdn/shop/files/Lagorii_Logo.png?v=1777983404&width=500,Karnataka,Bengaluru,,meta.json country=IN; currency=INR; state=Karnataka; +91 phone on site,8
536,Lakshita,https://lakshita.com,care@lakshita.com,+917042626528; +918586980157,https://instagram.com/lakshitafashions,https://www.facebook.com/lakshitafashion,,https://in.linkedin.com/company/lakshita,,Apparel & Fashion,"India's Biggest Ethnic Wear brand, Lakshita offers timeless ethnic wear with Flattering Fits, Premium Fabrics, and Exquisite Embroidery, in size-inclusive Suit Sets, Co-ords, Dresses, and Shirts. Enjoy Same-day Dispatch and Free Shipping!",meta_json,https://www.lakshita.com/cdn/shop/files/LOGO_1_9ac4258c-f72a-404a-8d2b-982cca7ce38b.png?v=1784274343&width=500,Uttar Pradesh,Noida,,meta.json country=IN; currency=INR; state=Uttar Pradesh; +91 phone on site,8
537,MeChitrakar.com,https://mechitrakar.com,support@mechitrakar.com; mechitrakarofficial@gmail.com,+919607672672; +919607572572,https://www.instagram.com/mechitrakar,https://www.facebook.com/mechitrakar,https://x.com/mechitrakar,,https://www.youtube.com/@mechitrakar,Religious & Pooja,"Get instant access to a vast library of open and editable PSD files for graphic designers. Find templates for pandal decoration, Arch, Kaman, Backdrops & more. Download now!",meta_json,https://www.mechitrakar.com/cdn/shop/files/me_chitrakar_logo_tm_new.png?v=1780472742&width=500,Maharashtra,Pune,,meta.json country=IN; currency=INR; state=Maharashtra; +91 phone on site,8
538,Meena Bazaar Shop,https://meenabazaar.shop,info@meenabazaar.shop,+918595441611,https://www.instagram.com/meenabazaar_official,https://www.facebook.com/MeenaBazaarShop,,,https://www.youtube.com/channel/UCQXW17wsfwfnuuiFlCbx_PQ,Apparel & Fashion,"Add a little bit of magic to your regular wardrobe with the elegant and stunning Meena Bazaar collection. Exclusive and Exquisite range of Sarees, Suits, Lehengas, Kurtis, Unstitched Suit, Gowns and Anarkalis.",meta_json,https://www.meenabazaar.shop/cdn/shop/files/logo_300x_2fa1ff3e-6462-4944-b1d2-8b6f2c0536e1.webp?v=1744097756&width=500,Haryana,Gurugram,,meta.json country=IN; currency=INR; state=Haryana; +91 phone on site,8
539,Mokshaa,https://mokshaaworld.com,help@mokshaaworld.com; chennaimokshaa@gmail.com; mokshaa@mokshaaworld.com,+919003423965; +914444004300,https://www.instagram.com/mokshaa_chennai,https://www.facebook.com/mokshaaworld,,,https://youtube.com/@mokshaa_chennai,Apparel & Fashion,"Shop premium designer sarees, lehengas, salwar suits, kurtis, and Indo-western wear at Mokshaa. Discover luxury Indian ethnic fashion with worldwide shipping.",meta_json,https://mokshaaworld.com/cdn/shop/files/Mokshaa_logo-01.png?v=1733127440&width=1240,Tamil Nadu,Chennai,,meta.json country=IN; currency=INR; state=Tamil Nadu; +91 phone on site,8
540,Obeetee Pvt. Ltd.,https://obeetee.in,customercare@obeetee.com,+919559140222,https://www.instagram.com/obeetee,https://www.facebook.com/obeeteeny,,,https://www.youtube.com/@obeeteecarpetsandhome,Home & Decor,"From handmade rugs to elegant bedding and furniture, Obeetee brings handcrafted luxury and comfort to your living space. Explore India’s finest home brand.",meta_json,https://www.obeetee.in/cdn/shop/files/black_4x_30c2e895-032e-4b4d-a58d-e9b6e1e59dc2.png?v=1762013139&width=280,Uttar Pradesh,Mirzapur,,meta.json country=IN; currency=INR; state=Uttar Pradesh; .in domain; +91 phone on site,8
541,ODHNI,https://odhni.com,online@odhni.com; admin@odhnisarees.com,+918588880000; +919650122042; +919599742042,https://www.instagram.com/odhniworld,https://www.facebook.com/odhniworld,,,https://www.youtube.com/@ODHNIWorld,Apparel & Fashion,"Buy the latest traditional designer sarees, bridal & party wear lehengas, dresses, gowns & kurtis at Odhni. Visit our stores in Pitampura, Kohat Enclave, and Laxmi Nagar or explore our website today!",meta_json,https://odhni.com/cdn/shop/files/Final_Odhni_Logo-min.webp,Delhi,New Delhi,,meta.json country=IN; currency=INR; state=Delhi; +91 phone on site,8
542,Prince N Princess,https://princenprincess.in,info@princenprincess.in,+919952778217; +918220954602; +919003466189,https://www.instagram.com/princenprincess.in,,,https://www.linkedin.com/company/prince-n-princess-cbe,http://www.youtube.com/@PrinceNPrincessKidsDressStore,Baby & Kids,"Buy kids ethnic wear from Prince N Princess, own manufacturers of pattu pavadai, newborn traditional outfits, and festival dresses made with soft fabrics for comfort and timeless style.",meta_json,https://princenprincess.in/cdn/shop/files/image_1_8_1_1.png?v=1745480430&width=330,Tamil Nadu,coimbatore,,meta.json country=IN; currency=INR; state=Tamil Nadu; .in domain; +91 phone on site,8
543,Raajraani,https://raajraani.com,info@raajraani.com; web.raajraani@gmail.com,+917028656222; +918586889922; +918190492423,https://www.instagram.com/raajraanijewels,https://www.facebook.com/raajraanijewelry,,,https://www.youtube.com/@raajraani_jewels,Jewellery & Accessories,"Raajraani brings you luxurious 925 sterling silver jewelry for men, women, and kids. Discover handcrafted silver rings, earrings, chains & bracelets—timeless elegance for every occasion. Perfect premium gifts for husband, wife, parents, siblings, boyfriend, girlfriend & little ones.",meta_json,https://raajraani.com/cdn/shop/files/RR_LOGO_9f9c0e22-d7a2-4135-9c6c-5a8c0be827b9.png?v=1677744279&width=500,Delhi,New Delhi,,meta.json country=IN; currency=INR; state=Delhi; +91 phone on site,8
544,Rosada Baby,https://rosadababy.com,care@rosadababy.com,+918282057171,https://www.instagram.com/rosada_baby,https://www.facebook.com/rosadababy,,,https://www.youtube.com/@rosadababy,Bags & Luggage,"ROSADA offers premium personalised kids bags and accessories, customised with your child’s name. Featured on Shark Tank India and loved by Bollywood moms, ROSADA combines style, quality, and uniqueness for modern families.",meta_json,https://rosadababy.com/cdn/shop/files/ROSADA_LOGO-01_1342x.png?v=1694520396,West Bengal,Kolkata,,meta.json country=IN; currency=INR; state=West Bengal; +91 phone on site,8
545,Rustorange,https://rustorange.com,support@rustorange.com,+911140849876,https://www.instagram.com/rustorangedotcom,https://www.facebook.com/rustorangedotcom,,,https://www.youtube.com/channel/UCT7SfFlN-pqp7rXUBFqeq9A,Apparel & Fashion,"Shop the latest in Indian modern ethnic wear for women. Elegant dresses, trendy suits, stylish co-ord sets and more, for every occasion. Embrace tradition with a modern twist.",meta_json,https://www.rustorange.com/cdn/shop/files/Logo-3000x482px.png?v=1656224234&width=3000,Uttar Pradesh,Noida,,meta.json country=IN; currency=INR; state=Uttar Pradesh; +91 phone on site,8
546,Sayali Rajadhyaksha Sarees,https://sayalirajadhyakshasarees.com,communications@sayalirajadhyakshasarees.com; sayaliwrites@gmail.com,+919820070616; +919137808579,https://www.instagram.com/sayalirajadhyakshasarees,https://www.facebook.com/sayalirajadhyakshasarees,,,https://www.youtube.com/@sayalirajadhyakshasarees,Apparel & Fashion,"Explore Rich and Pure Handloom Sarees (साड़ी) at Sayali Rajadhyaksha Sarees. We Offer Unique Collections of Saree for Women like Kanjivaram, Cotton, Silk, Paithani Sari, and More, along with Matching Blouses.",meta_json,https://sayalirajadhyakshasarees.com/cdn/shop/files/SRS_-_HD_Logo.png?v=1752055598&width=500,Maharashtra,Mumbai,,meta.json country=IN; currency=INR; state=Maharashtra; +91 phone on site,8
547,Securement Packaging Private Limited,https://securement.in,care@securement.in,+917926462506,https://www.instagram.com/securementpackaging,https://www.facebook.com/Securement,,,https://www.youtube.com/@SECUREMENT-eCommercePackaging/featured,Bags & Luggage,"Buy tamper-proof courier bags, poly mailers and e-commerce packaging material online in India. Free shipping, GST invoice, bulk pricing available.",meta_json,https://www.securement.in/cdn/shop/files/SECUREMENT_PACKAGING_LOGO_200_px_200x.jpg?v=1696496779,Gujarat,Ahmedabad,,meta.json country=IN; currency=INR; state=Gujarat; .in domain; +91 phone on site,8
548,SkinKraft,https://skinkraft.com,support@skinkraft.com,+911800120004488,https://www.instagram.com/skinkraftofficial,https://www.facebook.com/skinkraftofficial,https://twitter.com/skinkraftcom,,,Beauty & Personal Care,"SkinKraft, your customized skincare regimen is a one-stop solution for all your skin concerns. Dermatologists-approved SkinKraft hair care and skincare products are formulated with 100% safe ingredients and do not contain SLS, parabens, etc. Buy SkinKraft products online at reasonable prices.",meta_json,https://cdn.shopify.com/s/files/1/2028/2057/files/sk_new_logo.svg?v=1775633702,Telangana,Hyderabad,,meta.json country=IN; currency=INR; state=Telangana; +91 phone on site,8
549,Tarinika India,https://tarinika.in,support@tarinika.com; tarinika.corp@gmail.com,+919391008801; +918621034913,https://instagram.com/shoptarinika,https://www.facebook.com/shoptarinika,,,https://www.youtube.com/c/Tarinika,Jewellery & Accessories,"Discover exquisite handcrafted Indian jewellery at Tarinika. Explore a wide selection of traditional and modern designs, from necklaces and earrings to bangles and bridal sets.",meta_json,https://www.tarinika.in/cdn/shop/files/tarinika-new-logo.png?v=1662699798&width=112,West Bengal,Hooghly,,meta.json country=IN; currency=INR; state=West Bengal; .in domain; +91 phone on site,8
550,TECMARX,https://tecmarx.com,care@tecmarx.com,+918882115136,https://www.instagram.com/tec.marx,https://www.facebook.com/profile.php?id=61555900837002,,,https://www.youtube.com/channel/UCsHQZax1D517mIKVh-Lpw1g,Electronics & Gadgets,"TECMARX: Discover German-engineered electronics that blend precision, innovation, and reliability. Experience excellence in every product. Elevate your tech with our superior craftsmanship. Welcome to a new era of performance and innovation.",meta_json,https://tecmarx.com/cdn/shop/files/Untitled_design_28.webp?v=1763188967&width=600,Haryana,Gurugram,,meta.json country=IN; currency=INR; state=Haryana; +91 phone on site,8
551,The CAI Store,https://thecaistore.com,customercare@thecaistore.com; poojarane@thecaistore.com,+918591237531; +912249689513,https://www.instagram.com/thecaistore,https://www.facebook.com/caishoes,,,https://www.youtube.com/@caistore6835,Footwear,"Women Footwear - Buy Handmade Designer Footwear Online in India. Explore a huge range of heels, stylish shoes for women, boots & more Footwear for Women at The CAI Store.",meta_json,https://thecaistore.com/cdn/shop/files/cai_logo_110x.jpg?v=1675935459,Maharashtra,Mumbai,,meta.json country=IN; currency=INR; state=Maharashtra; +91 phone on site,8
552,Moody Store,https://trymoody.com,care@trymoody.com,+919303873114,https://www.instagram.com/try.moody,https://www.facebook.com/trymoody,https://twitter.com/trymoody,,,Beauty & Personal Care,"Want to unlock brighter and healthier skin? Vitamin C is the key. Our Vibran-C range ensures your skin doesn’t have to strive hard to be in its best mood. Effective, clean and fuss-free, all our formulations proudly host Vitamin C as their hero ingredient along with other potent botanical extracts t",meta_json,https://trymoody.com/cdn/shop/files/Moody_R_ogo.png?v=1734433795&width=923,Chhattisgarh,Raipur,,meta.json country=IN; currency=INR; state=Chhattisgarh; +91 phone on site; Indian PIN code on site,8
553,Aham Designer Boutique,https://aham.store,info@aham.store; kenney.jacob@gmail.com,+919074742659,https://www.instagram.com/ahamboutique,https://www.facebook.com/Ahamboutique,,,https://www.youtube.com/channel/UCVQZPDJA3Mg35KPbT6qjKkQ,Apparel & Fashion,"Elevate your ethnic style with exquisite sarees, trendy salwars, and elegant kurtas from Aham Designer Boutique. Discover a world of traditional craftsmanship and contemporary designs. Embrace timeless fashion today.",meta_json,https://aham.store/cdn/shop/files/Logo_Aham_29ac397f-8f01-43b5-9219-7a0440211b6c.jpg?v=1705304296&width=330,Kerala,Thiruvananthapuram,,meta.json country=IN; currency=INR; state=Kerala; +91 phone on site,8
554,Baftic,https://baftic.com,care@baftic.com; mpentbaftic@gmail.com,+919321884096,https://www.instagram.com/baftic_,https://www.facebook.com/kalpatarutime,,,https://www.youtube.com/@Baftic_timeless_luxury,Jewellery & Accessories,"Discover Titan watches at BAFTIC, featuring Alexandre Christie, Cronus Art and more. Explore timeless luxury timepieces from renowned global watch brands.",meta_json,https://baftic.com/cdn/shop/files/Titan_Logo.png?v=1783406796&width=260,Maharashtra,Mumbai,,meta.json country=IN; currency=INR; state=Maharashtra; +91 phone on site; Indian PIN code on site,8
555,Bergner Home,https://bergnerhome.in,customercare@bergner.in; info@bergner.in; d2c@bergner.in,+9118001212206; +917909777333,https://www.instagram.com/bergnerindia,https://www.facebook.com/bergnerindia,https://x.com/BergnerIndia,https://www.linkedin.com/company/bergner-impex-india-private-limited,https://www.youtube.com/@BergnerIndia_Cookware,Kitchen & Dining,"Shop Bergner's premium Tri-ply stainless steel cookware, toxin-free non-stick, and durable cast iron essentials for healthy cooking.",meta_json,https://bergnerhome.in/cdn/shop/files/BergnerLogo.png?v=1715693196&width=1093,Maharashtra,Mumbai,,meta.json country=IN; currency=INR; state=Maharashtra; .in domain; +91 phone on site,8
556,Bluer,https://bluer.co.in,support@bluer.co.in,+918104780866,https://www.instagram.com/bluer.co.in,https://www.facebook.com/people/Bluer/100083943947675,,https://www.linkedin.com/company/blueronyou,,Apparel & Fashion,Bluer is a new age fashion brand that focuses on getting people the best quality clothing with sustainable practices and strong fashion statements.,meta_json,https://bluer.co.in/cdn/shop/t/94/assets/bluer-logo-for-not-home-page-header-logo.png?v=176012056810528782961786540087,Maharashtra,Mumbai,,meta.json country=IN; currency=INR; state=Maharashtra; .in domain; +91 phone on site,8
557,Adira,https://myadira.com,care@myadira.com; info@yashram.com; info@myadira.com,+919108402979,https://www.instagram.com/adira4u,https://www.facebook.com/Adira4me,,,https://www.youtube.com/channel/UCo_H_AoV4AGx170NkbR2clw,Apparel & Fashion (Women),"Shop women’s innerwear at Adira—bras, panties, period wear & hygiene essentials designed for comfort, confidence & every life stage.",meta_json,https://cdn.shopify.com/s/files/1/0565/1025/1185/files/Adira_Logo.webp,Andhra Pradesh,Ananthapuramu,,meta.json country=IN; currency=INR; state=Andhra Pradesh; +91 phone on site,8
558,Saral Home,https://saralhome.com,website@saralhome.com; online@saralhome.com,+918199951914,https://www.instagram.com/home_saral,https://www.facebook.com/saralhome16,,,https://www.youtube.com/channel/UCiTmPFVgcilDZHSVabH8SdQ,Home & Decor,"Shop best home furnishing items online at best price. Explore our decorative home furnishing items like Bed Sheets, Sofa covers, Bed covers, Carpets, doormats, Kids-mat, Rugs, Yoga-mats online",meta_json,https://cdn.shopify.com/s/files/1/0256/3683/1318/files/svg-logo-sticky2.svg?v=1677582361,Haryana,PANIPAT,,meta.json country=IN; currency=INR; state=Haryana; +91 phone on site,8
559,shahnaz.in,https://shahnaz.in,support@shahnaz.in,+9118003131477; +911149000999,https://www.instagram.com/shahnazhusain_official,https://www.facebook.com/ShahnazHusainOfficial,,,https://www.youtube.com/channel/UCJ5ocFq9mzns1-XPolHKLWA,Beauty & Personal Care,"Discover Shahnaz Husain's premium Ayurvedic skincare, hair care & beauty kits. Natural formulas trusted for 50+ years. Shop luxury herbal beauty made in India.",meta_json,https://shahnaz.in/cdn/shop/files/logo_a1a3217f-f63e-4032-840b-932a45a330d2.png?v=1734088264&width=500,Delhi,New Delhi,,meta.json country=IN; currency=INR; state=Delhi; .in domain; +91 phone on site,8
560,Tasty Nibbles,https://tastynibbles.in,customercare@tastynibbles.in; ecom@hic-abf.com,+919207700018; +917356071222,https://www.instagram.com/tastynibblesfoods,https://www.facebook.com/TastyNibblesOfficial,,,https://www.youtube.com/channel/UCrkD-XhulAyGsyrd4gYhXxQ,Food & Beverages,"Tasty Nibbles Journey So Far Fresh, quality food is at the heart of what we do. We are supporting responsible sourcing and treating people fairly. This is the Tasty Nibbles Way. Rich, traditional recipes are perfected by our Master Chefs, combining a passionate eye for detail.",about_meta_description,https://www.tastynibbles.in/cdn/shop/files/Tasty_Nibbles_Logo_100x.png?v=1652340733,Kerala,ALAPPUZHA ,,meta.json country=IN; currency=INR; state=Kerala; .in domain; +91 phone on site,8
561,The Audio Store,https://theaudiostore.in,hello@theaudiostore.in,+919356523240,https://www.instagram.com/theaudiostoreofficial,https://www.facebook.com/TheAudioStoreOfficial,,https://www.linkedin.com/company/theaudiostore-in,https://www.youtube.com/channel/UCbUkg6xY8cQLwUlc-XcavTg,Electronics & Gadgets,"Shop IEMs, earphones, headphones, DACs, DAPs, amplifiers, speakers and audiophile gear in India. Expert-curated products, genuine products, fast shipping & best customer support.",meta_json,https://www.theaudiostore.in/cdn/shop/files/The_Audio_Store_India_Logo.svg?v=1752832509&width=2000,Maharashtra,Pune,,meta.json country=IN; currency=INR; state=Maharashtra; .in domain; +91 phone on site,8
562,Wedtree ,https://wedtree.com,support@wedtree.com; support@prashantisarees.in,+919962215000,https://www.instagram.com/wedtreegifts,https://www.facebook.com/Wedtree,,,https://www.youtube.com/@Wedtreehq/videos,Gifts & Hampers,"Wedtree, specializing in premium Indian handicrafts is a retail and bulk-gifting company that is exquisite and second to none !! We offer a wide range of traditional handicrafts with an Indian touch across various categories in premium gifts, utility gifts, corporate gifts and return gifts in the de",meta_json,https://www.wedtree.com/cdn/shop/files/Wedtree-Logowhite.png?v=1642584834&width=140,Tamil Nadu,Chennai,,meta.json country=IN; currency=INR; state=Tamil Nadu; +91 phone on site,8
563,A R Ayurveda Shop,https://arayurveda.shop,info@arayurveda.com; order@arayurveda.com,+919099857272; +919512334343,https://www.instagram.com/arayurveda.shop,https://www.facebook.com/arayurveda.shop,,,https://www.youtube.com/@arayurveda,Health & Wellness,"Shop Ayurvedic muscle gain supplements, male wellness & various products online at AR Ayurveda. Made with pure natural herbs, a safe & effective way to support better living.",meta_json,https://www.arayurveda.shop/cdn/shop/files/AR_ayurveda_logo-01_1.png?v=1789541336&width=1828,Gujarat,Ahmedabad,,meta.json country=IN; currency=INR; state=Gujarat; +91 phone on site,8
564,Aroma Care ,https://aromacares.com,contact@aromacares.com; parasmarketing01@gmail.com,+919246666657,https://www.instagram.com/aromacares,https://www.facebook.com/thearomacare,,,https://www.youtube.com/channel/UC9nEb_Ntxrn9jMns906Cr-w,Beauty & Personal Care,"Shop Aroma Care night cream, whitening cream, facial kits, soaps and face wash online. Explore Aroma Care skincare products for glowing healthy skin.",meta_json,https://www.aromacares.com/cdn/shop/files/ac.png?v=1710153526&width=1403,Andhra Pradesh,Vijayawada,,meta.json country=IN; currency=INR; state=Andhra Pradesh; +91 phone on site,8
565,CHOSEN Store,https://chosenstore.in,support@chosenstore.in; privacy@chosenstore.in; raghav@chosenstore.in,+919384000411,https://www.instagram.com/chosen_by_dermatology,https://www.facebook.com/chosenstoreindia,,,https://www.youtube.com/channel/UCDkzQBxDhEnvJFiv5iIOlUw,Beauty & Personal Care,"Skin and hair care that fits your life - trusted by dermatologists, built for youthful living. At CHOSEN, we care for your skin, hair, and health - backed by science, built for longevity, made for you.",meta_json,https://cdn.shopify.com/s/files/1/0267/6768/7757/files/chosen-logo2026-new.svg?v=1788502062,Tamil Nadu,CHENNAI,,meta.json country=IN; currency=INR; state=Tamil Nadu; .in domain; +91 phone on site,8
566,DESINOOR.COM,https://desinoor.com,support@desinoor.com,+919310388922,https://www.instagram.com/desinoorfashion,https://www.facebook.com/desinoorfashion,,,https://www.youtube.com/channel/UCghtFj1d5Uz8Q34Vzb5Rmqg,Apparel & Fashion (Women),Desinoor is the best online plus size ethnic and western clothing store in India. Explore our stylish range of beautiful dresses and kurta sets for women at genuine prices. Shop online now!,meta_json,https://desinoor.com/cdn/shop/files/Untitled_design_9_210x.png?v=1686744574,Delhi,NEW DELHI,,meta.json country=IN; currency=INR; state=Delhi; +91 phone on site,8
567,www.krausjeans.com,https://krausjeans.com,care@krausjeans.com; grievanceofficercs@nykaa.com; online@krausjeans.com,+918433999042,https://www.instagram.com/kraus_jeans,https://www.facebook.com/krausjeans,,https://www.linkedin.com/company/kraus-jeans,,Apparel & Fashion,"Explore contemporary women’s fashion, versatile denim styles, and modern everyday wardrobe essentials from KRAUS Jeans.",meta_json,https://www.krausjeans.com/cdn/shop/files/Logo-image_150x_1.webp?v=1701679158&width=150,Maharashtra,Thane,,meta.json country=IN; currency=INR; state=Maharashtra; +91 phone on site; Indian PIN code on site,8
568,Lea Clothing Co.,https://leaclothingco.com,support@leaclothingco.com,+919667029015,https://www.instagram.com/leaclothingco,,,https://in.linkedin.com/company/lea-clothing-co,https://www.youtube.com/@LeaClothingCo,Apparel & Fashion,"Lea is made for real women, with real curves, to celebrate and accentuate the skin that they're in. Go ahead, build an ethical closet with Lea!",meta_json,https://leaclothingco.com/cdn/shop/files/Logo_Working_File-03_e3e53611-6d42-4970-9bbf-0e6d2f38030d.jpg?v=1663590447&width=2500,Uttar Pradesh,Noida,,meta.json country=IN; currency=INR; state=Uttar Pradesh; +91 phone on site,8
569,Mumkins,https://mumkins.in,customercare@mumkins.in; customersupport@mumkins.in,+911800121104080,https://www.instagram.com/mumkins.in,https://www.facebook.com/themumkins,https://twitter.com/mumkins_seeds,,https://www.youtube.com/@mumkinskidswear,Apparel & Fashion (Women),"Discover trendy party wear dresses for kids at Mumkins. Shop stylish outfits for boys and girls including gowns, suits, frocks & festive wear online.",meta_json,https://www.mumkins.in/cdn/shop/files/mumkins-logo.webp?v=1669969052&width=120,Rajasthan,UDAIPUR,,meta.json country=IN; currency=INR; state=Rajasthan; .in domain; +91 phone on site,8
570,ONYC,https://onyc.in,care@onyc.in; hello@onyc.in,+918273376777; +911790622253; +912147483647,https://www.instagram.com/onyc.in,https://www.facebook.com/people/ONYC/61552598875161,,,https://www.youtube.com/@onyckidsfootwear,Footwear,"India's No.1 Kids Footwear Brand with affordable, comfortable, and stylish footwear for your children. Explore the latest in kids fashion. Don't just take our word for it, discover the ONYC difference for yourself. Shop Now.",meta_json,https://onyc.in/cdn/shop/files/Asset_3_2x_80a7549e-1938-4bfd-8e2c-aa19d2f8a848.png?v=1697722027&width=1272,Haryana,Gurugram,,meta.json country=IN; currency=INR; state=Haryana; .in domain; +91 phone on site,8
571,Prakrithi By Ramya,https://prakrithibyramya.com,support@prakrithibyramya.com; prakrathicreations@gmail.com,+919074079534; +919074822988,https://www.instagram.com/prakrithi_by_ramya,https://www.facebook.com/prakrithibyramya,,,https://www.youtube.com/@TreasuresByPrakrithi,Apparel & Fashion,"We specialize in women's designer fashion, curated streetwear, and sustainable boutique collections",meta_json,https://prakrithibyramya.com/cdn/shop/files/prkrthilogo.png?v=1744184443&width=600,Kerala,Kozhikode,,meta.json country=IN; currency=INR; state=Kerala; +91 phone on site,8
572,Rosier Foods,https://rosierfoods.com,care@rosierfoods.com,+919205658884; +919711580581,https://www.instagram.com/rosier.foods,https://www.facebook.com/rosierfoods,,,https://www.youtube.com/@RosierFoods,Food & Beverages,"Shop A2 Gir Cow Ghee, Wild Forest Honey, Khapli Atta & Stone Pressed Oils from Rosier Foods. Pure, traditional foods delivered across India.",meta_json,https://www.rosierfoods.com/cdn/shop/files/black-logo-01_7f1cd910-121f-49c7-bdcf-248849cd14f5.webp?v=1789128976&width=500,Uttar Pradesh,Ghaziabad,,meta.json country=IN; currency=INR; state=Uttar Pradesh; +91 phone on site,8
573,ShopAtSC,https://shopatsc.com,contactus@shopatsc.com; sellers@shopatsc.com,+9118001037799; +918065006500,https://www.instagram.com/sonyindiaofficial,https://www.facebook.com/SonyIndia,https://twitter.com/sony_india,,,Electronics & Gadgets,"ShopatSC is an online electronics shopping website of Sony products. Buy electronic products online like Televisions, Home & Personal Audio, Cameras on Sony Center.",meta_json,https://shopatsc.com/cdn/shop/files/Logo_277X47_211cc195-6a9b-49ca-9a38-bf38db169a0c_277x.png?v=1629783031,Maharashtra,Mumbai,,meta.json country=IN; currency=INR; state=Maharashtra; +91 phone on site,8
574,Stylish Wodrobe,https://stylishwodrobe.com,support@stylishwodrobe.com; admin@stylishwodrobe.com,+912248903876; +917397846291,https://www.instagram.com/stylish__wodrobe,https://www.facebook.com/stylishwodrobe1,,https://www.linkedin.com/company/stylish-wodrobe,,Apparel & Fashion,Your One-stop Destination For All Things Fashion And Style.,meta_json,https://stylishwodrobe.com/cdn/shop/files/Frame_1261153430.png?v=1773052857&width=816,Maharashtra,Nagpur,,meta.json country=IN; currency=INR; state=Maharashtra; +91 phone on site,8
575,Under Attack,https://underattackapparel.com,underattackofficials@gmail.com,+919217802109; +916005211705,https://www.instagram.com/underattackofficial,,,,https://www.youtube.com/@underattackofficial,Apparel & Fashion,"Under Attack isn’t just a clothing label — it’s a statement.Built for men who lead from the front, Under Attack redefines premium fashion with purpose, precision, and individuality. Born in India, our mission is to bring world-class craftsmanship and confident design to everyday wear.",about_meta_description,https://underattackapparel.com/cdn/shop/files/UA_Black_brand_logo_and_name_378eca95-8ecc-49f5-9dac-78d96b6a7c18.png?v=1780807648&width=500,Delhi,Delhi,07FABPM8764D1ZI,meta.json country=IN; currency=INR; state=Delhi; GSTIN on site; +91 phone on site,8
576,Verymiss ,https://verymiss.in,support@verymiss.in; verymissofficial@gmail.com,+919028832835; +919988557484,https://www.instagram.com/verymiss.cosmetics,https://www.facebook.com/VeryMissCosmetics,,,https://www.youtube.com/@verymisscosmetics4914,Beauty & Personal Care,"A Legacy of Beauty: The Rise of Verymiss Cosmetics Personifying Beauty Since 2015 Verymiss Cosmetics, At the heart of India's iconic beauty and cosmetics brand, was founded in 2015 with a commitment to providing high-quality products and exceptional customer service.",about_meta_description,https://verymiss.in/cdn/shop/files/New_Logo_2.png?v=1713353484&width=500,Maharashtra,Boisar,,meta.json country=IN; currency=INR; state=Maharashtra; .in domain; +91 phone on site,8
577,FEMMELLA,https://femmella.com,info@femmella.com,+919212359073; +919289194002,https://www.instagram.com/femmellaofficial,https://www.facebook.com/FEMMELLAOFFICIAL,,,https://www.youtube.com/@Femmella,Apparel & Fashion (Women),"Femmella - Stylish, affordable fashion for modern women. Discover dresses, co-ords, and tops in inclusive sizes. Free shipping & easy returns",meta_json,https://www.femmella.com/cdn/shop/files/Femmella_Primary_Logo_250x.svg?v=1766040761,Haryana,Gurgaon,,meta.json country=IN; currency=INR; state=Haryana; +91 phone on site,8
578,Healeo Nutrition,https://healeo.in,support@healeo.in; marketing@healeo.in,+918047359199; +918046810914,https://www.instagram.com/healeo.in,https://www.facebook.com/healeo.in,,https://www.linkedin.com/company/healeo-official,,Health & Wellness,"Healeo Nutrition provides science-backed, safe and effective herbal supplements so that you can lead a longer, happier, and healthier life. 100% Herbal, Zero Side Effects, Doctor Approved.",meta_json,https://cdn.shopify.com/s/files/1/0640/0511/2042/files/LOGO.png?v=1689404681,Karnataka,Bengaluru,,meta.json country=IN; currency=INR; state=Karnataka; .in domain; +91 phone on site,8
579,Kattam,https://kattam.in,support@kattam.in; shopkattam@gmail.com,+917871986807,https://instagram.com/kattam.in,https://www.facebook.com/shopkattam,,,https://www.youtube.com/@kattamjewellery,Jewellery & Accessories,"Traditional South Indian Temple Jewellery , American Diamond Jewellery, Kundan Jewellery Online store",meta_json,https://www.kattam.in/cdn/shop/files/logo_small_d49ccad2-3986-447c-afd4-cef09fa63c34.png?v=1690625704&width=280,Tamil Nadu,Karaikudi,,meta.json country=IN; currency=INR; state=Tamil Nadu; .in domain; +91 phone on site,8
580,Language Footwear & Accessories,https://languageshoes.com,customercare@languageshoes.com; language@progilityconsulting.in,+917558173555,https://www.instagram.com/language.shoes,https://www.facebook.com/language.shoes,,https://www.linkedin.com/company/language-shoes,,Footwear,"Discover the latest footwear and fashion accessories at Language. Shop premium shoes, sandals, and more. Free shipping available. Order now at languageshoes.com.",meta_json,https://www.languageshoes.com/cdn/shop/files/Language_square_logo_3.png?v=1775028981&width=300,Tamil Nadu,Chennai,,meta.json country=IN; currency=INR; state=Tamil Nadu; +91 phone on site,8
581,Love Beauty & Planet,https://lovebeautyandplanet.in,support@lovebeautyandplanet.in; order@lovebeautyandplanet.in,+9118002035544; +912250433000,https://www.instagram.com/lovebeautyandplanet_in,https://www.facebook.com/lovebeautyandplanetin,,,https://www.youtube.com/channel/UCUFcrEf1Wb1164G6O2_LoyA,Beauty & Personal Care,"Love Beauty and Planet crafts high-performing hair and body care products that are as kind to the planet as they are to your hair and skin. Vegan, cruelty-free, and sulfate-free formulas made with potent natural ingredients, bottled in 100% recycled plastic.",meta_json,https://lovebeautyandplanet.in/cdn/shop/files/logo-2x_41330a15-7937-4927-ab7d-ce7e1e53e657.png?v=1714995863&width=600,Maharashtra,Mumbai,,meta.json country=IN; currency=INR; state=Maharashtra; .in domain; +91 phone on site,8
582,Moms Home,https://momshome.in,info@momshome.in; info@greenwoodorganic.com,+919024788312; +916350676005; +919983432333,https://www.instagram.com/momshomeorganic,https://www.facebook.com/momshomeorganic,,,https://www.youtube.com/@momshomeorganic,Baby & Kids,"India's First Sustainable Baby Essentials Brand : Made by the finest of organic cotton & Bamboo. GOTS certified to meet the highest global standard . We give parents a break by delivering our premium products at surprisingly affordable prices. Wide range of Muslin Essentials, Infant clothing, Shower",meta_json,https://www.momshome.in/cdn/shop/files/momshome_logo_png_copy_360x.png,Rajasthan,Jaipur,,meta.json country=IN; currency=INR; state=Rajasthan; .in domain; +91 phone on site,8
583,Sparkyjeans,https://sparkyjeans.in,contact@sparkyjeans.in; order@sparkyjeans.in,+919310685211,https://www.instagram.com/sparkyjeans,https://www.facebook.com/sparkyjeansindia,,https://www.linkedin.com/company/spakry,https://www.youtube.com/@sparkyjeans4247,Apparel & Fashion,"Discover Sparky Jeans, your destination for stylish fashion for men, women and kids. Shop trendy apparel, jeans, footwear and accessories designed for every style and occasion.",meta_json,https://sparkyjeans.in/cdn/shop/files/SPARKY-LOGO.png?v=1781782222&width=1500,Uttar Pradesh,Noida,,meta.json country=IN; currency=INR; state=Uttar Pradesh; .in domain; +91 phone on site,8
584,The Trouser Lab,https://thetrouserlab.com,info@thetrouserlab.com,+918401361204,https://www.instagram.com/thetrouserlab,https://www.facebook.com/profile.php?id=61585335418966,,,https://www.youtube.com/@TheTrouserLab,Apparel & Fashion (Men),"Shop men's stretch pants, chinos, cargo joggers, loose fit cotton pants & linen kurtas at The Trouser Lab. Free shipping on all orders. Starting from ₹899. New arrivals now live!",meta_json,https://thetrouserlab.com/cdn/shop/files/Black_and_Beige_Minimalist_Aesthetic_Modern_Simple_Typography_Agency_Logo_500_x_200_px_7.png?v=1765632701&width=500,Gujarat,Surat,,meta.json country=IN; currency=INR; state=Gujarat; +91 phone on site,8
585,Trendize,https://trendize.in,support@trendize.in; support@trendize.com,+911143148688; +919999000619; +918796861871,https://www.instagram.com/trendize.decor,https://www.facebook.com/pages/category/Home-decor/Trendize-D%C3%A9cor-206370382724203,,,https://www.youtube.com/@trendizehomefurnishings2467,Home & Decor,"Trendize Chair Covers , Sofa Covers , L shape sofa cover , 3 Seater Sofa Cover , 5 Seater Sofa Cover, Sectional Sofa Cover , Dining Set Table and Chair Cover",meta_json,https://www.trendize.in/cdn/shop/files/imageedit_1_7363051688_410x.png?v=1757233827,Delhi,New Delhi,,meta.json country=IN; currency=INR; state=Delhi; .in domain; +91 phone on site,8
586,Ivory Natural,https://ivorynatural.com,support@ivorynatural.com; reach@ivorynatural.com,+919625982959; +919315638536,https://www.instagram.com/ivorynaturalwellness,https://www.facebook.com/people/Ivory-Natural-Luxury/61556556836978,,,https://www.youtube.com/@ivorynatural,Beauty & Personal Care,"Ivory Natural offers a diverse selection of authentic Ayurvedic products, including organic solutions for facial care, body care, hair care, and overall wellness. Enjoy a complimentary consultation with our Ayurveda experts for personalized face, hair, and skincare guidance.",meta_json,https://cdn.shopify.com/s/files/1/0673/2005/3999/files/IVORY_NATURAL_LOGO_79bb9152-4a76-4a33-9577-1eb37144e7fb.jpg?v=1712406688,Uttar Pradesh,Ghaziabad,,meta.json country=IN; currency=INR; state=Uttar Pradesh; +91 phone on site; Indian PIN code on site,8
587,KiddiKind,https://kiddikind.com,cc@kiddikind.com,+917338923389,https://www.instagram.com/kiddikindmilletmiracles,https://www.facebook.com/kiddikind,,,https://www.youtube.com/@kiddikind,Food & Beverages,"India's first gut health kids nutrition brand, created by a doctor & trusted by parents.",meta_json,https://kiddikind.com/cdn/shop/files/Group_195_1.png?v=1719299752&width=500,Tamil Nadu,Chennai,,meta.json country=IN; currency=INR; state=Tamil Nadu; +91 phone on site,8
588,ADRO Fashion,https://adro.in,info@adro.in; amit@adro.in,+919741430033,https://www.instagram.com/adroindia,https://www.facebook.com/ADROclothing,https://twitter.com/adroindia,,,Apparel & Fashion (Men),Elevate your style with Adro's trendy t-shirts and sweatshirts. Discover unique designs and quality fabrics for fashion-forward individuals. Shop now!,meta_json,https://adro.in/cdn/shop/files/Logo_PNG_copy_145e974a-9025-4a01-a959-2fae5cc24f65.png?v=1776518311,Karnataka,Bangalore,,meta.json country=IN; currency=INR; state=Karnataka; .in domain; +91 phone on site; Indian PIN code on site,8
589,Anand Sweets & Savouries,https://anandsweets.in,care@anandsweets.net,+919364087490; +918037002142; +918037002129,https://www.instagram.com/anandsweetsindia,https://www.facebook.com/anandsweetsindia,,https://in.linkedin.com/company/anandsweetsindia,,Food & Beverages,"Buy indian sweets online from one of South India's largest sweets' brands - Anand Sweets & Savouries. Freshly made, preservative-free, with Pan India & international shipping.",meta_json,https://www.anandsweets.in/cdn/shop/files/logo.svg?v=1676482841&width=500,Karnataka,Bengaluru,,meta.json country=IN; currency=INR; state=Karnataka; .in domain; +91 phone on site,8
590,GirOrganic,https://girorganic.com,info@girorganic.com,+919099909453,https://www.instagram.com/girorganic.farm,https://www.facebook.com/GirOrganic,,,https://www.youtube.com/channel/UCLZNCHFfo6D8izhN2OMrkMQ/featured,Food & Beverages,"Looking for the best desi cow ghee in India? Check out our range of premium A2 ghee at competitive prices. Gir Organic offer authentic Vedic ghee made from organic desi cow milk, ensuring the highest quality and purity. Experience the health benefits and rich flavor of A2 organic ghee, known for its",meta_json,https://girorganic.com/cdn/shop/files/girorganic_logo_720c40ba-489f-4b83-be6c-3551a56bb576.png?v=1780463863&width=500,Gujarat,Surat,,meta.json country=IN; currency=INR; state=Gujarat; +91 phone on site,8
591,Hayagrivas Silk House,https://hayagrivassilkhouse.com,dwarakesh@hayagrivassilkhouse.com; mythili@hayagrivassilkhouse.com,+919840582892; +919840758494,https://www.instagram.com/hayagrivas_silkhouse,https://www.facebook.com/hayagrivas,,,https://www.youtube.com/channel/UCUVWqb0gXaEXIUp3xmWVlxQ,Apparel & Fashion,"Shop exquisite Kanjivaram silk sarees online at Hayagrivas Silk House. Discover pure silk kanjeevarams, Bridal kanchivarams, Nine Yards, cotton, silk-cotton sarees and Dhotis woven by South India's master weavers. Experience timeless elegance, unmatched craftsmanship at great prices. Trusted Store i",meta_json,https://hayagrivassilkhouse.com/cdn/shop/files/HayagrivaS_logo_63c8ad4c-aa73-476a-83fe-973632136bd0.png?v=1720347485&width=300,Tamil Nadu,Kanchipuram,,meta.json country=IN; currency=INR; state=Tamil Nadu; +91 phone on site,8
592,House Of Makeup,https://houseofmakeup.com,support@houseofmakeup.com,+918454097173,https://www.instagram.com/houseofmakeupofficial,https://www.facebook.com/HouseOfMakeupIndia,,https://www.linkedin.com/company/houseofmakeup-com,https://www.youtube.com/@houseofmakeupofficial,Beauty & Personal Care,Buy best quality beauty products online from House of Makeup. Buy cosmetics and makeup online at best price only at House of Makeup. Enjoy Free India Shipping on orders over INR 499.,meta_json,https://houseofmakeup.com/cdn/shop/files/Logo_white_website_2f86c5f3-fb98-4d90-bc8c-0e51965ab89b.png?v=1780181323&width=3365,Maharashtra,Mumbai,,meta.json country=IN; currency=INR; state=Maharashtra; +91 phone on site,8
593,Man Mandir Silk and Saris,https://manmandir.com,support@manmandir.com,+919280099750; +914428333360,https://www.instagram.com/man_mandir_saris,https://www.facebook.com/manmandir.saris,,,https://www.youtube.com/@Manmandirsns,Apparel & Fashion,"Where Silk Met Soul At Man Mandir, we aren’t just curators of textiles. We are custodians of enduring grace — weaving stories of India’s soul into silks that speak in whispers, not in shouts.",about_meta_description,https://www.manmandir.com/cdn/shop/files/Text_and_logo_white.png?v=1771590334,Tamil Nadu,Chennai,,meta.json country=IN; currency=INR; state=Tamil Nadu; +91 phone on site,8
594,Natriel,https://natriel.com,support@natriel.com,+919257052097,https://www.instagram.com/natrielonline,https://www.facebook.com/the.natriel,,https://www.linkedin.com/company/natriel,,Art & Craft,Discover diverse Indian art forms under one roof! Natriel brings you an exclusive collection of Indian handicrafts for home décor and corporate gifting. Shop online and elevate your space and gifting moments with the finest artisan-made treasures.,meta_json,https://www.natriel.com/cdn/shop/files/Natriel_logo.png?v=1723963184,Rajasthan,Jaipur,,meta.json country=IN; currency=INR; state=Rajasthan; +91 phone on site,8
595,onesciencenutrition,https://onesciencenutrition.in,help@onesciencenutrition.in,+918799768366,https://www.instagram.com/one.science.nutrition.in,https://www.facebook.com/people/One-Science-Nutrition-India/100091660779663,https://x.com/osn_in,,,Health & Wellness,"Shop premium whey protein, pre-workout & BCAA supplements for muscle gain, weight loss & strength. Fast Pan-India delivery in 2-3 days. Free shaker & gifts!",meta_json,https://onesciencenutrition.in/cdn/shop/files/logo_2.png?v=1787253115&width=200,Delhi,New Delhi,,meta.json country=IN; currency=INR; state=Delhi; .in domain; +91 phone on site,8
596,Sai Creations Watches,https://saicreationswatches.com,support@saicreationswatches.com; saicreations18@gmail.com,+917011138012,https://www.instagram.com/saicreations.watches,https://www.facebook.com/saicreations18,,https://www.linkedin.com/company/sai-creations-premium-watch-showroom,https://www.youtube.com/channel/UCDix12Ymni2aSRi5ZVYsI9Q,Jewellery & Accessories,"Shop authentic branded watches online at Sai Creations. Free shipping, full warranty & GST invoice. Best prices on Rado, Tissot, Citizen, Casio, Timex & more.",meta_json,https://saicreationswatches.com/cdn/shop/files/Logo_2.png?v=1772691182&width=500,Uttar Pradesh,Ghaziabad,,meta.json country=IN; currency=INR; state=Uttar Pradesh; +91 phone on site,8
597,Stahl Kitchens,https://stahlkitchens.com,care@stahlkitchens.com; hr@autopressindia.com,+918484018048,https://www.instagram.com/stahl_india,https://www.facebook.com/stahlindia,,,https://www.youtube.com/channel/UCWdLV3k4s7Fdkudn46QEHkA,Kitchen & Dining,"Experience High Performance - Precision Engineered Cookware in Aesthetic Designs. Kadhais, Tawas, Saucepans, Frypans, Stock Pots, Pressure Cookers, Knives and more",meta_json,https://stahlkitchens.com/cdn/shop/files/Logo_Mark_1_1571x.png?v=1786363586,Maharashtra,Pune,,meta.json country=IN; currency=INR; state=Maharashtra; +91 phone on site,8
598,thebakingtools.com,https://thebakingtools.com,support@thebakingtools.com; thebakingtools1@gmail.com,+919613333222,https://www.instagram.com/thebakingtoolsofficial,https://www.facebook.com/thebakingtools,,https://www.linkedin.com/company/thebakingtools,https://www.youtube.com/@thebakingtools,Gifts & Hampers,"Buy baking supplies online in India at best prices. Shop cake moulds, decorating tools, baking ingredients & bakery packaging with fast PAN India delivery and COD.",meta_json,https://thebakingtools.com/cdn/shop/files/the_baking_tools_logo_shopify_97b5a900-35ca-4200-9a10-ed8cc23b303b.png?v=1742636961&width=120,Maharashtra,Amravati,,meta.json country=IN; currency=INR; state=Maharashtra; +91 phone on site,8
599,Urban Space Home Furnishing,https://urbanspacestore.in,helpdesk@urbanspacestore.in; sale.urbanespace@gmail.com,+919724851179,https://www.instagram.com/urbanspacestore.in,,,https://www.linkedin.com/company/urban-space-store,https://www.youtube.com/@urbanspacestore,Home & Decor,"Urban Space offers a notable home décor products from curtains, bed linen, dohar blankets, bed cover, mats & rugs, table linen online at your door steps.",meta_json,https://cdn.shopify.com/s/files/1/0277/6757/0567/files/urbanSpace-logo-500px-02_1_1_100x.jpg?v=1647945398,Gujarat,Ahmedabad,,meta.json country=IN; currency=INR; state=Gujarat; .in domain; +91 phone on site,8
600,SkinInspired,https://skininspired.in,care@skininspired.in; contact@skininspired.in,+918905225598,https://www.instagram.com/skininspired.in,,,https://in.linkedin.com/company/skininspired,https://www.youtube.com/@skininspired,Beauty & Personal Care,"SkinInspired provides a high-performance skincare range carefully designed for Indian skin. Achieve radiant, healthy skin with our expert dermat formulations.",meta_json,https://skininspired.in/cdn/shop/files/Asset_1.png?v=1683054697&width=695,Rajasthan,Udaipur,,meta.json country=IN; currency=INR; state=Rajasthan; .in domain; +91 phone on site,8
601,Arihant Creations,https://arihantcreations.co.in,contact@arihantcreations.co.in,+919427319214,https://www.instagram.com/arihant.creations.st,https://www.facebook.com/arihantcreationssurat,,,https://www.youtube.com/@arihantcreationssurat,Apparel & Fashion,"Arihant Creations: Leading manufacturer of high-quality digital printed fabrics, Discover premium designs at affordable prices.",meta_json,https://arihantcreations.co.in/cdn/shop/files/Arihant_Creations_Logo_1c44ff04-3c61-4a06-aeb7-3804070b2efc.png?v=1754338829&width=500,Gujarat,Surat,,meta.json country=IN; currency=INR; state=Gujarat; .in domain; +91 phone on site,8
602,Barva Skin Therapie,https://barvaskintherapie.com,contact@barvaskintherapie.com,+919022378244; +919022808101,https://www.instagram.com/barvaskintherapie,https://www.facebook.com/BarvaSkinTherapie,,,https://www.youtube.com/c/BarvaSkinTherapie,Beauty & Personal Care,"We offer beauty products with natural & organic ingredients, which manifest from the purity of nature. Pamper yourself with Barva Skin Therapie! ~ safe, natural, affordable beauty, not tested on animals",meta_json,https://barvaskintherapie.com/cdn/shop/files/Barva-Red-Logo-removebg-preview.png?v=1756388663,Maharashtra,Satara,,meta.json country=IN; currency=INR; state=Maharashtra; +91 phone on site,8
603,BLUORNG,https://bluorng.com,legal@bluorng.com; support@bluorng.com; ordersupport@giveintothebluorng.com,+918448441388; +919958952988; +919599191998,https://www.instagram.com/bluorng,,,https://www.linkedin.com/company/bluorng,https://youtube.com/@BluorngYouTube,Apparel & Fashion,"BLUORNG, a premium streetwear brand in India. Shop the latest unisex styles from this premium Indian streetwear brand for a bold, trend-setting look.",meta_json,https://bluorng.com/cdn/shop/files/logo_2.png?v=1614299608&width=500,Delhi,New Delhi,,meta.json country=IN; currency=INR; state=Delhi; +91 phone on site,8
604,The Cinnamon Kitchen,https://cinnamon.kitchen,hey@cinnamon.kitchen,+919582827019; +919560565013,https://www.instagram.com/cinnamonkitchenindia,https://www.facebook.com/CinnamonKitchenIndia,,,https://www.youtube.com/@CinnamonKitchenIndia,Food & Beverages,"The Cinnamon Kitchen, gluten free bakery in India brings you gourmet treats ideal for PCOS Friendly diets, Diabetics, Keto diet and all health conscious individuals. From healthy sweets to savouries, shop now!",meta_json,https://cinnamon.kitchen/cdn/shop/files/logo.webp?v=1789989231&width=450,Uttar Pradesh,Noida,,meta.json country=IN; currency=INR; state=Uttar Pradesh; +91 phone on site,8
605,Forever New,https://forevernew.co.in,wecare@forevernew.in; benu.manchanda@forevernew.in,+9118002033006; +911800203300612,https://www.instagram.com/forevernew_india,https://www.facebook.com/ForeverNewIndia,,,https://www.youtube.com/channel/UC0FP70vFDudOft2_NL3kNzg/videos,Apparel & Fashion,"Forever New is a western wear clothing brand for Women in India. Shop now and get the latest collection for Dresses, Tops, Coats & Fashion Accessories.",meta_json,https://www.forevernew.co.in/cdn/shop/files/FN_logo_Mel-_Black.png?v=1781595026&width=1000,Haryana,Gurugram,,meta.json country=IN; currency=INR; state=Haryana; .in domain; +91 phone on site,8
606,Jagdish Farshan ,https://jagdishfarshan.com,ecommerce@jagdish-farshan.com; sales@jagdish-farshan.com; info@jagdish-farshan.com,+918980808585,https://www.instagram.com/jagdishfarshan,https://www.facebook.com/Jagdishfarshan,https://twitter.com/Jagdishfarshan,https://www.linkedin.com/company/jagdish-farshan-private-limited,https://www.youtube.com/@JagdishFarshan/featured,Food & Beverages,"Buy Indian namkeens and sweets from Jagdish Farshan. From our iconic Bhakharwadi to festive sweets and timeless farsan, a legacy of taste since 1938. Explore travel-friendly Indian snacks, authentic Gujarati flavors, and traditional namkeens delivered fresh to your doorstep.",meta_json,https://jagdishfarshan.com/cdn/shop/files/LOGO_FILE_c1c1f14a-edc5-4490-bdd4-d908a3dec2b5.png?v=1711711325&width=4500,Gujarat,vadodara,,meta.json country=IN; currency=INR; state=Gujarat; +91 phone on site,8
607,One Friday,https://onefridayworld.com,care@onefridayworld.com,+919311858500,https://www.instagram.com/onefridayworld,https://www.facebook.com/OneFridayWorld,,,https://www.youtube.com/channel/UC9iC5vkpcn5FFtx3WEYifQQ,Apparel & Fashion,"Explore kids wear for girls & boys at One Friday. Shop party wear dresses for girls & boys, baby girl dresses, & stylish outfits for every celebration!",meta_json,https://www.onefridayworld.com/cdn/shop/files/logo_586fa1fc-758d-45a0-83ed-aff67d69ee1f.png?v=1638547273&width=392,Uttar Pradesh,Noida,,meta.json country=IN; currency=INR; state=Uttar Pradesh; +91 phone on site,8
608,SALT Attire,https://saltattire.com,care@saltattire.com,+9118002709515; +919311073947; +918976892272,https://www.instagram.com/saltattire,https://www.facebook.com/saltattire,https://twitter.com/saltattire,,,Apparel & Fashion,"Shop premium workwear & office wear for women — dresses, blazers, tops, co-ords & pants. Tailored fits for Indian body types. Free shipping.",meta_json,https://saltattire.com/cdn/shop/files/SaltLogo.2022.Black.png,Haryana,Gurugram,,meta.json country=IN; currency=INR; state=Haryana; +91 phone on site,8
609,Typsy Beauty,https://typsybeauty.com,pingtheprincess@typsybeauty.com,+919289629944; +918527810085,https://www.instagram.com/typsybeauty,https://www.facebook.com/typsybeauty,,https://in.linkedin.com/company/typsybeauty,https://www.youtube.com/@typsybeauty/videos,Beauty & Personal Care,"Typsy Beauty makes vegan, multifunctional makeup formulated for Indian skin tones — lip balms, lipstick, foundation and more. Shop now, free shipping.",meta_json,https://typsybeauty.com/cdn/shop/files/new-logo-pink-st.png?v=1764591713&width=600,Haryana,GURGAON,,meta.json country=IN; currency=INR; state=Haryana; +91 phone on site,8
610,Keya Seth Aromatherapy,https://keyaseth.com,help@keyaseth.com; recruitment@keyaseth.com; store@keyaseth.in,+918334886871; +917605033294,https://www.instagram.com/keyaseth.aromatherapy,https://www.facebook.com/keyasethcosmetics,,https://www.linkedin.com/company/keyaseth,https://www.youtube.com/channel/UCLs2Wm8dQ_gXdjTu7hvCiYQ,Beauty & Personal Care,"Enhance your life with natural products from Keya Seth. Select from a wide range of aromatherapy essential oils, organic skincare and haircare products perfect for any home. Experience the power of nature!",meta_json,https://www.keyaseth.com/cdn/shop/files/Keya_Seth_Logo.png?v=1750778121&width=600,West Bengal,Kolkata,,meta.json country=IN; currency=INR; state=West Bengal; +91 phone on site,8
611,CLARA,https://clara.in,support@clara.in,+919870100823; +919870120823,https://www.instagram.com/clara.in,https://www.facebook.com/ClarabyHKJewels,,,https://www.youtube.com/@clarajewelry,Jewellery & Accessories,"Shop premium silver jewellery, 925 sterling silver designs, and certified gemstones at CLARA. Explore authentic, elegant jewellery and gemstones online in India.",meta_json,https://www.clara.in/cdn/shop/files/clara_logo_150x.png?v=1726136367,Delhi,New Delhi,,meta.json country=IN; currency=INR; state=Delhi; .in domain; +91 phone on site,8
612,Da Milano,https://damilano.com,online@damilano.com; info@damilano.com,+919971144157,https://www.instagram.com/damilanoitalia,https://www.facebook.com/DaMilanoItalia,,https://www.linkedin.com/company/da-milano-leathers-pvt-ltd,,Bags & Luggage,"Innovative, Modern and Luxury, Da Milano is dedicated to a vision of style that provides sublimity of opulence from the House of great craftsmanship and genuine leather. The brand ethos rests on its patrons as the brand has traversed on foundations of designs and quality.",about_paragraph,https://www.damilano.com/cdn/shop/files/dm_white_logo_2_copy_brown.png?v=1770728017&width=400,Delhi,New Delhi,,meta.json country=IN; currency=INR; state=Delhi; +91 phone on site; Indian PIN code on site,8
613,Great Happy IN,https://greathappy.in,hello@greathappy.in; care.greathappy@gmail.com,+919883432349; +919875538809,https://www.instagram.com/info.greathappy,https://www.facebook.com/greathappyindia,,,https://www.youtube.com/@greathappy8903,Home & Decor,"Transform your living room, dining room and bedroom with premium sofa covers, chair covers and bedsheets. Trusted by 3 lakh+ Indian homes. Free delivery · COD.",meta_json,https://greathappy.in/cdn/shop/files/logo.png?v=1778072923&width=300,West Bengal,Palashpai,,meta.json country=IN; currency=INR; state=West Bengal; .in domain; +91 phone on site,8
614,KitsGuru,https://kitsguru.com,sales@kitsguru.com; admin@labsguru.com,+919140809669,https://www.instagram.com/labsguru,https://www.facebook.com/KitsGuru,https://www.twitter.com/labsguru,,,Electronics & Gadgets,"Explore KitsGuru India's top online robotics and electronics store. Find DIY kits, components, and tools for robotics, electronics, and innovative projects.",meta_json,https://kitsguru.com/cdn/shop/files/KITSGURU_-_logo_240x.png?v=1633609475,Uttar Pradesh,LUCKNOW,,meta.json country=IN; currency=INR; state=Uttar Pradesh; +91 phone on site,8
615,Krishna Saree,https://krishnasaree.in,info@krishnasaree.in; rankawatneeraj@gmail.com,+919429692574,https://www.instagram.com/krishnasaree001,https://www.facebook.com/krishnasaree01,,,https://www.youtube.com/@krishnasaree,Apparel & Fashion,dealing in rajasthani bandhni and lahriya saree,meta_json,https://krishnasaree.in/cdn/shop/files/Krishna_Saree-removebg-preview_155x_2x_95a175d2-9e9c-41c4-a89d-e28980232657.webp?v=1775671236&width=330,Rajasthan,bikaner,,meta.json country=IN; currency=INR; state=Rajasthan; .in domain; +91 phone on site,8
616,Sparkle and Glow,https://sparkleandglow.co.in,support@sparkleandglow.co.in,+919900359707,https://www.instagram.com/sparklesbyarchana,https://www.facebook.com/sparkleandglowbyarchana,,,https://www.youtube.com/channel/UCozVjVsu1zSTV0_bnwCsYkQ,Jewellery & Accessories,"Shop exquisite artificial jewellery at Sparkle and Glow. From bridal sets to daily wear, find timeless designs with free shipping across India.",meta_json,https://cdn.shopify.com/s/files/1/0906/0309/4331/files/logo-square.png?v=1743238755,Karnataka,Kundapura,,meta.json country=IN; currency=INR; state=Karnataka; .in domain; +91 phone on site,8
617,Prinjal Jewels,https://prinjal.com,support@prinjal.com,+918866466050,https://www.instagram.com/prinjal.official,https://www.facebook.com/prinjal.official,,,https://www.youtube.com/@prinjal.official,Religious & Pooja,"Discover authentic jewelry at Prinjal. Rudraksha, malas & bracelets crafted to bring peace, balance, and positivity to your life.",meta_json,https://prinjal.com/cdn/shop/files/Group_49.png?v=1715144448&width=1100,Gujarat,Palanpur,,meta.json country=IN; currency=INR; state=Gujarat; +91 phone on site,8
618,TruNativ,https://trunativ.co,hello@trunativ.co; contact@trunativ.co,+918048799941; +918575744444,https://www.instagram.com/trunativ,https://www.facebook.com/TruNativ,,https://www.linkedin.com/company/trunativ-foods-beverages-pvt-ltd/about,https://www.youtube.com/@Trunativ,Health & Wellness,Transform your lifestyle with India's favorite 100% natural products nutrition brand. Explore our range of natural products for a healthier you.,meta_json,https://trunativ.co/cdn/shop/files/image_46.png?v=1750421681,Maharashtra,Mumbai,,meta.json country=IN; currency=INR; state=Maharashtra; +91 phone on site,8
619,Balaji Wafers,https://balajiwafers.com,contact@balajiwafers.com,+912812783755; +912812783756; +917069014141,https://www.instagram.com/balajiwafers,https://www.facebook.com/BalajiWafers,,,https://www.youtube.com/@balajiwafers8531,Food & Beverages,"Explore iconic Indian snacks made with love, tradition, and unmatched crunch.",meta_json,https://www.balajiwafers.com/cdn/shop/files/Logo.svg?v=1737622716&width=500,Gujarat,Rajkot,,meta.json country=IN; currency=INR; state=Gujarat; +91 phone on site,8
620,BKH Organics,https://bkhorganics.in,bkhorganics@gmail.com,+918062524465; +919688073726; +919789345605,https://www.instagram.com/bkhorganics,https://www.facebook.com/bkhorganics,,,https://www.youtube.com/@BKHOrganics,Food & Beverages,"BKH Organics offers handmade herbal soaps and natural products made with traditional care. 100% chemical-free, eco-friendly, and crafted with grandma’s love. Explore Kuppaimeni soap and other herbal skin care essentials 100% natural, handmade, and safe for all skin types. chemical-free, eco-friendly",meta_json,https://bkhorganics.in/cdn/shop/files/BKH_Organics_Logo-1.png?v=1750056320&width=500,Tamil Nadu,Kanchipuram,33EKJPK8153D1Z6,meta.json country=IN; currency=INR; state=Tamil Nadu; .in domain; GSTIN on site; +91 phone on site,8
621,Janasya.com,https://janasya.com,care@janasya.com; support@threadbucketstudio.com,+918735035072; +919979876018,https://www.instagram.com/janasyaclothing,https://www.facebook.com/janasyaclothing,,,https://www.youtube.com/@janasyaclothing,Apparel & Fashion (Women),"Shop women's fashion for every occasion and every journey of life with Janasya. Explore suit sets, dresses, co-ords, ethnic and office wear, plus-size and maternity styles designed for every stage of life.",meta_json,https://janasya.com/cdn/shop/files/JANASYA-LOGO_1_1.png?v=1692859167&width=150,Gujarat,Surat,,meta.json country=IN; currency=INR; state=Gujarat; +91 phone on site,8
622,Nutrabox India,https://nutrabox.in,admin@nutrabox.in; info@nutrabox.in,+919824000768; +916359000876,https://www.instagram.com/nutraboxindia,https://www.facebook.com/NutraboxIndia,,,https://www.youtube.com/channel/UCgCgc6ojxCrLdMwJk2ONiFA,Health & Wellness,"Shop whey protein, creatine, vitamins & sports supplements online in India. Trusted for authentic nutrition, purity, performance and fast delivery.",meta_json,https://nutrabox.in/cdn/shop/files/Nutrabox_emblem-01.jpg?v=1654155108&width=600,Gujarat,Ahmedabad,,meta.json country=IN; currency=INR; state=Gujarat; .in domain; +91 phone on site,8
623,Simply Nam,https://simplynam.com,support@simplynam.com; community@simplynam.com,+918828843883,https://www.instagram.com/simplynam.beauty,,,https://www.linkedin.com/company/simply-nam,https://www.youtube.com/@simplynam,Beauty & Personal Care,"Shop Simply Nam's premium beauty products formulated by celebrity MUA Namrata Soni. Our products are vegan, sulphate free, paraben free, and cruelty free.",meta_json,https://www.simplynam.com/cdn/shop/files/SN_LOGO-01_1_2048x_670a0c51-18a1-47d2-b8a4-4f72f2c9ee64_2048x.png?v=1719238144,Maharashtra,Mumbai,,meta.json country=IN; currency=INR; state=Maharashtra; +91 phone on site,8
624,SkilloToys,https://skillotoys.com,contact@skillotoys.com,+917411155771,https://www.instagram.com/skillotoys,https://www.facebook.com/SkilloToys,,,https://www.youtube.com/@SkilloToys,Toys & Games,"SkilloToys is India's Niche Online store for Parents to Develop Important Early Skills in their Kids for Brain Development and Growth. Buy Safe, Fun based Wooden Educational Toy & Games for Baby, Toddler, Preschooler, Grade Schooler Kids from Age 0 to 8 Years.",meta_json,https://skillotoys.com/cdn/shop/files/SkilloToys.com_-_HD_Logo.png?v=1676117580&width=600,Karnataka,Bengaluru,,meta.json country=IN; currency=INR; state=Karnataka; +91 phone on site; Indian PIN code on site,8
625,Skin Bae,https://skinbae.in,support@skinbae.in,+918074383338,https://www.instagram.com/skinbae.in,https://www.facebook.com/skinbae.in,,,https://www.youtube.com/c/SkinbaeIndia,Beauty & Personal Care,Buy Korean skincare products online in India at SkinBae. All our products are 100% original. Explore and experience skincare secrets from all over the world.,meta_json,https://www.skinbae.in/cdn/shop/files/SkinBae_Logo_black.png?v=1787552748&width=1200,Telangana,Hyderabad,,meta.json country=IN; currency=INR; state=Telangana; .in domain; +91 phone on site,8
626,Sotrue,https://sotrue.in,info@sotrue.in,+918800190489,https://www.instagram.com/sotrue.beauty,https://www.facebook.com/sotrue.in,,https://www.linkedin.com/company/sotrue,https://www.youtube.com/@Sotrue_in,Beauty & Personal Care,"Sotrue - India’s first glow-first beauty brand. Discover strobe creams, body shimmers & multi-tasking glow essentials made for every Indian skin tone. Shop now & glow every day!",meta_json,https://www.sotrue.in/cdn/shop/files/WHITE_SOTRUE_TEXT_1_1.png?v=1783331848&width=1402,Uttar Pradesh,Noida,,meta.json country=IN; currency=INR; state=Uttar Pradesh; .in domain; +91 phone on site,8
627,SriVaraha Foods,https://srivarahafoods.com,info@srivarahafoods.com; nfo@srivarahafoods.com,+919444902405; +919489958801; +919489958803,https://www.instagram.com/srivaraha_foods,https://www.facebook.com/profile.php?id=61557045924167,,,https://www.youtube.com/@srivarahafoods1890,Food & Beverages,"Buy SriVarahaFoods Millet Sweets & Snacks Shop Now, Kallidaikurichi Appalam Vadagam, Vathal Pickles Thokku Products Online",meta_json,https://srivarahafoods.com/cdn/shop/files/Sri_Varaha_Foods_logo_animation.gif?v=1781135579&width=300,Tamil Nadu,Kallidaikurichi,,meta.json country=IN; currency=INR; state=Tamil Nadu; +91 phone on site,8
628,Sugandh Lok,https://sugandhlok.com,care@sugandhlok.com,+918042544254,http://instagram.com/sugandhlokindia,https://facebook.com/sugandhlok,,,https://www.youtube.com/@sugandhlok9034,Religious & Pooja,"Sugandh Lok’s range of organic agarbattis are hand-made using high-quality, natural, and non-toxic ingredients. Explore our Naturally Divine Agarbathies now",meta_json,https://sugandhlok.com/cdn/shop/files/SL_Logo_NEW_2.png?v=1705573346&width=5076,Karnataka,Bangalore,,meta.json country=IN; currency=INR; state=Karnataka; +91 phone on site,8
629,The Knot Company,https://theknotcompany.in,hello@theknotcompany.in; corporate@theknotcompany.in,+919785401377,https://www.instagram.com/theknotcompany.in,https://www.facebook.com/theknotcompanyindia,,https://www.linkedin.com/company/the-knot-company,,Gifts & Hampers,The Knot Company turns gifting into a work of heart. Discover personalized gifts and custom gift boxes crafted to create memorable experiences.,meta_json,https://theknotcompany.in/cdn/shop/files/Shopify_logo_d53df417-304f-498a-ab51-f3380aa80c48.png?v=1735295979&width=2518,Rajasthan,Jaipur,,meta.json country=IN; currency=INR; state=Rajasthan; .in domain; +91 phone on site,8
630,URturms,https://urturms.com,support@urturms.com,+919964700101,https://www.instagram.com/turms_intelligent_apparel,https://www.facebook.com/TurmsIntelligentApparel,,,https://www.youtube.com/@urturms101,Apparel & Fashion,"Explore Turms Intelligent Apparel, India’s leading brand for premium men’s and women’s clothing. Shop T-shirts, shirts, jeans, hoodies, and sweatshirts with advanced features like anti-stain, anti-odor, and water resistance. Trusted by MS Dhoni and featured on Shark Tank India Season 3. Discover the",meta_json,https://cdn.shopify.com/s/files/1/1627/0171/files/LOGO.jpg?v=1779879503,Karnataka,Bengaluru,,meta.json country=IN; currency=INR; state=Karnataka; +91 phone on site,8
631,Paradyes,https://birdsofparadyes.com,care@birdsofparadyes.com,+917486010214,https://www.instagram.com/birdsofparadyes,https://www.facebook.com/birdsofparadyes,https://x.com/birdsofparadyes,,https://www.youtube.com/channel/UC4ZJ0lbWhGySqfVDoRhFxQQ,Beauty & Personal Care,"Paradyes is a modern hair color brand trusted by 50 lakh+ customers. Discover no-bleach glossy hair tints, timeless grey coverage colours, shampoo hair colors, and conditioning crème hair colors that deliver rich shine, vibrant results, and easy at-home application for long-lasting color and confide",meta_json,https://www.birdsofparadyes.com/cdn/shop/files/Logo2_1.png?v=1726819659&width=500,Gujarat,Ankleshwar,,meta.json country=IN; currency=INR; state=Gujarat; +91 phone on site,8
632,Beauty Garage,https://beautygarage.com,help@beautygarage.com; codex@beautygarage.com,+919987217646; +919987271646,https://www.instagram.com/beautygarageofficial,https://www.facebook.com/beautygaragein,,https://in.linkedin.com/company/beautygarage,https://www.youtube.com/@BeautyGaragein,Beauty & Personal Care,Would you like to add your free gift again?,about_paragraph,https://beautygarage.com/cdn/shop/files/logo-beauty-garage-professional.svg?v=1752736332&width=283,Maharashtra,Mumbai,,meta.json country=IN; currency=INR; state=Maharashtra; +91 phone on site,8
633,House Of Masaba,https://houseofmasaba.com,shoponline@houseofmasaba.com; careers@houseofmasaba.com; homgrievanceofficer@houseofmasaba.com,+917738007478,https://www.instagram.com/houseofmasaba,https://www.facebook.com/HouseOfMasaba,,https://www.linkedin.com/company/house-of-masaba,https://www.youtube.com/@houseofmasaba_,Apparel & Fashion (Men),"Buy the latest luxury collection by Designer Masaba Gupta featuring Womenswear, Menswear, Jewellery, Beauty & more at House of Masaba.",meta_json,https://www.houseofmasaba.com/cdn/shop/files/low_res_white.png?v=1784283410&width=500,Maharashtra,Mumbai,,meta.json country=IN; currency=INR; state=Maharashtra; +91 phone on site,8
634,IndyGood,https://indygood.com,care@indygood.com,+918010245198; +919356570870,https://www.instagram.com/thestateplateofficial,https://www.facebook.com/thestateplateofficial,https://twitter.com/thestateplate,,https://www.youtube.com/channel/UCGWXQFeGRdZpQBOc_qbh-kQ,Food & Beverages,"IndyGood: Taste India's finest food. Kayani Bakery's Shrewsbury Biscuits, Hari Ram's Samosas, Varanasi's Ram Bhandar sweets. Plus imported Chocolates & Snacks like Lindt, Milka and more. Order the most authentic, fresh regional Sweets and Snacks, Sevs, Bhakarwadi, Pendas, Bakery & lot more from Indi",meta_json,https://indygood.com/cdn/shop/files/paucek_lage_1_Background_Removed.png?v=1733618280&width=500,Maharashtra,Pune,,meta.json country=IN; currency=INR; state=Maharashtra; +91 phone on site,8
635,Pachaiyappas silks,https://pachaiyappas.in,support@pachaiyappas.in; pachaiyappasonline@gmail.com,+9118005995055; +918489943468; +917094473238,https://www.instagram.com/pachaiyappas_silks,https://www.facebook.com/PachaiyappasSilks,https://x.com/pachaiyappasilk,,https://www.youtube.com/@pachaiyappassilks7318,Apparel & Fashion,"Shri M.V.M Pachaiyappa Mudaliar started Pachaiyappas Silks in 1926, with a vision to enrich the people in Kanchipuram with the choicest selection of clothes.Pachaiyappas manufactured unique and exquisite collections with consistent quality, and very soon Pachaiyappas became a household name",about_paragraph,https://pachaiyappas.in/cdn/shop/files/logo_600x.png?v=1746437093,Tamil Nadu,Kanchipuram,,meta.json country=IN; currency=INR; state=Tamil Nadu; .in domain; +91 phone on site,8
636,Pure Nutrition,https://purenutrition.in,customercare@purenutrition.me; orders@purenutrition.me,+919820798784; +9118001209882; +918976020310,https://www.instagram.com/purenutrition_in,https://www.facebook.com/purenutritionindia,https://x.com/PureNutritionMe,,https://www.youtube.com/channel/UC6J90GWNvR3DewlM0X6oAcQ,Health & Wellness,"Shop for herbs product such as weight management , joint health ,immune support , fitness supplements. These products are 100% natural and cruelty free.",meta_json,https://purenutrition.in/cdn/shop/files/PN_Natural_treasures_logo.webp?v=1754976988&width=500,Maharashtra,Mumbai,,meta.json country=IN; currency=INR; state=Maharashtra; .in domain; +91 phone on site,8
637,RAS Luxury Skincare,https://rasluxuryoils.com,care@rasluxuryoils.com,+919329773003; +917400989674,https://www.instagram.com/rasluxuryoils,https://www.facebook.com/rasluxuryoilsfb,,https://www.linkedin.com/company/rasluxuryoils,https://www.youtube.com/@Rasluxuryskincare,Beauty & Personal Care,100% natural & Organic Skin Care. RAS Luxury Oils is an integration of ancient Ayurvedic practices eminent in Indian Culture and Scientific Research and development,meta_json,https://www.rasluxuryoils.com/cdn/shop/files/RAS_PNG.png?v=1688641437&width=994,Chhattisgarh,Raipur,,meta.json country=IN; currency=INR; state=Chhattisgarh; +91 phone on site; Indian PIN code on site,8
638,Spigen India,https://spigen.in,spigenindiacs@spigen.com; spigen.in@spigen.com,+9118002022808; +919311225352,https://www.instagram.com/spigen.india,https://www.facebook.com/SpigenWorld,https://x.com/spigen,,https://www.youtube.com/@Spigen,Electronics & Gadgets,"At Spigen, we are built on creating protective phone cases and accessories that push the boundaries of design, technology, and availability.",meta_json,https://spigen.in/cdn/shop/files/Spigen_logo_B_W.png?v=1732878166&width=464,Uttar Pradesh,Greater Noida,,meta.json country=IN; currency=INR; state=Uttar Pradesh; .in domain; +91 phone on site,8
639,Spykar Lifestyles,https://spykar.com,customercare@spykar.com,+912242101356,https://www.instagram.com/spykarofficial,https://www.facebook.com/SpykarOfficial,https://x.com/SpykarOfficial,,https://www.youtube.com/@SPYKAROfficial,Apparel & Fashion (Women),"Welcome to our world, where staying young at heart and having a restless spirit are the only rules worth following! Give yourself the best you deserve.",meta_json,https://spykar.com/cdn/shop/files/46884b9b44e9193d0bf1a3c300aac0454e8aeccc.png?v=1769757478&width=304,Maharashtra,Mumbai,,meta.json country=IN; currency=INR; state=Maharashtra; +91 phone on site,8
640,Tanotis,https://tanotis.com,support@tanotis.com; sales@tanotis.com; sales.tanotis@gmail.com,+919686001001; +919686002002,https://www.instagram.com/tanotis,https://www.facebook.com/tanotis,https://twitter.com/Tanotis,https://www.linkedin.com/company/tanotis,,Electronics & Gadgets,"Tanotis.com is an Imported Electronics Store with Wholesale Prices. Business & Industrial Electronics & DIY Kits, Camera & Photography, Consumer Electronics etc",meta_json,https://www.tanotis.com/cdn/shop/t/41/assets/Tanotis_Logo_SVG.svg?v=153418573322379978841588158743,Karnataka,Bangalore,,meta.json country=IN; currency=INR; state=Karnataka; +91 phone on site,8
641,Cantabil,https://cantabilshop.com,support@cantabilshop.com,+917400044155,https://www.instagram.com/cantabilindia,https://www.facebook.com/CantabilIndia,,https://www.linkedin.com/company/cantabil-india,https://www.youtube.com/@cantabilretailindialtd.1870,Apparel & Fashion (Men),Shop for men and women fashion clothing online in India at Cantabilshop and enjoy great discounts on the latest arrivals.,meta_json,https://cantabilshop.com/cdn/shop/files/Cantabil-logo-1.png?v=1728284826&width=150,Delhi,Delhi,,meta.json country=IN; currency=INR; state=Delhi; +91 phone on site; Indian PIN code on site,8
642,Duke,https://dukeindia.com,ecom2@dukeindia.in,+917743003837; +911615224098,https://www.instagram.com/dukefashions,https://www.facebook.com/Dukefashions,https://x.com/dukefashions,https://www.linkedin.com/company/dukefashions,,Apparel & Fashion (Women),"Discover the latest in fashion and lifestyle at Duke India. Explore a diverse range of men's and women's jackets, sweaters, shoes, loafers, flip flops, and more. Elevate your style with trendy choices. Shop online now!",meta_json,https://www.dukeindia.com/cdn/shop/files/2fd34954-1-removebg-preview.png?v=1773472977&width=500,Punjab,Ludhiana,,meta.json country=IN; currency=INR; state=Punjab; +91 phone on site,8
643,Muffynn,https://muffynn.com,support@muffynn.com; pushpakparekh@muffynn.com,+919987023733; +918962526799; +919969993733,https://www.instagram.com/muffynnofficial,https://www.facebook.com/MuffynnBrand,https://twitter.com/Muffynnofficial,https://in.linkedin.com/company/muffynn,https://www.youtube.com/channel/UCkrrY3-vuGfnfim_3r3i_hQ,Apparel & Fashion (Men),"Formal pants with a hidden 2-inch stretch waistband that moves with you. Shop Flexiwaist trousers, Gurkha pants and comfort shirts. Free shipping + COD.",meta_json,https://muffynn.com/cdn/shop/files/PrimaryLogoLong-Abilene.png?v=1668504908&width=280,Maharashtra,Thane,,meta.json country=IN; currency=INR; state=Maharashtra; +91 phone on site; Indian PIN code on site,8
644,Sprig,https://sprig.store,care@sprig.store,+919591407133,https://www.instagram.com/sprig.store,https://www.facebook.com/Sprig.store,,https://in.linkedin.com/company/sprigstore,https://www.youtube.com/@sprigstore4122,Electronics & Gadgets,"Shop premium and best mobile accessories online at Sprig – tempered glass, silicone covers & charging cables for top smartphone brands. Only at Sprig Store.",meta_json,https://sprig.store/cdn/shop/files/FINAL---SPRIG-VIBES-AHEAD-LOGO-22jan2026_2.png?v=1770619535&width=500,Karnataka,Bangalore,,meta.json country=IN; currency=INR; state=Karnataka; +91 phone on site,8
645,KKGROUPS,https://thekkgroups.in,support@thekkgroups.in; kkgroupswork729@gmail.com; kanhashringarofficials@gmail.com,+919468602247; +918005745954,https://instagram.com/thekkgroups.in,https://www.facebook.com/thekkgroups.in,https://twitter.com/thekkgroups,,https://www.youtube.com/@Thekkgroups_in,Apparel & Fashion,"One stop shop for all types of laddu gopal dresses at best price in india , here you get heavy dresses , jhula , krishna jewellery , kanha accessories , dresses for janmasthmi and other festivals .",meta_json,https://thekkgroups.in/cdn/shop/files/kk_logo_png.png?v=1696485501&width=500,Rajasthan,ganganagar,,meta.json country=IN; currency=INR; state=Rajasthan; .in domain; +91 phone on site,8
646,YourLibaas,https://yourlibaas.com,care@yourlibaas.com,+918071968666,https://instagram.com/yourlibaas,https://www.facebook.com/yourlibaas,https://www.twitter.com/yourlibaas,,https://www.youtube.com/channel/UCtXDqfaz-TAYmd6bSvQkg1Q,Apparel & Fashion,"Shop Online for Lawn Suits, Kurtis, Wedding & Bridal Wear, Designer Lehengas, Salwar Kameez, Gharara Suits & More at YourLibaas.com. ✓ Cash On Delivery ✓ Free Shipping ✓ 100% Original Guaranteed.",meta_json,https://cdn.shopify.com/s/files/1/0666/3041/files/YOURLIBAAS_LOGO_817002c1-f5d8-477a-bf11-d65abce88a39.png,Delhi,New Delhi,,meta.json country=IN; currency=INR; state=Delhi; +91 phone on site,8
647,HMR Handlooms,https://hmrhandlooms.com,hmrhandlooms@gmail.com; hmrvns@gmail.com,+919838773339; +916386868967; +919196073927,https://www.instagram.com/hmr.handlooms,https://www.facebook.com/hmrhandlooms,,,https://www.youtube.com/channel/UCXGBtYBd-2nqWB1A9_YxigQ,Apparel & Fashion,"Explore HMR Handlooms' 100% pure Banarasi Handloom Silk Sarees, handwoven in Varanasi since 1930. Shop Katan, organza & brocade weaves at exceptional prices.",meta_json,https://hmrhandlooms.com/cdn/shop/files/hmr_logo.png?v=1691304047&width=590,Uttar Pradesh,Varanasi,09AHVPB2356A1Z1,meta.json country=IN; currency=INR; state=Uttar Pradesh; GSTIN on site; +91 phone on site; Indian PIN code on site,8
648,House of Raadhvi,https://houseofraadhvi.com,info@houseofraadhya.com,+918029919953; +919035475315,https://www.instagram.com/houseof.raadhya_sarees,https://www.facebook.com/houseofraadhya,https://x.com/houseofraadhvi,,,Apparel & Fashion,Tradition With Elegance,meta_json,https://houseofraadhvi.com/cdn/shop/files/ChatGPT_Image_Jun_17_2026_06_44_40_PM.png?v=1781702333&width=500,Karnataka,Bangalore,29AAOFH4318Q1ZL,meta.json country=IN; currency=INR; state=Karnataka; GSTIN on site; +91 phone on site,8
649,LoveChild,https://lovechild.in,care@lovechild.in; arbaaz.khan@houseofmasaba.com; gunjan@houseofmasaba.com,+911800220020; +911800200202; +918928111700,https://www.instagram.com/lovechildbymasaba,https://facebook.com/lovechildbymasaba,https://x.com/LoveChild_in,,https://www.youtube.com/@lovechildbymasaba,Gifts & Hampers,Transform your look and express your unique style with Lovechild Masaba. Discover a wide range of cosmetics and beauty products online at Lovechild.,meta_json,https://lovechild.in/cdn/shop/files/LC_final_logo_-_2_email.png?v=1709189245&width=500,Maharashtra,Mumbai,,meta.json country=IN; currency=INR; state=Maharashtra; .in domain; +91 phone on site; Indian PIN code on site,8
650,Moto Central,https://motocentral.in,info@motocentral.in,+919822449903,https://www.instagram.com/motocentralindia,https://www.facebook.com/motocentralindia,https://twitter.com/Moto_Central,,https://www.youtube.com/channel/UCpSi857NGoyD30Lnrzg6dyg,Automotive,"Free Shipping All Over India, Expert Gear Advice, EMI for Riding Gear, 100% Genuine Products, Official warranty, Easy Returns, After Sales Spares & Support Shop online for Riding Gear across leading brands India's Largest Multi Brand Riding Gear Store",meta_json,https://motocentral.in/cdn/shop/t/40/assets/logo.png?v=15443012148369806061659890763,Maharashtra,Pune,,meta.json country=IN; currency=INR; state=Maharashtra; .in domain; +91 phone on site,8
651,Atomic Pharmacy,https://atomicpharmacy.in,support@atomicpharmacy.in,+917310101553,https://www.instagram.com/atomicpharmacy,https://www.facebook.com/atomicpharmacystore,,https://in.linkedin.com/in/dr-sneha-gupta-cosmetologist,https://www.youtube.com/@atomicpharmacy,Health & Wellness,"Shop skin & hair care products online at Atomic Pharmacy, including moisturizers, sunscreens, face washes, shampoos and other daily care products.",meta_json,https://atomicpharmacy.in/cdn/shop/files/pharmacy_logo_f43b3fdc-65f8-4460-8dc7-015a207a799c_105x@2x.png?v=1752843208,Uttar Pradesh,Varanasi,,meta.json country=IN; currency=INR; state=Uttar Pradesh; .in domain; +91 phone on site,8
652,Bowlful Foods ,https://bowlfulstore.com,support@bowlfulstore.com; hello@bowlfulfoods.com,+918780333613; +918733066066,https://www.instagram.com/bowlful.store,https://www.facebook.com/bowlful.store,,https://www.linkedin.com/company/bowlful-foods/posts,https://www.youtube.com/@bowlful1265,Food & Beverages,"Shop freeze-dried ready to eat Indian meals online. 100% natural, no added preservatives. Delivered across India. Perfect for travel, students, office & home. Order now!",meta_json,https://bowlfulstore.com/cdn/shop/files/BowlFull_Logo.png?v=1654091052&width=152,Gujarat,Surat,,meta.json country=IN; currency=INR; state=Gujarat; +91 phone on site,8
653,GetMyMettle,https://getmymettle.com,cs@getmymettle.com,+918800499502,https://www.instagram.com/getmymettle,https://www.facebook.com/getmymettle,https://twitter.com/getmymettle,https://www.linkedin.com/company/getmymettle,,Health & Wellness,"Looking for Healthy & Tasty Snacks? Mettle protein Bars, energy Bars & peanut butter are the Saviour. Buy Mettle Sports Supplements Online in India.",meta_json,https://getmymettle.com/cdn/shop/files/Logo_getmymettle_for_website.png?v=1647950723&width=175,Delhi,New Delhi,,meta.json country=IN; currency=INR; state=Delhi; +91 phone on site,8
654,PUREUS,https://pureus.in,info.pureusherbals@gmail.com; collab.pureusherbals@gmail.com; sudamienterprises@gmail.com,+919910913931,https://www.instagram.com/pureusofficial,https://www.facebook.com/pureusofficial1,,,https://www.youtube.com/@Pureusherbals,Beauty & Personal Care,Pureus Herbals was created with the vision of bringing people closer to nature at a time when synthetic beauty products dominated the market. These products were not only expensive but often came with side effects that harmed more than they healed.,about_meta_description,https://www.pureus.in/cdn/shop/files/PUREUS_HERBALS_LOGO.png?v=1786107159&width=500,Delhi,Delhi,07GTKPS5319R1ZL,meta.json country=IN; currency=INR; state=Delhi; .in domain; GSTIN on site; +91 phone on site,8
655,SLVSALES,https://slvsales.in,info@slvsales.in; slvchandigarh@gmail.com,+919888824825,https://www.instagram.com/slvsales,https://www.facebook.com/slvindia,,,,Electronics & Gadgets,"Your search for professional DJ equipment ends here. Shop high-quality mixers, amplifiers, microphones, processors, and spare parts at SLVSALES. Perfect for your all kind of events.",meta_json,https://www.slvsales.in/cdn/shop/files/SLV_LOGO_GOLD.png?v=1774007734&width=500,Punjab,Sahibzada Ajit Singh Nagar,03APQPM9789M1ZR,meta.json country=IN; currency=INR; state=Punjab; .in domain; GSTIN on site; +91 phone on site,8
656,Motovolt Mobility Pvt. Ltd.,https://motovolt.co,hello@motovolt.co,+917605005808; +917949107107; +917605032150,https://www.instagram.com/worldofmotovolt,https://m.facebook.com/motovoltindia,https://twitter.com/MotovoltIndia,,https://youtube.com/@motovoltmobility,Bags & Luggage,"Explore our wide range of Motovolt electric cycles and scooters designed for eco-friendly transportation. Discover high-performance electric scooter and smart electric bicycles, affordable prices, and innovative features that make commuting easier and more enjoyable.",meta_json,https://motovolt.co/cdn/shop/t/4/assets/colored-logo.svg?v=168307058852937558001758187490,West Bengal,Kolkata,,meta.json country=IN; currency=INR; state=West Bengal; +91 phone on site,8
657,Fully Filmy,https://fullyfilmy.in,contact@fullyfilmy.in,+917358713419,https://www.instagram.com/fullyfilmy,https://www.facebook.com/fullyfilmy.in,https://twitter.com/fullyfilmy_offl,,https://www.youtube.com/channel/UCkcat7kqDsxCiuFQL1ujRiA,Apparel & Fashion (Women),"Fully Filmy is an Online Shopping Site for cool, funny T-shirts, Hoodies, Kids tshirts inspired by your favourite actors, TV shows and movies.We also extend and offer you amazing accessories such as keychains, mugs, notebooks, stickers, posters, wallets and backpacks to choose from.",meta_json,https://fullyfilmy.in/cdn/shop/files/fully-filmy.webp?v=1740819163&width=120,Tamil Nadu,Chennai,,meta.json country=IN; currency=INR; state=Tamil Nadu; .in domain; +91 phone on site,8
658,IFFCO Urban Gardens,https://iffcourbangardens.com,support@iffcourbangardens.com; updates@iffcourbangardens.com; info@aquagt.in,+919810327431; +918044475777; +917303042456,https://www.instagram.com/iffcourbangardens,https://www.facebook.com/IffcoUrbanGardens,https://twitter.com/iffcourbangrdns,,https://www.youtube.com/channel/UCGMIxVDyz0qnTFXekCBGMag,Plants & Gardening,"Grow fresh, healthy plants effortlessly with IFFCO Urban Gardens’ organic, eco-friendly products. Shop now for easy, sustainable gardening at home!",meta_json,https://iffcourbangardens.com/cdn/shop/files/logo_400x.png?v=1686524297,Haryana,Faridabad,,meta.json country=IN; currency=INR; state=Haryana; +91 phone on site,8
659,Mlada,https://mlada.in,contact@mlada.in,+919056792572,https://instagram.com/mlada.in,,,,,Apparel & Fashion,"Mlada brings you comfort-driven, stylish women’s wear in inclusive sizes and 15+ colors. Enjoy Buy 3 Get 1 Free. Shop your favorites today.",meta_json,https://mlada.in/cdn/shop/files/Mlada_website_header_bc256126-364e-46fe-b1d2-d8d0a2857fd6.png?v=1703325085&width=476,Punjab,Ludhiana,03ADEFS2644F1ZE,meta.json country=IN; currency=INR; state=Punjab; .in domain; GSTIN on site; +91 phone on site,8
660,The Prink,https://theprink.in,support@theprink.in,+918110055668,https://www.instagram.com/theprink.in,https://www.facebook.com/theprink,https://twitter.com/theprink_in,,https://www.youtube.com/channel/UC4zeOkc1LZRSfjOtImJI_AA,Gifts & Hampers,"Discover handcrafted personalized gifts, miniature frames, and surprise gifts by The Prink. Perfect for birthdays, anniversaries, weddings & corporate gifting.",meta_json,https://www.theprink.in/cdn/shop/files/logo_colour_option_2_e56849f1-93e0-4a63-8cee-091d4977a656_200x.png?v=1621508007,Tamil Nadu,Trichy,,meta.json country=IN; currency=INR; state=Tamil Nadu; .in domain; +91 phone on site,8
661,BhatnBhat,https://bhatnbhat.in,bhatnbhat98@gmail.com; bhatnbhatofficial@gmail.com,+916282724328,https://www.instagram.com/bhatnbhat98,https://www.facebook.com/bhatnbhat98,,,https://www.youtube.com/@BhatnBhat,Food & Beverages,"Bhat ‘n’ Bhat has evolved into a household brand, and we are excited to launch our new line of high-quality homemade products. Experience the authentic flavours of our products, prepared with traditional recipes handed down through generations.",meta_json,https://bhatnbhat.in/cdn/shop/files/logo_48363b24-d778-4b03-8165-4abd19079eab.png?v=1764607294&width=500,Kerala,Kasaragod,32ABCFB5184D1ZV,meta.json country=IN; currency=INR; state=Kerala; .in domain; GSTIN on site; +91 phone on site,8
662,Cheesewalk,https://cheesewalk.co,support@cheesewalk.co,+918850220264,https://www.instagram.com/cheesewalkco,https://www.facebook.com/cheesewalkco,https://x.com/CheeseWalkHQ,https://www.linkedin.com/company/cheesewalk,https://www.youtube.com/channel/UCyw75zMW-hOqyCvdMRBDt2A,Apparel & Fashion,"Cheesewalk brings premium western basics designed specifically for Indian women, offering soft, durable fabrics without the hefty price tag.",meta_json,https://cheesewalk.co/cdn/shop/files/logo_2_w.o_bg_x40@2x.png?v=1736582965,Maharashtra,Mumbai,,meta.json country=IN; currency=INR; state=Maharashtra; +91 phone on site,8
663,Kenstar,https://kenstar.in,customercare@kenstar.in,+911725609444; +9118602582580; +919958666113,https://www.instagram.com/kenstarindia,https://www.facebook.com/kenstarindia,,https://in.linkedin.com/company/kenstar-india,https://www.youtube.com/@kenstarindia,Kitchen & Dining,"Shop Kenstar for top-quality home appliances and kitchen essentials. Discover air coolers, mixer grinders, water heaters,and more to meet all your needs",meta_json,https://kenstar.in/cdn/shop/files/kenstar-logo-min.png?v=1782908786,Haryana,Gurugram,,meta.json country=IN; currency=INR; state=Haryana; .in domain; +91 phone on site,8
664,Pee Safe,https://peesafe.com,care@peesafe.com; b2b@peesafe.com; nodal@peesafe.com,+919870279353; +918448585004,https://www.instagram.com/peesafe,https://www.facebook.com/PeeSafeIndia,https://x.com/peesafe,,https://www.youtube.com/channel/UCuJXacHnH_o6xzSqse6VZ7A,Beauty & Personal Care,"Discover Pee Safe, your go-to destination for top-quality hygiene products. Explore our extensive range of solutions in toilet hygiene, menstrual care, intimate care, grooming needs, and sexual wellness to ensure your comfort and well-being. Shop now for safe and effective hygiene essentials.",meta_json,https://www.peesafe.com/cdn/shop/files/Pee_Safe_Transparent.png?v=1782912858&width=500,Haryana,Gurgaon,,meta.json country=IN; currency=INR; state=Haryana; +91 phone on site,8
665,Bangalore Watch Company™,https://bangalorewatchco.in,hello@bangalorewatchco.in; pr@bangalorewatchco.in; biz@bangalorewatchco.in,+919980081635,https://instagram.com/bangalorewatchco,https://www.facebook.com/bangalorewatchco,,https://www.linkedin.com/company/bangalorewatchco,https://www.youtube.com/channel/UCw70RCTSc4G0KOZZYanSzyA,Jewellery & Accessories,"World-class automatic watches designed and assembled in Bangalore. Wear a conversation piece, wear a piece of home!",meta_json,https://www.bangalorewatchco.in/cdn/shop/files/Bangalore_Logo_Color_Positive_PNG_RGB_250x.png?v=1614351635,Karnataka,Bangalore,,meta.json country=IN; currency=INR; state=Karnataka; .in domain; +91 phone on site,8
666,Bal Gopal Collection,https://balgopalcollection.com,support@balgopalcollection.com; gargcharu64@gmail.com,+917988015605,https://www.instagram.com/ladoo_gopal_collection_,,,,https://www.youtube.com/@BalGopalCollection/shorts,Apparel & Fashion,Affordable laddu gopal products Best Quality Laddu Gopal Products Heavy collection of Laddu Gopal Janamashtami Dresses,meta_json,https://balgopalcollection.com/cdn/shop/files/Untitled_Instagram_Post_1.png?v=1730963217&width=500,Haryana,Fatehabad,06DIMPG9756G1ZS,meta.json country=IN; currency=INR; state=Haryana; GSTIN on site; +91 phone on site,8
667,Soulflower.in,https://soulflower.in,cs@soulflower.in; info@soulflower.biz; info@soulflower.in; atinfo@soulflower.biz,+918080356666,https://instagram.com/soulflowerindia,https://facebook.com/besoulflowerindia,,https://linkedin.com/company/soulflowerindia,https://www.youtube.com/@besoulflower,Beauty & Personal Care,"Soulflower offers 100% pure, natural Rosemary Oil Certified Organic, handmade skin care, hair care, and body care products with scientific actives for all your needs. Visit our online store to experience Clean Science India's 1st Preservative-free & Clinically proven Beauty Brand.",meta_json,https://www.soulflower.in/cdn/shop/files/Soulflower-Logo_1_1.jpg?v=1787655914&width=500,Maharashtra,Mumbai,,meta.json country=IN; currency=INR; state=Maharashtra; .in domain; +91 phone on site,8
668,WELLBI,https://wellbi.in,info@wellbi.in,+919606952956,https://www.instagram.com/wellbi.in,https://www.facebook.com/wellbiindia,,https://www.linkedin.com/company/wellbi-india,https://www.youtube.com/channel/UCDfNeOUswoYW6uNsFaqp2dQ,Apparel & Fashion,"Wellbi is India’s leading bamboo apparel brand offering ultra soft, breathable, and lightweight clothing designed for all-day comfort. Discover premium bamboo t-shirts, polos, innerwear and everyday essentials.",meta_json,https://wellbi.in/cdn/shop/files/Wellbi_logo_Rewamp_2026-14_41770f36-c7f6-4ba0-b67a-3aa208d65f0e.png?v=1785616621&width=200,Karnataka,Mysuru,,meta.json country=IN; currency=INR; state=Karnataka; .in domain; +91 phone on site,8
669,CASEGEAR,https://casegear.in,support@casegear.in; business@casegear.in,+919953353322; +918384094322,https://www.instagram.com/casegear.in,https://www.facebook.com/casegear.in,https://x.com/Casegearindia,,https://www.youtube.com/channel/UCCW-OEYUUkmy1Y8ETTY8Eqw,Electronics & Gadgets,"CASEGEAR is India's leading brand specialising in premium phone accessories designed specifically for phone cases, charging solutions, screen protectors & more.",meta_json,https://casegear.in/cdn/shop/files/1_dae38889-32f5-42cc-b409-d952fba6df58.jpg?v=1737811841&width=1080,Haryana,Gurugram,,meta.json country=IN; currency=INR; state=Haryana; .in domain; +91 phone on site,8
670,Jaiman Toys,https://jaimantoys.com,jaimantoys@gmail.com,+919899747688; +919773683601,https://www.instagram.com/jaimantoys,https://www.facebook.com/jaimantoys,,,https://www.youtube.com/@jaimantoys/shorts,Toys & Games,"Discover a wide range of imported toys at JaimanToys. Shop for LEGO sets, Mattel, Hasbro action figures, collectible cars, and Instax cameras. Perfect for kids and collectors alike!",meta_json,https://cdn.shopify.com/s/files/1/0706/8811/2870/files/JT-logo-reverse-rgb-thin_outline1200_px_1.png?v=1723450121,Delhi,New Delhi,07AHPPJ7906A1ZE,meta.json country=IN; currency=INR; state=Delhi; GSTIN on site; +91 phone on site,8
671,WoodenTwist,https://woodentwist.com,help@woodentwist.com,+919084302132; +918040184670,https://www.instagram.com/woodentwist,https://www.facebook.com/woodentwist,https://x.com/woodentwist,,https://www.youtube.com/@woodentwist,Home & Decor,"Furniture Online: Buy Wooden Furniture with exclusive range of for Living, Dining and Bedroom Furniture online at cheap, best range of wall shelves for living room, best and affordable prices made of solid wood furniture.",meta_json,https://woodentwist.com/cdn/shop/files/Woodentwist_COM_Logo_copy_2.png?v=1653999897&width=165,Uttar Pradesh,Saharanpur,,meta.json country=IN; currency=INR; state=Uttar Pradesh; +91 phone on site,8
672,amiciKart,https://amicikart.com,care@amicikart.com; abhishek@amicikart.com,+919809709898,https://www.instagram.com/amicikart,https://www.facebook.com/amiciKart,https://x.com/amicikart,,https://www.youtube.com/@amicikart,Electronics & Gadgets,"amiciKart: India's store for voltage protectors, solar, smart home & musical instruments. 1000+ products. 1-yr warranty. COD. Free shipping.",meta_json,https://cdn.shopify.com/s/files/1/0671/2318/3771/files/Logo.jpg?v=1778250870,Uttar Pradesh,Noida,,meta.json country=IN; currency=INR; state=Uttar Pradesh; +91 phone on site,8
673,Divisa Store,https://divisastore.com,info@divisastore.com,+9118001808880; +918295648888,https://www.instagram.com/divisaonlinestore,https://www.facebook.com/divisastore,https://twitter.com/divisastore,,https://www.youtube.com/channel/UC25ZvRE1dzD4rJJYDWWZVdA,Health & Wellness,"Divisa Store provides collection of best herbal products online such as ayurvedic face care products, joint care and other well being products.",meta_json,https://divisastore.com/cdn/shop/files/Divisa-Store-Logo-11.svg?v=15589990050192593787,Haryana,Ambala City,,meta.json country=IN; currency=INR; state=Haryana; +91 phone on site,8
674,Hashtag Eyewears,https://hashtageyewears.com,support@hashtageyewears.com,+919218303131; +919218303127; +919318303131,https://www.instagram.com/hashtageyewears,https://www.facebook.com/hashtageyewears,,https://www.linkedin.com/company/hashtag-eyewear,https://www.youtube.com/@hashtageyewears,Jewellery & Accessories,"Stylish sunglasses for men and women, polarized, uv protected lenses and more. Whether you're looking for sports sunglasses, computer glasses, clip on glasses, or frames, we have the perfect pair for every occasion and style.",meta_json,https://hashtageyewears.com/cdn/shop/files/HASHTAG_LOGO_wel.png?v=1777097514&width=915,Delhi,NEW DELHI,,meta.json country=IN; currency=INR; state=Delhi; +91 phone on site,8
675,The Audio Co.,https://theaudio.co,info@theaudio.co,+919810502023,https://www.instagram.com/theaudio.co,https://facebook.com/theaudioco,https://twitter.com/TheAudioCo_,,https://www.youtube.com/channel/UCCVshFEa9XNiFXxrNiGEOOg,Electronics & Gadgets,"The Audio Co. is India’s No.1 High-End Audio SuperStore | Home Audio, Car Audio, Portable Audio | Free Shipping, GST Billing, Official Warranty and Genuine Products",meta_json,https://cdn.shopify.com/s/files/1/1867/3055/files/TAC_logo_black_23fe8da8-8830-4068-bdb6-b101a2f04a58.png?v=1775020058,Haryana,Gurugram,,meta.json country=IN; currency=INR; state=Haryana; +91 phone on site,8
676,Involve Your Senses,https://involveyoursenses.com,website@involveyoursenses.com; info@involveyoursenses.com; careers@involveyoursenses.com,+919152965696; +918291153255,https://www.instagram.com/involveyoursenses,https://www.facebook.com/InvolveYourSenses,https://twitter.com/InvolveCar,,https://www.youtube.com/channel/UCRPiDH4HBmlt9VwgVBXyA6A,Beauty & Personal Care,"Involve Your Senses offers a wide range of car air fresheners and fragrances for home & office air fresheners. Available in air spray, gel, hanging card, fiber and diffuser format.",meta_json,https://involveyoursenses.com/cdn/shop/files/Involve.png?v=1753351065&width=500,Maharashtra,Mumbai,,meta.json country=IN; currency=INR; state=Maharashtra; +91 phone on site,8
677,Onyx Aqua Farm,https://onyxaqua.com,info@onyxaqua.com; info@onyxaqua.in,+919169444144; +918086440069,https://www.instagram.com/onyxaquafarm,https://www.facebook.com/Onyxaquafarm,https://twitter.com/onyxaquafarm,,https://www.youtube.com/c/onyxaquafarm,Food & Beverages,"A Complete Fish Farming Solution | Aquarium & Pond Accessories, Fish Feeds",meta_json,https://onyxaqua.com/cdn/shop/files/Onyx_new_logo-122-12_a0b9b1fe-ed47-48ee-9812-afb18f4724e3.png?v=1786421236&width=3729,Kerala,Koottilangadi,,meta.json country=IN; currency=INR; state=Kerala; +91 phone on site,8
678,Three Sixty Leather,https://threesixty.life,connect@threesixty.life; mradul@threesixty.life; amit@threesixty.life,+917042396085; +917042396090; +919313172315,https://www.instagram.com/threesixty.leather,https://www.facebook.com/theleatherlife,,https://www.linkedin.com/company/threesixty-life,https://www.youtube.com/@threesixty2471,Books & Stationery,"Three Sixty is a lifestyle brand and design studio. The brand offers one-of-a kind, handcrafted leather furniture and accessories, combined with a seamless customer experience.",meta_json,https://www.threesixty.life/cdn/shop/files/Three_Sixty_Logo_black_25.png?v=1742296304&width=1167,Haryana,Gurugram,,meta.json country=IN; currency=INR; state=Haryana; +91 phone on site,8
679,Uni Seoul,https://uniseoul.in,care@uniseoul.in,+918047094440,https://www.instagram.com/uni.seoul,,https://x.com/Uni_Seoul_,https://www.linkedin.com/company/uni-seoul,https://www.youtube.com/@UniSeoul,Toys & Games,"Uni Seoul, an emerging Korean lifestyle brand, captivates with its unique aesthetic and high-quality products. Discover a delightful range of Korean-inspired essentials that elevate your everyday life.",meta_json,https://www.uniseoul.in/cdn/shop/files/UniSeoul_w_doodle_p-1_c575d51e-08a3-44b2-a4ad-98e3612b58ef.png?v=1758888333&width=553,Maharashtra,Pune,,meta.json country=IN; currency=INR; state=Maharashtra; .in domain; +91 phone on site,8
680,JPT Tools,https://jpttools.com,support@jpttools.com,+919074508686,https://www.instagram.com/jpttools,https://www.facebook.com/JPTTools,https://x.com/JptTools,,https://www.youtube.com/@jpttools,Automotive,"Shop JPT Tools — India's trusted power & hand tools brand since 1995. Pressure washers, drill machines, tool storage & more. Free delivery. Order now.",meta_json,https://cdn.shopify.com/s/files/1/0483/9728/7575/files/Logo_7.png?v=1776863188,Madhya Pradesh,Indore,,meta.json country=IN; currency=INR; state=Madhya Pradesh; +91 phone on site,8
681,Hasthip,https://hasthip.com,support@hasthip.com,+919218021498; +918800334240,https://www.instagram.com/hasthipindia,https://www.facebook.com/Hasthipindia,https://x.com/hasthipindia,,https://www.youtube.com/channel/UCqRRz6VaKM6vSrx-dAR4Z2w,Bags & Luggage,"Whether refreshing a room or starting from scratch, our decor makes it simple. Shop modern, minimal, or playful styles—all curated for everyday use. Reach us by phone or email anytime and enjoy a seamless home shopping experience.",meta_json,https://hasthip.com/cdn/shop/files/hasthip_5d3cc699-da9a-4b61-973f-830184a198f9.png?v=1721891151&width=600,Delhi,New Delhi,,meta.json country=IN; currency=INR; state=Delhi; +91 phone on site,8
682,The 1970 Store,https://1970store.com,info@1970store.com,+919345919190,https://www.instagram.com/the1970.store,https://www.facebook.com/1970store,,,https://www.youtube.com/@1970store,Electronics & Gadgets,"Shop premium lifestyle products, Zippo lighters, Casio and Garmin watches, Weber BBQ Grills at The 1970 Store. Free shipping & COD across India.",meta_json,https://1970store.com/cdn/shop/files/1970_store_black_logo_0761e98f-f707-48b7-9656-f4c21e3fa673.svg?v=1767625726&width=160,Tamil Nadu,CHENNAI,,meta.json country=IN; currency=INR; state=Tamil Nadu; +91 phone on site,8
683,Adi Akshoy & Co.,https://adiakshoy.com,customersupport@adiakshoy.com; akshoyadi@gmail.com,+916289508421; +913436384042,https://www.instagram.com/adi.akshoy,https://www.facebook.com/adiakshoy,,,https://www.youtube.com/channel/UCChjFG6h8oMgc7kUfOimdLg,Apparel & Fashion,"Explore a stunning collection of designer and trendy sarees for women online at Adi Akshoy. Discover elegant, stylish, and high-quality sarees perfect for every occasion. Shop now!",meta_json,https://adiakshoy.com/cdn/shop/files/ADI-AKSHAY_LOGO_100x100_px_100x.png,West Bengal,Kolkata,,meta.json country=IN; currency=INR; state=West Bengal; +91 phone on site,8
684,Amaltaas,https://amaltaas.com,info@amaltaas.com,+919650382020,https://www.instagram.com/amaltaasjewellery,https://www.facebook.com/amaltaasjewellery,,,https://www.youtube.com/channel/UCaGvdmdn4a1p2NyzJ9A_Xpw,Jewellery & Accessories,"Shop 92.5 silver, 22k gold-plated & semi-precious gemstone jewellery at Amaltaas. Rings, bracelets, pendants & anklets. Free shipping across India",meta_json,https://www.amaltaas.com/cdn/shop/files/Amaltaas_-_Logo_1.png?v=1778447927&width=500,Haryana,Gurgaon,,meta.json country=IN; currency=INR; state=Haryana; +91 phone on site,8
685,bugatti Shoes India,https://bugattishoes.in,customercare@bagatt.in; care.india@astormueller.com; raghu@ndcommerce.in,+912268353198,https://www.instagram.com/bugattishoes.in,https://www.facebook.com/bugattiLifestyleIndia,,,https://www.youtube.com/@BugattilifestyleIndia,Footwear,Bugatti Shoes India: Experience the finest quality footwear for men and women. Shop stylish and comfortable collection online.,meta_json,https://bugattishoes.in/cdn/shop/files/logo_2_b3c21cc6-971e-4ab0-8243-446ce34a8e0d.png?crop=center&height=88&v=1692794354&width=330,Maharashtra,Mumbai,27AAOFT3867A1ZY,meta.json country=IN; currency=INR; state=Maharashtra; .in domain; GSTIN on site; +91 phone on site; Indian PIN code on site,8
686,Earthly Jewels,https://earthlyjewels.co,hello@earthlyjewels.co; earthlyjewelsco@gmail.com,+919321294329,https://www.instagram.com/earthlyjewels.co,,,https://www.linkedin.com/company/earthly-jewels,https://www.youtube.com/@EarthlyJewelsco,Jewellery & Accessories,"Lab grown diamond jewellery direct from factory, without the markup. Earthly Jewels offers 100% certified, lab-grown diamonds and solitaire rings.✓Fair Prices ✓Free Shipping ✓Free Insurance",meta_json,https://cdn.shopify.com/s/files/1/0736/8704/0221/files/Group_1171275368.png?v=1741757703,Maharashtra,Mumbai,,meta.json country=IN; currency=INR; state=Maharashtra; +91 phone on site,8
687,Fabunora,https://fabunora.com,support@fabunora.com,+916378328677,https://www.instagram.com/fabunora.com_,https://www.facebook.com/fabunora,https://twitter.com/home,,,Jewellery & Accessories,"Fabunora is the Leading Online Gifting Store in India to make customized gift shopping for any occasion easy that is unique, personalized and thoughtful. Gift an emotion and capture the most beautiful memories of your life. Your loved ones definitely deserve to be showered in love with surprises as ",meta_json,https://cdn.shopify.com/s/files/1/0530/5909/2670/files/Untitled_design-removebg_170x.png?v=1661833708,Rajasthan,Jaipur,,meta.json country=IN; currency=INR; state=Rajasthan; +91 phone on site,8
688,FNS International Limited,https://fns.co.in,hello@fns.co.in; dmm.dgtl@fns.co.in,+918860088295; +918860088288; +918860088319,https://www.instagram.com/fnsinternational,https://www.facebook.com/fnsinternationalindia,,,https://www.youtube.com/@FNSInternational,Kitchen & Dining,"Recognized by Euromonitor International, FnS is India No. 1 Cutlery Brand. Manufacturer of premium Stainless Steel Cutlery in India",meta_json,https://fns.co.in/cdn/shop/files/Frame_9309.png?v=1721712046&width=300,Delhi,New Delhi,,meta.json country=IN; currency=INR; state=Delhi; .in domain; +91 phone on site,8
689,The Heels India,https://heelsindia.com,info.theheelsindia@gmail.com,+919828382228; +918929002756; +911123417712,https://www.instagram.com/theheels.india,https://www.facebook.com/theheels.in,,,,Footwear,"Shop premium heels, sandals, ballerinas, loafers, formal shoes, leather boots & bags at The Heels. Delhi's most trusted homegrown footwear & accessories brand since 1980. Huge variety, premium quality, honest prices. Connaught Place flagship showroom + Free Delivery Pan India. Daily new arrivals. CO",meta_json,https://heelsindia.com/cdn/shop/files/IMG_3519.png,Delhi,New Delhi,07AAAFT0843J1Z9,meta.json country=IN; currency=INR; state=Delhi; GSTIN on site; +91 phone on site,8
690,houseofpanchhi,https://houseofpanchhi.com,contact@houseofpanchhi.com; sales@houseofpanchhi.com; info@houseofpanchhi.com,+919574860202; +917567718383,https://www.instagram.com/houseofpanchhi,https://www.facebook.com/houseofpanchhi,,,https://www.youtube.com/c/HouseOfPanchhi/featured,Apparel & Fashion,"Buy Indian ethnic wear for women online at House of Panchhi: premium designer styles, quality fabrics & fast pan-India delivery.",meta_json,https://houseofpanchhi.com/cdn/shop/files/HOP_Logo_White_-02.png?v=1785643075&width=400,Gujarat,surat,,meta.json country=IN; currency=INR; state=Gujarat; +91 phone on site,8
691,Aflairza,https://aflairza.com,help@aflairza.com,+917047369369,https://www.instagram.com/aflairza,https://www.facebook.com/aflairza,,,https://www.youtube.com/@AFLAIRZA,Beauty & Personal Care,"Magic Drop Serum deeply nourishes your skin, doubles as a smooth primer, and locks in makeup with long-lasting waterproof protection.",meta_json,https://aflairza.com/cdn/shop/files/flat-color-logo-for-website.png?v=1677672353&width=300,Gujarat,Ahmedabad,,meta.json country=IN; currency=INR; state=Gujarat; +91 phone on site,8
692,Amrah Wholesale,https://amrahwholesale.com,support@amrahwholesale.com,+916356013117,https://www.instagram.com/amrahwholesale,,https://x.com/Amrahwholesale,,https://youtube.com/@amrahwholesale,Apparel & Fashion,"Buy premium wholesale women's clothing at Amrah Wholesale – kurtis, sarees, lehengas & more from India's fashion hub. Factory-direct prices, high margins, global shipping. Shop ladies ethnic wear now for bulk deals!",meta_json,https://www.amrahwholesale.com/cdn/shop/files/logo.png?v=1749534300&width=600,Gujarat,Surat,,meta.json country=IN; currency=INR; state=Gujarat; +91 phone on site,8
693,BooksTech,https://bookstech.in,support@bookstech.in; bookstech.in@gmail.com,+917982334497; +918810490081,https://www.instagram.com/bookstech.in,https://www.facebook.com/Bookstech,https://twitter.com/booksTech13,,,Books & Stationery,Buy And Read All Kinds Of Books Online In India from online bookstore Bookstech | book buy | books online shopping | online shopping of books | book shop,meta_json,https://bookstech.in/cdn/shop/files/logotry3_200x.png?v=1639833050,Delhi,New Delhi,,meta.json country=IN; currency=INR; state=Delhi; .in domain; +91 phone on site,8
694,Caia,https://caialifestylejewellery.com,support@caialifestylejewellery.com,+917349432916; +919606538916,https://www.instagram.com/caialifestylejewellery,https://www.facebook.com/Caialifestylejewellery,,,https://www.youtube.com/@caia_lifestylejewellery,Jewellery & Accessories,"Explore BIS hallmarked 9K, 14K & 18K gold jewellery made for modern lifestyles. Lightweight, refined designs with lasting comfort by CAIA.",meta_json,https://caialifestylejewellery.com/cdn/shop/files/Asset_1caia_white.png?crop=center&height=440&v=1764759347&width=501,Karnataka,Mangaluru,,meta.json country=IN; currency=INR; state=Karnataka; +91 phone on site,8
695,ChhajedGarden.com,https://chhajedgarden.com,sales@chhajedgarden.com; chhajedgarden@gmail.com,+917303231231,https://www.instagram.com/chhajedgardens,https://www.facebook.com/ChhajedGarden,,,https://www.youtube.com/c/SonalChhajed,Plants & Gardening,"ChhajedGarden.com-Online Shopping India -Plants, Pots and Planters, Garden Tools, Fiber Planters, Stainless Steel Planters, Aluminium Planters, Lucky Bamboo's, Garden Tools,Vertical Garden, Flower Seeds, Flower Bulbs, Tree Seeds and More. Free Shipping available.",meta_json,https://cdn.shopify.com/s/files/1/0479/9089/8856/files/Chhajed_Garden_Logo.png?v=1775818419,Maharashtra,Pune,,meta.json country=IN; currency=INR; state=Maharashtra; +91 phone on site,8
696,Chinaya Banaras,https://chinayabanaras.com,chinayaonline@gmail.com,+917705012088,https://www.instagram.com/chinayabanaras,https://www.facebook.com/2houseofchinaya,https://twitter.com/chinayabanaras,https://www.linkedin.com/company/chinayabanaras,https://www.youtube.com/@chinayabanaras,Apparel & Fashion,"Shop authentic Banarasi sarees handcrafted in Varanasi. Discover wedding, festive and occasion-ready styles loved by modern women.",meta_json,https://www.chinayabanaras.com/cdn/shop/files/new_bold_logo_chinaya_6cfb2a9f-ad7b-4a92-ba55-4721832838ed_120x.png?v=1654156278,Uttar Pradesh,Varanasi,,meta.json country=IN; currency=INR; state=Uttar Pradesh; +91 phone on site; Indian PIN code on site,8
697,F A R A K,https://farak.co,contact@farak.co; support@farak.co; rishabh@farak.co; support@farakwear.com,+919784153165; +917073117129; +919784333165,https://www.instagram.com/farakwear,https://www.facebook.com/farakwear,https://x.com/Farakwear,,,Apparel & Fashion,"Farak®, one of the most disruptive streetwear brands in India. Shop bold designs, oversized fits, and culture-driven fashion that makes a statement. Break the norm—wear Farak.",meta_json,https://www.farak.co/cdn/shop/files/BLACK_FARAK_LOGO_ba4fcdcb-1e53-4d0f-b409-40716af74a12.png?v=1766177007&width=500,Rajasthan,Jaipur,,meta.json country=IN; currency=INR; state=Rajasthan; +91 phone on site,8
698,BlackZone,https://blackzone.in,info@blackzone.in,+919053053702; +919212334434; +918683828886,https://www.instagram.com/blackzonemobiles,https://www.facebook.com/BlackZoneMobiles,,https://www.linkedin.com/company/blackzone-mobiles,,Electronics & Gadgets,"Shop for latest BlackZone Smart Watches, Featured Phones, Smartphones and Neckbands, available online at affordable prices in India.",meta_json,https://blackzone.in/cdn/shop/files/Blackzone-Logo.png?v=1705582893&width=1846,Delhi,Delhi,,meta.json country=IN; currency=INR; state=Delhi; .in domain; +91 phone on site; Indian PIN code on site,8
699,Chatterbox Labels,https://chatterboxlabels.com,hello@chatterboxlabels.com; chatterboxmumbai@gmail.com,+919967285448,https://www.instagram.com/chatterboxlabels,https://www.facebook.com/chatterboxlabels,,,http://www.youtube.com/@chatterboxlabels5771,Gifts & Hampers,"Order personalized name labels and stickers for books, clothes, shoes, bags, custom stationery, gifts tags, money envelopes, gifts, luggage tags & stationery",meta_json,https://chatterboxlabels.com/cdn/shop/files/Chatterbox_Logo_Square_f66a177d-755f-4d8b-a67a-faa4526fc5f6.png?v=1747028048&width=500,Maharashtra,Mumbai,,meta.json country=IN; currency=INR; state=Maharashtra; +91 phone on site,8
700,Ergonstyle,https://ergonstyle.com,customercare@ergonstyle.com,+916390060000,https://www.instagram.com/ergonstyle,https://www.facebook.com/ergonstyle,https://twitter.com/ergonstyle,,,Footwear,"Shop high-quality, comfortable shoes for men at Ergonstyle. Free shipping, 4-day returns & secure payments. Explore our premium leather footwear today!",meta_json,https://ergonstyle.com/cdn/shop/files/hl-4363775945-removebg-preview_a1b0764c-9f42-4fd3-a1c2-7388d7d20b47_1_512x.png?v=1781764811,Uttar Pradesh,Kanpur,,meta.json country=IN; currency=INR; state=Uttar Pradesh; +91 phone on site,8
701,Glamwiz India,https://glamwiz.com,info@glamwiz.com; saloni@glamwiz.com,+917303198497; +919990048505; +919990045502,https://www.instagram.com/glamwiz_,https://www.facebook.com/myglamwiz,,,https://www.youtube.com/channel/UC9q6Nlh77QKHX1rSnRtsKiA,Apparel & Fashion,"Shop Ready to wear sarees and pre-stitched sarees, Banarasi, Paithani, Kasavu & more. Sizes 28–60 waist. Fast delivery across India & USA. Explore Glamwiz.",meta_json,https://cdn.shopify.com/s/files/1/0559/9497/4251/files/Untitled_design_1_644f79d7-0c92-43c4-8cc4-5e5b62772ef5.png?v=1713195575,Delhi,New Delhi,,meta.json country=IN; currency=INR; state=Delhi; +91 phone on site,8
702,HAZEL Kitchenware,https://hazelkitchenware.com,info@hazelkitchenware.com; info@kitchenore.com,+918828826884,https://www.instagram.com/hazelkitchenware,https://www.facebook.com/hazelkitchenware,,,https://www.youtube.com/@HAZELKitchenware,Kitchen & Dining,"HAZEL Kitchenware - Stainless steel cookware, storage, containers and home essentials. Quality products, easy returns and warranty support.",meta_json,https://hazelkitchenware.com/cdn/shop/files/Hazel_Logo-01_1.png?v=1769086984&width=500,Maharashtra,Mumbai,,meta.json country=IN; currency=INR; state=Maharashtra; +91 phone on site,8
703,Aegte Lifescience,https://aegte.in,support@aegte.in; dhiren.sharma@aegte.in,+919311721999; +916490089900,https://www.instagram.com/aegteofficial,https://www.facebook.com/aegteofficial,https://x.com/aegteofficial,https://www.linkedin.com/company/aegteofficial,,Beauty & Personal Care,"Aegte is one of the best natural & organic beauty products brand in India which offers a premium quality range of cosmetics, skin care, hair care & body care products in India.",meta_json,https://www.aegte.in/cdn/shop/files/Aegte_Logo_Transparent_Background.jpg?v=1780133412&width=1080,Haryana,Gurgaon,,meta.json country=IN; currency=INR; state=Haryana; .in domain; +91 phone on site,8
704,Anuvas,https://anuvas.com,greetings@anuvas.com,+919024436081,https://www.instagram.com/anuvasofficial,https://www.facebook.com/Anuvasofficial,,https://www.linkedin.com/in/vandana-tyagi-6624b71ba,,Apparel & Fashion (Women),Experience effortless style with premium kurta sets – all at half price. Upgrade your look with our bestsellers. Find your best style. Quality Fabric. Free Shipping. COD Available.,meta_json,https://anuvas.com/cdn/shop/files/ONLY_ANUVAS.png?v=1690797693&width=2122,Rajasthan,Jaipur,,meta.json country=IN; currency=INR; state=Rajasthan; +91 phone on site,8
705,Bow & Square,https://bowandsquare.com,care@bowandsquare.com,+919332804312,https://www.instagram.com/bowandsquareindia,https://www.facebook.com/BowandSquare,https://twitter.com/bowandsquare,,,Apparel & Fashion,"Bow & Square is a luxury brand offering a wide range of men's clothing and accessories. The collection features meticulously handcrafted items, including linen shirts, pants, and a variety of accessories such as bow ties, pocket squares, scarves, pocket square holders, and neckties.",meta_json,https://bowandsquare.com/cdn/shop/files/logo_2_250x.png?v=1656495785,Uttarakhand,Dehradun,,meta.json country=IN; currency=INR; state=Uttarakhand; +91 phone on site; Indian PIN code on site,8
706,Chikankaar,https://chikankaar.com,chikankaarsupport@gmail.com,+918062178404; +919335533405,https://www.instagram.com/chikankaar.com_,https://www.facebook.com/profile.php?id=100087995809774&mibextid=ZbWKwL,,,,Apparel & Fashion,"Shop premium handcrafted Chikankari kurtis at Chikankaar. Inspired by Lucknowi tradition, made with love. COD & pan-India delivery available.",meta_json,https://chikankaar.com/cdn/shop/files/Chikankaar_final_logo_original_CREAM_profile_square.jpg?v=1790148507&width=500,Uttar Pradesh,Kanpur,09CFQPN9817P1Z6,meta.json country=IN; currency=INR; state=Uttar Pradesh; GSTIN on site; +91 phone on site,8
707,House of Quadri,https://houseofquadri.com,hello@houseofquadri.com,+919372161575; +918655652053; +918655669168,https://www.instagram.com/house.of.quadri,,,https://www.linkedin.com/company/house-of-quadri,https://www.youtube.com/channel/UCKAF7fjhPVyoQYkS4g2oShg,Jewellery & Accessories,"Buy IGI-certified lab grown diamonds in India. Type IIa diamonds in 18K hallmarked gold. Rings, earrings, and necklaces from ₹55,000. Free delivery. Lifetime exchange.",meta_json,https://houseofquadri.com/cdn/shop/files/Artboard_2_copy_25_2x_4f70afea-452e-4b8a-8e6e-5203289afedc.png?v=1768694862&width=500,Maharashtra,mumbai,,meta.json country=IN; currency=INR; state=Maharashtra; +91 phone on site,8
708,Gud Gum | Planet-Friendly Chewing Gum ,https://gudgum.in,founders@gudgum.in; marketing@gudgum.in; business@gudgum.in,+918867332930,https://www.instagram.com/gud.gum,https://www.facebook.com/gudgum.in,,,https://www.youtube.com/@GudGum,Food & Beverages,"We have been chewing plastic in the name of chewing gum. Regular gums are made of plastic. Not just the packaging, but even the base is plastic, loaded with artificial colours, flavours & sweeteners. Gud Gum is India's first plastic-free chewing gum- free from all artificial colours, flavours & swee",meta_json,https://www.gudgum.in/cdn/shop/files/Gud_Gum_2025_Logo.jpg?v=1746253186&width=500,Karnataka,Bengaluru,,meta.json country=IN; currency=INR; state=Karnataka; .in domain; +91 phone on site,8
709,Cricketershop,https://cricketershop.com,contact@cricketershop.com,+918699725900,https://www.instagram.com/cricketershop,https://www.facebook.com/cricketershop,,,https://www.youtube.com/@cricketershop282,Sports & Fitness,"Top Quality Cricket Shop. All Original Cricket Brands from MRF, BAS, Gray-Nicolls, Versant, SG, SS, Kookaburra, GM, Asics, Masuri, Shrey & Adidas. Men & boys' sizes. 5 day delivery to US-Canada, Aus-NZ, Europe, Africa & Asia. Online Sports Store",meta_json,https://cricketershop.com/cdn/shop/files/txy-logo.svg?v=1780140762,Punjab,Mohali,,meta.json country=IN; currency=INR; state=Punjab; +91 phone on site,8
710,Hungry Koala,https://hungrykoala.in,aloha@hungrykoala.in,+918068507634; +919886627688,https://www.instagram.com/hungrykoala.in,https://www.facebook.com/hungrykoala.in,,,https://www.youtube.com/channel/UCSpkl26TrPP4qsyh6RGj-_Q,Food & Beverages,"Pediatrician-built clean-label cereals & kids food. No refined sugar, no maltodextrin. By Dr. Sayed Mujahid Husain & Shazia Anjum, made in Bengaluru.",meta_json,https://cdn.shopify.com/s/files/1/0549/3319/2788/files/LOGO_1_34332b98-9879-4dd1-b8da-593d6d75fe36.png?v=1780423317,Karnataka,Bengaluru,,meta.json country=IN; currency=INR; state=Karnataka; .in domain; +91 phone on site,8
711,Cottons Jaipur,https://cottonsjaipur.com,care@cottonsjaipur.com; info@cottonsjaipur.com,+917357996444; +919829745762,https://www.instagram.com/cottonsjaipur,https://www.facebook.com/cottonsjaipurKCPL,,,https://www.youtube.com/channel/UCrvjiP7O5p3v7zpDqP_K1QA,Apparel & Fashion,"Shop from Cottons Jaipur online store - Hand Block printed and screen printed designer clothing products for women. Kurtas, Dupattas, Trousers, Tops and Dresses made from natural fabrics (Cotton, Modal, Flax etc.)",meta_json,https://cottonsjaipur.com/cdn/shop/files/Cottons_name_black_Logo_125x.png?v=1614309671,Rajasthan,Jaipur,,meta.json country=IN; currency=INR; state=Rajasthan; +91 phone on site,8
712,Crunchy Fashion,https://crunchyfashion.com,info@crunchyfashion.com,+918700620041,https://www.instagram.com/crunchy_fashion,https://www.facebook.com/crunchyfashion,,https://in.linkedin.com/company/crunchy-fashion,,Jewellery & Accessories,"Crunchy Fashion offers Haldi-Mehndi jewellery sets, handmade beaded earrings, kalire, necklaces and more – crafted with care and styled for every occasion.",meta_json,https://www.crunchyfashion.com/cdn/shop/files/CrunchYFashionLogo_ec401962-3b1e-426f-bed0-fb11478b76da.png?v=1655048541&width=500,Uttar Pradesh,Noida,,meta.json country=IN; currency=INR; state=Uttar Pradesh; +91 phone on site,8
713,Bodycare International Limited,https://bodycareapparels.com,care@bodycareapparels.com,+919667796317,https://www.instagram.com/bodycareapparels,https://www.facebook.com/BodycareInternational,,,https://www.youtube.com/channel/UCu_hzaOIXG78YbZPOpjpHGA,Apparel & Fashion (Women),"Shop Bodycare Apparels for kids innerwear, innerwear multipacks and winter thermals soft on skin, comfortable fit and easy care. Bodycare International Ltd's official store.",meta_json,https://bodycareapparels.com/cdn/shop/files/Bodycare_website_logo.png?v=1769513412&width=320,Uttar Pradesh,Noida,,meta.json country=IN; currency=INR; state=Uttar Pradesh; +91 phone on site,8
714,Colors of Earth,https://colorsofearth.in,care@colorsofearth.in; colorsofearth254@gmail.com,+918200404030,https://www.instagram.com/colorsofearth.in,https://www.facebook.com/profile.php?id=61560025092876,,,https://www.youtube.com/channel/UCMOnCDQUTQhQur-Um0mSL7A,Apparel & Fashion (Women),"Explore stylish kurtas, anarkali suits & ethnic dresses for women & kids at Colors of Earth. Shop affordable collections with exclusive festive offers online!",meta_json,https://cdn.shopify.com/s/files/1/0632/9031/0809/files/WhatsApp_Image_2025-03-29_at_11.18.05_AM_ca286d4d-3cc5-4a96-acf6-c86fce410640.jpg?v=1755080530,Gujarat,Surat,,meta.json country=IN; currency=INR; state=Gujarat; .in domain; +91 phone on site; Indian PIN code on site,8
715,House Of Machines,https://houseofmachines.in,itzoho@houseofmachines.in,+919036254536; +919036254537; +919176666834,https://www.instagram.com/h.o.m_india,https://www.facebook.com/profile.php?id=61581384203440,,,https://www.youtube.com/@hom_india,Apparel & Fashion,"Shop KYT, Alpinestars, Rynox & Cardo in India. Premium motorcycle helmets, jackets, gloves & intercoms. Official dealer. Free delivery across India. Shop now.",meta_json,https://houseofmachines.in/cdn/shop/files/HOM_jpg.jpg?v=1773831685&width=500,Karnataka,Bengaluru,,meta.json country=IN; currency=INR; state=Karnataka; .in domain; +91 phone on site,8
716,HaveIn,https://havein.in,support@havein.in; havein360@gmail.com,+919429337625,https://www.instagram.com/haveinworld,,,,,Electronics & Gadgets,Mobile covers adapters cable phone back cover,meta_json,https://havein.in/cdn/shop/files/Logo_HaveIn_PNG_4.png?v=1731996488&width=500,Gujarat,Khundh,24ACHPF1357L1ZO,meta.json country=IN; currency=INR; state=Gujarat; .in domain; GSTIN on site; +91 phone on site,8
717,Ayaz Perfumes,https://ayazperfume.com,info@ayazperfume.com,+918766228185,https://www.instagram.com/ayazperfume,https://www.facebook.com/Ayazperfumes,,,https://www.youtube.com/channel/UCg6smGqIoWyTFykP6lirJ-g,Beauty & Personal Care,"Ayaz Perfume, Created by The Expert Hakeem Ayaz Uddin Hashmi, embodies timeless charm & sophistication. It’s a masterpiece, blending art",meta_json,https://ayazperfume.com/cdn/shop/files/ayaz_logo_transparent_website_updated.png?v=1777893796,Delhi,Central Delhi,,meta.json country=IN; currency=INR; state=Delhi; +91 phone on site,8
718,Denzour Nutrition ,https://denzournutrition.com,help@denzournutrition.com; info@denzournutrition.com,+919289379002; +919289379001,https://www.instagram.com/denzournutrition,https://www.facebook.com/denzournutritions,,https://in.linkedin.com/company/mydenzour,https://www.youtube.com/@denzournutrition,Health & Wellness,"Shop whey protein, creatine, pre-workout, mass gainers and wellness supplements from Denzour Nutrition. Authentic, lab-checked products delivered across India.",meta_json,https://cdn.shopify.com/s/files/1/0631/4147/8622/files/1781351831912-chatgpt-image-feb-6-2026-122714-pm.png?v=1781351833,Uttar Pradesh,Noida,,meta.json country=IN; currency=INR; state=Uttar Pradesh; +91 phone on site,8
719,Eduspark Toys,https://edusparktoys.com,info@edusparktoys.com; accounts@edusparktoys.com; saleseduspark@gmail.com,+919372475696; +917400158105; +919082874011,https://www.instagram.com/edusparktoys,https://www.facebook.com/people/Eduspark-Toys/100064003782977,,,https://www.youtube.com/channel/UCC7rmxP7sz0hKqNz5jyrdpg,Toys & Games,"Discover premium wooden Montessori toys, pretend play sets & creative learning toys for toddlers & kids in India. Build creativity & skills from the beginning. Shop Eduspark Toys.",meta_json,https://cdn.shopify.com/s/files/1/0300/9029/7437/files/Jouets-Logo-UV-logo-1.png?v=1717070193,Maharashtra,Mumbai ,,meta.json country=IN; currency=INR; state=Maharashtra; +91 phone on site,8
720,GN 1917,https://gn1917.com,info@gn1917.com; gnweb@gn1917.com,+917010301923; +919585554861,https://www.instagram.com/gn1917official,https://www.facebook.com/GN1917,,,https://www.youtube.com/channel/UC9uPcrbBuXA1gO_6bnNpcYw,Religious & Pooja,"A 100-year legacy, GN 1917 is the one-stop destination for products to relax, rejuvenate, and rediscover yourself. From pooja samagri to natural skincare products, GN is India's top fragrance brand. Explore our products.",meta_json,https://www.gn1917.com/cdn/shop/files/GN_TPRGv2.svg?v=1753959644&width=500,Tamil Nadu,Tiruchirappalli,,meta.json country=IN; currency=INR; state=Tamil Nadu; +91 phone on site,8
721,Aziot,https://aziot.life,support@aziot.life,+918886635912; +918886635918; +918886635911,https://www.instagram.com/aziot.life,https://www.facebook.com/AZIOT.Life,,,https://www.youtube.com/channel/UCxo8tpr7D2hA_XMOJ6kwBdw,Electronics & Gadgets,"Buy smart home devices in India from AZIOT: touch switches, smart plugs, locks and automation solutions with app and voice control.",meta_json,https://www.aziot.life/cdn/shop/files/cropped-Aziot-Logo_150x.png,Telangana,Hyderabad,,meta.json country=IN; currency=INR; state=Telangana; +91 phone on site; Indian PIN code on site,8
722,Eridani,https://eridani.in,support@eridani.in,+919653323975,https://www.instagram.com/eridani.in,https://www.facebook.com/eridani.in,,,https://www.youtube.com/channel/UC2umm7UYogChEZye7OtzsLA,Footwear,"Shop premium women's footwear and handbags online at Eridani. Discover heels, flats, wedges, boots, loafers, Kolhapuris and bags crafted for every occasion. Shop the latest collection today.",meta_json,https://eridani.in/cdn/shop/files/Eridanihigh_638dca47-5533-465a-91f7-c11ecb6c47d4.png?v=1671808280&width=400,Maharashtra,Bhiwandi,,meta.json country=IN; currency=INR; state=Maharashtra; .in domain; +91 phone on site,8
723,Blooming Floret,https://bloomingfloret.in,support@bloomingfloret.in,+919910327334,https://www.instagram.com/bloomingfloret.co,https://www.facebook.com/people/Blooming-Floret-Store/100085064782328,,,https://www.youtube.com/@BloomingFloret,Plants & Gardening,Buy online artificial plants and flowers at Blooming Floret for stunning decor. Enhance your space with lifelike greenery—order yours today!,meta_json,https://bloomingfloret.in/cdn/shop/files/Blooming_Floret_Logo_Main.png?v=1722857215,Delhi,Delhi,,meta.json country=IN; currency=INR; state=Delhi; .in domain; +91 phone on site,8
724,7DaysNatural,https://7daysnatural.in,info@7daysnatural.in,+918800007761,https://www.instagram.com/7daysnatural,https://www.facebook.com/7daysnatural,,,https://www.youtube.com/@7DAYSNATURAL,Beauty & Personal Care,"Shop natural, paraben-free skincare & haircare made for Indian skin — face wash, Vitamin C serum, sunscreen & hair oil. COD available; easy returns.",meta_json,https://7daysnatural.in/cdn/shop/files/7Days_Natural_-_Nourish_Your_Beauty-01.png?v=1777279018&width=112,Haryana,GURUGRAM,,meta.json country=IN; currency=INR; state=Haryana; .in domain; +91 phone on site,8
725,AIMIL,https://aimilpharma.life,support@aimilpharma.life,+911166410034,https://www.instagram.com/aimil_pharma.life,https://www.facebook.com/AimilPharmaLife,,,https://www.youtube.com/channel/UCTcfFH2Vvn6NPbCkE_IwBZg,Health & Wellness,"AIMIL is committed to taking the legacy of Ayurveda forward with scientific innovation since 1984. Shop trusted natural healthcare products like BGR-34, Neeri KFT, Neeri, Amlycure D.S,lukoskin Shilajit, and Semento at the best prices online in India. Experience holistic health and wellness with Ayur",meta_json,https://www.aimilpharma.life/cdn/shop/files/logo_1_1.png?v=1746080521&width=500,Delhi,New Delhi,,meta.json country=IN; currency=INR; state=Delhi; +91 phone on site,8
726,BuyTestSeries.in,https://buytestseries.in,support@buytestseries.com; info@buytestseries.com,+917249186870; +918149569442; +919665130463,https://www.instagram.com/buytestseries,https://www.facebook.com/buytestseries,https://twitter.com/BuyTestSeries,,,Books & Stationery,"Online test series, video lectures & books for all exams including CA, CS, CMA, NEET, JEE, Banking & School & Olympiad classes. Fast delivery & instant access.",meta_json,https://store.gptlabapp.com/storage/json-ld/logos/1855/ooKxGMVsoWL9eLxLmPIf9qhZuhZRwKbpM9WPRH3d.png,Maharashtra,Pune,,meta.json country=IN; currency=INR; state=Maharashtra; .in domain; +91 phone on site,8
727,Adorn Silver,https://adornsilver.co,contactus@adornsilver.co; mihir@adornsilver.co,+918799859722; +918799959722,https://www.instagram.com/adornsilver.co,,,https://www.linkedin.com/company/adorn-silver,https://www.youtube.com/@adornsilver,Jewellery & Accessories,"Shop silver coins & bars, silverware, jewellery, divinity & accessories at Adorn Silver. ✓ Hallmarked silver ✓ 50+ years legacy ✓ Pan India delivery",meta_json,https://www.adornsilver.co/cdn/shop/files/Logo_88x.svg?v=1771068496,Maharashtra,Nagpur,,meta.json country=IN; currency=INR; state=Maharashtra; +91 phone on site,8
728,Anaya Designer Studio,https://anayadesignerstudio.com,contact@anayadesignerstudio.com,+918160707035,https://www.instagram.com/anayadesignerstudio,https://www.facebook.com/anayadesignerstudio,,,https://www.youtube.com/channel/UCd1fXV9QFlzPuTOmHIo1ctg,Apparel & Fashion (Women),"Anaya Designer Studio sells traditional Indian ethnic wear for women worldwide. We offer traditional sarees, lehenga cholis, gowns, dresses, and Bollywood outfits.",meta_json,https://anayadesignerstudio.com/cdn/shop/files/Anaya_Designer_Studio_Logo_700-185.webp?v=1718969662&width=700,Gujarat,Surat,,meta.json country=IN; currency=INR; state=Gujarat; +91 phone on site,8
729,Angel & Rocket,https://angelandrocket.in,info@angelandrocket.in,+919840066120,https://www.instagram.com/angelandrocket.in,https://www.facebook.com/Angelandrocket.in,,,https://www.youtube.com/@angelandrocketindia,Apparel & Fashion,"Fun, Stylish and Sustainable Kids Clothing designed in UK - with an emphasis on quality and style! For girls, boys, mini & baby.",meta_json,https://angelandrocket.in/cdn/shop/files/angel-rocket-logo-full_604x.png?v=1613602073,Tamil Nadu,Coimbatore,,meta.json country=IN; currency=INR; state=Tamil Nadu; .in domain; +91 phone on site,8
730,Crimzon,https://crimzonworld.com,assist@crimzonworld.com; info@crimzonworld.com; hiring.crimzon@gmail.com,+917045833363; +919326631031,https://www.instagram.com/crimzonworld,https://www.facebook.com/CrimzonWorld,,https://www.linkedin.com/company/crimzonworld,,Footwear,"Discover Crimzon's collection of stylish and comfortable women's footwear, including wedges, flats, platforms, stilettos, block heels, and mules. Elevate your style with footwear designed for both fashion and comfort.",meta_json,https://crimzonworld.com/cdn/shop/files/Crimzon_2_310x.png?v=1724830991,Maharashtra,Mumbai,,meta.json country=IN; currency=INR; state=Maharashtra; +91 phone on site,8
731,Global Republic,https://globalrepublic.in,gargdhruv06@gmail.com,+918448490933; +918448490941,https://www.instagram.com/globalrepublicfashions,https://www.facebook.com/globalrepublicfashion,https://x.com/globalrepublicf,https://www.linkedin.com/company/global-republic,https://www.youtube.com/@globalrepublicfashion,Apparel & Fashion (Women),"Global Republic is India’s go-to fashion brand for modern women & men. Shop stylish co-ords, western wear, dresses, tops & winterwear—crafted for comfort, versatility & bold expression. Explore premium-quality clothing designed to fit every moment of your life.",meta_json,https://www.globalrepublic.in/cdn/shop/files/GR.png?v=1754563579&width=560,Delhi,DELHI,,meta.json country=IN; currency=INR; state=Delhi; .in domain; +91 phone on site,8
732,Origin Nutrition,https://originnutrition.in,care@originnutrition.in; info@originnutrition.in,+919884130101; +919884222500,https://www.instagram.com/originprotein,https://www.facebook.com/originprotein,,,https://www.youtube.com/@originnutrition3034,Health & Wellness,"Experience Best Tasting Vegan Protein Powder (plant-based). Each ingredient in a pack of Origin Nutrition is 100% Natural, No Added Sugar, Dairy & Nut Free, Soy & Gluten Free. Shop online now.",meta_json,https://originnutrition.in/cdn/shop/files/logo.svg?v=1738402957&width=500,Tamil Nadu,Chennai,,meta.json country=IN; currency=INR; state=Tamil Nadu; .in domain; +91 phone on site,8
733,CELGEN biotech,https://celgenbiotech.com,info@celgenbiotech.com,+917593292815; +919425436112; +919425464102,https://www.instagram.com/celgenbiotech,https://www.facebook.com/celgenbiotechindia,,,https://www.youtube.com/@celgenbiotech,Plants & Gardening,"Shop premium organic plants like mango, citrus, figs, lemon, guava and more at CELGEN Biotech. Our cutting-edge tissue culture ensures superior quality and optimal growth.",meta_json,https://celgenbiotech.com/cdn/shop/files/LOGO_FILE.jpg?v=1711936445&width=170,Madhya Pradesh,Sihora,,meta.json country=IN; currency=INR; state=Madhya Pradesh; +91 phone on site; Indian PIN code on site,8
734,COLORBAR COSMETICS PRIVATE LIMITED,https://colorbarcosmetics.com,support@colorbarcosmetics.com; cb-collaboration@colorbarcosmetics.com; vikashk-cb@modienterprise.com,+919871861861; +911166037000; +919910799489,https://www.instagram.com/lovecolorbar,https://www.facebook.com/colorbarcosmetics,https://twitter.com/lovecolorbar,,https://www.youtube.com/channel/UCR57rFpJ4rABT6voCOv954g,Beauty & Personal Care,Choose PETA-certified premium makeup and skincare products online in India. Shop beauty products from the leading Colorbar Cosmetics store at the best price in India,meta_json,https://colorbarcosmetics.com/cdn/shop/files/logo-black.png?v=1757413225&width=440,Delhi,New Delhi,,meta.json country=IN; currency=INR; state=Delhi; +91 phone on site,8
735,Androidfixcell.com,https://androidfixcell.com,contact@androidfixcell.com; fixcella74@gmail.com; alihaydar843111.ah@gmail.com,+918910084453; +919432952508; +919423952508,https://www.instagram.com/android_fixcell,https://www.facebook.com/profile.php?id=100008315259325,,https://in.linkedin.com/in/ali-haydar-5697751a6,https://www.youtube.com/channel/UCvxXaTvjwh6-SdXFKzzyM8Q,Electronics & Gadgets,"With access to a wide variety of TV MOTHERBOARD, TV PARTS, and accessories, you'll be able to fix up your television in no time. You'll find the right parts for your TV help you stay on budget with our competitive prices",meta_json,https://androidfixcell.com/cdn/shop/files/final_logo1_240x@2x.png?v=1742228768,West Bengal,Kolkata ,,meta.json country=IN; currency=INR; state=West Bengal; +91 phone on site,8
736,Ecentric,https://ecentric.in,support@ecentric.in,+919035336127,https://www.instagram.com/ecentric_india,https://www.facebook.com/ecentricindia,,https://www.linkedin.com/company/ecentric-india-private-ltd,https://www.youtube.com/@ecentricindia8535,Apparel & Fashion (Men),"Ecentric is India's No.1 Hemp Clothing Brand for style and comfort. Clothes made from hemp are sustainable, breathable, durable, and chemical-free.",meta_json,https://ecentric.in/cdn/shop/files/ecentric-white.webp?v=1669794897&width=180,Karnataka,Bengaluru,,meta.json country=IN; currency=INR; state=Karnataka; .in domain; +91 phone on site,8
737,Herolectro Store,https://herolectro.com,wecare@herolectro.com; contact@herolectro.com,+918929705159,https://www.instagram.com/herolectro,https://www.facebook.com/HeroLectro,,https://www.linkedin.com/company/herolectro,https://www.youtube.com/@HeroLectro,Automotive,"Hero Lectro electric cycles by Hero Cycles. 4 riding modes, up to 60 km range, 250W motor, free doorstep delivery and 2-year warranty across India. From Rs. 28,990.",meta_description,https://herolectro.com/cdn/shop/t/1/assets/hero-lectro-logo.svg?v=173989874672065868911776933941,Haryana,Gurugram,,meta.json country=IN; currency=INR; state=Haryana; +91 phone on site,8
738,Bambino Pasta ,https://bambinopasta.in,feedback@bambinopasta.com; cgbambino2024@gmail.com,+914045118810,https://instagram.com/bambinopastafoods,https://www.facebook.com/bambinopastafoods,https://x.com/bambino_foods,,https://www.youtube.com/channel/UCux1OGyc9_0tyD7F3v9-R5A,Food & Beverages,"Buy Bambino’s wholesome range of pasta, macaroni, vermicelli, atta, rusk, and rava - crafted for delicious meals and healthy, everyday cooking.",meta_json,https://bambinopasta.in/cdn/shop/files/logo_png_1.png?v=1709206538&width=120,Telangana,Hyderabad,,meta.json country=IN; currency=INR; state=Telangana; .in domain; +91 phone on site,8
739,BODD ACTIVE,https://boddactive.com,info@boddactive.com; support@boddactive.com; grievanceofficercs@nykaa.com,+919987791818,https://www.instagram.com/boddactive,,,,,Apparel & Fashion,Buy Activewear & Gym wear for women online at BODD Active. Explore our trendy & vibrant collection of workout clothes & outfits for women!,meta_json,https://www.boddactive.com/cdn/shop/files/BODD_Logo_R_2-01.png?v=1637849667&width=160,Maharashtra,Mumbai,27AAICD1897P1ZT,meta.json country=IN; currency=INR; state=Maharashtra; GSTIN on site; +91 phone on site,8
740,Cothas Coffee Co.,https://cothas.com,customercare@cothas.com,+918067278600,https://www.instagram.com/cothas_coffee,https://www.facebook.com/cothascoffee,https://twitter.com/CoffeeCothas,,https://www.youtube.com/channel/UCiTJOOLh7WaolaE4M-cQWzg,Food & Beverages,Discover premium blends at Cothas Coffee Company. Shop now for the best coffee online. Perfect for every coffee lover!,meta_json,https://cothas.com/cdn/shop/files/Cothas_Logo_d730e1f5-e29e-4118-acc6-a45b79ff4db1_400x.png?v=1734338668,Karnataka,Bangalore,,meta.json country=IN; currency=INR; state=Karnataka; +91 phone on site,8
741,Egate World ,https://egate-world.com,sales@egate-world.com; support@egate-world.com; sale@egate-world.com; connect@egate-world.com; support@egin.in,+919871515553; +917065179993,https://www.instagram.com/egate_world,https://www.facebook.com/egateworld,https://twitter.com/egate_world,,https://youtube.com/@egateworld,Electronics & Gadgets,"EGATE exemplifies excellence in audio-visual products, is a leading manufacturer, exporter and supplier of LED Projectors, sound bars etc. meant for the Education, Office and Home. Our quality products are considered among the best brands of projectors in the country, delivering immersive audio-visu",meta_json,https://egate-world.com/cdn/shop/files/c6187fcc04e381a6d44fea3128ef91f1.png?v=1694168053&width=500,Uttar Pradesh,Noida,,meta.json country=IN; currency=INR; state=Uttar Pradesh; +91 phone on site; Indian PIN code on site,8
742,Estaa Sweets,https://estaasweets.com,estaasweetsdigital@gmail.com,+919856415555; +918884055551; +919856385555,https://www.instagram.com/estaasweetsindia,https://www.facebook.com/estaasweetsindia,,,https://www.youtube.com/@estaasweetsindia,Food & Beverages,Looking for premium quality Sweets Online in Bangalore ? Then your are at right Place. We are the leading suppliers of best Sweets & Namkeen in Bangalore. Browse through our wide variety of Sweets Online and place your order in the our online sweets store. Enjoy the Delicious Sweets & Namkeen availa,meta_json,https://estaasweets.com/cdn/shop/files/estaa_logo.png?v=1666848966&width=669,Karnataka,Bangalore,29AAHFE2782N1ZT,meta.json country=IN; currency=INR; state=Karnataka; GSTIN on site; +91 phone on site,8
743,Case24x7.com,https://case24x7.com,hicase24x7@gmail.com,+918097493989,https://www.instagram.com/case24x7,https://www.facebook.com/Case24x7page,,,https://www.youtube.com/@Case24x7,Electronics & Gadgets,"Get 100% Premium Phone Case home delivered. We offer safe & fast shipping across India. Get best deals on Phone Covers throughout the year. Find best of the iPhone, Samsung, Oneplus, Fold & Flip Covers for men & women only at www.case24x7.com",meta_json,https://www.case24x7.com/cdn/shop/files/png_logo.avif?v=1783333518&width=900,Maharashtra,Mumbai,27AICPY9033B1Z7,meta.json country=IN; currency=INR; state=Maharashtra; GSTIN on site; +91 phone on site,8
744,Astroscience,https://astroscience.com,info@astroscience.in,+919999990522; +919109105800; +919821397733,https://www.instagram.com/astrosciencetechnologies,https://www.facebook.com/astrosciencetechnologies,https://twitter.com/gdvashist_real,,https://www.youtube.com/@AstroscienceTechnologies,Jewellery & Accessories,"Experience the power of astrology at Astroscience with GD Vashist, India's trusted astrologer known for accurate predictions.",meta_json,https://www.astroscience.com/cdn/shop/files/logo-astroscience.webp?v=1763548888&width=500,Delhi,New Delhi,,meta.json country=IN; currency=INR; state=Delhi; +91 phone on site,8
745,BLIX EDUCATION PRIVATE LIMITED,https://blix.in,contact@blix.in,+918108844690; +919833201620; +918108220238,https://www.instagram.com/blix.robotix,https://www.facebook.com/blixrobotix,,https://www.linkedin.com/company/blix-education,https://www.youtube.com/@blixrobotix628,Toys & Games,"Blix is an Indian STEM education company that designs STEM toys, robotics kits, coding kits, educational toys, and a STEM lab for schools. Our hands-on learning products help children develop creativity, problem-solving, critical thinking, and engineering skills.",meta_json,https://blix.in/cdn/shop/files/Final_Blix_logo-02.png?v=1736241875&width=500,Maharashtra,Mumbai,,meta.json country=IN; currency=INR; state=Maharashtra; .in domain; +91 phone on site,8
746,HankPets | HANK,https://hankpets.com,hello@hankpets.com,+918278844541,https://www.instagram.com/hank_pets,https://www.facebook.com/hankpetsindia,https://x.com/hankpets,https://www.linkedin.com/in/hankpets,,Pet Supplies,"India’s Trusted Online Store for Pet Accessories. Shop dog and cat essentials, accessories & supplies. ✓Best prices ✓Fast delivery ✓Easy returns.",meta_json,https://hankpets.com/cdn/shop/files/Untitled-design-9.png?v=1750955573&width=500,Punjab,Sahibzada Ajit Singh Nagar,,meta.json country=IN; currency=INR; state=Punjab; +91 phone on site,8
747,House of Ekam,https://houseofekam.com,contact@houseofekam.com,+919313362755,https://www.instagram.com/houseofekam,https://www.facebook.com/HouseofEkam,,https://www.linkedin.com/in/house-of-ekam-9396961b6,https://www.youtube.com/channel/UClbq3Mx3oVAviLt9CSGVmvw,Home & Decor,"India's leading home decor boutique. Widest range of handcrafted designer curtains, quilts, bedsheets, wall decor, women's clothing, kids clothing and lots more",meta_json,https://cdn.shopify.com/s/files/1/2385/5429/files/1_1591x.png?v=1507374736,Maharashtra,Navi Mumbai,,meta.json country=IN; currency=INR; state=Maharashtra; +91 phone on site,8
748,Charak,https://charak.com,customercare@charak.com; customercare@vedistry.com; charak@charak.com,+912266846734; +912267716500; +918657451581,https://www.instagram.com/charakpharma,https://www.facebook.com/CharakPharma,https://x.com/Charak_Pharma,https://www.linkedin.com/company/charak-pharma-pvt.-ltd.,,Health & Wellness,Charak is an international herbal healthcare and pharmaceutical company. We provide supplements to boost the immune system and the best cough medicine.,about_meta_description,https://charak.com/cdn/shop/files/charak_since_1947_black_logos_Final-01.png?v=1782191775,Maharashtra,Mumbai,,meta.json country=IN; currency=INR; state=Maharashtra; +91 phone on site,8
749,Agromech,https://agromech.com,support@agromech.com,+919246222821; +914023704832,https://www.instagram.com/Agromechindustries,https://www.facebook.com/Agromechindustries,https://twitter.com/Agromechindustr,,https://www.youtube.com/user/Agromechindustries,Home & Decor,"Domestic and Commercial kitchen equipment, appliances, and products manufacturer, such as Cookware, Bakeware, Kitchen Tools, Decor & Gifting, Spiritual Items, Kitchen Storage, etc.",meta_json,https://agromech.com/cdn/shop/files/logo1_180x.png?v=1678864709,Telangana,Hyderabad,,meta.json country=IN; currency=INR; state=Telangana; +91 phone on site,8
750,Buy Khari Baoli,https://buykharibaoli.com,info@buykharibaoli.com; support@buykharibaoli.com,+919871365946,https://www.instagram.com/buykharibaoli,https://www.facebook.com/BuyKhariBaoli,,,,Food & Beverages,"Bring home the legacy of Asia's largest spice market! Shop 100% natural spices, premium dry fruits, and seeds. Pure taste, heritage quality, delivered fast.",meta_json,https://buykharibaoli.com/cdn/shop/files/khari_logo.png?v=1771947750&width=1280,Delhi,Delhi,07CZAPS6751D1ZA,meta.json country=IN; currency=INR; state=Delhi; GSTIN on site; +91 phone on site,8
751,Barks & Wags,https://barksandwags.in,info@barksandwags.in,+919133323058,https://www.instagram.com/barksnwags,https://www.facebook.com/barksnwags19,,,,Pet Supplies,"We have amazing collection of dresses for dogs. Premium and high quality dog clothing. We have bandanas for dogs, skirts for dogs, dog jacket, tuxedos for dogs, dog accessories, dog leashes, dog bed.",meta_json,https://barksandwags.in/cdn/shop/files/bark_logo.webp?v=1706784836&width=500,Haryana,Karnal,06AABFF6827F1ZL,meta.json country=IN; currency=INR; state=Haryana; .in domain; GSTIN on site; +91 phone on site,8
752,BJAIN BOOKS LLP,https://bjainbooks.com,online@bjainbooks.com,+919871493882; +911204933333,https://www.instagram.com/bjainbooks,https://www.facebook.com/bjainbooks,,https://in.linkedin.com/company/bjainbooks,https://www.youtube.com/@Homeopathy360,Books & Stationery,"B Jain Publishers Pvt Ltd. Is India’s No1 Homeopathic Books Publishers from Here You Can Buy All Kind Of Homeopathic Books for MBBS, BHMS, BAMS, BSMS, Nursing and Other Homeopathic Government Job Preparation.",meta_json,https://www.bjainbooks.com/cdn/shop/files/bjain-logo_1.png?v=1729079446&width=136,Uttar Pradesh,Noida,,meta.json country=IN; currency=INR; state=Uttar Pradesh; +91 phone on site,8
753,Givea,https://givea.in,support@givea.in,+918929700094,https://www.instagram.com/givea.official,https://www.facebook.com/giveaofficial,https://x.com/giveaofficial,,https://youtube.com/@givea.official,Baby & Kids,Givea is a transparent donation platform where every contribution creates real impact. Donate to verified causes and receive photo & video proof of impact.,meta_json,https://givea.in/cdn/shop/files/logo.png?v=1766727673&width=500,Haryana,Gurugram,,meta.json country=IN; currency=INR; state=Haryana; .in domain; +91 phone on site,8
754,Hair Drama Company,https://hairdramacompany.com,contact@hairdramacompany.com,+917229032443,https://www.instagram.com/hairdramaco,https://m.facebook.com/hairdramacompany,https://x.com/hairdramaco,,https://www.youtube.com/@hairdramaco,Gifts & Hampers,"Hair Drama Co. is a unique hair fashion destination. Discover our limited edition of luxe hair accessories from the world of Barbie, Emily in Paris and Disney in India!",meta_json,https://hairdramacompany.com/cdn/shop/files/HairDramaCo.png?v=1766125253,Gujarat,Ahmedabad,,meta.json country=IN; currency=INR; state=Gujarat; +91 phone on site,8
755,MIRAGGIO,https://miraggiolife.com,support@miraggiolife.com; grievance@miraggiolife.com,+918377990200,https://www.instagram.com/miraggiolife,https://www.facebook.com/miraggiolife,,,https://www.youtube.com/channel/UCuu0x67GgJyweg57MEg4ggA,Bags & Luggage,"Explore women’s bags by Miraggio, blending global aesthetics with premium materials, modern silhouettes and thoughtful detailing.",meta_json,https://miraggiolife.com/cdn/shop/files/image_1.png?v=1747208786&width=280,Haryana,Gurugram,,meta.json country=IN; currency=INR; state=Haryana; +91 phone on site,7
756,Jewelsmars,https://jewelsmars.com,wecare@jewelsmars.com; care.jewelsmars@gmail.com,+919643196811,https://www.instagram.com/jewelsmars,,,,,Jewellery & Accessories,"Shop for the best Korean jewelery from our collection of exclusive, customized & handmade products. like, Korean Earrings, Propose Rings, Gifts for her, etc.",meta_json,https://jewelsmars.com/cdn/shop/files/Jewelsmars_Logo_1.png?v=1745510152&width=330,Delhi,New Delhi,07BJEPL4102Q1Z2,meta.json country=IN; currency=INR; state=Delhi; GSTIN on site; +91 phone on site,7
757,DERMATOUCH,https://dermatouch.com,customercare@dermatouch.com,+919909000760,https://www.instagram.com/dermatouchskincare,https://www.facebook.com/thedermatouch,,,https://www.youtube.com/@dermatouch.official,Beauty & Personal Care,Shop DERMATOUCH: India’s trusted pharmacy brand for dermatologically-tested skincare. Formulated with clinically-proven actives for visible results. Get a FREE Hydration Tumbler & Multipurpose Pouch on orders over ₹999. Shop now!,meta_json,https://dermatouch.com/cdn/shop/files/dermatouch-logo_9b268711-0874-4f65-b599-062bf2fa59e6.png?v=1763122860&width=500,Gujarat,Ahmedabad,,meta.json country=IN; currency=INR; state=Gujarat; +91 phone on site,7
758,Levis India Store,https://levi.in,customercare@levi.in; feedbacklevi@levi.in,+9118001235384; +9118001020501,https://www.instagram.com/levis_in,,https://twitter.com/LEVIS,,https://www.youtube.com/@LEVIS,Apparel & Fashion,"Shop the latest collection of men's and women's clothing online at Levi's India. Explore the trendy jeans, jackets, t-shirts, and more for both men and women.",meta_json,https://levi.in/cdn/shop/files/logo_his_res.png?v=1697785388&width=600,Karnataka,Bengaluru,,meta.json country=IN; currency=INR; state=Karnataka; .in domain; +91 phone on site,7
759,Emma Sleep India,https://emma-sleep.in,support@emma-sleep.in; privacy@emma-sleep.com; privacy@zendesk.com.if,+910008009190734; +918065821108; +919810441936,https://www.instagram.com/emma.mattress_india,https://www.facebook.com/EmmaMattressIndia,,,https://www.youtube.com/channel/UC2ogBAlPbtgYuVX__s4T0LQ,Home & Decor,"Emma Sleep India offers the best mattress in India. Buy high-quality memory foam, hybrid, and lux foam mattresses online today and enjoy a great night's sleep.",meta_json,https://www.emma-sleep.in/cdn/shop/files/logo_emma.webp?v=1756965719&width=500,Haryana,Gurugram,,meta.json country=IN; currency=INR; state=Haryana; .in domain; +91 phone on site; Indian PIN code on site,7
760,HYPHEN,https://letshyphen.com,care@letshyphen.com,+919004082257,https://www.instagram.com/letshyphen,https://facebook.com/letshyphen,https://twitter.com/letshyphen,,,Beauty & Personal Care,"Hyphen, co-founded by Kriti Sanon, brings result-driven skincare solutions in every bottle.",meta_json,https://letshyphen.com/cdn/shop/files/LOGO_desktop_1_2.svg?v=1690127836&width=500,Maharashtra,Mumbai,,meta.json country=IN; currency=INR; state=Maharashtra; +91 phone on site,7
761,Japam,https://japam.in,deepak@japam.in,+917986936302,https://instagram.com/japam.in,https://facebook.com/japamofficial,,https://www.linkedin.com/company/98860235,,Jewellery & Accessories,Japam started in 2022 with a few select Rudraksha wearables like bracelets and malas.,about_meta_description,https://japam.in/cdn/shop/files/PhotoshopPreview_Image-removebg-preview.png?v=1772086024&width=531,Punjab,Mohali,,meta.json country=IN; currency=INR; state=Punjab; .in domain; +91 phone on site,7
762,The Sleep Company,https://thesleepcompany.in,care@thesleepcompany.in; jamian@thesleepcompany.in,+919811981911,https://www.instagram.com/thesleepcompany_official,https://www.facebook.com/thsleepco,,,https://www.youtube.com/channel/UCRC25UW34xBDU2mDFZ71_tQ,Home & Decor,"Buy mattresses online from the best mattress brand in India. The Sleep Company offers products with patented Japanese SmartGRID® Technology, including mattresses, pillows, and more. ✔ 100-Night Free Trial ✔ No-Cost EMI.",meta_json,https://thesleepcompany.in/cdn/shop/files/new_logo.png?v=1654687951&width=180,Maharashtra,Mumbai,,meta.json country=IN; currency=INR; state=Maharashtra; .in domain; +91 phone on site,7
763,WishCare,https://mywishcare.com,hello@mywishcare.com,+918336833230,https://instagram.com/mywishcare,https://www.facebook.com/mywishcare,,,https://www.youtube.com/channel/UCQcgh6e3mFKnpMfRqt7RIsg,Beauty & Personal Care,"Shop for effective SkinCare, HairCare, SunCare & BodyCare products at WishCare. Discover Multi-functional formulations based on Biomimetic Science that show Effective Real Results. Recommended by Dermatologists and Skin Experts. Cruelty-Free Formulation. Free Shipping Available. COD Available.",meta_json,https://www.mywishcare.com/cdn/shop/files/wishcare_logo.png?v=1680409079&width=3375,West Bengal,KOLKATA,,meta.json country=IN; currency=INR; state=West Bengal; +91 phone on site,7
764,Home Essentials,https://homeessentials.in,support@homeessentials.in; customer@homeessentials.in,+917777802055; +916232019148; +911782285117,https://www.instagram.com/homeessentials.insta,,,https://www.linkedin.com/company/homeessentialsindia,https://www.youtube.com/@Homeessentials.youtube,Kitchen & Dining,"Buy affordable home organization, kitchen items & decor at Home Essentials. Buy durable, stylish, and functional products to enhance your home effortlessly.",meta_json,https://homeessentials.in/cdn/shop/files/Logo_Colored_1.png,Madhya Pradesh,Gwalior,,meta.json country=IN; currency=INR; state=Madhya Pradesh; .in domain; +91 phone on site,7
765,Go Blunt,https://goblunt.com,care@goblunt.com; contact@goblunt.com,+918882115136,https://www.instagram.com/buyblunt,https://www.facebook.com/profile.php?id=100086551434010,,,https://www.youtube.com/channel/UCsHQZax1D517mIKVh-Lpw1g,Electronics & Gadgets,"Welcome to BLUNT, where innovation meets rebellion in the world of electronics. We're a revolution, for the fearless and unapologetic youth of today.",meta_json,https://goblunt.com/cdn/shop/files/BLUNT_LOGO_ONG_WHITE.webp?v=1743855534&width=600,Haryana,Gurugram,,meta.json country=IN; currency=INR; state=Haryana; +91 phone on site,7
766,Liberty Shoes,https://libertyshoesonline.com,lsocare@libertyshoes.com; customercare@libertyshoes.com; namita@libertyshoes.com; headinst_lpm@libertyshoes.com,+919910052044; +919813016302; +919354111126,https://www.instagram.com/libertyshoesltd,https://www.facebook.com/libertyshoes,,https://in.linkedin.com/company/liberty-shoes-ltd,https://www.youtube.com/@LibertyShoesLtd,Footwear,"Liberty Shoes brings to you the best collection of footwear online for men, women and kids. Complete your outfit with India's most trusted footwear brand.",meta_json,https://cdn.shopify.com/s/files/1/0645/7386/6151/files/logo_1.svg?v=1717480053,Haryana,KARNAL,,meta.json country=IN; currency=INR; state=Haryana; +91 phone on site,7
767,P. N. Gadgil & Sons Ltd,https://onlinepng.com,online@pngsl.com,+9118002330888,https://www.instagram.com/pngadgilandsons,https://www.facebook.com/PNGGoldandsilver,https://x.com/Pngandsons,,https://www.youtube.com/channel/UCXkiy2LETyMfRIt_pGttu-A,Jewellery & Accessories,"P.N. Gadgil & Sons have latest designer & traditional collection of gold, silver, diamond jewellery online. Shop bangles, necklace, earrings from onlinepng.com.",meta_json,https://www.onlinepng.com/cdn/shop/files/PNGS_LOGO_R.svg?v=1723528109&width=360,Maharashtra,Pune,,meta.json country=IN; currency=INR; state=Maharashtra; +91 phone on site,7
768,Superkicks,https://superkicks.in,care@superkicks.in; info@superkicks.in,+912241498322; +918619056043; +918655954342,https://www.instagram.com/superkicksindia,https://www.facebook.com/SuperkicksIndia,,,,Footwear,"Discover the trendiest collection of branded shoes, sneakers, apparel, and accessories online in India for men and women at Superkicks. Shop now and step up your style game!",meta_json,https://www.superkicks.in/cdn/shop/files/Superkicks-Formal-Logo.png?v=1760429951&width=440,Rajasthan,Jaipur,,meta.json country=IN; currency=INR; state=Rajasthan; .in domain; +91 phone on site,7
769,Swashaa,https://swashaa.com,contactus@swashaa.com; contactus@fourkarts.com,+919023406195,https://www.instagram.com/swashaaindia,https://www.facebook.com/swashaaindia,,,https://www.youtube.com/@swashaaindia,Jewellery & Accessories,We believe there's a perfect accessory for everyone and every event of your life. Find the best collections of more than 700+ designs that helps you to make worthy with any outfits of daily routine. Slay your fashion game with a minimalistic set of fashion jewellery.,meta_json,https://www.swashaa.com/cdn/shop/files/Swashaa_LOGO_2_bc60f485-fe5f-4c39-a341-93beee3952d1.png?v=1735243894&width=300,Gujarat,Surat,,meta.json country=IN; currency=INR; state=Gujarat; +91 phone on site,7
770,INC.5 SHOES PVT LTD ,https://inc5shop.com,customercare@inc5shoes.com,+919152646417,https://www.instagram.com/inc5official,https://www.facebook.com/inc5shoesofficial,,https://in.linkedin.com/company/inc.5-shoes-private-limited,https://www.youtube.com/@Inc.5ShoesOfficial,Footwear,Inc.5 Shoes is an exclusive fashion footwear brand. From classy boots for men to trendy heels for the ladies. Get your favourites delivered right to your doorstep. Women Western Wear. Ethnic Wear. Men Footwear. Men Casual Wear.,meta_json,https://inc5shop.com/cdn/shop/files/Screenshot_2023-07-12_at_1.22.28_PM.png?v=1689148366&width=500,Maharashtra,Mumbai,,meta.json country=IN; currency=INR; state=Maharashtra; +91 phone on site,7
771,WHAT THE FLEX,https://wtflex.in,support@wtflex.in,+919111553117; +919270036788,https://www.instagram.com/wtflex.in,,,,https://www.youtube.com/@whattheflexindia,Apparel & Fashion (Women),"Buy Oversized T-Shirts, Bowling Shirts, Cargo Pants, Varsity Jacket and more with Premium Quality Fabrics & Aesthetic designs at budget friendly prices.",meta_json,https://wtflex.in/cdn/shop/files/wtflex_white_logo.png?v=1767714383&width=500,Maharashtra,PUNE,,meta.json country=IN; currency=INR; state=Maharashtra; .in domain; +91 phone on site,7
772,Hamercop,https://hamercop.com,contact@hamercop.com,+919227273030,https://www.instagram.com/hamercop_shirts,https://www.facebook.com/hamercopshirt,,,,Apparel & Fashion,"Upgrade your wardrobe with Hamercop's premium shirts,Elevate your style with our high quality,comfortable and timeless apparel.",meta_json,https://hamercop.com/cdn/shop/files/khecholo_logo_155x.png?v=1705658408,Gujarat,Ahmedabad,,meta.json country=IN; currency=INR; state=Gujarat; +91 phone on site,7
773,Joy Personal Care,https://joypersonalcare.com,customercare@joycosmetics.com,+913340167300,https://www.instagram.com/joy_beautifulbynature,https://www.facebook.com/joybeautifulbynature,,https://in.linkedin.com/company/rsh-global,https://www.youtube.com/@JoyBeautifulByNature,Beauty & Personal Care,"Countless times, we’ve been told that fixing ourselves is the key to look beautiful. That we must change something to look a certain way. As brand JOY, we ask ‘what is this fixing really about?’",about_paragraph,https://joypersonalcare.com/cdn/shop/files/Layer_1.webp?v=1765878719&width=500,West Bengal,Kolkata,,meta.json country=IN; currency=INR; state=West Bengal; +91 phone on site,7
774,MYFITNESS,https://myfitness.in,care@myfitness.co.in; grievance@myfitness.com,+917096699111,https://www.instagram.com/myfitness,,,,https://www.youtube.com/@myfitness.official/featured,Food & Beverages,"India's No. 1 Peanut Butter Brand. US FDA registered, NABL lab tested. High-protein peanut butter with no added sugar or trans fat. Free delivery across India. ₹199+",meta_json,https://myfitness.in/cdn/shop/files/Web_logo_-05-2.png,Dadra and Nagar Haveli,Silvassa,,meta.json country=IN; currency=INR; state=Dadra and Nagar Haveli; .in domain; +91 phone on site; Indian PIN code on site,7
775,Mysore Pattu,https://mysorepattu.com,support@mysorepattu.com; info.mysorepatu@gmail.com,+919099660701; +919898023293,https://www.instagram.com/mysore.pattu,https://www.facebook.com/people/Mysore-pattu/61564797511285,,,,Apparel & Fashion (Women),"Shop the latest Mysore silk sarees in brocade, contrast pallu, temple border, zari butis, jaali work, thread embroidery, flower prints and much more. Free delivery on prepaid orders, COD available. Order today!",meta_json,https://mysorepattu.com/cdn/shop/files/logo2.png?v=1742278624&width=500,Gujarat,surat,,meta.json country=IN; currency=INR; state=Gujarat; +91 phone on site,7
776,RAREISM,https://rareism.com,support@thehouseofrare.com; grievance.officer@thehouseofrare.com; support@rareism.com,+918069975499; +918066085236,https://www.instagram.com/rareism_in,https://www.facebook.com/rareism.in,,https://in.linkedin.com/company/shoprareism,https://www.youtube.com/@RareismIndia,Apparel & Fashion (Women),"Rareism brings to you elegant and fashionable womens clothing online. Choose from a range of dresses, tops, jumpsuits that are a perfect fit for you.",meta_json,https://thehouseofrare.com/cdn/shop/files/hor_1_ac34ebd3-4498-4f64-b50b-ae6bd5404df8_250x.png?v=1720351640,Karnataka,BANGALORE,,meta.json country=IN; currency=INR; state=Karnataka; +91 phone on site,7
777,Crepdog Crew,https://crepdogcrew.com,care@crepdogcrew.com; corporate@crepdogcrew.com; info@crepdogcrew.com,+919907077077,https://www.instagram.com/crepdogcrew,https://www.facebook.com/crepdogcrew,,,,Footwear,"India's Biggest Platform for Sneakers, Streetwear, Watches & More. Get the latest limited edition drops and exclusive styles online — only at Crepdog Crew.",meta_json,https://crepdogcrew.com/cdn/shop/files/COM_White-1.png?v=1656328337&width=1000,Delhi,New Delhi,,meta.json country=IN; currency=INR; state=Delhi; +91 phone on site,7
778,Fabb6,https://fabb6.com,support@fabb6.com,+919035354460; +919035490194,https://www.instagram.com/fabb6_,https://www.facebook.com/FABBB6,,,https://www.youtube.com/@Fabb6-p7r,Beauty & Personal Care,"Shop L'Oréal, Cetaphil, Matrix, Beardo & 100+ professional beauty brands on Fabb6. Genuine products, salon-grade quality. EMI, COD, UPI. Free shipping above ₹999.",meta_json,https://www.fabb6.com/cdn/shop/files/FTM.webp?v=1767700165&width=500,Karnataka,Bengaluru,,meta.json country=IN; currency=INR; state=Karnataka; +91 phone on site,7
779,naturaltein,https://naturaltein.in,info@naturaltein.in,+918071423789,https://www.instagram.com/naturaltein_india,https://www.facebook.com/naturalteinindia,,,https://www.youtube.com/channel/UCtTbjMyfJO2mZOZvPIiARug,Health & Wellness,"NATURALTEIN brings you whey proteins which are tested, certified, original & made with 100% natural ingredients. Shop the most trusted protein today.",meta_json,https://naturaltein.in/cdn/shop/files/Naturaltein_-_H_Logo.svg?v=1743061014&width=500,Chandigarh,CHANDIGARH,,meta.json country=IN; currency=INR; state=Chandigarh; .in domain; +91 phone on site,7
780,Scentoria,https://scentoria.co.in,info@scentoria.co.in; sales@scentoria.co.in,+919522828952; +911789214751; +911789214752,https://instagram.com/scentoria_,https://www.facebook.com/profile.php?id=100064060112708,,,,Beauty & Personal Care,Welcome to India's leading destination for niche fragrances.,meta_json,https://scentoria.co.in/cdn/shop/files/Zoologist-Logo.png?v=1709569002&width=533,Maharashtra,Thane,,meta.json country=IN; currency=INR; state=Maharashtra; .in domain; +91 phone on site,7
781,Sheetal Batra,https://sheetalbatra.com,customerservice@sheetalbatra.com; contactus@sheetalbatra.com; marketing@sheetalbatra.com; accounts@sheetalbatra.com,+919773983391; +917065112311; +917973237829,https://www.instagram.com/sheetalbatra,https://www.facebook.com/batrasheetal,,,,Apparel & Fashion,"An exquisite collection of designer & luxurious Indian ethnic wear for women at Sheetal Batra. Heritage Indian outfits with the finest fabrics, designs & embroidery.",meta_json,https://sheetalbatra.com/cdn/shop/files/sheetal_batra_logo-01_1.png?v=1613687340&width=5692,Delhi,New Delhi,,meta.json country=IN; currency=INR; state=Delhi; +91 phone on site,7
782,Nalli Silk Sarees Pvt Ltd,https://nalli.com,eshop@nalli.com,+918068920338; +917619357003,https://www.instagram.com/nallisilksarees,https://www.facebook.com/NalliSilks,,,,Apparel & Fashion,Discover timeless elegance with Nalli's online saree collection. Explore exquisite designs and fine Nalli silk sarees for a touch of traditional luxury.,meta_json,https://www.nalli.com/cdn/shop/files/Logo_1.webp?v=1752222706&width=600,Tamil Nadu,Chennai,,meta.json country=IN; currency=INR; state=Tamil Nadu; +91 phone on site,7
783,clayco,https://clayco.in,help@clayco.in; pr@clayco.in; saurabh@clayco.in; support@clayco.in,+917021479360; +919167877324,https://www.instagram.com/claycobeauty,https://www.facebook.com/ClayCo.beauty,,,,Beauty & Personal Care,Beauty Rituals of the world - Luxurious skincare inspired and created using the wisdom and ancient traditions of global cultures.,meta_json,https://clayco.in/cdn/shop/files/Clay_Co_Logo_png_2_1_1.webp?v=1771330882&width=306,Maharashtra,Mumbai,,meta.json country=IN; currency=INR; state=Maharashtra; .in domain; +91 phone on site,7
784,FUAARK,https://fuaark.com,care@fuaark.com,+917801883399,http://instagram.com/fuaarkofficial,https://www.facebook.com/fuaarkofficial,,,https://www.youtube.com/@fuaarkofficial,Apparel & Fashion,"Shop premium gymwear online and comfortable gym clothes designed for comfort, style, movement and performance. A clean range of sports clothing made for every workout.",meta_json,https://fuaark.com/cdn/shop/files/Fuaark-Logo-Full-Color-Rgb-900px-w-72ppi_4a1a6638-74c6-41fe-a975-d46a2eaf1387.png?v=1696921989,Gujarat,Surat,,meta.json country=IN; currency=INR; state=Gujarat; +91 phone on site,7
785,Organic India,https://organicindia.com,care@tataconsumer.com; contact.us@tataconsumer.com; export@organicindia.com; gifting@organicindia.com; info@organicindiashop.com,+9118001084488; +919151777907; +9118003095153,https://www.instagram.com/organicindiaofficial,https://www.facebook.com/OrganicIndia,https://x.com/organicindia,https://in.linkedin.com/company/organicindia,https://www.youtube.com/@organicindiaofficial,Food & Beverages,Rejuvenate yourself with the finest herbal & green teas. Prioritise your personal care with Organic India's supplements. Take your first step towards Healthy Conscious Living.,meta_json,https://organicindia.com/cdn/shop/files/Mask_group_9.png?v=1765866835&width=500,Uttar Pradesh,Barabanki,,meta.json country=IN; currency=INR; state=Uttar Pradesh; +91 phone on site,7
786,BIRKENSTOCK,https://birkenstock.in,customercare-india@birkenstock.com,+919717111774,https://www.instagram.com/birkenstockin,https://www.facebook.com/BirkenstockIN,,,https://www.youtube.com/channel/UCsDtI51c5Ieo3GNKDK9v-6A,Footwear,"Explore stylish sandals, clogs, slides and everyday essentials, Step into timeless comfort and craftsmanship. Shop the full collection online at BIRKENSTOCK.",meta_json,https://cdn.shopify.com/s/files/1/0140/6042/1206/files/birkenstock-logo-blue_1.png,Maharashtra,Bhiwandi,,meta.json country=IN; currency=INR; state=Maharashtra; .in domain; +91 phone on site,7
787,AINA,https://aina.in,care@aina.in,+918157005700,https://www.instagram.com/aina.india,https://www.facebook.com/tnsaina,,,,Apparel & Fashion,"Aina is a story created over decades by crafting premium and versatile indigenous Indian wear, fit for women across all spheres. Aina lauds our culture, magnifies our roots, and celebrates the quintessential Indian experience of womanhood.",meta_json,https://www.aina.in/cdn/shop/files/AINA_slim_vector_12f928f0-cd33-4f40-81aa-b6b0ed42a411.png?v=1687625068&width=376,Kerala,Kannur,,meta.json country=IN; currency=INR; state=Kerala; .in domain; +91 phone on site,7
788,BAPPA MORYA STORES,https://bappamoryastores.com,bappamoryastoresindia@gmail.com,+919082732632; +918104849978; +919326520410,https://www.instagram.com/bappamoryastores,https://www.facebook.com/profile.php?id=100089861816963,https://x.com/bappamoryastore,,https://www.youtube.com/@bappamoryastores/featured,Religious & Pooja,"Bappa Morya Stores in Dadar West, Mumbai, offers a Wide Range of Puja items, including Agarbatti, Dhoops, Rudraksha, Chunri, Yoga Mats, and Deities' shringar. Your one-stop shop for all spiritual and temple needs in Mumbai.",meta_json,https://bappamoryastores.com/cdn/shop/files/logo_2.png?v=1762339821,Maharashtra,Mumbai,,meta.json country=IN; currency=INR; state=Maharashtra; +91 phone on site,7
789,Bersache,https://bersache.com,info@bersache.com; bersache.footwear2022@gmail.com,+918031406175; +919560839910; +918527534799,https://www.instagram.com/bersache.shoes,https://www.facebook.com/Bersache.Shoes,,,,Footwear,"Find unbeatable comfort and style with Bersache, best sports running shoes for men & women. Buy now for luxurious, affordable footwear with great discounts!",meta_json,https://bersache.com/cdn/shop/files/image511.png?v=1770620457&width=320,Delhi,Delhi,,meta.json country=IN; currency=INR; state=Delhi; +91 phone on site,7
790,Voguish,https://bevoguish.in,support@bevoguish.in; admin@bevoguish.in,+919259216045; +918360092494; +918679500188,https://www.instagram.com/be_voguish.in,https://www.facebook.com/bevoguish.in,,,https://youtube.com/@bevoguish,Footwear,"Shop VOGUISH – Premium handcrafted leather shoes & boots for men in India. Chelsea boots, loafers, formal & casual footwear. Free shipping. Order online today.",meta_json,https://bevoguish.in/cdn/shop/files/logo_voguish.png?v=1703996633&width=500,Uttar Pradesh,Agra,,meta.json country=IN; currency=INR; state=Uttar Pradesh; .in domain; +91 phone on site,7
791,EcartSe,https://ecartse.com,info@ecartse.com,+917008270194; +918368859191,https://www.instagram.com/ecartse.insta,https://www.facebook.com/ecartse,,,,Electronics & Gadgets,"Welcome to EcartSe – Your Trusted Destination for Mobile Tech & Accessories At EcartSe.com, We are sister company of RSTEK. we believe that staying connected should be seamless, affordable, and accessible to everyone.",about_meta_description,https://ecartse.com/cdn/shop/files/ChatGPT_Image_Jun_6_2026_04_19_18_PM.png?v=1780743014,Delhi,New Delhi,,meta.json country=IN; currency=INR; state=Delhi; +91 phone on site,7
792,Elcytec,https://elcytec.com,support@elcytec.com; productsupport@elcytec.com; order@elcytec.com,+918882514197,https://www.instagram.com/elcytec,https://www.facebook.com/elcytecIndia,,,https://www.youtube.com/@elcytec,Electronics & Gadgets,Most reliable platform for Verified Open-Box/Pre-Owned electronics. Genuine products.,meta_json,https://elcytec.com/cdn/shop/files/elcytec_EASY_ELECTRONICS_highres_2.png?v=1759866458&width=500,Delhi,new delhi,,meta.json country=IN; currency=INR; state=Delhi; +91 phone on site,7
793,ElectroniksIndia,https://electroniksindia.com,support@electroniksindia.com,+919056091278; +912250165081,https://www.instagram.com/electroniksind,https://www.facebook.com/electroniksindia,,,https://www.youtube.com/channel/UCvrJa5HXTUezkvZCCElafzQ,Electronics & Gadgets,"Founded by an IIM Grad in 2018, ElectroniksIndia provide top quality branded products at cheapest prices with upto 1 YEAR in-India warranty. All our products are 100% original and authentic , shipped directly from our warehouses to our customer's doorstop.",meta_json,https://www.electroniksindia.com/cdn/shop/files/Electroniks-icon-png_15ceeb17-fbfd-481a-b784-4a6d3c500d48.png?v=1759566101&width=1075,Punjab,Zirakpur,,meta.json country=IN; currency=INR; state=Punjab; +91 phone on site,7
794,fab-persona,https://fabpersona.com,hello@fabpersona.com; prakrati.chauvey@gmail.com,+916378791333,https://www.instagram.com/fabpersona,https://www.facebook.com/fabpersona,,,,Apparel & Fashion,"Shop from the exclusive collection of unstitched suits and sarees with great quality and exquisite styles available at discounted prices. 50+ Indian Crafts Available Like Applique, Ajrak, Banarasi, Kota Doria and More.",meta_json,https://cdn.shopify.com/s/files/1/0245/5666/6960/files/feb-persona-logo-3_787a159c-18c0-429c-8632-fca02190cfea_32x32_1.png?v=1754480472,Rajasthan,Jaipur,,meta.json country=IN; currency=INR; state=Rajasthan; +91 phone on site,7
795,Genie Bags,https://genietravel.com,customercare@genietravel.com; customercare@safari.in,+919819547085; +918069148000,https://instagram.com/geniebags.in,https://www.facebook.com/GenieBags.in,,,https://youtube.com/channel/UCTb7UawFl1KslUF_JT-BolA,Bags & Luggage,Buy Trendy and Chic Backpacks and Luggage for Women from the Official Genie bags website | Free Shipping for a limited time | Shop Now,meta_json,https://genietravel.com/cdn/shop/files/Genie_Logo_102d45ed-b66b-4f7e-bae5-b1a79d611cf4_485x.png?v=1662115635,Maharashtra,Mumbai,,meta.json country=IN; currency=INR; state=Maharashtra; +91 phone on site,7
796,TRIGGR,https://getriggr.com,care@getriggr.com; shop@getriggr.com; hello@getriggr.com,+918851340679,https://www.instagram.com/getriggr,https://www.facebook.com/getriggr,,,,Electronics & Gadgets,"Ever heard the sound of limitless possibilities? At Triggr, we strive to make a lasting impression with an unparalleled listening experience, from immersive music and uninterrupted communication to making your opponent taste defeat whilst you take on that end game, one beat at a time.",meta_json,https://getriggr.com/cdn/shop/files/Logo_1200x628_35fc2b68-d72e-4d16-88b3-00c89bd69e7f.png?v=1688446909&width=1200,Uttar Pradesh,Noida,,meta.json country=IN; currency=INR; state=Uttar Pradesh; +91 phone on site,7
797,Jumkey Handmade Terracotta Jewellery | 100% Handmade with Love ❤️,https://jumkey.com,support@jumkey.com; prajwalps97@gmail.com,+919902631591,https://www.instagram.com/jumkeyclub,https://www.facebook.com/jumkeyfashionjewellery,,,,Jewellery & Accessories,"Jumkey is a top website offering Terracotta Jewellery designs. Loved By 50,000+ Customers since 2016. 100% Handcrafted & Customizable Fashion Jewellery to Match your Dress. 100% Refund if you don't love it ❤️ International Shipping via DHL in 7 Days",meta_json,https://jumkey.com/cdn/shop/files/jumkey_logo_04.png?v=1755521824&width=500,Karnataka,Bangalore,,meta.json country=IN; currency=INR; state=Karnataka; +91 phone on site; Indian PIN code on site,7
798,Kaladhar,https://mykaladhar.com,support@mykaladhar.com,+917386969693; +919866709594; +918885072900,https://www.instagram.com/kaladharfabrics,https://www.facebook.com/kaladhargroup,,,https://www.youtube.com/@kaladharsareeandfabrics,Apparel & Fashion (Women),Explore the new collection for saree and discover the latest trending sarees at Kaladhar. Shop now for exclusive designs and premium quality. Visit now.,meta_json,https://mykaladhar.com/cdn/shop/files/Kaladhar_Logo_English_4862b78c-e24f-42c9-90b6-24f36a8e8aa8.png?v=1677676657&width=1600,Telangana,Hyderabad,,meta.json country=IN; currency=INR; state=Telangana; +91 phone on site,7
799,Safari Bags ,https://safaribags.com,customercare@safari.in,+918069148000,https://www.instagram.com/safaribags,https://www.facebook.com/SafariBagsIndia,,https://www.linkedin.com/company/safari-industries-india-ltd.,https://www.youtube.com/@safaribags8508,Bags & Luggage,"Explore our wide collection of Luggage, Trolley Bags, Suitcases, Backpacks, Travel Bags and Accessories. Shop Online to Bag the best deals, with free shipping on all orders and 5 year warranty.",meta_json,https://safaribags.com/cdn/shop/files/safari_logo_537x.png?v=1701758679,Maharashtra,Mumbai,,meta.json country=IN; currency=INR; state=Maharashtra; +91 phone on site,7
800,SaintG India,https://saintg.in,info@saintg.in; support@saintgshoes.com; wholesale@saintgshoes.com,+914041424344,https://www.instagram.com/saintgworld,https://www.facebook.com/saintgworld,,,,Footwear,Buy Designer Shoes Online In India. Check Our Wide Collection Of Premium Leather Shoes ✯ Buy Shoes Online For Women & Men ✯ Leather Handcrafted ✯ Designed in Milan,meta_json,https://www.saintg.in/cdn/shop/files/NEWYORK-LOGO---Kim.png?v=1727093336&width=280,Haryana,Gurugram,,meta.json country=IN; currency=INR; state=Haryana; .in domain; +91 phone on site,7
801,Sasitrends,https://sasitrends.com,support@sasitrends.com,+916382164955; +916382614955,https://www.instagram.com/sasitrends,https://www.facebook.com/SasitrendsFashionJewellery,,,https://www.youtube.com/channel/UCuK9XhpHIIKHrZZpO6qOoLA,Jewellery & Accessories,"Sasitrends Online Indian Fashion Jewellery Store for Necklace Sets, Bangles, Bracelets, Earrings, Nose rings, Anklets, Traditional Jewellery-Retail & Wholesale",meta_json,https://www.sasitrends.com/cdn/shop/files/sasi-trends-logo_500x_af437586-0600-4b02-a5e7-1a1c43e7cf71.png?v=1720518038&width=420,Tamil Nadu,Chennai,,meta.json country=IN; currency=INR; state=Tamil Nadu; +91 phone on site,7
802,Sojanya,https://sojanya.com,info@sojanya.com,+919354672172,https://www.instagram.com/sojanya1958,https://www.facebook.com/sojanya1958,,,,Apparel & Fashion (Men),"Discover Timeless men’s ethnic wear that blends tradition with modern style, all on a budget. From kurta sets and bundi sets to Nehru jackets, our size-inclusive collection offers quality, comfort, and elegance for every occasion, ensuring you look your best without breaking the bank.",meta_json,https://sojanya.com/cdn/shop/files/Sojanya-Logox-1_1_f7390b2f-bcf2-4cbe-8b10-9c19ad8423cc_138x.png?v=1717658424,Delhi,Delhi,,meta.json country=IN; currency=INR; state=Delhi; +91 phone on site,7
803,suryasilksonline.com,https://suryasilksonline.com,info@suryasilksonline.com; mail@suryasilksonline.com; suryasilkskannur@gmail.com,+919495975579; +919400061934,https://www.instagram.com/surya_silk,https://www.facebook.com/suryasilkskannur,,,https://www.youtube.com/channel/UCt97KvEqAdGXZiw4bqlkaLg,Apparel & Fashion (Men),"Welcome to SuryaSilksOnline.com, your premier destination for high-octane fashion that leaves a lasting impression. Dive into our expansive collection of Men's and Women's clothing, meticulously curated to embody the latest trends and timeless elegance. Gear up for a shopping experience like never b",meta_json,https://suryasilksonline.com/cdn/shop/files/SuryaSilksOnline_Logo_Dimensions_min_1_000_x_500_pixels_1000x.png?v=1703139786,Kerala,KANNUR,,meta.json country=IN; currency=INR; state=Kerala; +91 phone on site,7
804,The Ethnic Label,https://theethniclabel.com,hello@theethniclabel.com,+917021991231,http://instagram.com/theethniclabel,https://www.facebook.com/theethniclabel,,,,Apparel & Fashion,Beautifully hand-crafted products by the artisans of India,meta_json,https://theethniclabel.com/cdn/shop/files/Green_logo_1000x.png?v=1614324606,Rajasthan,Jodhpur,,meta.json country=IN; currency=INR; state=Rajasthan; +91 phone on site,7
805,True Diamond IN,https://truediamond.in,hi@truediamond.in,+918200532030; +919076009085; +919082174189,https://www.instagram.com/truediamond.official,,,https://www.linkedin.com/company/truediamondofficial,,Jewellery & Accessories,"Home of the Portuguese cut - world’s brightest diamond | 100% certified lab grown diamond rings | From daily wear to statement solitaire rings | lifetime buyback, exchange & warranty | All India shipping",meta_json,https://truediamond.in/cdn/shop/files/logo.png,Maharashtra,Mumbai,,meta.json country=IN; currency=INR; state=Maharashtra; .in domain; +91 phone on site,7
806,TRULY SMA,https://trulysma.com,hello@trulysma.com,+917600372100,https://www.instagram.com/truly.sma,https://www.facebook.com/profile.php?id=61581766941995,,,,Apparel & Fashion,"Discover Truly SMA’s elegant kurta sets, co-ords and dresses crafted for modern women who love effortless fashion. Find your signature look and shop now!",meta_json,https://trulysma.com/cdn/shop/files/top_logo.png?v=1759225950&width=500,Gujarat,Surat,,meta.json country=IN; currency=INR; state=Gujarat; +91 phone on site,7
807,Crazymonk,https://crazymonk.in,support@crazymonk.in,+919363807979,https://www.instagram.com/crazymonkofficial,https://www.facebook.com/crazymonk.off,https://twitter.com/CrazyMonkoff,,,Apparel & Fashion (Men),Crazymonk is an Online Shopping Site for Men & Women Fashion wears. Choose and Buy from the best in class Men and Women clothing's.,meta_json,https://crazymonk.in/cdn/shop/files/New-Logo-2024-s4.webp?v=1714044239&width=1080,Tamil Nadu,Tiruppur,,meta.json country=IN; currency=INR; state=Tamil Nadu; .in domain; +91 phone on site,7
808,Label Flavia,https://labelflavia.com,customercare@labelflavia.com,+918233354164; +918233354162,https://www.instagram.com/labelflavia,https://www.facebook.com/LabelFlavia,,https://www.linkedin.com/showcase/labelflavia,,Apparel & Fashion (Women),"Discover Label Flavia, your destination for stylish women's fashion. Shop premium ethnic and western wear, crafted with quality and elegance to elevate your wardrobe. Unleash your style with Label Flavia today!",meta_json,https://labelflavia.com/cdn/shop/files/Fashion_Logo_1500_x_500_px.png?v=1735299469&width=200,Rajasthan,Jaipur,,meta.json country=IN; currency=INR; state=Rajasthan; +91 phone on site; Indian PIN code on site,7
809,Maybell Womens Fashion,https://maybellindia.com,support@maybellindia.com,+919962118181,https://www.instagram.com/maybell_india,https://www.facebook.com/Maybell.Chennai,,,,Apparel & Fashion,"Shop stylish Indian ethnic wear for women & kids at Maybell – Skirt & Top Sets, Nightwear, Kurtas, Tunics, Kurta Sets, Kids Skirt Sets & more. Worldwide shipping available.",meta_json,https://maybellindia.com/cdn/shop/files/logo_hires_1_copy.png?v=1629371908&width=500,Tamil Nadu,Chennai,,meta.json country=IN; currency=INR; state=Tamil Nadu; +91 phone on site,7
810,Meena Bazaar,https://meenabazaar.com,customercare@meenabazaar.com,+917303888641; +919779771453,https://www.instagram.com/meenabazaar,https://www.facebook.com/MeenaBazaar,,,https://www.youtube.com/channel/UCxuqspu5N8CZThWFc8xa9ig,Apparel & Fashion,"Online Shopping for Women. Shop Online from a wide range of Women's Clothing. Women's Kurtis Online, Women's Sarees Online, Ladies Suits Online, Anarkali Suits, Sharara Suits & more in India @ Meena Bazaar ✯Free Shipping ✯Easy returns and exchanges. Best Shopping website in India for women shopping.",meta_json,https://meenabazaar.com/cdn/shop/files/logo_240x_2x_db83f13f-90bf-4fe4-bd99-0a76fa63e6f0_250x.png?v=1754648605,Delhi,New Delhi,,meta.json country=IN; currency=INR; state=Delhi; +91 phone on site,7
811,pazhassigarden,https://pazhassigarden.in,care@pazhassigarden.in; ovokindia@gmail.com,+919562662482; +918893182482,https://www.instagram.com/gardenpazhassi,https://www.facebook.com/people/Pazhassi-Garden/100087815298231,,,,Plants & Gardening,"Buy healthy live plants online from Pazhassi Garden. Explore indoor plants, flowering plants, rare plants, climbers, Anthuriums, Philodendrons, Alocasias and more. Safe packaging and delivery across India.",meta_json,https://www.pazhassigarden.in/cdn/shop/files/Pazhassi_Garden_logo_4b6a85aa-ca20-4f25-8890-e3c5f0de05d5.png?v=1784788707&width=330,Kerala,Kannur,,meta.json country=IN; currency=INR; state=Kerala; .in domain; +91 phone on site; Indian PIN code on site,7
812,Pink Fort by FableStreet,https://pinkfort.co,care@pinkfort.co; anisha.jayarajan@fablestreet.com,+911140787575,https://www.instagram.com/pinkfort.co,https://www.facebook.com/pinkfort,,,,Apparel & Fashion (Women),"Your ultimate destination for premium and stylish modern Indian wear that offers kurta sets, dresses, tops and so much more! Explore the collection!",meta_json,https://pinkfort.co/cdn/shop/files/Header_-_PF_Logo_-_280px_X_80px.png?v=1790167198&width=1167,Haryana,GURGAON,,meta.json country=IN; currency=INR; state=Haryana; +91 phone on site,7
813,Pspeaches,https://pspeaches.com,customercare@pspeaches.com,+919990965606,https://www.instagram.com/pspeaches,https://www.facebook.com/pspeaches1,,,,Apparel & Fashion,"Pspeaches brings you best clothing collection for girls and kids. All kinds of kids ethnic wear, casual, summer/spring wear and more. Get ₹150 OFF on every order!",meta_json,https://www.pspeaches.com/cdn/shop/files/logo_1.png?v=1661018808&width=240,Uttar Pradesh,Noida,,meta.json country=IN; currency=INR; state=Uttar Pradesh; +91 phone on site,7
814,Sindhi Dry Fruits,https://sindhidryfruits.live,contact@sindhidryfruits.live,+918178474593,https://instagram.com/sindhidryfruits,https://facebook.com/sindhidryfruits.live,,,,Gifts & Hampers,"Shop premium Sindhi dry fruits online at unbeatable prices. Explore a wide range of high-quality nuts, raisins, dates, and more. Freshness and purity guaranteed.",meta_json,https://sindhidryfruits.live/cdn/shop/files/logo_with_R_bf5c98dd-ba61-4d0b-b691-4510d500a15a.png?v=1783862646&width=400,Delhi,New Delhi,,meta.json country=IN; currency=INR; state=Delhi; +91 phone on site,7
815,Tara-C-Tara,https://taractara.com,support@taractara.com; support@taractara.con,+919929767621,https://www.instagram.com/tara_c_tara,https://www.facebook.com/Tara-C-Tara-107858734366200,,,,Apparel & Fashion,Elevate your ethnic wardrobe with Tara C Tara. Shop online for exclusive designer ethnic dresses for women crafted with rich fabrics and fine detailing.,meta_json,https://taractara.com/cdn/shop/files/TaraCTara-Logo_140x70_126a7502-be7c-4b0a-8acf-b2002506c62d_584x.png?v=1668512124,Rajasthan,Jaipur,,meta.json country=IN; currency=INR; state=Rajasthan; +91 phone on site,7
816,Varanga,https://varanga.in,care@varanga.co.in,+919727068000; +919727067000,https://www.instagram.com/varanga_official,https://www.facebook.com/Varanga-2008367166051742,,,,Apparel & Fashion (Women),"Buy Designer Kurtas for Women online. Explore our collection of festive kurtas, fusion Kurta, daily wear Kurtas and Kurta Sets online at Varanga.",meta_json,https://varanga.in/cdn/shop/files/PNG_LOGO.png?v=1754402104,Gujarat,Surat,,meta.json country=IN; currency=INR; state=Gujarat; .in domain; +91 phone on site,7
817,Vasansi Jaipur,https://vasansi.com,reachus@vasansi.co.in; ___________@vasansi.com; _________@vasansi.com,+919116699595,https://instagram.com/vasansi_jaipur,https://www.facebook.com/vasansi,,,,Apparel & Fashion,"Vasansi Collection Online - Shop exclusive unique Lehengas, designer Sarees, Anarkalis, Shararas, Kurtas & more Online from Vasansi Jaipur's online store.",meta_json,https://www.vasansi.com/cdn/shop/files/vasansi_logo_2_new11_150x.webp?v=1659543226,Rajasthan,Jaipur,,meta.json country=IN; currency=INR; state=Rajasthan; +91 phone on site,7
818,Vishal Prints,https://vishalprints.in,support@vishalprints.in,+919512856565,https://www.instagram.com/vishalprints,https://www.facebook.com/VishalPrints,,,,Apparel & Fashion,"Vishal Prints a trusted brand for over 25 years offers latest designer, beautiful collection of sarees online. Explore a wide range of designer sarees available in variety of fabrics, patterns and print at the best prices. Shop Now!",meta_json,https://www.vishalprints.in/cdn/shop/files/9x9-png_TRANSPARENT.png?v=1682080289&width=2700,Gujarat,Surat,,meta.json country=IN; currency=INR; state=Gujarat; .in domain; +91 phone on site,7
819,Be Clinical,https://be-clinical.com,hello@be-clinical.com,+917042199965,https://www.instagram.com/be.clinical,https://www.facebook.com/profile.php?id=61575807333428,,,,Beauty & Personal Care,"Be Clinical is a science-driven skincare brand offering effective, gender-neutral products that are sustainable and compatible with your skin's needs.",meta_json,https://cdn.shopify.com/s/files/1/0533/6265/5426/files/white_logo_4265f84d-bf5a-4545-9435-c6267fce1f64.png?v=1746429233,Delhi,NEW DELHI,,meta.json country=IN; currency=INR; state=Delhi; +91 phone on site,7
820,AMARIS ,https://amarisjewels.com,online@amarisjewels.com,+919999677653; +919220733325; +919311036266,https://www.instagram.com/amarisjewelsofficial,https://www.facebook.com/AmarisByPrernaRajpal,,,,Jewellery & Accessories,"Discover Amaris: bold, modern fine jewellery crafted for statement-makers. From iconic bridal jewels to elevated everyday pieces, each IGI-certified creation delivers sparkle and confidence. Worldwide shipping with lifetime buyback and exchange.",meta_json,https://cdn.shopify.com/s/files/1/0413/2234/8699/files/amaris_logo__final-01_1.png?v=1765371959,Delhi,New Delhi,,meta.json country=IN; currency=INR; state=Delhi; +91 phone on site,7
821,Anayna,https://anayna.com,customercare@anayna.com; handsstudio@outlook.com,+918209227861,https://www.instagram.com/anaynaclothing,https://www.facebook.com/anaynaclothing,,,,Apparel & Fashion (Women),"Buy curated women's clothes collections for every mood, every moment that define your style. Quality fabrics, timeless cuts, and styles that move with you.",meta_json,https://anayna.com/cdn/shop/files/logobrown_35e505c8-9c76-40db-ad1a-3f95eed3c619.png,Rajasthan,Jaipur,,meta.json country=IN; currency=INR; state=Rajasthan; +91 phone on site,7
822,HealthyHey,https://healthyhey.com,info@healthyhey.com,+917303030101,https://www.instagram.com/healthyheynutrition,https://www.facebook.com/healthyhey,,,,Health & Wellness,"Discover our wide range of top-quality supplements in India. Shop sports nutrition, vitamins, minerals, herbal extracts, and more for your health needs.",about_meta_description,https://cdn.shopify.com/s/files/1/2181/1153/files/HealthyHey_Logo_copy_86173c7f-c162-48ef-9240-06fa82fed1ce.jpg?v=1780889714,Maharashtra,Mumbai,,meta.json country=IN; currency=INR; state=Maharashtra; +91 phone on site,7
823,Heritage Hues By Ritika,https://heritagehuesbyritika.com,contact@heritagehuesbyritika.com; support@heritagehuesbyritika.com; pratikachauhan407@gmail.com,+918882720928; +918700209140,https://www.instagram.com/heritagehuesbyritika,,,,https://youtube.com/@ritikaraghaw,Apparel & Fashion,"Welcome to Heritage Hues, where tradition meets modernity in every stitch! Founded by Ritika Raghaw in February 2023, Heritage Hues was founded with a deep passion for empowering progressive women and connecting them to their roots.",about_meta_description,https://heritagehuesbyritika.com/cdn/shop/files/erasebg-transformed.png?v=1738394254&width=960,Haryana,Faridabad,,meta.json country=IN; currency=INR; state=Haryana; +91 phone on site,7
824,Jaipuri Stitch,https://jaipuristitch.com,support@jaipuristitch.com,+919992227263,https://www.instagram.com/jaipuristitch,https://www.facebook.com/people/Jaipuri-Stitch/100090622764422,,,,Apparel & Fashion (Men),"Welcome to JaipuriStitch, your ultimate destination for authentic Sanganeri clothing. Since our inception in 2021, we have been passionately crafting and delivering timeless pieces that celebrate the rich heritage of Jaipur’s traditional artistry.",about_meta_description,https://jaipuristitch.com/cdn/shop/files/Untitled_design__3_-9C4jMAo_t-transformed_1.png?v=1720173469&width=500,Rajasthan,Jaipur,,meta.json country=IN; currency=INR; state=Rajasthan; +91 phone on site,7
825,kollercut,https://kollercut.com,contact@kollercut.com,+917046891000; +917046391000; +919104490000,https://www.instagram.com/kollercut,https://www.facebook.com/Kollercut-100813625198642,https://twitter.com/kollercut,,,Apparel & Fashion,"A shirt is more specifically a garment with a collar, sleeves with cuffs, and a full vertical opening with buttons or snaps.The features - a highly popular look,Wear it to a meeting, wear it out to dinner, appropriate for casual wear and festive occasions.",meta_json,https://kollercut.com/cdn/shop/files/koller_cut_lgoo-01_33088e55-9a18-46eb-8e21-1bcc2776b607.png?v=1710845884&width=500,Gujarat,Surat,,meta.json country=IN; currency=INR; state=Gujarat; +91 phone on site; Indian PIN code on site,7
826,MetroActiv,https://metroactiv.com,customercare@metroactiv.com,+918104420667,https://www.instagram.com/metroactiv,https://www.facebook.com/people/MetroActiv-India/61582752527080,,,,Footwear,"Shop Metro Activ for top footwear and sportswear brands like Adidas, Puma, Skechers, Crocs, Fila, ASICS, New Balance, New Era and SG Sports for men, women and kids.",meta_json,https://www.metroactiv.com/cdn/shop/files/Metroactiv_White_26a73eb4-37b1-4824-9b67-ea159547845b.png?v=1763469788&width=5760,Maharashtra,Mumbai,,meta.json country=IN; currency=INR; state=Maharashtra; +91 phone on site,7
827,Prigan Wheel Covers,https://priganindia.com,info@priganindia.com,+919999135768,https://www.instagram.com/priganindia,,,,https://www.youtube.com/channel/UCnB_xp7V34GSmsWwEtBrDEQ,Automotive,Shop high-quality car wheel covers with unique designs at Prigan India. Stylish and durable options for a perfect fit on every vehicle.,meta_json,https://priganindia.com/cdn/shop/files/Untitled_design.png?v=1732788343&width=500,Delhi,Delhi,,meta.json country=IN; currency=INR; state=Delhi; +91 phone on site,7
828,Reid & Taylor,https://reidandtaylor.in,support@rtil.in,+9118002030571; +913840424446,https://www.instagram.com/reidandtaylorapparel,https://www.facebook.com/reidandtaylorapparel,,https://in.linkedin.com/company/reidandtaylorapparel,https://youtube.com/@reidandtaylorapparel,Apparel & Fashion (Men),"Shop Reid & Taylor's Spring Summer 2026 collection — premium men's formal shirts, trousers, chinos & blazers. Free shipping across India.",meta_json,https://reidandtaylor.in/cdn/shop/files/1024x512_Logo.svg?v=1729157904&width=512,Maharashtra,Mumbai,,meta.json country=IN; currency=INR; state=Maharashtra; .in domain; +91 phone on site,7
829,Salammal Silks,https://salammalsilks.com,sales@salammalsilks.com; sales@salammasilks.com; salammalsilks@gmail.com,+914449795128; +917449744989; +919256925684,,https://www.facebook.com/people/Salammal-Silks/61559777057969,,,https://www.youtube.com/@SalammalSilks,Apparel & Fashion,"Shop pure handloom Kanjivaram silk sarees directly from Salammal Silks in Kanchipuram. Silk Mark sarees, Pure Zari, 2G Zari, Madisar and more. Worldwide shipping.",meta_json,https://www.salammalsilks.com/cdn/shop/files/logo_gold_kanchi_cropped.png?v=1776426067&width=500,Tamil Nadu,Kanchipuram,,meta.json country=IN; currency=INR; state=Tamil Nadu; +91 phone on site,7
830,Aretto,https://wearetto.com,support@wearetto.com; partner@wearetto.com; sana.k@wearetto.com,+919309192340,https://www.instagram.com/wearettodotcom,,,https://www.linkedin.com/company/aretto,,Footwear,"Shop kids shoes that grow with your child. Expandable soles fit up to 3 sizes, zero-drop design, free shipping & 10-day returns. Shop shoes for kids now!",meta_json,https://wearetto.com/cdn/shop/files/logo-arettp.png?v=1754643922&width=63,Maharashtra,Pune,,meta.json country=IN; currency=INR; state=Maharashtra; +91 phone on site; Indian PIN code on site,7
831,HAY! ,https://hayclothing.in,care@hayclothing.in,+919944842672,https://instagram.com/hayclothing,https://facebook.com/hayclothingindia,,,,Apparel & Fashion,Shop Hay for trendy floral and casual dresses. Explore stylish women's fashion at one of the top online shopping stores for chic and elegant dresses!,meta_json,https://www.hayclothing.in/cdn/shop/files/LOGO-01_1.png?v=1680887984&width=300,Tamil Nadu,Erode,,meta.json country=IN; currency=INR; state=Tamil Nadu; .in domain; +91 phone on site,7
832,MODERN SERIES,https://modernseries.in,support@modernseries.in; modernseries2@gmail.com,+919327597065; +919898381659,https://www.instagram.com/modernseriesindia,https://www.facebook.com/modernseriesindia,,,,Jewellery & Accessories,"About Modern Series Redefining men's fashion with bold, modern and premium stainless steel jewellery. Welcome to Modern Series — your ultimate destination for stylish and durable men's stainless steel jewellery.",about_meta_description,https://modernseries.in/cdn/shop/files/LOGO_4.png?v=1775123449&width=500,Gujarat,Surat,,meta.json country=IN; currency=INR; state=Gujarat; .in domain; +91 phone on site,7
833,nutrelanutrition,https://nutrelanutrition.com,wecare@patanjalifoods.co.in,+9118001804109; +918882052716,https://www.instagram.com/nutrelanutrition,https://www.facebook.com/nutrelanutrition,https://x.com/NutrelaN,,https://www.youtube.com/@nutrelanutrition,Health & Wellness,"Explore Nutrela’s premium range of Patanjali healthcare products and nutritional supplements formulated to support your health, vitality, and overall well-being. Step into a healthier future now!",meta_json,https://www.nutrelanutrition.com/cdn/shop/files/big-news-network.png?height=120&v=1775034306,Uttar Pradesh,Noida,,meta.json country=IN; currency=INR; state=Uttar Pradesh; +91 phone on site,7
834,Purple United Kids,https://purpleunited.com,connect@purpleunited.com; hire@purpleunited.in; hire@purpleunited.com,+919319391444,https://www.instagram.com/purpleunited15,https://www.facebook.com/purpleunitedkids,,https://www.linkedin.com/company/purple-united-sales-limited,,Apparel & Fashion,"Shop stylish, high-quality kidswear and footwear for boys, girls, and infants. Discover cruelty-free, lab-tested, and responsibly sourced fashion at Purple United",meta_json,https://purpleunited.com/cdn/shop/files/e_come_100_store_logo_.11.jpg?v=1771572273&width=1600,Delhi,Delhi,,meta.json country=IN; currency=INR; state=Delhi; +91 phone on site,7
835,The Revolver Club,https://therevolverclub.com,sales@therevolverclub.com,+919833182255,https://www.instagram.com/therevolverclub,,,,https://www.youtube.com/@therevolverclub/videos,Jewellery & Accessories,"The Revolver Club brings to you Hi-Fi audio in India with its range of luxury audio systems including vinyl records, turntables, home theatre systems, amplifier",meta_json,https://www.therevolverclub.com/cdn/shop/files/TRC_Logo_HighRes_1f1147db-ab8a-4f7a-88f6-a5319791aecb.png?v=1714556628&width=380,Maharashtra,Mumbai ,,meta.json country=IN; currency=INR; state=Maharashtra; +91 phone on site,7
836,Weave & Decor,https://weaveanddecor.com,info.weaveanddecor@gmail.com,+919812035799; +919996311799; +919992021799,https://instagram.com/weaveanddecor,https://www.facebook.com/weaveanddecor,https://x.com/weaveanddecor77,https://www.linkedin.com/company/weaveanddecor,https://www.youtube.com/@brandweaveanddecor,Home & Decor,"Buy stylish online bedsheets in every size with modern prints, comforters, towels, mattress protectors, mugs & free shipping with COD available.",meta_json,https://cdn.shopify.com/s/files/1/0595/4859/8425/files/weave_decor_logo-02_cf6efd8d-4e75-45fa-bb31-abe3730d1541.jpg?v=1756530012,Haryana,PANIPAT,,meta.json country=IN; currency=INR; state=Haryana; +91 phone on site,7
837,Yera,https://yera.com,shrenoglass@alembic.co.in,+912656637776; +912656637484; +916357690935,https://www.instagram.com/yera.glassware,https://www.facebook.com/yera.glassware,,https://www.linkedin.com/company/yera-glassware-shrenoltd,https://www.youtube.com/@yeraglassware,Kitchen & Dining,"Renowned for producing high-quality glassware since 1958, YERA is a household name in India and across the globe.",meta_json,https://www.yera.com/cdn/shop/files/yera-glassware-logo-svg.svg?height=38&v=1767685694,Gujarat,Vadodara,,meta.json country=IN; currency=INR; state=Gujarat; +91 phone on site; Indian PIN code on site,7
838,ACwO,https://acwo.com,acwo.life@gmail.com,+919320420001,https://www.instagram.com/acwolyf,https://www.facebook.com/acwolyf,https://twitter.com/acwolyf,https://www.linkedin.com/company/acwo,https://www.youtube.com/@acwolyf,Electronics & Gadgets,"Buy ACwO wireless earbuds, smart watches, bt neckband earphones and other lifestyle products online at best price in India. Buy made in India lifestyle products with ACwO. Check out branded ACwO lifestyle products now!",meta_json,https://cdn.shopify.com/s/files/1/0666/4870/3294/files/ACwO_Logo-01_b0677cf3-0977-467c-9831-d5afbc8586df.jpg?v=1698659785,Maharashtra,Mumbai,,meta.json country=IN; currency=INR; state=Maharashtra; +91 phone on site,7
839,Dekor Company,https://dekorcompany.com,support@dekorcompany.com,+919560711411; +917011676640; +917042499967,https://www.instagram.com/thedekorcompany,https://www.facebook.com/thedekorcompany,,,,Plants & Gardening,"Browse an Extensive Range of Home Decoration Items Store Online in India. Design your space with amazing artifacts, specially curated for bedrooms or living rooms. Shop from the best house decorative website in India. Explore the latest collection of Table Decor, Wall Decor, Lighting, Furniture and ",meta_json,https://cdn.shopify.com/s/files/1/0258/3638/8445/files/logo2_200x.jpeg?v=1566646627,Delhi,Delhi,,meta.json country=IN; currency=INR; state=Delhi; +91 phone on site,7
840,Kaavyam,https://kaavyam.in,support@kaavyam.in,+917994441066,https://www.instagram.com/kaavyam.in,,,,https://www.youtube.com/@kaavyam_in,Apparel & Fashion,Discover a curated collection of exquisite women's clothing at Kaavyam. Embrace the beauty of Indian textiles and craftsmanship. Shop now for timeless elegance,meta_json,https://kaavyam.in/cdn/shop/files/kaavyam_TM_logo.svg?v=1767358382&width=500,Kerala,Kochi,,meta.json country=IN; currency=INR; state=Kerala; .in domain; +91 phone on site,7
841,Krutico,https://krutico.com,care@krutico.com; prishapparelsprivatelimited@gmail.com,+918905715454; +917375055454; +917357325454,https://www.instagram.com/_kruti_co,https://www.facebook.com/profile.php?id=61565869581348,,,,Apparel & Fashion (Women),"Shop premium cotton short kurtis, 3-piece kurta sets, anarkali suits & elegant sarees online. Explore festive, office, and daily wear collections handcrafted in India at KrutiCo.",meta_json,https://krutico.com/cdn/shop/files/kruti-logo_3b82e3b3-dfd4-4522-b9f9-5f05abdc66aa.png?v=1733897363&width=500,Rajasthan,Alwar,,meta.json country=IN; currency=INR; state=Rajasthan; +91 phone on site,7
842,Mapro,https://mapro.com,connect@mapro.com,+918805004000,https://www.instagram.com/maprofoods,https://www.facebook.com/maprofoods,,,,Food & Beverages,"Explore our range of brands under Mapro - Lounge, Pra, Falero, Mazaana, Snackery & Whitty. Now enjoy the tasty products from the hills of Mahabaleshwar. Order now!",meta_json,https://www.mapro.com/cdn/shop/files/Mapro_Logo_600_px_x_400_px_B.png?v=1714199730&width=100,Maharashtra,WAI,,meta.json country=IN; currency=INR; state=Maharashtra; +91 phone on site,7
843,Nazranachikan,https://nazranachikan.com,sales@nazranachikan.com,+919219445592; +917703079886,https://www.instagram.com/nazranachikan,https://www.facebook.com/Nazranachikanofficial,,,,Apparel & Fashion (Women),Discover exquisite Chikankari suits at Nazrana Chikan. Our party wear chikan suits features elegant designs crafted with precision. Shop now for the perfect ensemble!,meta_json,https://nazranachikan.com/cdn/shop/files/nazrana-logo_78ffaee0-60a1-495a-8a9e-58bbbba80937.webp?v=1768039248,Uttar Pradesh,Lucknow,,meta.json country=IN; currency=INR; state=Uttar Pradesh; +91 phone on site,7
844,Peora,https://peorajewellery.com,hello@peorafashions.com; hello@peorafashion.com; info@peoafashions.com,+919930497566,https://www.instagram.com/peorajewelleryindia,https://www.facebook.com/peorajewelsindia,,https://in.linkedin.com/company/peora,https://www.youtube.com/@peorajewelleryindia,Jewellery & Accessories,"Shop fashion and 925 sterling silver jewellery for women at Peora. Explore curated collections of necklaces, rings, earrings and bangles designed for style, quality, everyday wear and special moments.",meta_json,https://cdn.shopify.com/s/files/1/0598/4573/8659/files/Peora_Logo.png?v=1715765610,Maharashtra,Mumbai,,meta.json country=IN; currency=INR; state=Maharashtra; +91 phone on site,7
845,Ristoss,https://ristoss.com,info@ristoss.com,+919099294440,https://www.instagram.com/ristossbags,https://www.facebook.com/Ristoss,,,,Bags & Luggage,"Welcome to Ristoss, where we are passionate about delivering high-quality backpacks, luggage's, covers, slings, etc. that blend functionality with style. Our focus on modern design and innovative features ensures our products meet the needs of professionals, students, and travelers alike.",about_meta_description,https://ristoss.com/cdn/shop/files/Layer_9_4b53b355-5871-4a51-ae0f-f696a9059fe6.png?v=1774083822&width=1439,Gujarat,Surat,,meta.json country=IN; currency=INR; state=Gujarat; +91 phone on site,7
846,ServDharm,https://servdharm.com,support@servdharm.com; servcare@servdharm.com; heavena@servdharm.com,+918448841866; +918099267392,https://www.instagram.com/servdharm,https://www.facebook.com/ServDharm,,,,Religious & Pooja,"Discover ServDharm – your trusted source for premium pooja samagri, handcrafted god idols, pooja thali sets, and traditional festive gifts. Shop authentic, spiritually uplifting products delivered with devotion.",meta_json,https://servdharm.com/cdn/shop/files/home-featured_600x.jpg?v=1661431395,Delhi,Delhi,,meta.json country=IN; currency=INR; state=Delhi; +91 phone on site,7
847,Shop Mulmul,https://shopmulmul.com,orders@shopmulmul.com,+919810220059,https://www.instagram.com/shopmulmul,https://www.facebook.com/shopmulmul,,,,Apparel & Fashion (Women),"Discover Mulmul's collection of luxurious and comfortable Indian wear. From elegant kurta sets to vibrant lehengas, each piece is created with intricate embroidery and premium fabrics.",meta_json,https://shopmulmul.com/cdn/shop/files/Mulmul-_Hindi_logo_1200_x_628_px.png?v=1712906899&width=1200,Delhi,New Delhi,,meta.json country=IN; currency=INR; state=Delhi; +91 phone on site,7
848,Praylady,https://shopwithpraylady.com,sales@praylady.com; shop.support@praylady.com,+914446248508; +919087704906; +917092579128,https://www.instagram.com/prayladybrand,https://www.facebook.com/prayladybrand,,https://www.linkedin.com/company/praylady-brand,https://www.youtube.com/@prayladybrand8126,Kitchen & Dining,Buy wide range of Stainless Steel Vessels online in India at PrayLady. Choose from a variety of high-quality Steel utensils for cooking only at best price.,meta_json,https://shopwithpraylady.com/cdn/shop/files/68-X-120_1.png?v=1776664393&width=1360,Tamil Nadu,Chennai,,meta.json country=IN; currency=INR; state=Tamil Nadu; +91 phone on site,7
849,Vahro,https://vahro.in,connect@vahro.in; concierge@vahro.in; sagar.thukhran@thesouledstore.com,+912250164000,https://www.instagram.com/vahro.official,https://www.facebook.com/vahro.official,,,,Apparel & Fashion,Shop finest men’s clothing at Vahro – from casual shirts to tailored chinos to premium linen shirts.,meta_json,https://vahro.in/cdn/shop/files/Frame_1000008218.png?v=1752816618&width=470,Maharashtra,Mumbai,,meta.json country=IN; currency=INR; state=Maharashtra; .in domain; +91 phone on site,7
850,Zarf Living Private Limited,https://zarfstudios.com,help@zarfstudios.com,+919817873932,https://instagram.com/zarfstudios,https://www.facebook.com/profile.php?id=100089200105793,,https://www.linkedin.com/company/zarf-studios,,Home & Decor,"Zarf Studios brings you a range of aesthetic home decor from minimal jute rugs, soft AC blankets, scented soy wax candles, and extra fluffy comforter sets. Shop now and enhance your home.",meta_json,https://zarfstudios.com/cdn/shop/files/Group_238146_be90ad6a-415c-4d46-b917-79906a3bd3e0.webp?v=1706079231,Haryana,Karnal,,meta.json country=IN; currency=INR; state=Haryana; +91 phone on site,7
851,Budhshiv.com,https://budhshiv.com,admin@budhshiv.com,+918826480550,https://www.instagram.com/budhshiv,https://www.facebook.com/BudhShiv,,,,Religious & Pooja,Discover exquisite handcrafted brass products and artifacts at BudhShiv. Reviving traditional art while supporting artisan communities.,meta_json,https://cdn.shopify.com/s/files/1/0638/8491/9013/files/schemaplus_organization_logo.png?v=1755233523,Delhi,New Delhi,,meta.json country=IN; currency=INR; state=Delhi; +91 phone on site,7
852,Jovees Herbal,https://jovees.com,customercare@jovees.com; legal@jovees.com,+911204747777,https://www.instagram.com/joveesherbal,https://www.facebook.com/joveesherbal,,,,Beauty & Personal Care,"Discover Jovees Herbal, your ultimate destination for premium, natural skincare and beauty products. Explore our wide range of herbal, cruelty-free solutions designed to nourish your skin and enhance your natural beauty. Shop now for healthier, glowing skin with Jovees Herbal.",meta_json,https://www.jovees.com/cdn/shop/files/Jovees_Logo_796a44d2-a52b-4dd1-accc-ea46dd49ae67.png?v=1717052961&width=500,Uttar Pradesh,NOIDA,,meta.json country=IN; currency=INR; state=Uttar Pradesh; +91 phone on site,7
853,Living Shapes,https://livingshapes.in,store@livingshapes.com; info@livingshapes.com; buying@livingshapes.com; cs@livingshapes.com,+917340345377; +919928300706; +918233587524,https://www.instagram.com/thelivingshapes,https://www.facebook.com/people/The-Living-Shapes/61557369350300,,,,Home & Decor,"Shop ready-to-ship modern furniture, premium lighting, and home decor accents online. ✓ 40+ years craftsmanship ✓ COD ✓ Fast & Free Delivery",meta_json,https://livingshapes.in/cdn/shop/files/LS-Logo-Festive_4.png?v=1761807306&width=120,Rajasthan,Jodhpur,,meta.json country=IN; currency=INR; state=Rajasthan; .in domain; +91 phone on site,7
854,Revlon India,https://revlon.co.in,customercell@modibeautyproducts.com,+9118001217585; +911142504555,https://www.instagram.com/revlon_india,https://www.facebook.com/RevlonIndia,https://twitter.com/RevlonIndia,,https://www.youtube.com/user/RevlonIndia,Beauty & Personal Care,"Discover a wide range of makeup, skincare, hair care, beauty, Cosmetics and personal care products online from Revlon India. Shop now for top brands and great deals!",meta_json,https://revlon.co.in/cdn/shop/files/Revlon_Logo_260x.png?v=1711018938,Delhi,New Delhi,,meta.json country=IN; currency=INR; state=Delhi; .in domain; +91 phone on site,7
855,Sage By Mala,https://sagebymala.com,enquiry@sagebymala.com; orders@sagebymala.com; support@sagebymala.com; care@sagebymala.com; wholesale@sagebymala.com,+918287417084,https://www.instagram.com/sagebymala,https://facebook.com/sagebymala,,,,Apparel & Fashion,"Shop Sage By Mala — India's premium western wear brand for women in sizes XS to 5XL. Structured silhouettes, breathable fabrics, worldwide shipping. Easy returns.",meta_json,https://cdn.shopify.com/s/files/1/0782/8088/4524/files/Sage_by_mala-1.svg?v=1693057320,Haryana,Gurugram,,meta.json country=IN; currency=INR; state=Haryana; +91 phone on site,7
856,Sagacity ,https://thesagacity.in,support@thesagacity.in; unsubscriber@thesagacity.in,+919310521716,https://www.instagram.com/sagacityofficial,https://www.facebook.com/profile.php?id=100064126330477,,,,Apparel & Fashion,"Our story About our journey OKonnichiwa Weebs! Who we are? What we do? Well, we are a trio of otakus who love watching animes and create artistic pieces.",about_meta_description,https://thesagacity.in/cdn/shop/files/brigend-sagacity-logo-white-2048x169_f5955a13-1d1b-45e3-8218-4c4cce88e142.png?v=1739011596&width=135,Delhi,New delhi,,meta.json country=IN; currency=INR; state=Delhi; .in domain; +91 phone on site,7
857,Bicycle Kart,https://bicyclekart.com,support@bicyclekart.com,+919120234567; +919656301234; +919048600058,https://www.instagram.com/bicyclekartcom,https://www.facebook.com/bicyclekart,,,https://www.youtube.com/c/Bicyclekart,Automotive,"Shop Bicycles, Spare Parts for Bicycle and Accessories, MTB bike price. Shop alloy wheels for bicycle, bicycle alloy rim and bicycle frames. Hydraulic brakes for cycle, bicycle disc brake, bicycle seat cover price, bicycle seat, cycling parts online, bicycle modified parts, Shimano",meta_json,https://bicyclekart.com/cdn/shop/files/logo_white_bk_Custom_1.png?v=1731298215&width=500,Kerala,Ernakulam,,meta.json country=IN; currency=INR; state=Kerala; +91 phone on site,7
858,Chase Haul,https://chasehaul.com,hello@chasehaul.com,+918240230180,https://www.instagram.com/chasehaulofficial,https://www.facebook.com/people/Chase-Haul/100089134501522,,,,Apparel & Fashion (Women),Shop Tummy Shaping Jeans · Softest Denim in India · All day comfort jeans · 2X Stretch Denim · Best Dresses and Jumpsuits · Free delivery · Sizes 24–44 & 2XS–6XL,meta_json,https://chasehaul.com/cdn/shop/files/logo_220x_cf86546f-a96c-4507-b104-b373a511fcff.png?v=1668747244&width=188,West Bengal,Kolkata,,meta.json country=IN; currency=INR; state=West Bengal; +91 phone on site,7
859,FIKN,https://fikn.com,care@fikn.com,+919220903388,https://www.instagram.com/get.fikn,https://www.facebook.com/people/FKN/61585222529293,https://x.com/getfikn,,https://www.youtube.com/@GetFIKN,Beauty & Personal Care,"FIKN isn't another perfume. It's elixir - the older, denser form of perfume that the industry left behind. Over 30% fragrance oil. Composed in small batches with ingredients sourced from France. Availability is limited and access is by application. Apply to the waitlist to be considered.",meta_json,https://fikn.com/cdn/shop/files/FIKN_1x1_logo_black.png?v=1787299380&width=512,Haryana,Gurgaon,,meta.json country=IN; currency=INR; state=Haryana; +91 phone on site; Indian PIN code on site,7
860,JM LOOKS,https://jmlooks.com,support@jmlooks.com,+918178788820,https://www.instagram.com/jmlooks.official,,,https://www.linkedin.com/company/jm-looks,https://www.youtube.com/@JMLooks,Footwear,"Explore handmade women’s heels, flats, jutti sneakers, bags & dresses for women at JM Looks. Stylish, comfy & rooted in tradition. Free delivery + COD across India. 4.8★ avg rating. Sizes UK 3–9",meta_json,https://jmlooks.com/cdn/shop/files/658469874698_80bbcf70-a9c1-4b46-943e-f006866c5b9d.png?v=1708774153&width=500,Delhi,Delhi,,meta.json country=IN; currency=INR; state=Delhi; +91 phone on site,7
861,Krishna Jewellers,https://krishnajewellers.com,onlinesales@krishnajewellers.com; customercare@krishnajewellers.com,+918499011111; +919281152569,https://www.instagram.com/krishna.jewellers.jubileehills,https://www.facebook.com/KrishnaJewellersPearlsandGems,,,https://www.youtube.com/@KrishnaJewellersPearlsandGems,Jewellery & Accessories,"Handcrafted gold, diamond, kundan and polki jewellery from Krishna Jewellers, Hyderabad. BIS hallmarked, family-run since 1983. Shop online or book a video call.",meta_json,https://krishnajewellers.com/cdn/shop/files/krishna_jewellers_pearls_and_gems_pvt_ltd.png?v=1767583395&width=810,Telangana,Hyderabad,,meta.json country=IN; currency=INR; state=Telangana; +91 phone on site,7
862,Novology India,https://novology.com,support@novology.com; unilever.privacy@unilever.com,+9118002024850,https://www.instagram.com/novologyofficial,https://www.facebook.com/NovologyOfficial,,,https://www.youtube.com/@novology,Beauty & Personal Care,"Clinically proven and patented Skincare Solutions with 100 years of research, co-created with India’s leading dermatologists| Novology India",meta_json,https://www.novology.com/cdn/shop/files/novology-logo.svg?v=1748589481&width=500,Karnataka,Bengaluru,,meta.json country=IN; currency=INR; state=Karnataka; +91 phone on site,7
863,Privee Paris,https://priveeparis.in,contact@priveeparis.in; contact@priveeparis.com,+916391560555,https://www.instagram.com/priveeparis,https://www.facebook.com/priveeparis,,,,Apparel & Fashion,"Designer Shirts for Men 2026 in India. Buy Exclusive Design Party Wear Shirts, Linen, Luxury Shirts Online from Privee Paris. Best Indian Designer Shirt Brand.",meta_json,https://priveeparis.in/cdn/shop/files/logo.jpg?v=1676619445&width=500,Uttar Pradesh,Gorakhpur,,meta.json country=IN; currency=INR; state=Uttar Pradesh; .in domain; +91 phone on site,7
864,Slovic,https://slovic.com,care@slovicfitness.com; support@slovicfitness.com,+919582500791; +917428823526,https://www.instagram.com/slovicfitness,https://www.facebook.com/slovicfitness,,https://www.linkedin.com/company/slovic-fit,https://www.youtube.com/@slovicfitness269,Sports & Fitness,"We are committed to provide you the best fitness products, that will help you achieve your fitness goals.",meta_json,https://slovic.com/cdn/shop/files/logo_a4a29fe2-726b-411c-8978-84f0988cdbec.jpg?format=webp&v=1638763178&width=350,Haryana,Gurugram,,meta.json country=IN; currency=INR; state=Haryana; +91 phone on site,7
865,Royal Box Shop,https://royalboxshop.com,care@royalboxshop.com,+918510020531,https://www.instagram.com/royalboxshop,https://www.facebook.com/royalboxshop531,,,https://www.youtube.com/@royalboxshop/featured,Gifts & Hampers,"Premium Gift and Bakery Packaging Manufacturer – Shop Gift Hampers, Wedding Boxes, Sweet & Bhaji Boxes, Tall Cake Boxes, Chocolate Boxes, Cake Bases & Rigid Boxes. Elegant, High-Quality Packaging with Pan India Delivery. Elevate Gifting with RoyalBoxShop® Today!",meta_json,https://cdn.shopify.com/s/files/1/0714/7477/4328/files/1200_x_628.png?v=1676543716,Delhi,North West Delhi,,meta.json country=IN; currency=INR; state=Delhi; +91 phone on site,7
866,Prokicksports,https://prokicksports.com,support@prokicksports.com,+919620569433; +919632722009,https://www.instagram.com/prokicksportsstudio,https://www.facebook.com/prokicksports,,,,Sports & Fitness,"Prokicksports is India's Leading Online Sports Store with the widest collection of Sports Gears ranging from Cricket, Badminton, Tennis, Swimming, Basketball and Football at most affordable prices",meta_json,https://prokicksports.com/cdn/shop/files/NEW_PROKICK_SPORTS_BLACK_RED.png?v=1664046854&width=1893,Karnataka,Bangalore,,meta.json country=IN; currency=INR; state=Karnataka; +91 phone on site,7
867,Animemart,https://animemart.in,support@animemart.in,+919118812445,https://www.instagram.com/animemart.in,https://www.facebook.com/animemartofficial,,,,Electronics & Gadgets,Animemart is India’s new age anime fashion accessory store when it comes to choosing cool and trendy accessories for your mobile phones.,about_meta_description,https://animemart.in/cdn/shop/files/Animemart_Website_Logo.png?v=1684514314&width=200,Uttar Pradesh,Lucknow,,meta.json country=IN; currency=INR; state=Uttar Pradesh; .in domain; +91 phone on site,7
868,BIBIN JOHN,https://bibinjohn.com,support@bibinjohn.com; melangedesigningstudio@gmail.com,+919567364499; +916282214625,https://www.instagram.com/bibinjohn.store,https://www.facebook.com/people/Bibin-John-Store/61592504861036,,,,Apparel & Fashion (Women),"Shop sarees, unstitched salwar suits and premium fabrics online at BibinJohn.com. Explore curated collections from Saree Emporium and Salwar Studio by Melange.",meta_json,https://bibinjohn.com/cdn/shop/files/Bibin_John_logo_10ee51ca-861b-4090-96bd-6db11f0a4619.png?v=1785756993&width=500,Kerala,Eranakulam,,meta.json country=IN; currency=INR; state=Kerala; +91 phone on site,7
869,Freedom Tree,https://freedomtree.in,askft@freedomtreedesign.com; design.services@freedomtreedesign.com,+917710973420,https://www.instagram.com/freedomtreehome,https://www.facebook.com/FreedomTree.HomeStore.DesignStudio,,https://in.linkedin.com/company/freedom-tree-design,https://www.youtube.com/channel/UCOOcsU8RFcgfCTJBhqRS-fw,Apparel & Fashion,"Shop designer handcrafted furniture, upholstery, textiles, curtains, cushions, rugs, lighting, handpainted ceramics and clothing at Freedom Tree - a modern online store for home decor and lifestyle, designed and made in India.",meta_json,https://freedomtree.in/cdn/shop/files/FT_logo_abd5abae-9e5d-4527-8d95-5d041875ec4c_180x.png?v=1782195560,Maharashtra,Mumbai,,meta.json country=IN; currency=INR; state=Maharashtra; .in domain; +91 phone on site,7
870,Groovee,https://groovee.in,support@groovee.in; admin@groovee.in,+918607845846; +919518217803; +918076038573,https://www.instagram.com/cncptgroove,https://www.facebook.com/people/Concept-Groove/61565095888462,,,,Apparel & Fashion,"Concept Groove delivers unique, creative designs tailored for Gen Z and millennials, making a bold mark in streetwear fashion. With a thriving customer base of 10,000 and an impressive average order value of ₹2000+, we're on a mission to become the ultimate fashion destination for our audience.",meta_json,https://groovee.in/cdn/shop/files/concept-groove-white1.gif?v=1759761821&width=526,Haryana,BHIWANI,,meta.json country=IN; currency=INR; state=Haryana; .in domain; +91 phone on site,7
871,mypoojabox,https://mypoojabox.in,orders@mypoojabox.com,+918010288882; +918010188881,https://www.instagram.com/mypoojabox,https://www.facebook.com/MyPoojaBox,,,,Religious & Pooja,"Shop beautiful home decor items online, festive gifts for Diwali, Karwa Chauth, Rakhi, Ganesh Chaturthi and weddings. MyPoojaBox is an online puja store offering puja & hawan samagri, healing crystals, salt lamps, eco friendly ganpati idols, diyas, urlis, face rollers, tealight holders and more made",meta_json,https://www.mypoojabox.in/cdn/shop/files/Clip_path_group_96x.svg?v=1776260611,Delhi,New Delhi,,meta.json country=IN; currency=INR; state=Delhi; .in domain; +91 phone on site,7
872,Preity's Silks,https://preityssilks.com,info@preityssilks.com; info@preityssiks.com,+919686106671; +919611267661,https://www.instagram.com/preitys.silks,,,,https://youtube.com/@preityssilks,Apparel & Fashion,"Preity’s Silks (A Unit of Preity’s Fashion) It was founded in 2015 by Soumya Arbind, a first generation woman entrepreneur. The journey began with her tryst for sarees, especially the exquisite Mysore Silks.",about_meta_description,https://www.preityssilks.com/cdn/shop/files/preity_s_Silks_logo-01.png?v=1753883466,Karnataka,Bengaluru,,meta.json country=IN; currency=INR; state=Karnataka; +91 phone on site; Indian PIN code on site,7
873,richfeelnaturals.com,https://richfeelnaturals.com,customercare@sapientbeauty.in,+918108819907,https://www.instagram.com/richfeelpersonalcare,https://www.facebook.com/richfeelpersonalcareproducts,,https://www.linkedin.com/company/79154609/admin/feed/posts,https://www.youtube.com/channel/UCNWlws3mp9MIFn3Qc1cJUOA,Beauty & Personal Care,"Try Richfeel - Nature Inspired, Physician Formulated | Trusted Skin, Hair and Acne Care Products and Facial Kits | Cruelty Free, Vegan, Proudly Made In India.",meta_json,https://www.richfeelnaturals.com/cdn/shop/files/richfeel-trasnsaprent_220x_3_f750cb44-cd7e-4434-b5e5-e00e738a7cd4.png?v=1776677884&width=183,Maharashtra,Thane,,meta.json country=IN; currency=INR; state=Maharashtra; +91 phone on site,7
874,Store No.6,https://storeno6.com,info@storeno6.com,+916291704743,https://instagram.com/storeno.6,https://www.facebook.com/storeno.6,,,,Apparel & Fashion,"Read the latest Store No.6 review. Discover Kolkata’s finest designer blouses, sarees, and lehenga crafted with impeccable detail and elegance.",meta_json,https://www.storeno6.com/cdn/shop/files/logo.png?v=1680333125,West Bengal,Kolkata,,meta.json country=IN; currency=INR; state=West Bengal; +91 phone on site,7
875,ThePeppyStore,https://thepeppystore.in,support@thepeppystore.in; -support@thepeppystore.in; thepeppystore29@gmail.com,+9118602331234; +919321196846,https://www.instagram.com/thepeppystore.in,https://www.facebook.com/thepeppystore.in,,,,Automotive,"Shop India's largest diecast cars collection Hot Wheels, Bburago, Mini GT scale model cars & collectibles. 100% authentic, fast shipping across India.",meta_json,https://thepeppystore.in/cdn/shop/files/Untitled_design.png?v=1784278503&width=512,Maharashtra,Mumbai,,meta.json country=IN; currency=INR; state=Maharashtra; .in domain; +91 phone on site,7
876,Hariba Dairy Farm,https://haribadairyfarm.com,info@haribadairyfarm.com,+918675070809; +918799178491; +918675585960,https://www.instagram.com/haribadairyfarm,https://www.facebook.com/Haribadairyfarm,,,https://www.youtube.com/channel/UCapioGqx1OfHX7nymN4Go9g,Food & Beverages,"Get chemical free organic food products India like gir cow ghee, Gujarati dry fruit sweets near me, khajur anjeer pak, adadiya pak at low price & Fast Delivery in 3 Days",meta_json,https://cdn.shopify.com/s/files/1/0622/8626/6565/files/hariba-Logo-PNG---Copy_1_1_200x.png,Gujarat,surat,,meta.json country=IN; currency=INR; state=Gujarat; +91 phone on site,7
877,Indus Valley,https://buyindusvalley.in,hr@indus-valley.com; help@buyindusvalley.com,+919717123456,https://www.instagram.com/indusvalleyorganicbeauty,https://www.facebook.com/indusvalleyorganicbeauty,,https://www.linkedin.com/company/sadaway-private-limited,https://www.youtube.com/c/IndusValleyCosmetics,Beauty & Personal Care,"Shop organic skin care, hair care, and hair colour products online at Indus Valley. Chemical-free and cruelty-free formulations for glowing skin and healthy hair.",meta_json,https://www.buyindusvalley.in/cdn/shop/files/indus-logo.webp?v=1754392582&width=500,Haryana,Faridabad,,meta.json country=IN; currency=INR; state=Haryana; .in domain; +91 phone on site,7
878,Creatures of Habit ,https://creaturesofhabit.in,helpdesk@creaturesofhabit.in,+919321274851,https://www.instagram.com/creaturesofhabit.in,https://www.facebook.com/creaturesofhabit.in,,,,Apparel & Fashion (Women),"Timeless clothing for men and women crafted from linen, cotton and other natural fabrics. Thoughtfully designed for everyday life. No polyester, no trends—just pieces you'll wear for years.",meta_json,https://cdn.shopify.com/s/files/1/0613/8622/7909/files/1711696189209-frame-24.jpg?v=1711696191,Maharashtra,Mumbai,,meta.json country=IN; currency=INR; state=Maharashtra; .in domain; +91 phone on site,7
879,Garg Traders,https://gargtrader.com,contact@gargtrader.com; contact@gargtraders.com,+9118008899590,https://www.instagram.com/gargtradersludhiana,https://www.facebook.com/Gargtraders01,,,,Beauty & Personal Care,"Starting as a small, chic beauty shop back in 1995, Garg Traders quickly made its way up the ladder and soon became known as the premium Cosmetics Store in Ludhiana. With only 100% genuine products and warm, friendly customer service, we grew into one of the city's most trusted names in beauty.",about_paragraph,https://gargtrader.com/cdn/shop/files/Garg-Logo-1.webp?v=1781177576&width=3510,Punjab,Ludhiana,,meta.json country=IN; currency=INR; state=Punjab; +91 phone on site,7
880,Kyari.co,https://kyari.co,support@kyari.co; corporate@kyari.co; customer@kyari.co,+918376885182; +919201962751; +916260171052,https://www.instagram.com/try_kyari,https://www.facebook.com/Kyariofficial,,,,Plants & Gardening,"Check out India’s best online live plant store. We offer different varieties of indoor, Vastu & pet-friendly plants, etc. Perfect for enhancing home or office spaces",meta_json,https://kyari.co/cdn/shop/files/Group_1000002135.png?v=1718967863,Maharashtra,Mumbai,,meta.json country=IN; currency=INR; state=Maharashtra; +91 phone on site,7
881,NEEDLEDUST,https://needledust.com,care@needledust.com,+919871511115,https://www.instagram.com/needledust,https://www.facebook.com/needledust,,,,Footwear,"Discover premium handcrafted & traditional footwear from Needledust. Shop women’s juttis, heels, purses & sandals, and men’s and kids’ juttis for weddings and festive celebrations.",meta_json,https://www.needledust.com/cdn/shop/files/needledust_logo_56463739-f06a-4546-aff2-4ac8bd8928f9.png?v=1787735822&width=465,Haryana,Gurgaon,,meta.json country=IN; currency=INR; state=Haryana; +91 phone on site,7
882,OMOBIKES,https://omobikes.com,care@omobikes.com; ride.omobikes@gmail.com,+918047108792; +919588115503,https://www.instagram.com/omobikes,https://www.facebook.com/omobikes,,,https://www.youtube.com/channel/UCcXk4l7UNpJdMInf-_qaJuA,Automotive,"Customised Hybrid, Mountain Bike, Road Bike & Gear Cycle at Best Price . Build Your own bike and pay only for what you need and suitable for you . Find premium-quality Spare parts and Accessories to enhance your cycling experience. EMI | Free Delivery | Home Service",meta_json,https://omobikes.com/cdn/shop/files/omobikes-logo.png?v=1656955273&width=500,Haryana,Karnal,,meta.json country=IN; currency=INR; state=Haryana; +91 phone on site,7
883,Toycra,https://toycra.com,toycra@gmail.com; help@toycra.com; info@toycra.com,+919638993429; +919879110650,https://instagram.com/toycra,https://facebook.com/Toycra,,https://www.linkedin.com/company/toycra,https://www.youtube.com/channel/UCOgwnN8_Yf1hhLZqarHtvJw/videos,Toys & Games,"Toycra- Play to Grow. The top destination for the best educational toys and innovative baby gears. Carefully selected, award winning unique toys, games, books & Baby gears from all corners of the world. Toys that contribute not just to fun, but to progress too.",meta_json,https://toycra.com/cdn/shop/files/Toycra_Logo-01_5e134934-c608-4d7f-948b-1a51215cabbb_741x200.jpg?v=1711615212,Gujarat,Ahmedabad,,meta.json country=IN; currency=INR; state=Gujarat; +91 phone on site,7
884,Neidhal,https://neidhal.com,orders@neidhal.com,+917401184012,http://instagram.com/neidhalonline,http://facebook.com/neidhalonline,http://twitter.com/neidhalonline,,,Apparel & Fashion,Shop Ethnic Wear for Women at Neidhal Online Shopping. Find elegant and trendy styles perfect for every occasion. Explore our collection and buy now!,meta_json,https://neidhal.com/cdn/shop/files/Logo-Name-P1.png?v=1760631367,Tamil Nadu,chennai,,meta.json country=IN; currency=INR; state=Tamil Nadu; +91 phone on site,7
885,Animeal,https://animeal.in,bark@animeal.store; bark@aniemal.in,+919004157093; +919004485093,https://www.instagram.com/animeal.in,https://www.facebook.com/animeal.in,https://twitter.com/animeal_in,,,Pet Supplies,"Shop Goodman Pet Chemist for the best pet supplies ranging from pet food, medicines, & treats to litter etc. Now Shipping all over India.",meta_json,https://animeal.in/cdn/shop/files/animeal-logo.png?v=1712209682&width=500,Maharashtra,Mumbai,,meta.json country=IN; currency=INR; state=Maharashtra; .in domain; +91 phone on site,7
886,Beautywiseshop,https://beautywise.in,customercare@beautywise.in,+919810988888,https://www.instagram.com/beautywiseskinfood,https://www.facebook.com/beautywiseskinfood,,,https://www.youtube.com/channel/UCAMOTQ0o0nrT2J3ZxEMnKTw,Health & Wellness,Buy BEAUTYWISE Health & Well-being online at best prices frombeautywise.in. Shop for 100% genuine BEAUTYWISE Health & Well-being with ✓ Free Shipping ✓ COD options available ✓ Prices start from ₹ 1499.,meta_json,https://beautywise.in/cdn/shop/files/Untitled_design_49.png?v=1715352094&width=500,Delhi,New Delhi,,meta.json country=IN; currency=INR; state=Delhi; .in domain; +91 phone on site,7
887,BownBee - Styling Kids The Indian Way,https://bownbee.com,care@bownbee.com; sales@bownbee.com,+919289510077,https://www.instagram.com/bownbee,https://www.facebook.com/bownbeekids,,,,Apparel & Fashion,"Shop vibrant ethnic wear for kids at BownBee! Discover girls' lehnga cholis, party frocks, and boys' kurta sherwanis. Perfect for styling kids the Indian way.",meta_json,https://www.bownbee.com/cdn/shop/files/New_Edited_Logo_BownBee.png?v=1683729512&width=1620,Haryana,Gurugram,,meta.json country=IN; currency=INR; state=Haryana; +91 phone on site,7
888,Ivalinmabia,https://ivalinmabia.com,ivalinmabia.website@gmail.com; support@ivalinmabia.com,+919952679935; +914443586196; +919990049350,https://www.instagram.com/ivalinmabia,https://www.facebook.com/IvalinMabia,https://twitter.com/mabiaboutique,,https://www.youtube.com/channel/UCZOD6DR3L-TjLrKA9pNe3VQ,Apparel & Fashion,"Ival in mabia, a brand of Mabia is a fashion brand established in year 2021 presenting a wide range of exclusive designer wear for women. We focus on providing beautiful, traditional and ethnic outfits including Half Sarees, Sarees, Salwars, Gowns, Kurtis, etc.",meta_json,https://ivalinmabia.com/cdn/shop/files/Ival_Black_ce94134b-ec4e-4537-b1b1-8b0727df0a84j.png?v=1697573690&width=573,Tamil Nadu,Chennai,,meta.json country=IN; currency=INR; state=Tamil Nadu; +91 phone on site,7
889,Luvlap Store,https://luvlap.com,contact@luvlap.com,+919821486487,https://www.instagram.com/luvlap.in,https://www.facebook.com/luvlap.in,,,https://www.youtube.com/@luvlap-happybabieshappiermoms,Baby & Kids,"LuvLap offers wide range of high quality, safe baby care products in India for new born to 5 years old kids and mother's care.",meta_json,https://www.luvlap.com/cdn/shop/files/luvlap-logo.png?v=1765760425&width=500,West Bengal,Kolkata,,meta.json country=IN; currency=INR; state=West Bengal; +91 phone on site,7
890,Wondergifts India ,https://wondergifts.in,support@wondergifts.com; support@wondergifts.in,+910008009192211,https://www.instagram.com/wondergifts.india,https://www.facebook.com/wondergifts.in,,https://linkedin.com/company/wondergifts,,Kitchen & Dining,"Discover unique experience gifts in Mumbai, Delhi and Bangalore. From adventure to dining to relaxation, give memories not things. Shop Wondergifts India today.",meta_json,https://www.wondergifts.in/cdn/shop/t/3/assets/wondergifts-logo.svg,Delhi,Dehli,,meta.json country=IN; currency=INR; state=Delhi; .in domain; +91 phone on site,7
891,Kalyanastrogems,https://kalyanastrogems.com,support@kalyanastrogems.com,+918800490466; +918800750342; +918920854958,https://www.instagram.com/kalyanastrogems,https://www.facebook.com/Kalyanastrogems,,,,Religious & Pooja,"Kalyanastrogems - Genuine Certified Gemstones, 1-21 Mukhi Rudraksha, stone Mala, bracelets, pendants and stone idols. From founder of Kalyanpuja which is a trusted name in spritual puja products.",meta_json,https://kalyanastrogems.com/cdn/shop/files/Kalyan_astrogems-final-png_6c8b92f8-3822-4994-b288-7d659e3688cf.png?v=1630603915&width=500,Uttar Pradesh,Ghaziabad,,meta.json country=IN; currency=INR; state=Uttar Pradesh; +91 phone on site,7
892,AathiLife,https://aathilife.com,support@aathilife.com; gokulyog001@gmail.com,+918870301518,https://www.instagram.com/aathi_life,,,,https://www.youtube.com/@gokul_yog,Religious & Pooja,"Shop Karungali malas, Rudraksha, gemstone bracelets and spiritual essentials at AathiLife. Explore sizes, materials and designs for prayer and everyday wear.",meta_description,https://cdn.shopify.com/s/files/1/0997/4870/8632/files/aathilife-logo.png?v=1786345576&width=108,Tamil Nadu,Villukuri,,meta.json country=IN; currency=INR; state=Tamil Nadu; +91 phone on site,7
893,budsblush,https://budsnblush.com,admin@budsnblush.com; support@budsnblush.com; orchid.vij415@gmail.com,+919310474542; +917678455980; +919871465788,https://instagram.com/budsnblush,https://www.facebook.com/vij415,,,,Plants & Gardening,uy top-quality Indoor Plants Online in India with Buds N Blush. We are a leading online plant shopping store dedicated to delivering Plants at the best prices.,meta_json,https://budsnblush.com/cdn/shop/files/png.jpg?v=1669111175&width=1280,Uttar Pradesh,Loni,,meta.json country=IN; currency=INR; state=Uttar Pradesh; +91 phone on site,7
894,Hashboosh,https://hashboosh.com,info@hashboosh.com; customer.support@hashboosh.com,+919744274100,https://www.instagram.com/hashboosh,https://www.facebook.com/HashBoosh.in,https://twitter.com/hashboosh,,,Apparel & Fashion,"Shop the trendiest women's dresses, ethnics, shrug dresses, pinafores, kaftans, jumpsuits and much more.",meta_json,https://hashboosh.com/cdn/shop/files/Logo_hashboosh1_380x_f161e218-8f78-4c3a-9b7e-7409bff5f552.png?v=1642761393&width=315,Kerala,Cochin,,meta.json country=IN; currency=INR; state=Kerala; +91 phone on site,7
895,MaheTri,https://mahetri.in,support@mahetri.com,+916377051415,https://www.instagram.com/mahetristudio,https://www.facebook.com/MaheTriStudio,,,,Bags & Luggage,"Shop Leather Bags Online at the Best Price. Latest Handcrafted Collection of Women's & Men's Leather Bags, Jackets, Laptop Bags, Belts and Wallets in India. Free Shipping & COD.",meta_json,https://mahetri.in/cdn/shop/files/mahetri_logg_200x80_black_200x80.png?v=1763810713,Rajasthan,Udaipur,,meta.json country=IN; currency=INR; state=Rajasthan; .in domain; +91 phone on site,7
896,ManiacLife.com,https://maniaclife.com,support@maniaclife.com; imrantpr@gmail.com,+918825257686,https://www.instagram.com/maniaclifeclothing,https://www.facebook.com/ManiacLife.co,,,https://youtube.com/channel/UCI3p98v75ixl2KYztIjCAjA,Apparel & Fashion,"Online Shopping for Men | Streetwear Men's Shop. Buy Online Best T-shirts, Jackets, Cargo Pants, Sweat Shirts , Coords and Jogger Pants for Men. BEST QUALITY.AFFORDABLE PRICING.TRENDY DESIGNS.",meta_json,https://maniaclife.com/cdn/shop/files/Maniac_LOGO_Black.png?v=1666121733&width=500,Tamil Nadu,Tirupur,,meta.json country=IN; currency=INR; state=Tamil Nadu; +91 phone on site,7
897,Snehalayaa Silks,https://snehalayaasilks.com,support@snehalayaasilks.com,+918925932202,https://www.instagram.com/snehalayaasilks,https://www.facebook.com/snehalayaasilks,,,https://www.youtube.com/@SnehalayaaSilks,Apparel & Fashion,"Explore premium Kanchipuram silk sarees, bridal collections, soft silk, cotton & designer sarees. Visit Snehalayaa Silks in Chennai & Coimbatore. Shop Now!",meta_json,https://cdn.shopify.com/s/files/1/0686/4476/5935/files/logo.png,Tamil Nadu,Chennai,,meta.json country=IN; currency=INR; state=Tamil Nadu; +91 phone on site,7
898,THE INDIAN ETHNIC CO.,https://theindianethnicco.com,hello@theindianethnicco.com; lekhineedesai@hotmail.com,+918850936455; +918104047927; +918655980696,https://www.instagram.com/theindianethnicco,https://www.facebook.com/theindianethnicco,,,,Apparel & Fashion,"THE INDIAN ETHNIC CO. seeks to bring to you the timeless culture of the Indian handmade clothing. Our aim is to display and make accessible our rich,vivid and timeless collection of the Indian handloom and handicrafts from the hinterlands of India. Hand block printed | Natural Dye | Handloom",meta_json,https://www.theindianethnicco.com/cdn/shop/files/Company_logo_1.jpg?v=1768388956&width=300,Maharashtra,Mumbai,,meta.json country=IN; currency=INR; state=Maharashtra; +91 phone on site,7
899,Zone Alpha,https://zonealpha.in,support@zonealpha.in; support@zonealpha.com,+918188886247; +919310008663,https://www.instagram.com/zone.alpha07,,,,https://www.youtube.com/@zonealpha3260,Electronics & Gadgets,"Discover trending gadgets, high-tech drones, audio devices, and smart accessories at Zone Alpha—your go-to destination for innovative electronics and unbeatable deals.",meta_json,https://zonealpha.in/cdn/shop/files/zone_alpha_logo.webp?v=1769092943&width=500,Maharashtra,Navi Mumbai,,meta.json country=IN; currency=INR; state=Maharashtra; .in domain; +91 phone on site,7
900,letscurlup,https://letscurlup.com,customercare@letscurlup.com; accounts@letscurlup.com,+919945373597,https://www.instagram.com/letscurlupdotcom,https://www.facebook.com/Letscurlupdotcom-2314041265548556,,,https://www.youtube.com/channel/UCS3-kRCucCZk8YpY8pkWjbw,Beauty & Personal Care,"Try our Curly Hair Care Products specially formulated to create perfect curls for your hair. Just follow 3 simple steps: Cleanse, Condition, Style. Order now.",meta_json,https://www.letscurlup.com/cdn/shop/files/logo_d0c33e1e-6664-436f-a85a-519f9975213f.png?v=1613557481&width=320,Karnataka,Bangalore,,meta.json country=IN; currency=INR; state=Karnataka; +91 phone on site,7
901,Attrangi,https://attrangi.in,support@attrangi.in,+918369737851,https://www.instagram.com/attrangi_designs,https://www.facebook.com/attrangidesigns,,,,Jewellery & Accessories,"Attrangi — where every look finds its jewellery. Shop India's finest artificial jewellery online. Handcrafted earrings, necklace sets, bangles, rings & bridal sets. Perfect for weddings, festivals & everyday elegance. Free shipping on prepaid orders. Mumbai, Chennai & Surat boutiques.",meta_json,https://attrangi.in/cdn/shop/files/att_logo_new_170x.png?v=1621072841,Maharashtra,Mumbai,,meta.json country=IN; currency=INR; state=Maharashtra; .in domain; +91 phone on site,7
902,Cove and Lane,https://coveandlane.in,support@coveandlane.in,+919606033200,https://www.instagram.com/coveandlane.in,,,https://www.linkedin.com/company/cove-lane,,Apparel & Fashion (Women),"Premium men's and Women's wear crafted in proprietary fabrics like AirLinen™️, SoftDrape™️, SoftSuit™️, and LustraSatin™️ that are wrinkle-free, long-lasting, soft, and breathable. Checkout our collection now!",meta_json,https://coveandlane.in/cdn/shop/files/Group_1171284429.svg?v=1767626244&width=500,Karnataka,Bengaluru,,meta.json country=IN; currency=INR; state=Karnataka; .in domain; +91 phone on site,7
903,cumin co.,https://cuminco.com,support@cuminco.com,+919220440604,https://www.instagram.com/cuminco_india,,,,https://www.youtube.com/@cuminco,Kitchen & Dining,"Shop enamel cast iron cookware, kitchenware sets & utensils built for Indian cooking. No PFOA, PTFE, or toxic coatings. Durable, naturally non-stick & built to last. Free shipping available.",meta_json,https://www.cuminco.com/cdn/shop/files/Group.png?v=1777296672&width=310,Haryana,Gurugram,,meta.json country=IN; currency=INR; state=Haryana; +91 phone on site,7
904,Evierose,https://evierose.in,hello@evierose.in,+919315620798,https://instagram.com/evierose.in,https://www.facebook.com/evierose.in,,,,Apparel & Fashion,"Buy tops, pants, skirts, co-ord sets & more at Evierose. Designed in India, each piece offers premium fit, best quality & bold style that’s all you.",meta_json,https://evierose.in/cdn/shop/files/Logo_Main.png?v=1721029025&width=320,Delhi,New Delhi,,meta.json country=IN; currency=INR; state=Delhi; .in domain; +91 phone on site,7
905,Full Marks,https://fmpl.in,info@fullmarksonline.com; info@orangehouse.in,+919625526434; +919354019298; +917982144062,https://www.instagram.com/fullmarksofficial,https://www.facebook.com/officialfullmarks,,https://in.linkedin.com/company/officialfullmarks,https://www.youtube.com/@officialfullmarks,Books & Stationery,"Buy Latest CBSE, ICSE, Olympiads, State Board, Course Textbooks + Complete Study Materials, Exemplar, Sample Paper & Workbook, Solved Question Paper Including Practice Sets.",meta_json,https://www.fmpl.in/cdn/shop/files/New_Logo.png?v=1757936513&width=330,Delhi,Delhi,,meta.json country=IN; currency=INR; state=Delhi; .in domain; +91 phone on site,7
906,Goamen,https://goamen.com,support@goamen.com,+919316647090,https://www.instagram.com/shop_goamen,https://www.facebook.com/profile.php?id=100095027053411,,,,Apparel & Fashion (Men),"Discover stylish and comfortable men's fashion at goamen. Shop a wide selection of high-quality woolen t-shirts, shirts, trousers, and more. Perfect for every occasion—shop now for the latest trends in men's clothing!""",meta_json,https://goamen.com/cdn/shop/files/GOAMEN_Logo_1080x250_PX_1.png?v=1786682740&width=929,Gujarat,surat,,meta.json country=IN; currency=INR; state=Gujarat; +91 phone on site,7
907,HELMETWALA.COM,https://helmetwala.com,support@helmetwala.com,+919990769990,https://www.instagram.com/helmet.wala,,,,https://www.youtube.com/@helmetwala,Automotive,"Buy Helmets, Gloves, Rider Jacket, Knee Pads, and all stylish riding safety equipment defining your Drip. Collaborating with brands like Royal Enfield, Axor, MT Helmets, Studds, Vega and more. Select your favorite bike riding gear from Helmet Wala and flaunt your Swag. Shipping available all over In",meta_json,https://www.helmetwala.com/cdn/shop/files/HWBKE-new_bf0fa1f7-d8ab-4bfa-92e3-6af66ba40a92.png?v=1782821292&width=500,Delhi,New Delhi,,meta.json country=IN; currency=INR; state=Delhi; +91 phone on site,7
908,Label S4U,https://label-s4u.com,support@label-s4u.com; support@labels4u.com,+916351043213,https://instagram.com/label_s4u,,,,https://www.youtube.com/@Label-S4U,Apparel & Fashion (Women),"Buy Latest Wedding & Marriage dress for women from collection of Indo-Western & ethnic outfits, buy the perfect combination of tradition and trend. Buy online Indo-westerns, Shararas, kurtas, ethnic suits, co-ord sets, gowns & dresses made for the modern woman seeking elegance at label S4U.",meta_json,https://cdn.shopify.com/s/files/1/0682/5479/3945/files/1771300148607-2023-12-22.webp?v=1771300149,Gujarat,Ahmedabad,,meta.json country=IN; currency=INR; state=Gujarat; +91 phone on site; Indian PIN code on site,7
909,Lakme Salon,https://lakmesalon.in,care.llpl@unilever.com; lakmesalon.queries@unilever.com,+9118001231952,https://www.instagram.com/lakmesalon,https://www.facebook.com/LakmeSalon,https://x.com/LakmeSalon,,https://www.youtube.com/user/LakmeSalonIndia,Beauty & Personal Care,Get pampered with Lakmé Salon’s professional services and enhance your routine with our curated beauty products. Visit your nearest salon or explore our collection online.,meta_json,https://www.lakmesalon.in/cdn/shop/files/logo.avif,Maharashtra,Mumbai,,meta.json country=IN; currency=INR; state=Maharashtra; .in domain; +91 phone on site,7
910,miraahe.com,https://miraahe.com,support@miraahe.com,+919971720507,https://www.instagram.com/themiraahe,https://www.facebook.com/profile.php?id=61558522683051,,,,Apparel & Fashion,"Miraahe blends India’s age-old embroidery heritage with modern elegance. Celebrating skilled artisans, our handcrafted luxury sarees feature fine fabrics and exquisite detailing. Timeless six yards designed to be loved, adorned, and cherished across generations. Each saree is a statement of timeless",meta_json,https://miraahe.com/cdn/shop/files/Final_Big_Logo-Photoroom.png-Photoroom.png?v=1712939317&width=500,Haryana,Gurugram,,meta.json country=IN; currency=INR; state=Haryana; +91 phone on site,7
911,The Jaipur Studio,https://thejaipurstudio.com,care@thejaipurstudio.com,+919100434593,https://www.instagram.com/thejaipurstudio,https://www.facebook.com/thejaipurstudio,,,https://www.youtube.com/channel/UChGzSlicc5eBmiqpZe0Y8Ug,Apparel & Fashion (Women),The Jaipur Studio creates beautiful women’s ethnic wear with exquisite craftsmanship and comfort. Shop now for your favorite Jaipuri dress online with ease.,meta_json,https://thejaipurstudio.com/cdn/shop/files/New_Project_1_500x.png?v=1743844216,Telangana,Hyderabad,,meta.json country=IN; currency=INR; state=Telangana; +91 phone on site,7
912,Trance Home Linen,https://trancehomelinen.in,info@trancehomelinen.in,+918042046334; +918041607298; +916366029988,https://www.instagram.com/trancehomelinen,https://www.facebook.com/trancehome,,,,Home & Decor,"Started in 2007, Trance Home Linen offers a wide range of home linen products like comforters, quilts, duvets, duvet covers and mattress protectors",meta_json,https://www.trancehomelinen.in/cdn/shop/files/trancehomelinen_logo.png?v=1632760353&width=360,Karnataka,Bangalore,,meta.json country=IN; currency=INR; state=Karnataka; .in domain; +91 phone on site,7
913,Twinkle Choice Erode,https://twinklechoice.com,twinklechoice.erode@gmail.com; support@twinklechoice.com,+918144744448,https://www.instagram.com/twinkle_choice_bridal_jewell,,,,,Jewellery & Accessories,"This Website is Belongs to : Trade Name : TWINKLE CHOICEGST Number : 33DZWPK6719Q1Z9Legal Name : NACHIMUTHU KEERTHIAddress : Floor No.: IIND FLOOR Building No./Flat No.: 366/3 Name Of Premises/Building: M.G.R.MAALIGAI Road/Street: ASHOK NAGAR, POONDURAI ROAD City/Town/Village: ERODE District: Erode",about_meta_description,https://twinklechoice.com/cdn/shop/files/Twinkle_Choice-02.png?v=1774243033&width=500,Tamil Nadu,Erode,33DZWPK6719Q1Z9,meta.json country=IN; currency=INR; state=Tamil Nadu; GSTIN on site; +91 phone on site; Indian PIN code on site,7
914,Glutone,https://glutone.in,support@glutone.in,+9118002746265,https://www.instagram.com/glutone_india,https://www.facebook.com/Glutone.in,,,https://www.youtube.com/@glutone,Beauty & Personal Care,Glutathione Supplement Brand - We provide Glutathione supplements & skincare products supported by scientific research and recommended by leading dermatologists in India. Shop now!,meta_json,https://cdn.shopify.com/s/files/1/0554/1557/0474/files/170128533065678dd27e26a7204.png?v=1717147047,Maharashtra,Mumbai,,meta.json country=IN; currency=INR; state=Maharashtra; .in domain; +91 phone on site,7
915,Armaf India,https://armafperfume.com,contact@armafperfume.com,+919076405205,https://www.instagram.com/armafindiaofficial,https://www.facebook.com/armafindiaofficial,,,,Beauty & Personal Care,Discover India’s finest luxury perfumes for men and women. Shop original premium fragrances with nationwide delivery from a trusted importer. Elevate your scent game today!,meta_json,https://armafperfume.com/cdn/shop/files/armaflogo.png?v=1696056476,Maharashtra,Mumbai,,meta.json country=IN; currency=INR; state=Maharashtra; +91 phone on site,7
916,Cobbitalyofficial,https://cobbitaly.com,care@cobbitaly.com,+919717147476; +911147870000,https://www.instagram.com/cobbfashion,https://www.facebook.com/CobbFashion,,,https://www.youtube.com/@cobbitaly3232,Apparel & Fashion,"""The Ultimate Men's Clothing Brand: Unmatched Discounts and Luxurious Fabrics.Shop Now to Upgrade Your Wardrobe with Exclusive Deals and Embrace the Finest in Men's Fashio.Don't Miss Out",meta_json,https://cobbitaly.com/cdn/shop/files/COBB_LOGO_c9855142-3b9e-4fc0-a06f-4dc5604f0b28.png?v=1783661500&width=440,Delhi,New Delhi,,meta.json country=IN; currency=INR; state=Delhi; +91 phone on site,7
917,Makezmia,https://makezmia.com,info@makezmia.com,+918799126150,https://www.instagram.com/makezmia,https://www.facebook.com/makezmia,,,,Beauty & Personal Care,"ABOUT MAKEZMIA Welcome to Makezmia – a celebration of beauty and individuality. Born out of a passion for self-expression, Makezmia is more than a cosmetic brand; it's a canvas for your unique story.At Makezmia, we believe in the power of beauty to inspire confidence and creativity.",about_meta_description,https://makezmia.com/cdn/shop/files/Makezmia-Logo-White.png?v=1766125795&width=500,Gujarat,Rajkot,,meta.json country=IN; currency=INR; state=Gujarat; +91 phone on site,7
918,Padmam,https://padmam.com,hi@padmam.com; info@padmam.com,+917799971874,https://www.instagram.com/_padmam,https://www.facebook.com/padmamsilverjewellery,,,,Jewellery & Accessories,"Shop 92.5 pure silver jewelry in India at the most affordable prices. Finest collection online, handcrafted with care for every occasion of your choice.",meta_json,https://www.padmam.com/cdn/shop/files/padmam_5ddd6ecb-ea5b-4ceb-9919-a3ea8155b89b.png?v=1750232552&width=600,Andhra Pradesh,Visakhapatnam,,meta.json country=IN; currency=INR; state=Andhra Pradesh; +91 phone on site,7
919,thegoodbug,https://thegoodbug.com,tgb@seventurns.in,+918939997071; +918369744934,https://www.instagram.com/thegoodbug_,https://www.facebook.com/profile.php?id=100084025119007&mibextid=LQQJ4d,,https://www.linkedin.com/company/the-good-bug/posts,https://www.youtube.com/channel/UCojDlPYWLVMvNrXUSc0Xkxg https://www.instagram.com/thegoodbug_,Health & Wellness,"The Good Bug is a daily synbiotic supplement that contains clinically researched probiotic strains. prebiotics and nutrients designed to not only support your gut health but also mental, skin, metabolic and immune health.",meta_json,https://thegoodbug.com/cdn/shop/files/TGB_Logo_1_60191926-31a9-40fe-82fc-d57664b5c2f0.svg?v=1781256231&width=842,Maharashtra,Mumbai,,meta.json country=IN; currency=INR; state=Maharashtra; +91 phone on site; Indian PIN code on site,7
920,Yuvi style,https://yuvistyle.com,-support@yuvistyle.com; support@yuvistyle.com,+919587490421; +916376585344,https://www.instagram.com/yuvii_style,https://www.facebook.com/yuviistyle,,,,Apparel & Fashion,"Online Fabric Store to Shop Hand Block Printed Suits and material of Dresses for women.Buy Silk Saree, Banarasi suit & cotton mulmul dupatta , Chiffon Dupatta, Kota Doria Dupatta, Chanderi Dupatta, and more.",meta_json,https://www.yuvistyle.com/cdn/shop/files/YUVI_STYLE_logo.jpg?v=1654771757&width=512,Rajasthan,Jaipur,,meta.json country=IN; currency=INR; state=Rajasthan; +91 phone on site,7
921,InstaCuppa Store,https://instacuppastore.com,support@instacuppastore.com,+917330966937,https://www.instagram.com/instacuppa1,https://www.facebook.com/instacuppastore,,,https://www.youtube.com/@InstaCuppa,Kitchen & Dining,Welcome To The Official InstaCuppa Online Store.,meta_json,https://instacuppastore.com/cdn/shop/files/Logo-5.png?v=1645466933&width=500,Andhra Pradesh,Tirupati,,meta.json country=IN; currency=INR; state=Andhra Pradesh; +91 phone on site,7
922,arogyamayurveda,https://arogyamshop.com,support@arogyamshop.com; arogyamayurveda2020@gmail.com,+918400500589; +917087012969,https://www.instagram.com/arogyam_ayurveda_store,https://www.facebook.com/arogyamayurvedastore,,https://www.linkedin.com/company/arogyam-ayurveda,,Health & Wellness,Shop authentic Ayurvedic wellness products online at Arogyam Shop.,meta_json,https://arogyamshop.com/cdn/shop/files/Logo_8534ef08-a06e-4a9e-970b-7c7367536be5.png?v=1781693163&width=105,Punjab,jalandhar,,meta.json country=IN; currency=INR; state=Punjab; +91 phone on site,7
923,Chaayos,https://chaayos.com,letstalk@chaayos.com; ecom@chaayos.com,+9118001202424,https://www.instagram.com/chaayos,https://www.facebook.com/Chaayos,https://twitter.com/chaayos,,,Food & Beverages,"Your one stop shop for all your Chai Cravings. Easy way to buy out Masala Tea, Instant Tea, Green Teas and Tea Gifts.",meta_json,https://chaayos.com/cdn/shop/files/Chaayos_Logo_a41a4981-896a-411b-b663-c500726a842c.jpg?v=1679058333&width=4000,Haryana,Gurugram,,meta.json country=IN; currency=INR; state=Haryana; +91 phone on site,7
924,Drivestylish,https://drivestylish.com,support@drivestylish.com,+919599337724,https://www.instagram.com/drive_stylish,https://www.facebook.com/@officialdrivestylish,,,https://www.youtube.com/channel/UCFdXWdHyHW4KySbD5nxIBtw,Automotive,"Buy genuine car accessories & modification parts online in India at best prices. Fast Pan-India delivery, 100% fitment guarantee & 7-day returns at Drive Stylish. Explore exterior & interior car accessories, PPF & Car Decoration like ambient lights!",meta_json,https://drivestylish.com/cdn/shop/files/Logo-512px.jpg?v=1736749984&width=512,Delhi,Delhi,,meta.json country=IN; currency=INR; state=Delhi; +91 phone on site,7
925,Etchcraft Emporium,https://etchcraftemporium.in,sales@etchcraftemporium.in; etchcraftonline@gmail.com,+919818151452,https://www.instagram.com/etchcraftemporium.in,https://facebook.com/etchcraftemporium,,,https://youtube.com/@etchcraftemporium,Jewellery & Accessories,"Browse our exclusive collection of watches, jewellery and other personalised accessories that represent you. Secure payment. Cash on delivery. Free shipping.",meta_json,https://etchcraftemporium.in/cdn/shop/files/SQ_ETCHCRAFT_EMPORIUM_LOGO_black.jpg?v=1614268690&width=400,Delhi,Delhi,,meta.json country=IN; currency=INR; state=Delhi; .in domain; +91 phone on site,7
926,Jnorss,https://jnorss.in,customersupport@jnorss.com,+916280157876; +919915837565,https://www.instagram.com/jnorsslife,,,,,Apparel & Fashion,"JNORSS – Journey to Next-Gen Outfits, Redefining Street Style. Discover bold, trendsetting fashion with high-quality T-shirts, urban streetwear, and sleek essentials. Elevate your wardrobe with JNORSS – where style meets statement!",meta_json,https://www.jnorss.in/cdn/shop/files/LOGO.png?v=1773327466&width=500,Punjab,Ludhiana,03AFRPA2129Q1ZB,meta.json country=IN; currency=INR; state=Punjab; .in domain; GSTIN on site; +91 phone on site,7
927,Menmai™,https://menmaifabrics.com,menmai.fabrics@gmail.com; support@menmaifabrics.com,+917806869754,https://www.instagram.com/menmai.fabrics,https://www.facebook.com/menmai.fabricss,,,,Apparel & Fashion,"About Menmai Fabrics At Menmai Fabrics, we believe a saree is more than just clothing — it's a story woven in threads, a celebration of heritage, and a reflection of personal style.",about_meta_description,https://menmaifabrics.com/cdn/shop/files/Logo_Header.png?v=1734437058&width=144,Tamil Nadu,Tiruppur Dist,33AGMPL4137D1ZN,meta.json country=IN; currency=INR; state=Tamil Nadu; GSTIN on site; +91 phone on site,7
928,Shivcrafts,https://shivcrafts.com,support@shivcrafts.com; shivaartimachine@gmail.com; 95dott@gmail.com,+919016259171; +919427203295,https://www.instagram.com/shivcraftsofficial,https://www.facebook.com/profile.php?id=61570323254334,,,https://www.youtube.com/@ShivaartiMachine,Religious & Pooja,"Aarti machines with Shankh, Nagada, Mayur Naad, Bluetooth and hand-painted designs. From Rs.5,480. 2-year warranty, COD, free shipping over Rs.500.",meta_json,https://shivcrafts.com/cdn/shop/files/shivcrafy_transparent_logo.png?v=1756920486&width=480,Gujarat,Gondal,,meta.json country=IN; currency=INR; state=Gujarat; +91 phone on site,7
929,Fashion Capital,https://thefashioncapital.in,fcsupport@thefashioncapital.in; priyanshupaliwal4@gmail.com,+918302232207; +917987620220,https://www.instagram.com/fashioncapital.in_,https://www.facebook.com/people/Fashion-Capital/61569748335126,,,https://www.youtube.com/@fashioncapitalindia,Apparel & Fashion,"Fashion Capital is a Jaipur-based fusion wear brand blending Indian elegance with modern silhouettes. Explore designer kurtis, Pakistani styles, and effortless everyday wear — made from premium fabrics and crafted for comfort, confidence, and charm.",meta_json,https://thefashioncapital.in/cdn/shop/files/logo.png?v=1762701748&width=500,Rajasthan,Jaipur,,meta.json country=IN; currency=INR; state=Rajasthan; .in domain; +91 phone on site,7
930,Zivanche,https://zivanche.com,support@zivanche.com; dispatch@zivanche.com,+917965801870; +919056768020,https://www.instagram.com/zivanche,https://www.facebook.com/zivanche,,,https://www.youtube.com/@Zivancheswiss,Jewellery & Accessories,"Shop premium Swiss luxury watches for men and women at Zivanche. Discover our exclusive collection of automatic, tourbillon, and designer timepieces crafted for elegance and precision. Enjoy a global warranty, fast international shipping, and timeless luxury backed by Swiss craftsmanship.",meta_json,https://zivanche.com/cdn/shop/files/zivanche-logo.png?v=1788776239&width=600,Punjab,Mohali,,meta.json country=IN; currency=INR; state=Punjab; +91 phone on site; Indian PIN code on site,7
931,AURAVEDIC,https://auravedic.com,info@auravedic.com,+919819240020,https://www.instagram.com/auravedic_beauty,https://www.facebook.com/auravedic,,,https://www.youtube.com/channel/UCxaFQ9SrjJ4HiF_65BykqZw/featured,Beauty & Personal Care,"Auravedic has all Natural Plant-Based Ingredients which are 100% Safe & Cruelty-Free. Solves the problems like dullness, dark spots, hyperpigmentation & uneven tone.",meta_json,https://auravedic.com/cdn/shop/files/Auravedic_Logo_Thick.png?v=1669825106&width=1500,Maharashtra,Mumbai,,meta.json country=IN; currency=INR; state=Maharashtra; +91 phone on site,7
932,Supreme Mobiles,https://suprememobiles.in,online@supremeparadise.in,+919858798587,https://www.instagram.com/suprememobiles,https://www.facebook.com/SupremeMobiles,https://twitter.com/SupremeMobiles,https://www.linkedin.com/company/suprememobiles,https://www.youtube.com/c/SupremeMobiles,Kitchen & Dining,"Buy Mobiles Phone at Best Offer in Online | Lowest Price | Mobile Phone at Offers | Budget Mobiles, Laptop, Smart Tv | Get Best Offers & Deals in your Purchase at Supreme Mobiles | Free Door Delivery | Best Online Shopping | Latest Models | Smart Watches | Ear Buds | Neckband | Bluetooth Speaker | C",meta_json,https://suprememobiles.in/cdn/shop/files/LOGO_2_636dae5e-9b0d-4dcb-985f-3102e7f6fffe.png?v=1734347086&width=1000,Tamil Nadu,Tirupur,,meta.json country=IN; currency=INR; state=Tamil Nadu; .in domain; +91 phone on site,7
933,Pure Aura,https://pureaura.in,help@pureaura.in; help@babyforest.in; info@babyforest.in; care@pureaura.in,+919599070750,https://www.instagram.com/pureaura.baby,https://www.facebook.com/profile.php?id=61573409619295,,https://www.linkedin.com/company/babyaura-essentials-pure-aura,,Baby & Kids,Finding good products for sensitive baby skin is hard. But PureAura's wipes & shampoo have been amazing so gentle and they smell so fresh.,meta_json,https://pureaura.in/cdn/shop/files/Pure_aura_org_logo_png.png?v=1754636428&width=500,Haryana,Gurugram,,meta.json country=IN; currency=INR; state=Haryana; .in domain; +91 phone on site,7
934,Ayur Kart,https://ayurkart.com,sales@ayurkart.com,+914448599296,https://www.instagram.com/ayurkart_in,https://www.facebook.com/ayurkartindia,https://x.com/ayurkart_india,,https://www.youtube.com/channel/UCxIYr9tildhBbuqxm8XsfZg,Health & Wellness,Buy Ayurvedic Medicine Online from India's best Ayurveda online shopping store. Avail Classical Ayurvedic Medicine & Products Online from top ayurvedic brands.,meta_json,https://www.ayurkart.com/cdn/shop/files/ayurkart-logo_298x67.png?v=1613699332,Tamil Nadu,Chennai,,meta.json country=IN; currency=INR; state=Tamil Nadu; +91 phone on site,7
935, DishaCreationz,https://dishacreationz.com,info@dishacreationz.com,+918714267306; +918714998859; +919961740306,https://www.instagram.com/disha_creationz,https://www.facebook.com/dishacreationz1,,,https://youtube.com/@dishacreationz,Apparel & Fashion (Women),"Founded in 2015, Disha Creationz began its journey as an online shop with a vision to bring the elegance and charm of ethnic wear to families everywhere. Over the years, we have grown and expanded, establishing a direct shop to complement our thriving online presence.",about_paragraph,https://dishacreationz.com/cdn/shop/files/disha_logo_black.png?v=1715603395&width=150,Kerala,Kottayam,,meta.json country=IN; currency=INR; state=Kerala; +91 phone on site,7
936,FABK,https://fabk.in,customercare@fabk.in; info@fabk.in,+917338872202; +917299452565,https://www.instagram.com/fabkestore,https://www.facebook.com/fabkestore,,,https://www.youtube.com/@FABKESTORE,Apparel & Fashion,"FABK offers more than just sarees — we bring stories woven into every thread. Explore bespoke, handcrafted sarees and ethnic wear that blend heritage and modernity, tailored for the connoisseurs of true elegance. Elevate your wardrobe with the artistry of Indian textiles, made for those who celebrat",meta_json,https://fabk.in/cdn/shop/files/FabK_logo.psd.webp?v=1765628826&width=1772,Tamil Nadu,Chennai,,meta.json country=IN; currency=INR; state=Tamil Nadu; .in domain; +91 phone on site,7
937,Fabricroot,https://fabricroot.com,orders@fabricroot.com; me@veeren.in,+918287079220,https://www.instagram.com/fabricroot.designerfabrics,https://www.facebook.com/Fabricroot,,,https://www.youtube.com/@fabricroot9920,Apparel & Fashion,"Shop premium fabrics online at FabricRoot – cotton, rayon, organza, velvet, embroidered, designer & dyeable fabrics by meter across India.",meta_json,https://fabricroot.com/cdn/shop/files/fabricroot-logo.png?v=1613701345&width=500,Delhi,New Delhi,,meta.json country=IN; currency=INR; state=Delhi; +91 phone on site,7
938,KITCHEN MART,https://kitchenmart.co.in,sales@kitchenmart.co.in; chetan@kitchenmart.co.in,+919986937662; +918861929966; +917090050090,https://www.instagram.com/kitchenmart2,https://www.facebook.com/kitchenmartBANGALORE,,,https://www.youtube.com/channel/UC6i9tXFRSZK0IjzEwhXlJFA,Kitchen & Dining,"Buy premium kitchen appliances, cookware, stainless steel utensils & more at unbeatable wholesale prices. Trusted by thousands across India. Shop Kitchen Mart today!",meta_json,https://kitchenmart.co.in/cdn/shop/files/Kitchen_Mart_b15820aa-7665-49f1-8be9-10450f8bc74f_600x.jpg?v=1613519282,Karnataka,Bangalore,,meta.json country=IN; currency=INR; state=Karnataka; .in domain; +91 phone on site,7
939,Lovegen,https://lovegen.com,customercare@lovegen.com,+919220607241,https://www.instagram.com/lovegen_india,,,https://www.linkedin.com/company/lovegen,https://www.youtube.com/@LoveGen_India,Apparel & Fashion,"Shop Raw, real, built-to-last denims. Inspired by western trends, trendiest denim brand in India. Shop high-quality denim jeans, jackets, shorts, skirts, tops & co-ords online.",meta_json,https://lovegen.com/cdn/shop/files/logo-web.png?v=1744186055&width=160,Haryana,Gurugram,,meta.json country=IN; currency=INR; state=Haryana; +91 phone on site,7
940,Qua,https://qua.clothing,info@qua.clothing,+919289052310,https://www.instagram.com/qua.clothing,https://www.facebook.com/qua.clothing,,https://www.linkedin.com/company/qua-clothing,https://www.youtube.com/channel/UCyz_3eZIrYdMY1yL0G5rbTQ,Apparel & Fashion,"Qua (/kwa) is an Arabic word that means “Power” in English. We build versatile ready-to-wear pieces that take you from desk to dinner, meeting to networking, and pitch to plane without any extra effort.",meta_json,https://www.qua.clothing/cdn/shop/files/New_logo_1-removebg-preview_70x.png?v=1683639776,Delhi,Delhi,,meta.json country=IN; currency=INR; state=Delhi; +91 phone on site,7
941,Rosh Cookwares,https://roshcookwares.in,support@roshcookwares.in; roshcookware@gmail.com,+918189929432,https://www.instagram.com/roshcookware,https://www.facebook.com/Rosh-Cookwares-105753401250748,,,https://www.youtube.com/@roshcookwares,Kitchen & Dining,From our tradition to your kitchen – quality cookware for generations.,meta_json,https://roshcookwares.in/cdn/shop/files/Rosh_logo-01_1.png?v=1758787040&width=3575,Tamil Nadu,"Perungudi, Chennai",,meta.json country=IN; currency=INR; state=Tamil Nadu; .in domain; +91 phone on site,7
942,Tilfi,https://tilfi.com,banaras@tilfi.com,+917303741333,https://www.instagram.com/tilfi_banaras,https://www.facebook.com/tilfi,,,https://www.youtube.com/channel/UClEDuOm8us7t3zeaGe91wog/videos,Apparel & Fashion,"The makers of the finest Banarasi handloom saris, dupattas and lehengas today. Shop our weaves in pure silk, cotton, koras, georgettes and more online.",meta_json,https://tilfi.com/cdn/shop/files/TILFI_Logo_standard-_cropped_1600x.png?v=1683886030,Uttar Pradesh,Varanasi,,meta.json country=IN; currency=INR; state=Uttar Pradesh; +91 phone on site,7
943,Travel Story Collectives,https://travelstorycollectives.com,info@travelstorycollectives.com; info.sirpii@gmail.com; sareestorywithshanmugapriya@gmail.com,+918939402536,https://www.instagram.com/sareestorywithshanmugapriya,https://www.facebook.com/profile.php?id=61557678675453,,,https://www.youtube.com/@Sareestorywithshanmugapriya.,Apparel & Fashion,"Shop handcrafted Kalamkari, Modal Ajrakh & Bandhani sarees direct from artisans. Unique designs, fair prices, and free shipping across India.",meta_json,https://travelstorycollectives.com/cdn/shop/files/FINAL-LOGO_289b526e-e48d-4e2c-b975-7593d756df68.png?v=1754052838&width=500,Tamil Nadu,Chennai,,meta.json country=IN; currency=INR; state=Tamil Nadu; +91 phone on site,7
944,Cultree India,https://cultree.in,customercare@cultree.in; cultreeofficial@gmail.com,+918660979393; +919238642147,https://www.instagram.com/cultreeindia,https://www.facebook.com/profile.php?id=100087729994071,,,https://youtube.com/@cultree-anagricultureensem1808,Plants & Gardening,"Cultree your trusted partner in agriculture. We are a one-stop eCommerce store dedicated to providing farmers with high-quality seeds, insecticides, pesticides, plant growth regulators, and cutting-edge agricultural tools.",meta_json,https://cultree.in/cdn/shop/files/light.png?v=1700714440&width=500,Madhya Pradesh,Sagar,,meta.json country=IN; currency=INR; state=Madhya Pradesh; .in domain; +91 phone on site,7
945,Rwdy,https://rwdy.in,support@rwdy.in; collab@rwdy.in; hey@rwdy.in,+919121022335,https://www.instagram.com/rwdyclub,,https://x.com/rwdyclub,,https://www.youtube.com/@rwdyclub,Apparel & Fashion,"Shop RWDY- bold Indian streetwear by Vijay Deverakonda. Hoodies, tees, jeans, co-ord sets & accessories. Cash on Delivery across India, easy checkout, and RWDY Club coins & rewards.",meta_json,https://rwdy.in/cdn/shop/t/76/assets/rwdy-logo-white.png?v=87920829964275324961790145154,Telangana,Hyderabad,,meta.json country=IN; currency=INR; state=Telangana; .in domain; +91 phone on site,7
946,akiiko,https://akiiko.com,orders@precisofashion.com; info@precosiofashion.com; marketing@precisofashion.com,+919150079228; +919858590505; +919150079234,https://www.instagram.com/akiiko_india,https://www.facebook.com/akiikoindia,,,,Bags & Luggage,"Elevate your daily routine with akiiko's soft tote bags, aesthetic pouches & wellness essentials. Perfect for office, college & self-care rituals. Free shipping on aesthetic bags & pouches. Shop India's favorite minimalist lifestyle brand today!",meta_json,https://cdn.shopify.com/s/files/1/0664/0664/5980/files/logojpg_7a974bf0-4e88-492f-aa81-08bdeb0a0b34.png?v=1762413438,Tamil Nadu,Chennai,33AHGPG6636D1ZO,meta.json country=IN; currency=INR; state=Tamil Nadu; GSTIN on site; +91 phone on site,7
947,ARKS,https://arks.club,help@arks.club,+917965218888,https://www.instagram.com/arks,https://www.facebook.com/ARKSstudio,,,https://www.youtube.com/@ARKSCLUB,Apparel & Fashion,"Shop ARKS by Ranbir Kapoor for men's & women's clothing, footwear and fragrance. Discover the new collection with free shipping across India, easy returns and COD.",meta_json,https://arks.club/cdn/shop/files/logo_2_1.png?v=1781756464,Maharashtra,Mumbai,,meta.json country=IN; currency=INR; state=Maharashtra; +91 phone on site,7
948,ATPU's - Atreyapuram Putharekulu,https://atpu.in,help@atpu.in; putharekulu.atreyapuram@gmail.com,+918959596868; +919669886988; +919429693123,https://www.instagram.com/atpu.in,https://www.facebook.com/atpu.in,https://x.com/atpu_in,,https://www.youtube.com/@atpu_in,Food & Beverages,Putharekulu - Taste the 300 year old Royal Dessert of the Kings. Our Putharekulu are Prepared By Experts On Order. Best prices on the internet. Order now and satisfy your sweet cravings.,meta_json,https://www.atpu.in/cdn/shop/files/Atreyapuram_Putharekulu_New_Logo_Bold_08c0d0f1-190a-4095-8cd2-136e84a14a09.png?v=1683794814,Andhra Pradesh,East Godavari District,,meta.json country=IN; currency=INR; state=Andhra Pradesh; .in domain; +91 phone on site; Indian PIN code on site,7
949,BookMyCostume,https://bookmycostume.com,contact@bookmycostume.com,+919999490730,https://www.instagram.com/bookmycostume,https://www.facebook.com/BookMyCostume,https://twitter.com/BookMyCostume,,,Apparel & Fashion,Buy and Rent childrens fancy dress costumes for kids online across India. Largest boys and girls costumes range for School Fancy Dress Competitions & children school Annual days. Get Fancy Dress Ideas as per fancy dress themes for toddlers & babies. Adults theme party Halloween costumes also availab,meta_json,https://www.bookmycostume.com/cdn/shopifycloud/storefront/assets/no-image-2048-a2addb12.gif,Delhi,Delhi,,meta.json country=IN; currency=INR; state=Delhi; +91 phone on site,7
950,Chkokko,https://chkokko.com,support@chkokko.com,+919781065100,https://www.instagram.com/chkokko,https://www.facebook.com/chkokko,,,https://www.youtube.com/@chkokkosocial,Apparel & Fashion,"Explore the best collection of sportswear. Perfect for every workout session, it is made to be comfortable, flexible, and long-lasting.",meta_json,https://chkokko.com/cdn/shop/files/chkokko-logo_ce6a428e-f303-42b7-8040-3f4292129c1d_1.webp?v=1692774578&width=1000,Punjab,Ludhiana,,meta.json country=IN; currency=INR; state=Punjab; +91 phone on site,7
951,HOK Makeup,https://hokmakeup.com,support@hokmakeup.com; affiliate@hokmakeup.com,+919810245261,https://www.instagram.com/hokmakeup,https://www.facebook.com/hokmakeup,,,https://www.youtube.com/c/hokmakeup,Beauty & Personal Care,"Buy Luxury Makeup Products Online in India at Best Prices Only on HOK Makeup. Explore Top-Rated Foundations, Lipsticks, Eyeshadows & More from Trusted Brands. Enjoy Fast Shipping, Easy Returns & COD Options.",meta_json,https://hokmakeup.com/cdn/shop/files/image_30d4acee-3d50-48d9-a131-60bfc731d9ff.png?v=1782819814&width=500,Delhi,New Delhi,,meta.json country=IN; currency=INR; state=Delhi; +91 phone on site,7
952,LAVANYA THE LABEL,https://lavanyathelabel.com,orders@lavanyathelabel.com,+919166450677,https://www.instagram.com/lavanyathelabel,https://www.facebook.com/lavanyathelabel,https://twitter.com/lavanyalabel,,,Apparel & Fashion,"Ethnic Wear for Women: Discover designer ethnic wear collections at Lavanya The Label, including suit sets, sharara sets, lehenga sets, and sarees. Free shipping and COD available. Shop today!",meta_json,https://www.lavanyathelabel.com/cdn/shop/files/1000080173_558x.png?v=1735382329,Rajasthan,Bhilwara,,meta.json country=IN; currency=INR; state=Rajasthan; +91 phone on site,7
953,Ripped Up Nutrition,https://rippedupnutrition.com,support@rippedupnutrition.com,+916230086790; +916230886790; +916230700867,https://www.instagram.com/rippedupnutrition,https://www.facebook.com/rippedupnutrition,,,https://www.youtube.com/@rippedupnutrition,Health & Wellness,"Shop whey protein, pre-workout, fat burners & gym supplements at Ripped Up Nutrition. Premium quality sports nutrition with great taste and fast delivery across India.",meta_json,https://rippedupnutrition.com/cdn/shop/files/66F03DD2-1E22-425F-AE64-6DFE796C757D.png?v=1788115932&width=500,Himachal Pradesh,Baddi,,meta.json country=IN; currency=INR; state=Himachal Pradesh; +91 phone on site,7
954,sportsun.in,https://sportsun.in,support@sportsun.in; privacy@bookmyseats.in; unsubscriber@sportsun.in; info@sportsun.in,+917428778005; +911123645563,https://www.instagram.com/sportsunindia,https://www.facebook.com/Sportsunsportswear,https://twitter.com/sportsunindia,,,Sports & Fitness,"Discover Sportsun – your destination for high-quality sportswear, tracksuits, jackets, and athleisure apparel. Designed for comfort, performance, and style. Shop now and elevate your workout wardrobe.",meta_json,https://sportsun.in/cdn/shop/files/search_lOGO.jpg?v=1781161983&width=600,Delhi,New Delhi,,meta.json country=IN; currency=INR; state=Delhi; .in domain; +91 phone on site,7
955,HIRA FRAGRANCES,https://hirafragrances.com,support@hirafragrances.com,+916366936990,https://www.instagram.com/hira.fragrances,https://www.facebook.com/profile.php?id=61574966683637,,,https://www.youtube.com/channel/UC8b9BcTDL0k5TVxFvIuXBVg,Gifts & Hampers,"Shop HIRA's long-lasting perfumes for men and women. Discover luxury eau de parfum collections crafted for modern moods—bold, romantic, or effortlessly fresh.",meta_json,https://hirafragrances.com/cdn/shop/files/b66218e8-6baa-43d9-8231-7404fd737081_089de1b4-0950-4f19-b0ae-323d1731d52e.png?v=1738095660&width=500,Karnataka,Bengaluru,,meta.json country=IN; currency=INR; state=Karnataka; +91 phone on site,7
956,Flicka Cosmetics Pvt Ltd,https://flickacosmetics.com,support@flickacosmetics.com; hr@flickacosmetics.com; pr@flickacosmetics.com; info@flickacosmetics.com,+918421775194; +911294914377,https://www.instagram.com/flickacosmetics,https://www.facebook.com/flickacosmetics,,,https://www.youtube.com/@flickacosmetics,Beauty & Personal Care,"Shop Flicka Cosmetics makeup products online. Discover foundations, lipsticks, eyeliners, blushes, kajal, beauty oil, and more to upgrade your beauty collection today.",meta_json,https://flickacosmetics.com/cdn/shop/files/Logo.png?v=1772099103&width=500,Maharashtra,Mumbai,,meta.json country=IN; currency=INR; state=Maharashtra; +91 phone on site,7
957,Gear Guard,https://gearguard.in,sumit@gearguard.in,+919140888488,https://www.instagram.com/thegearguard2,https://www.facebook.com/guardforgear,,https://in.linkedin.com/company/gear-guard,https://www.youtube.com/@Gear_Guard,Automotive,"Upgrade your driving experience with Gear Guard – your one-stop destination for premium car accessories. From infotainment screen protectors and key covers to organizers, cables, and more, all products are designed for perfect fit, durability, and style. Enjoy easy installation, superior protection,",meta_json,https://gearguard.in/cdn/shop/files/Gear_Guard_New_Logo_3a2bbae7-0ce4-4241-87e2-db2e1bcacaa5.png?v=1742109814&width=160,Uttar Pradesh,Kanpur,,meta.json country=IN; currency=INR; state=Uttar Pradesh; .in domain; +91 phone on site,7
958,Hidesign,https://hidesign.com,corporatesales@hidesign.com; customercare@hidesign.com; noreply@hidesign.com,+918031405178; +917338897300; +919444274242,https://www.instagram.com/hidesignhq,https://www.facebook.com/hidesign,,https://www.linkedin.com/company/hidesign,,Bags & Luggage,"Discover handcrafted leather bags, wallets and accessories for men & women online. Experience luxury fashion in sustainable leather with Hidesign's collection.",meta_json,https://cdn.shopify.com/s/files/1/0416/3049/8971/files/Hidesign_logo.svg?v=1060772962976040423,Puducherry,Puducherry,,meta.json country=IN; currency=INR; state=Puducherry; +91 phone on site,7
959,Hitter Bat,https://hittersports.in,contacthitterbat@gmail.com,+912525550126; +919316527781,https://www.instagram.com/hitterbat,,,,https://www.youtube.com/@hitterbat,Sports & Fitness,"Shop Premium cricket bats, batting gloves, cricket shoes, tennis balls, grips, bat covers, and accessories at Hitter Sports. Free delivery across India and secure online shopping.",meta_json,https://hittersports.in/cdn/shop/files/Hitter_Horizontal_Logo.svg?v=1765472352&width=200,Gujarat,Bhuj ,24AAEHH2282R1ZW,meta.json country=IN; currency=INR; state=Gujarat; .in domain; GSTIN on site; +91 phone on site,7
960,Mahajan Electronics Online,https://mahajanelectronics.com,care@mahajanelectronics.com; manasss@gmail.com,+919710000251; +919310000492; +918448447037,https://www.instagram.com/mahajan.electronics,https://www.facebook.com/MahajanElectronics,,,https://www.youtube.com/@mahajanelectronics,Electronics & Gadgets,"Mahajan Electronics: Your one-stop shop for electronics in and around Delhi. Trusted for 44+ years, offering efficient, convenient products. Visit us for more",meta_json,https://mahajanelectronics.com/cdn/shop/files/Mahajan_Electronics_red_logo-11-01.png?v=1613695863&width=1114,Delhi,New Delhi,,meta.json country=IN; currency=INR; state=Delhi; +91 phone on site,7
961,Make Your Own Perfume,https://myop.in,support@myop.in; rayhan@myop.in,+917306900600,https://www.instagram.com/myopindia,https://www.facebook.com/myopindia,,,https://www.youtube.com/channel/UCUSHcnc8Rgl4o_2gn-1q1KA,Beauty & Personal Care,Shop premium long-lasting perfumes for men & women. Explore signature scents and personalized bottles. Enjoy our Buy 2 Get 1 Free offer with fast and free delivery across India.,meta_json,https://cdn.shopify.com/s/files/1/0262/8819/3614/files/logo_1_06d303db-eb38-41e6-bd23-868a8a19546d.png?v=1777898444,Kerala,Kozhikode,,meta.json country=IN; currency=INR; state=Kerala; .in domain; +91 phone on site,7
962,Prisma,https://myprisma.in,onlinesupport@myprisma.in; sales@prismagarments.in,+917530013336; +919789735649; +917530013339,https://www.instagram.com/brandprisma,https://www.facebook.com/brandprisma,,,https://www.youtube.com/channel/UCFpaL_3elJHIcTHLvH7gVRQ,Apparel & Fashion,Prisma offers wide variety of products and colours in bottomwear & innerwear for Women in India at a price that is affordable,meta_json,https://myprisma.in/cdn/shop/files/Prisma_logo_250_px_w_x_80_px_h.png?v=1693653315&width=1043,Tamil Nadu,TIRUPUR,,meta.json country=IN; currency=INR; state=Tamil Nadu; .in domain; +91 phone on site,7
963,Ride Adventure,https://rideadventure.in,info@rideadventure.in,+917022132365; +917795732365,https://www.instagram.com/ride_adventure_,https://www.facebook.com/people/Ride-Adventure/61560276895780,,,https://www.youtube.com/@ride_adventure_,Automotive,"""Welcome to Ride Adventure Bike Accessories Retail Store, your ultimate destination for top-quality bike accessories and gear! Founded in 2019, we are conveniently located in the vibrant neighborhood of Vijayanagar, Bangalore. Over the years, we have established ourselves as a trusted name among bik",meta_json,https://rideadventure.in/cdn/shop/files/Final_logo_ride_adventure.png?v=1701698170&width=2544,Karnataka,Bangalore,,meta.json country=IN; currency=INR; state=Karnataka; .in domain; +91 phone on site,7
964,Wacoal India,https://wacoalindia.com,support@wacoalindia.com,+918956969418,https://www.instagram.com/wacoalindia,https://www.facebook.com/wacoalindia,,,https://www.youtube.com/channel/UC4JUUp49-DDxwBIXnclZvog,Apparel & Fashion,"Shop Wacoal premium lingerie collections online, offering superior quality in a variety of colors, fabrics, and sizes. Enjoy ✔Free Shipping, ✔COD, and ✔Easy Returns.",meta_json,https://www.wacoalindia.com/cdn/shop/files/horizontal_logo.jpg?v=1789547512&width=5760,Maharashtra,Mumbai,,meta.json country=IN; currency=INR; state=Maharashtra; +91 phone on site,7
965,Wellwith,https://wellwithlife.com,care@wellwithlife.com; care@wellwith.com,+918040363880,https://www.instagram.com/wellwith.official,https://www.facebook.com/wellwith.official,,,https://www.youtube.com/@wellwith_official,Health & Wellness,"Discover WellWith, India’s original Sea Buckthorn brand and manufacturer, offering lab tested, omega rich Sea Buckthorn products made from Ladakh berries for everyday wellness.",meta_json,https://wellwithlife.com/cdn/shop/files/Artboard_1_copy_3_1.png,Uttar Pradesh,Greater Noida,,meta.json country=IN; currency=INR; state=Uttar Pradesh; +91 phone on site,7
966,Whimsy Beauty,https://whimsyindia.com,care@whimsyindia.com,+919650159111,https://www.instagram.com/whimsyorganics,https://www.facebook.com/profile.php?id=100090084083530&mibextid=LQQJ4d,,https://www.linkedin.com/company/the-whimsy-beauty,,Beauty & Personal Care,"Whimsy creates safe, organic, toxin-free skincare and Beauty products for kids and teens aged 6–16. Made with gentle ingredients, dermatologically tested, and parent-approved—Whimsy makes self-care fun, effective, and worry-free!",meta_json,https://whimsyindia.com/cdn/shop/files/Whimsy_logo_4_2229x.jpg?v=1768906166,Haryana,Gurugram,,meta.json country=IN; currency=INR; state=Haryana; +91 phone on site,7
967,MISHMASH NATURALS ,https://mishmashnaturals.com,customercare@mishmashnaturals.com,+918602060608; +919654955575,https://www.instagram.com/mishmash_naturals,https://www.facebook.com/people/Mishmash-Naturals/61558591453769,,,https://www.youtube.com/@mishmash_naturals,Beauty & Personal Care,"Featured on Shark Tank India Season 5. Mishmash Naturals is India’s Ayurvedic, toxin-free kids makeup & personal care brand for children aged 3–14.",meta_json,https://www.mishmashnaturals.com/cdn/shop/files/Mishmash_Dev_Group.svg?v=1768752425&width=300,Chhattisgarh,Raipur,,meta.json country=IN; currency=INR; state=Chhattisgarh; +91 phone on site,7
968,Bagru Art ,https://bagruart.com,support@bagruart.com,+918005879984; +917976811955,https://www.instagram.com/bagru_art,https://www.facebook.com/BagruArt,,,https://youtube.com/@bagruart,Apparel & Fashion,"Buy varieties of cotton dress materials, unstitched suits, maheshwari silk suit sets, chanderi silk suit, kota doriya suit & mulmul cotton saree, maheshwari silk saree. We assure quality and 100% customer satisfaction. Bagru Art and retail store offer Free delivery in Inda and ship worldwide.",meta_json,https://www.bagruart.com/cdn/shop/files/logo_50a45419-4449-4d4f-b0ec-d6b6c1118ea3_200x.png?v=1669176367,Rajasthan,Jaipur,,meta.json country=IN; currency=INR; state=Rajasthan; +91 phone on site,7
969,Blue Tokai Coffee Roasters,https://bluetokaicoffee.com,getcoffee@bluetokaicoffee.com; emandate@bluetokaicoffee.com,+919606047077,https://www.instagram.com/bluetokaicoffee,https://www.facebook.com/bluetokaicoffee,https://twitter.com/bluetokaicoffee,,,Gifts & Hampers,"Blue Tokai Coffee brings you fresh single estate 100% Arabica coffee beans, roasted with care, from the best farms across India. Order yours online now!",meta_json,https://bluetokaicoffee.com/cdn/shop/files/logo-footer.png?v=1688108473&width=190,Haryana,Gurugram,,meta.json country=IN; currency=INR; state=Haryana; +91 phone on site,7
970,Bombay Sweet Shop,https://bombaysweetshop.com,chat@bombaysweetshop.com,+919136192636,https://www.instagram.com/bombaysweetshop,https://www.facebook.com/bombaysweetshop,https://x.com/BombaySweetShop,,,Food & Beverages,"Bombay Sweet Shop crafts delightful Indian sweets and savouries that are anything but boring. Discover handcrafted mithai and thoughtful gifts, delivered across India.",meta_json,https://bombaysweetshop.com/cdn/shop/files/LOGO_5_298c1eb6-e72c-4d75-9d4d-4677ae52c2be.png?v=1672314252,Maharashtra,Mumbai,,meta.json country=IN; currency=INR; state=Maharashtra; +91 phone on site,7
971,DealCliq.com,https://dealcliq.com,info@dealcliq.com; info@dealcliq.co,+919354037427,https://www.instagram.com/dealcliq_india,https://www.facebook.com/dealcliq,,,https://youtube.com/@dealcliq,Electronics & Gadgets,Open Box Products in India,meta_json,https://dealcliq.com/cdn/shop/files/dealcliq-logo_05-1.webp?v=1673295612&width=250,Punjab,Amritsar,,meta.json country=IN; currency=INR; state=Punjab; +91 phone on site,7
972,Little Muffet,https://littlemuffet.in,support@littlemuffet.com,+919819405205,https://www.instagram.com/little_muffet,https://www.facebook.com/littlemuffet.india,,,https://www.youtube.com/@little_muffet,Apparel & Fashion,"Embrace the joy of growing up in our curated collection of enchanting Indian ethnic and party wear for kids aged 0-15. Crafted with care in India, loved by families worldwide.",meta_json,https://littlemuffet.in/cdn/shop/files/LittleMuffet_logo_horizontal_RGB.png?v=1644404138&width=799,Maharashtra,Mumbai,,meta.json country=IN; currency=INR; state=Maharashtra; .in domain; +91 phone on site,7
973,Outdoor Goats,https://outdoorgoats.com,customercare@outdoorgoats.com; joanne@outdoorgoats.com,+919819039500; +919990050501; +917980050502,https://www.instagram.com/outdoorgoatsofficial,https://www.facebook.com/outdoorgoats,,https://www.linkedin.com/company/Outdoorgoats,https://www.youtube.com/@outdoorgoats,Apparel & Fashion,"Shop curated running, cycling, travel and everyday performance wear. UPF-50 shirts, utility clothing, waterproof shoes and more — built for how you actually live.",meta_json,https://cdn.shopify.com/s/files/1/0799/8940/7973/files/32x32_og_logo_2_1ffd329f-48ed-4c1d-a0ce-cd3e6efce5fc.png?v=1778942612,Maharashtra,Mumbai,,meta.json country=IN; currency=INR; state=Maharashtra; +91 phone on site,7
974,The 1970 Shop,https://the1970shop.com,postbox@the1970shop.com; vipul@the1970shop.com,+919220781177,https://www.instagram.com/the1970shop,https://www.facebook.com/profile.php?id=61566864497180,,,https://www.youtube.com/@the1970shop,Food & Beverages,"The 1970 Shop revives the nostalgia of Indian childhoods with handcrafted snacks made using traditional recipes and clean ingredients. From mathris to laddoos, each bite brings back the warmth of home, festivals, and family. Taste tradition, reimagined for today.",meta_json,https://the1970shop.com/cdn/shop/files/500g_Horizontal_Box_Packaging_For_The_1970_Shop_7X5_inch_2500_x_2500_px.png?v=1753687663&width=500,Delhi,Delhi,,meta.json country=IN; currency=INR; state=Delhi; +91 phone on site,7
975,Cureveda,https://cureveda.com,info@cureveda.com,+919691997997,https://www.instagram.com/curevedaremedies,https://www.facebook.com/curevedaremedies,https://twitter.com/Cureveda1,,,Health & Wellness,"Cureveda offers plant-based herbal supplements crafted with potent herbs for immunity, hair health, stress relief, and more. Embrace natural healing with safe, effective, and holistic wellness solutions.",meta_json,https://www.cureveda.com/cdn/shop/files/logo_fea5eacc-99d3-464f-b814-8af6b2aac4a8.png?v=1705557999&width=250,Maharashtra,Nagpur ,,meta.json country=IN; currency=INR; state=Maharashtra; +91 phone on site,7
976,Hibiscus Monkey,https://hibiscusmonkey.com,customercare@hibiscusmonkey.com; hibiscusmonkey@gmail.com,+914450136136,https://www.instagram.com/hibiscusmonkey,https://www.facebook.com/hibiscusmonkey,,,https://www.youtube.com/@hibiscusmonkey,Beauty & Personal Care,"India's first body-specialist brand. Naturally derived, dermatologist-tested body wash, body lotion and hair oil for KP, ingrown hair and body odour.",meta_json,https://www.hibiscusmonkey.com/cdn/shop/files/Colored_Logos_7bda7da9-bd52-4205-ad0c-c2d0f9be16f7.png,Maharashtra,Mumbai,,meta.json country=IN; currency=INR; state=Maharashtra; +91 phone on site,7
977,InArt-Studio,https://inart.co.in,help@inart.co.in,+917715839541,https://www.instagram.com/inartindiaofficial,https://www.facebook.com/inartindiaofficial,,,https://www.youtube.com/channel/UC2rPHOnYXjzseTviQurlSXA,Kitchen & Dining,"Explore a classy and luxurious wide range of InArt Sanitaryware Wash Basin Designs, Toilets, Basin Taps and Faucets for both bathroom & dining room at InArt.",meta_json,https://www.inart.co.in/cdn/shop/files/apint_FullColor_TransparentBg_1024x1024_72dpi_-_Copy_-_Copy.png?v=1643875778&width=642,Maharashtra,Mumbai,,meta.json country=IN; currency=INR; state=Maharashtra; .in domain; +91 phone on site,7
978,Indian Snack House,https://indiansnackhouse.com,customercare@indiansnackhouse.com; dinesh.c@indiansnackhouse.com,+919944274443; +919385440342; +919606511968,https://www.instagram.com/indian.snackhouse,https://www.facebook.com/indiansnackhouse,,,https://www.youtube.com/@indiansnackhouse,Food & Beverages,"Authentic South Indian snacks and sweets made with traditional recipes. No preservatives, no palm oil. Order fresh online from Indian Snack House.",meta_json,https://www.indiansnackhouse.com/cdn/shop/files/Indian_snack_house.png?v=1779703355&width=500,Tamil Nadu,Chennai,,meta.json country=IN; currency=INR; state=Tamil Nadu; +91 phone on site,7
979,Skillmatics India,https://skillmatics.in,help@skillmatics.in; help@skillmaticsworld.com,+918422822545,https://www.instagram.com/skillmaticsindia,https://www.facebook.com/Skillmaticsindia,,,https://www.youtube.com/@skillmatics8251,Art & Craft,"Skillmatics India brings you educational toys & games online. Enjoy fun learning with 100% safe, screen-free educational games that promote your child.",meta_json,https://www.skillmatics.in/cdn/shop/files/Skillmatics_Logo_RGB_Skillmatics_Logo_Horizontal_NewBlue_1d81c4_1_140x.webp?v=1690276402,Maharashtra,Mumbai,,meta.json country=IN; currency=INR; state=Maharashtra; .in domain; +91 phone on site,7
980,StudioKook,https://studiokook.com,info@studiokook.com,+919112257788,https://www.instagram.com/studiokookdotcom,https://www.facebook.com/studiokookfurniture,,,https://www.youtube.com/channel/UCsHqVCafpkEpBS68n9savIw,Kitchen & Dining,"Studio Kook is an online furniture brand that showcases clever, unique, innovative and state-of-the-art furniture. Most of our products are designed and shaped considering Indian homes. We deliver and install (if required) right to your doorstep, anywhere in India.",meta_json,https://studiokook.com/cdn/shop/files/Studio_Kook_Logo.png,Maharashtra,Pune,,meta.json country=IN; currency=INR; state=Maharashtra; +91 phone on site,7
981,The Horizon Collections,https://thehorizoncollections.com,support@thehorizoncollections.com; info@horizzoncollections.com,+919160000335,https://www.instagram.com/thehorizoncollections,https://www.facebook.com/Horizoncollections,,,https://www.youtube.com/@Thehorizoncollections,Apparel & Fashion,"The Horizon Collections, your one-stop shop for women wear: kurtis, three piece sets, ready made dresses, one minute sarees, bridal collections, party wear.",meta_json,https://thehorizoncollections.com/cdn/shop/files/Horizon_Collections_Logo.png?v=1757600865&width=302,Andhra Pradesh,Visakhapatnam,,meta.json country=IN; currency=INR; state=Andhra Pradesh; +91 phone on site,7
982,Car101,https://car101.in,support@car101.in,+919209074705,https://www.instagram.com/car101.in,https://www.facebook.com/car101.in,,,https://youtube.com/@car101india,Automotive,We offer premium yet affordable car care products for your car or bike. Keep your car looking its best with India's most trusted car care brand.,meta_json,https://car101.in/cdn/shop/files/CAR_101_Logo_Horizontal_9d767a6a-a6af-4a7e-afe2-36b1635165f8.svg?v=1735402051&width=500,Maharashtra,"Sunarwadi, Pune",,meta.json country=IN; currency=INR; state=Maharashtra; .in domain; +91 phone on site,7
983,EcoFlow,https://ecoflowindia.com,services@ecoflowindia.com; umangmishra@cavitak.com,+917969595009,https://www.instagram.com/ecoflowindia,https://www.facebook.com/profile.php?id=61583229677591,,,http://www.youtube.com/@EcoFlowIndiaOfficial,Electronics & Gadgets,"Discover the best portable power stations in India. EcoFlow offers fast-charging, eco-friendly power solutions for home backup, outdoor camping, and professional use.",meta_json,https://ecoflowindia.com/cdn/shop/files/ecoflow-white.png?v=1764395507&width=350,Gujarat,Ahmedabad,,meta.json country=IN; currency=INR; state=Gujarat; +91 phone on site; Indian PIN code on site,7
984,Agriplex,https://agriplexindia.com,support@agriplexindia.com; info@agriplexindia.com,+919538510000; +917943475625,https://www.instagram.com/agriplexindia,https://www.facebook.com/agriplexind,,,https://www.youtube.com/c/AGRIPLEXINDIA,Plants & Gardening,"Agriplex India is one stop online agriculture store offering wide range of Pesticides, Fertilizers, Seeds & Saplings, Insecticides, Fungicides, Herbicide, Micronutrient, Farm Tools & Machineries and Agri Implements. All Over India COD Available | Shop now |",meta_json,https://agriplexindia.com/cdn/shop/files/stihl-logo-10_d2ec284a-2c9d-412e-869e-e33338609c81.png?v=1678782051&width=850,Karnataka,Bengaluru,,meta.json country=IN; currency=INR; state=Karnataka; +91 phone on site,7
985,Link Locks Pvt. Ltd.,https://linkcart.in,support@linklocks.com; support@link-bharat.com,+9118005474559,https://www.instagram.com/linklocksindia,https://www.facebook.com/linklocksindia,https://x.com/linklocksindia,https://www.linkedin.com/company/link-locks,https://www.youtube.com/@LinkLocksIndiaa,Locks,"Shop for durable Digital locks, bedroom door locks, and padlocks online. Find the perfect security solution for your home and bike at our online lock shop.",meta_json,https://www.linkcart.in/cdn/shop/files/link_logo_1.png,Uttar Pradesh,Aligarh,,meta.json country=IN; currency=INR; state=Uttar Pradesh; .in domain; +91 phone on site,7
986,Lorazzo,https://lorazzo.com,info@lorazzo.com,+919315819576,https://www.instagram.com/lorazzo_india,,,https://www.linkedin.com/company/lorazzo,https://www.youtube.com/@Lorazzo,Kitchen & Dining,"Shop SS304 & quartz kitchen sinks, commodes, wash basins & mirror cabinets. Up to 20-year warranty, free delivery & 30-day returns. Shop Lorazzo.",meta_json,https://lorazzo.com/cdn/shop/files/logo-small_2.png?v=1748930912&width=500,Delhi,NEW DELHI,,meta.json country=IN; currency=INR; state=Delhi; +91 phone on site,7
987,The Black Box Co.,https://theblackboxco.com,hello@theblackboxco.com,+919004549270; +918591609017; +919004540217,https://www.instagram.com/theblackboxco_official,https://www.facebook.com/theblackboxco,https://twitter.com/blackboxcoindia,,,Gifts & Hampers,"Shop handcrafted personalised vegan leather gifts - bags, wallets, travel accessories & office essentials. Premium quality. Free shipping ₹600+. Shop now!",meta_json,https://www.theblackboxco.com/cdn/shop/files/The_Black_Box_Co._logo_resized.webp?v=1747040502&width=200,Maharashtra,Mumbai,,meta.json country=IN; currency=INR; state=Maharashtra; +91 phone on site,7
988,WearADHD,https://wearadhd.com,partner@wearadhd.com; support@wearadhd.com; hello@wearadhd.com; legal@wearadhd.com,+919910531910,https://instagram.com/wearadhd,https://facebook.com/wearadhd,https://x.com/wearadhd,,,Apparel & Fashion (Women),"Since 2021, we’ve been designing tees inspired by the sounds that shaped us. Now evolving into a platform where fan culture, fashion, and licensing meet.",meta_json,https://wearadhd.com/cdn/shop/files/SIG2_4fad760a-5eb1-4e4c-b95c-1b21fbdb4bbb.png?v=1747993070&width=2480,Uttar Pradesh,Noida,,meta.json country=IN; currency=INR; state=Uttar Pradesh; +91 phone on site,7
989,Winston Electronics,https://winstonindia.com,support@winstonindia.com; support@winstonele.in,+918882694584,https://www.instagram.com/winstonindia.official,https://facebook.com/Winstonofficial.india,,,https://www.youtube.com/@Winstonindia,Beauty & Personal Care,Winston Electronics is bringing India's first beauty tech appliances which makes grooming effortless and fun. Made with high end technology and comes with 1 year replacement warranty.,meta_json,https://winstonindia.com/cdn/shop/files/Winston_Electronics.png?v=1741858914&width=880,Haryana,Faridabad,,meta.json country=IN; currency=INR; state=Haryana; +91 phone on site,7
990,WNTR ,https://wntrtravel.com,concierge@wntrtravel.com,+918669999556; +918669999557,https://www.instagram.com/wntrtravel,https://www.facebook.com/wntrtravel,,,https://www.youtube.com/channel/UCnTYq3yAQJzRRWvNC_e8Q3A,Bags & Luggage,"Explore WNTR’s premium luggage collection. Featuring cabin bags, medium & large travel bags and durable trolleys. Crafted from polycarbonate for unmatched strength, every piece comes with a lifetime warranty. Travel with sophistication and confidence. WNTR luggage is built to last, blending elegance",meta_json,https://wntrtravel.com/cdn/shop/files/logo11_284x.png?v=1765278189,Maharashtra,Pune,,meta.json country=IN; currency=INR; state=Maharashtra; +91 phone on site,7
991,Embarouge,https://embarouge.in,support@embarouge.in,+918448361002,https://www.instagram.com/embarouge,https://www.facebook.com/profile.php?id=61577611476725,,,https://www.youtube.com/channel/UCEV9itLQwnUZOMSvMDgFeBA,Beauty & Personal Care,"Embarouge blends the elegance of French perfumery with the warmth & depth of the Middle East. With 20% perfume oil concentration, our scents are bold, sensual, and built to last.",meta_json,https://embarouge.in/cdn/shop/files/Frame_1000005670.png?v=1751891179&width=375,Haryana,Gurugram,,meta.json country=IN; currency=INR; state=Haryana; .in domain; +91 phone on site,7
992,Solace International,https://solacegears.com,support@solacegears.com; sales@solacegears.com; solaceintl02@gmail.com; sales@solacegears.local,+919686636166,https://www.instagram.com/SOLACEGEARS,https://www.facebook.com/SOLACEGEAR,,,https://www.youtube.com/channel/UC85nFcLal_LdZC1WphYk3VQ,Apparel & Fashion,"Solace Official - Premium Motorcycle Stores - Riding Jackets, Motorcycle Pants, Biker Gloves, Saddlebags, Tankbags, Tailbags.",meta_json,https://solacegears.com/cdn/shop/files/Solace_Logo.png?v=1761628863&width=460,Karnataka,Bengaluru,,meta.json country=IN; currency=INR; state=Karnataka; +91 phone on site,7
993,CRAFTERS CORNER,https://crafterscorner.in,info@crafterscorner.in,+917678162229,https://instagram.com/crafterscornerindia,https://www.facebook.com/crafterscornerindia,,,https://youtube.com/@dressmycraft,Art & Craft,"Crafters Corner: India’s Leading Destination for Craft Supplies! Shop high-quality materials for papercrafts, DIY projects, and more at the best prices. Enjoy fast, reliable shipping, excellent customer service, and access to a vibrant crafting community. Get inspired with tutorials, workshops, and ",meta_description,https://www.crafterscorner.in/cdn/shop/files/CraftersCorner_1250c896-629b-4abd-873d-91327b0e19b1.png?v=1744012684&width=640,Delhi,Delhi,,meta.json country=IN; currency=INR; state=Delhi; .in domain; +91 phone on site,7
994,HaappyHerbs,https://haappyherbs.com,info@haappyherbs.com; haappyherbs@gmail.com,+919840164542,https://www.instagram.com/haappyherbs,https://www.facebook.com/HaappyHerbsByShrutika,,,https://www.youtube.com/channel/UCiYXruzOMhK80Ovt3UmWR8Q,Beauty & Personal Care,"OUR * MISSION To unravel the secrets of the magical beauty potions, Ayurveda created during the ancient times of Indian history for the royal princess and queens which made them as enchanting and mystical wonders of beauty, spoken about far an",about_meta_description,https://haappyherbs.com/cdn/shop/files/Haappy_Herbs_New_Logo_Design_-_Gold_copy.png?v=1734179334&width=320,Tamil Nadu,Chennai,,meta.json country=IN; currency=INR; state=Tamil Nadu; +91 phone on site,7
995,V-Guard Industries Limited,https://vguard.com,vg.care@vguard.in,+911204850100,,https://www.facebook.com/VGuardOnline,https://twitter.com/VGuardOfficial,https://in.linkedin.com/company/vguardofficial,https://www.youtube.com/user/VguardOnline,Electronics & Gadgets,"Now Shop Directly From V-Guard’s Official Online Store! Enjoy exclusive deals on V-Guard Products like Stabilizers, Fans, Inverters, Air Coolers, Water Heaters, Kitchen Appliances & more.",meta_json,https://vguard.com/cdn/shop/files/logo_gradient_copy.png?v=1695275735&width=500,Kerala,Kochi,,meta.json country=IN; currency=INR; state=Kerala; +91 phone on site,7
996,ForeverKidz,https://foreverkidz.in,support@foreverkidz.in,+918792740079,https://www.instagram.com/foreverkidz_official,https://www.facebook.com/foreverkidzclothing,,,https://www.youtube.com/channel/UCbTSjfybdG9s8Odx-pCMhVw,Apparel & Fashion,"ForeverKidz is an Online Clothing Store for Kids, Girls and Babies of 1-10 years. Buy Kids Clothes, childrens dress, kids trendy dress, Party & Ethnic Wear for Birthday & Wedding.",meta_json,https://www.foreverkidz.in/cdn/shop/files/fk-logo.png,Uttar Pradesh,Noida,,meta.json country=IN; currency=INR; state=Uttar Pradesh; .in domain; +91 phone on site,7
997,MySpareMarket,https://mysparemarket.com,support@mysparemarket.com; mysmmotoparts@gmail.com,+919769004646; +918898683171,https://www.instagram.com/mysparemarket,https://www.facebook.com/MySpareMarket,,,https://www.youtube.com/@mysparemarket,Automotive,Buy genuine KTM spare parts online from MySpareMarket. Discover a complete range of original KTM parts trusted by riders across India with secure ordering and fast delivery.,meta_json,https://mysparemarket.com/cdn/shop/files/CANVA_10_21641764-bbe0-45c1-be22-260eded21435.png?v=1767352564&width=1080,Maharashtra,mumbai,,meta.json country=IN; currency=INR; state=Maharashtra; +91 phone on site,7
998,NOOE,https://nooe.co,sup@nooe.co,+919205412707; +919667365800,https://www.instagram.com/reservenooe,https://www.facebook.com/reservenooe,,,https://www.youtube.com/@reservenooe,Books & Stationery,"NOOE offers stylish home office accessories, including wooden desk accessories. Shop now for high-quality mouse rugs, mobile stands, and more.",meta_json,https://nooe.co/cdn/shop/files/NOOE_Logo_1.png?v=1721716242&width=103,Delhi,New Delhi,,meta.json country=IN; currency=INR; state=Delhi; +91 phone on site,7
999,Sri Sri Tattva,https://srisritattva.com,mehul@srisritattva.com,+9118001208030,https://www.instagram.com/srisritattva,https://www.facebook.com/SriSriTattva,https://twitter.com/SriSriTattva,,https://www.youtube.com/channel/UC-PiB-Bn8K9KKoxZEyebgWQ,Food & Beverages,Sri Sri Tattva | Grocery | Ayurveda | Personal Care | Health Care | Home Care | Ghee | Herbal Juices | Incense | Fragrance,meta_json,https://www.srisritattva.com/cdn/shop/files/4927564f1d554246a2d3cc1c7a0343d2_1.png?v=1692352382&width=500,Karnataka,Bangalore,,meta.json country=IN; currency=INR; state=Karnataka; +91 phone on site,7
1000,www.superherotoystore.com,https://superherotoystore.com,devesh@superherotoystore.com; deveshc@superherotoystore.com,+917304020923,https://www.instagram.com/superherotoystore,https://www.facebook.com/superherotoystore,https://twitter.com/super_herotoys,,,Automotive,"Collectibles, Toys, Posters and more of Batman, Superman, Ironman, Hulk, Wolverine, Captain America, Game of Thrones, Breaking Bad, Green Lantern, Flash, Arrow.",meta_json,https://customers.seomanager.com/knowledgegraph/logo/super-hero-toy-store_myshopify_com_logo.png?cache=4574,Maharashtra,Mumbai,,meta.json country=IN; currency=INR; state=Maharashtra; +91 phone on site,7
