domain,keyword_category,ai_category,ai_vote_share,ai_runner_up,ai_source,ai_items_used,category_agreed
100ampere.com,Electronics & Gadgets,Electronics & Gadgets,1.0,,products,30,True
10hillsstudio.com,Footwear,Footwear,1.0,,products,30,True
11-11.in,Apparel & Fashion (Women),Apparel & Fashion,0.7,Sports & Fitness,products,30,True
11cart.com,Automotive,Automotive,0.93,Toys & Games,products,30,True
11zeros.com,Other,Bags & Luggage,0.5,Electronics & Gadgets,products,30,False
1219avenue.com,Kitchen & Dining,Art & Craft,0.4,Bags & Luggage,products,30,False
125east.in,Jewellery & Accessories,Jewellery & Accessories,0.36,Plants & Gardening,products,11,True
15chawalwala.com,Food & Beverages,Food & Beverages,0.47,Religious & Pooja,products,30,True
1970store.com,Electronics & Gadgets,Electronics & Gadgets,1.0,,products,30,True
1hairstop.in,Books & Stationery,Footwear,0.37,Beauty & Personal Care,products,30,False
1lessidiot.com,Apparel & Fashion (Men),Art & Craft,0.4,Apparel & Fashion,products,30,False
24skinbank.com,Beauty & Personal Care,Beauty & Personal Care,0.75,Footwear,products,8,True
2baconil.com,Other,Health & Wellness,0.57,Food & Beverages,products,30,False
2xnutrition.com,Health & Wellness,Health & Wellness,0.4,Food & Beverages,products,30,True
303diecastshop.in,Art & Craft,Automotive,0.37,Apparel & Fashion,products,30,False
3tenx.com,Beauty & Personal Care,Beauty & Personal Care,0.37,Health & Wellness,products,30,True
42kmstore.com,Apparel & Fashion,Sports & Fitness,0.33,Footwear,products,30,False
4pfkicks.in,Bags & Luggage,Footwear,0.43,Bags & Luggage,products,30,False
5-elements.co.in,Footwear,Religious & Pooja,0.7,Footwear,products,30,False
52sundaze.com,Beauty & Personal Care,Beauty & Personal Care,0.5,Religious & Pooja,products,14,True
5feet11.com,Apparel & Fashion,Apparel & Fashion,0.97,Footwear,products,30,True
66bhp.com,Automotive,Automotive,0.57,Bags & Luggage,products,30,True
7daysnatural.in,Beauty & Personal Care,Beauty & Personal Care,0.67,Health & Wellness,products,30,True
7man.co.in,Apparel & Fashion (Men),Apparel & Fashion,0.8,Footwear,products,30,True
8mlights.com,Electronics & Gadgets,Jewellery & Accessories,0.5,Art & Craft,products,30,False
99bookstore.in,Books & Stationery,Books & Stationery,0.83,Gifts & Hampers,products,30,True
99customizedjewellery.in,Books & Stationery,Jewellery & Accessories,0.37,Gifts & Hampers,products,30,False
99store.biz,Electronics & Gadgets,Electronics & Gadgets,0.41,Health & Wellness,products,29,True
99store.co.in,Electronics & Gadgets,Electronics & Gadgets,0.39,Health & Wellness,products,28,True
99wholesale.com,Apparel & Fashion (Women),Apparel & Fashion,0.23,Beauty & Personal Care,products,30,True
9shineslabel.com,Apparel & Fashion (Women),Apparel & Fashion,0.77,Footwear,products,30,True
9yardz.com,Apparel & Fashion,Jewellery & Accessories,0.43,Apparel & Fashion,products,30,False
a2cricket.com,Sports & Fitness,Sports & Fitness,0.97,Home & Decor,products,30,True
a47.in,Apparel & Fashion (Men),Apparel & Fashion,0.77,Bags & Luggage,products,30,True
aachho.com,Apparel & Fashion (Men),Apparel & Fashion,1.0,,products,30,True
aachifoods.com,Food & Beverages,Food & Beverages,0.83,Gifts & Hampers,products,30,True
aadaialangaram.com,Jewellery & Accessories,Religious & Pooja,0.3,Jewellery & Accessories,products,30,False
aadyaa.com,Jewellery & Accessories,Jewellery & Accessories,1.0,,products,30,True
aafarindryfruits.com,Food & Beverages,Food & Beverages,0.66,Religious & Pooja,products,29,True
aagrahfinejewels.com,Jewellery & Accessories,Jewellery & Accessories,1.0,,products,30,True
aakirathecouture.in,Apparel & Fashion,Religious & Pooja,0.63,Apparel & Fashion,products,30,False
aalamstore.com,Apparel & Fashion,Gifts & Hampers,0.17,Food & Beverages,products,30,False
aalap.com,Food & Beverages,Kitchen & Dining,0.37,Religious & Pooja,products,30,False
aapkipooja.co.in,Apparel & Fashion,Apparel & Fashion,0.73,Gifts & Hampers,products,30,True
aarahboutique.com,Apparel & Fashion,Apparel & Fashion,0.8,Baby & Kids,products,30,True
aaravelectronics.com,Apparel & Fashion,Electronics & Gadgets,0.43,Sports & Fitness,products,30,False
aarimaterials.com,Apparel & Fashion,Art & Craft,0.83,Jewellery & Accessories,products,30,False
aarogyanutrimix.in,Beauty & Personal Care,Food & Beverages,0.37,Beauty & Personal Care,products,30,False
aaryescollection.com,Apparel & Fashion,Religious & Pooja,0.27,Apparel & Fashion,products,30,False
aashirs.com,Jewellery & Accessories,Jewellery & Accessories,0.9,Gifts & Hampers,products,30,True
aashvicouture.com,Apparel & Fashion,Apparel & Fashion,0.67,Footwear,products,30,True
aathilife.com,Religious & Pooja,Religious & Pooja,0.67,Jewellery & Accessories,products,30,True
aavikazevar.com,Jewellery & Accessories,Jewellery & Accessories,1.0,,products,30,True
aavyaa.com,Religious & Pooja,Religious & Pooja,0.4,Beauty & Personal Care,products,30,True
aayuracreation.com,Apparel & Fashion,Apparel & Fashion,0.77,Religious & Pooja,products,30,True
aazol.in,Food & Beverages,Food & Beverages,0.57,Religious & Pooja,products,30,True
ababelperfumes.com,Beauty & Personal Care,Beauty & Personal Care,0.67,Baby & Kids,products,30,True
abanahomes.com,Plants & Gardening,Plants & Gardening,0.87,Gifts & Hampers,products,30,True
abhinavmishraofficial.com,Apparel & Fashion,Apparel & Fashion,0.67,Religious & Pooja,products,30,True
abhishekid.com,Art & Craft,Art & Craft,0.4,Jewellery & Accessories,products,30,True
abhivrudhi.in,Jewellery & Accessories,Religious & Pooja,0.37,Jewellery & Accessories,products,30,False
abkgrooming.com,Beauty & Personal Care,Kitchen & Dining,0.37,Beauty & Personal Care,products,30,False
ablehengahouse.com,Apparel & Fashion,Religious & Pooja,0.7,Apparel & Fashion,products,30,False
ableys.in,Baby & Kids,Toys & Games,0.34,Sports & Fitness,products,29,False
abrexo.co.in,Jewellery & Accessories,Jewellery & Accessories,0.78,Health & Wellness,products,27,True
abrosshoes.com,Footwear,Footwear,1.0,,products,30,True
absolutpet.in,Pet Supplies,Health & Wellness,0.62,Food & Beverages,products,21,False
accentmirror.com,Art & Craft,Home & Decor,0.8,Jewellery & Accessories,products,30,False
accesorios.in,Electronics & Gadgets,Footwear,0.7,Sports & Fitness,products,30,False
accessorizelondon.in,Bags & Luggage,Bags & Luggage,1.0,,products,30,True
accessworld.in,Electronics & Gadgets,Electronics & Gadgets,0.3,Footwear,products,30,True
aceblend.com,Health & Wellness,Health & Wellness,0.43,Food & Beverages,products,30,True
acharyapanchakarma.in,Beauty & Personal Care,Religious & Pooja,0.42,Beauty & Personal Care,products,12,False
activitykidz.com,Toys & Games,Toys & Games,0.43,Sports & Fitness,products,30,True
acwo.com,Electronics & Gadgets,Electronics & Gadgets,0.87,Footwear,products,30,True
adapterkart.com,Electronics & Gadgets,Electronics & Gadgets,0.93,Books & Stationery,products,29,True
addresshome.com,Home & Decor,Art & Craft,0.33,Kitchen & Dining,products,30,False
aderry.in,Apparel & Fashion,Apparel & Fashion,0.4,Footwear,products,30,True
adhithionline.com,Jewellery & Accessories,Religious & Pooja,0.4,Jewellery & Accessories,products,30,False
adiakshoy.com,Apparel & Fashion,Apparel & Fashion,1.0,,products,30,True
adikala.in,Art & Craft,Religious & Pooja,0.6,Art & Craft,products,30,False
adilqadri.com,Beauty & Personal Care,Religious & Pooja,0.63,Beauty & Personal Care,products,30,False
adimanav.com,Apparel & Fashion,Apparel & Fashion,0.8,Baby & Kids,products,30,True
adorabletrends.in,Apparel & Fashion,Apparel & Fashion,0.93,Food & Beverages,products,30,True
adornsilver.co,Jewellery & Accessories,Jewellery & Accessories,0.63,Kitchen & Dining,products,30,True
adritishome.in,Books & Stationery,Art & Craft,0.43,Books & Stationery,products,30,False
adro.in,Apparel & Fashion (Men),Apparel & Fashion,0.7,Footwear,products,30,True
adssportshub.com,Sports & Fitness,Sports & Fitness,0.9,Footwear,products,30,True
adven.in,Other,Plants & Gardening,0.27,Kitchen & Dining,products,30,False
adventrasports.com,Kitchen & Dining,Sports & Fitness,0.3,Footwear,products,30,False
adventuras.in,Apparel & Fashion (Men),Footwear,0.48,Apparel & Fashion,products,29,False
adviblouses.com,Apparel & Fashion (Women),Apparel & Fashion,1.0,,products,30,True
aegte.in,Beauty & Personal Care,Beauty & Personal Care,0.9,Gifts & Hampers,products,30,True
aenak.in,Home & Decor,Home & Decor,0.43,Gifts & Hampers,products,30,True
aerodoc.in,Sports & Fitness,Sports & Fitness,0.57,Footwear,products,30,True
aerteksmart.com,Electronics & Gadgets,Electronics & Gadgets,0.8,Bags & Luggage,products,30,True
aesthesy.com,Art & Craft,Art & Craft,0.93,Religious & Pooja,products,30,True
aestheticnation.co.in,Apparel & Fashion (Women),Footwear,0.67,Sports & Fitness,products,30,False
aferelle.com,Jewellery & Accessories,Apparel & Fashion,0.4,Footwear,products,30,False
aflairza.com,Beauty & Personal Care,Beauty & Personal Care,0.97,Footwear,products,30,True
aganyakreation.com,Jewellery & Accessories,Jewellery & Accessories,0.93,Kitchen & Dining,products,30,True
agarolifestyle.com,Kitchen & Dining,Kitchen & Dining,0.37,Electronics & Gadgets,products,30,True
agedarc.com,Apparel & Fashion,Gifts & Hampers,0.83,Footwear,products,30,False
agh92.in,Kitchen & Dining,Kitchen & Dining,0.77,Gifts & Hampers,products,30,True
agrashoemart.com,Footwear,Footwear,0.97,Home & Decor,products,30,True
agrihub.store,Plants & Gardening,Plants & Gardening,0.85,Kitchen & Dining,products,27,True
agriplexindia.com,Plants & Gardening,Plants & Gardening,0.37,Health & Wellness,products,30,True
agrivruddhi.com,Electronics & Gadgets,Plants & Gardening,0.43,Food & Beverages,products,30,False
agromech.com,Home & Decor,Home & Decor,0.33,Footwear,products,30,True
aguante.in,Apparel & Fashion,Sports & Fitness,0.3,Footwear,products,30,False
aham.store,Apparel & Fashion,Apparel & Fashion,0.8,Jewellery & Accessories,products,30,True
ahankarwear.com,Apparel & Fashion,Apparel & Fashion,0.5,Religious & Pooja,products,30,True
ahhelmets.in,Automotive,Apparel & Fashion,0.3,Automotive,products,30,False
ahmedalmaghribi.co.in,Beauty & Personal Care,Religious & Pooja,0.5,Beauty & Personal Care,products,30,False
ahmedindia.com,Beauty & Personal Care,Beauty & Personal Care,0.87,Gifts & Hampers,products,30,True
aicagifts.com,Books & Stationery,Gifts & Hampers,0.3,Books & Stationery,products,30,False
aifashennado.com,Apparel & Fashion,Art & Craft,0.23,Gifts & Hampers,products,30,False
aimilpharma.life,Health & Wellness,Health & Wellness,0.67,Beauty & Personal Care,products,30,True
aina.in,Apparel & Fashion,Apparel & Fashion,1.0,,products,30,True
aiosport.in,Apparel & Fashion,Sports & Fitness,0.37,Footwear,products,30,False
aiplusstore.com,Health & Wellness,Electronics & Gadgets,0.56,Toys & Games,products,16,False
airamart.in,Automotive,Bags & Luggage,0.2,Sports & Fitness,products,30,False
airbagscase.in,Home & Decor,Electronics & Gadgets,1.0,,products,30,False
airojewelry.com,Jewellery & Accessories,Jewellery & Accessories,0.97,Electronics & Gadgets,products,30,True
aishwaryamoils.com,Food & Beverages,Food & Beverages,0.37,Kitchen & Dining,products,30,True
aiwo.com,Health & Wellness,Health & Wellness,0.6,Religious & Pooja,products,30,True
ajantashoes.com,Footwear,Footwear,0.8,Bags & Luggage,products,30,True
ajantawatchcompany.com,Jewellery & Accessories,Jewellery & Accessories,0.9,Religious & Pooja,products,30,True
ajfan.store,Gifts & Hampers,Gifts & Hampers,0.97,Kitchen & Dining,products,30,True
ajmerartgallery.com,Jewellery & Accessories,Jewellery & Accessories,1.0,,products,30,True
ajnaajewels.com,Jewellery & Accessories,Jewellery & Accessories,0.8,Religious & Pooja,products,30,True
ajwa.in,Jewellery & Accessories,Footwear,0.31,Religious & Pooja,products,26,False
akaiindia.in,Electronics & Gadgets,Electronics & Gadgets,0.5,Kitchen & Dining,products,30,True
akalp.in,Jewellery & Accessories,Jewellery & Accessories,0.71,Religious & Pooja,products,21,True
akiiko.com,Bags & Luggage,Bags & Luggage,0.5,Baby & Kids,products,30,True
akikilondon.com,Bags & Luggage,Bags & Luggage,1.0,,products,30,True
akrithi.com,Apparel & Fashion,Art & Craft,0.87,Apparel & Fashion,products,30,False
akshanshpublication.com,Books & Stationery,Books & Stationery,0.87,Religious & Pooja,products,30,True
akshardhara.com,Health & Wellness,Religious & Pooja,1.0,,products,30,False
akshayathangamaligai.com,Home & Decor,Religious & Pooja,0.6,Kitchen & Dining,products,30,False
akshaygemscrystal.com,Jewellery & Accessories,Jewellery & Accessories,0.97,Religious & Pooja,products,29,True
akvaari.com,Electronics & Gadgets,Electronics & Gadgets,0.67,Religious & Pooja,products,30,True
al-nuaim.com,Food & Beverages,Footwear,0.27,Food & Beverages,products,30,False
alankaram.in,Home & Decor,Kitchen & Dining,0.83,Home & Decor,products,30,False
alankaranastore.com,Apparel & Fashion,Apparel & Fashion,1.0,,products,30,True
alankoch.co,Apparel & Fashion (Men),Apparel & Fashion,0.73,Footwear,products,30,True
alayabystage3.com,Apparel & Fashion,Apparel & Fashion,0.87,Gifts & Hampers,products,30,True
alba-watches.co.in,Jewellery & Accessories,Jewellery & Accessories,0.77,Sports & Fitness,products,30,True
albertotorresi.com,Footwear,Footwear,1.0,,products,30,True
aldrome.com,Beauty & Personal Care,Beauty & Personal Care,0.9,Religious & Pooja,products,30,True
alfaquilon.com,Food & Beverages,Food & Beverages,0.77,Religious & Pooja,products,30,True
alifthebookstore.com,Books & Stationery,Religious & Pooja,0.73,Books & Stationery,products,30,False
alika.in,Apparel & Fashion,Apparel & Fashion,0.57,Religious & Pooja,products,30,True
alishaif.com,Apparel & Fashion (Women),Apparel & Fashion,0.87,Footwear,products,30,True
alittleextra.co.in,Jewellery & Accessories,Jewellery & Accessories,0.7,Gifts & Hampers,products,30,True
allbelly.in,Beauty & Personal Care,Beauty & Personal Care,0.5,Footwear,products,4,True
alleyesoverhere.com,Apparel & Fashion,Religious & Pooja,0.5,Apparel & Fashion,products,30,False
allstag.com,Apparel & Fashion,Apparel & Fashion,0.67,Footwear,products,30,True
allthatgrows.in,Plants & Gardening,Plants & Gardening,0.43,Religious & Pooja,products,30,True
allthingsbaby.com,Apparel & Fashion,Baby & Kids,0.5,Apparel & Fashion,products,30,False
allthingsprettybym.in,Jewellery & Accessories,Jewellery & Accessories,0.93,Footwear,products,30,True
allurelixir.com,Beauty & Personal Care,Beauty & Personal Care,0.83,Health & Wellness,products,30,True
almaarifashion.com,Apparel & Fashion,Apparel & Fashion,0.97,Religious & Pooja,products,30,True
almarahonline.com,Apparel & Fashion,Apparel & Fashion,0.7,Food & Beverages,products,30,True
almondhouse.com,Food & Beverages,Food & Beverages,0.47,Religious & Pooja,products,30,True
alocaltribe.com,Jewellery & Accessories,Jewellery & Accessories,0.97,Art & Craft,products,30,True
aloeandme.com,Beauty & Personal Care,Beauty & Personal Care,0.83,Health & Wellness,products,29,True
alonge.in,Apparel & Fashion,Apparel & Fashion,0.73,Art & Craft,products,30,True
alphacases.in,Other,Religious & Pooja,0.6,Jewellery & Accessories,products,30,False
alphatyretools.com,Automotive,Automotive,0.37,Bags & Luggage,products,30,True
alpsgoodness.com,Beauty & Personal Care,Health & Wellness,0.65,Beauty & Personal Care,products,20,False
alranafashion.com,Apparel & Fashion,Apparel & Fashion,0.97,Art & Craft,products,30,True
altairfreshner.com,Beauty & Personal Care,Beauty & Personal Care,0.7,Baby & Kids,products,30,True
alternatescents.in,Beauty & Personal Care,Beauty & Personal Care,0.8,Religious & Pooja,products,30,True
alwaysriding.in,Automotive,Automotive,0.83,Art & Craft,products,30,True
amairaboutique.com,Apparel & Fashion,Apparel & Fashion,0.77,Home & Decor,products,30,True
amalaearth.store,Bags & Luggage,Bags & Luggage,0.54,Footwear,products,26,True
amalfa.in,Jewellery & Accessories,Jewellery & Accessories,0.9,Kitchen & Dining,products,30,True
amalisalwars.com,Apparel & Fashion,Apparel & Fashion,0.6,Religious & Pooja,products,30,True
amaltaas.com,Jewellery & Accessories,Jewellery & Accessories,1.0,,products,30,True
amama.in,Jewellery & Accessories,Jewellery & Accessories,0.9,Electronics & Gadgets,products,30,True
amanfashion.in,Apparel & Fashion,Apparel & Fashion,0.93,Home & Decor,products,30,True
amaraaofficial.com,Apparel & Fashion,Apparel & Fashion,0.47,Kitchen & Dining,products,30,True
amaraluxury.com,Home & Decor,Jewellery & Accessories,0.47,Art & Craft,products,30,False
amarisjewels.com,Jewellery & Accessories,Jewellery & Accessories,0.93,Religious & Pooja,products,30,True
amarizindia.com,Art & Craft,Art & Craft,0.81,Books & Stationery,products,16,True
amashaamasala.com,Food & Beverages,Food & Beverages,0.4,Religious & Pooja,products,30,True
ambicaweddingmall.com,Apparel & Fashion,Apparel & Fashion,0.73,Religious & Pooja,products,30,True
ambraee.com,Apparel & Fashion,Apparel & Fashion,0.87,Religious & Pooja,products,30,True
ambraneindia.com,Electronics & Gadgets,Electronics & Gadgets,0.33,Toys & Games,products,30,True
americantourister.in,Bags & Luggage,Bags & Luggage,0.9,Baby & Kids,products,30,True
amhuk.in,Apparel & Fashion (Men),Apparel & Fashion,0.97,Footwear,products,30,True
amicikart.com,Electronics & Gadgets,Electronics & Gadgets,0.32,Bags & Luggage,products,28,True
amintiri.in,Gifts & Hampers,Food & Beverages,0.27,Gifts & Hampers,products,30,False
aminu.life,Beauty & Personal Care,Beauty & Personal Care,0.63,Health & Wellness,products,30,True
amioro.in,Jewellery & Accessories,Religious & Pooja,0.85,Jewellery & Accessories,products,27,False
amirandsons.com,Beauty & Personal Care,Gifts & Hampers,0.17,Food & Beverages,products,30,False
amitaggarwal.com,Apparel & Fashion (Women),Apparel & Fashion,0.9,Home & Decor,products,30,True
amitinfinityshop.com,Beauty & Personal Care,Health & Wellness,1.0,,products,2,False
ammasamayalfoods.com,Food & Beverages,Religious & Pooja,0.4,Food & Beverages,products,30,False
amoteeauto.com,Other,Automotive,0.73,Footwear,products,30,False
amounee.com,Apparel & Fashion,Apparel & Fashion,0.87,Religious & Pooja,products,30,True
amplemeds.com,Other,Jewellery & Accessories,0.59,Electronics & Gadgets,products,27,False
ampm.in,Jewellery & Accessories,Apparel & Fashion,0.38,Jewellery & Accessories,products,29,False
amrahwholesale.com,Apparel & Fashion,Apparel & Fashion,0.97,Religious & Pooja,products,30,True
amrapaliboutique.in,Apparel & Fashion,Religious & Pooja,0.47,Apparel & Fashion,products,30,False
amretrostore.com,Pet Supplies,Footwear,0.37,Gifts & Hampers,products,30,False
amrithnoni.com,Beauty & Personal Care,Food & Beverages,0.42,Religious & Pooja,products,12,False
amrut.co,Apparel & Fashion,Apparel & Fashion,0.93,Art & Craft,products,30,True
amrutam.co.in,Health & Wellness,Health & Wellness,0.4,Religious & Pooja,products,30,True
amukti.in,Apparel & Fashion (Women),Apparel & Fashion,0.8,Books & Stationery,products,30,True
amuthamfashions.in,Apparel & Fashion,Apparel & Fashion,0.33,Kitchen & Dining,products,30,True
amuthanvedics.in,Beauty & Personal Care,Beauty & Personal Care,0.56,Health & Wellness,products,16,True
amydus.com,Apparel & Fashion,Apparel & Fashion,0.9,Footwear,products,30,True
amyraonline.com,Apparel & Fashion,Religious & Pooja,0.4,Apparel & Fashion,products,30,False
anahataorganic.com,Beauty & Personal Care,Beauty & Personal Care,0.3,Religious & Pooja,products,30,True
anahco.com,Apparel & Fashion,Religious & Pooja,0.27,Apparel & Fashion,products,30,False
anandhaassweets.com,Food & Beverages,Religious & Pooja,0.47,Food & Beverages,products,30,False
anandigreens.com,Plants & Gardening,Plants & Gardening,0.79,Sports & Fitness,products,28,True
anandprakash.com,Gifts & Hampers,Books & Stationery,0.53,Automotive,products,30,False
anandsweets.in,Food & Beverages,Food & Beverages,0.7,Gifts & Hampers,products,30,True
anantexports.in,Apparel & Fashion (Women),Art & Craft,0.57,Apparel & Fashion,products,30,False
ananthamsilks.com,Apparel & Fashion,Apparel & Fashion,1.0,,products,30,True
ananthatextile.com,Apparel & Fashion,Apparel & Fashion,0.8,Religious & Pooja,products,30,True
anarkalisuit.in,Apparel & Fashion (Women),Apparel & Fashion,0.87,Religious & Pooja,products,30,True
anasay.com,Home & Decor,Home & Decor,0.87,Gifts & Hampers,products,30,True
anastyaoverseas.com,Apparel & Fashion,Apparel & Fashion,0.57,Footwear,products,30,True
anayadesignerstudio.com,Apparel & Fashion (Women),Apparel & Fashion,0.63,Religious & Pooja,products,30,True
anayna.com,Apparel & Fashion (Women),Apparel & Fashion,0.93,Bags & Luggage,products,30,True
andaljewellery.com,Jewellery & Accessories,Jewellery & Accessories,0.27,Religious & Pooja,products,30,True
andcircus.com,Apparel & Fashion (Women),Sports & Fitness,0.7,Bags & Luggage,products,30,False
anddonehair.com,Beauty & Personal Care,Beauty & Personal Care,0.43,Jewellery & Accessories,products,21,True
androidfixcell.com,Electronics & Gadgets,Electronics & Gadgets,0.57,Health & Wellness,products,30,True
andune.in,Footwear,Footwear,1.0,,products,12,True
angelandrocket.in,Apparel & Fashion,Apparel & Fashion,0.63,Footwear,products,30,True
angrakhaa.com,Apparel & Fashion,Apparel & Fashion,0.57,Footwear,products,30,True
angrasiyaa.com,Apparel & Fashion,Apparel & Fashion,1.0,,products,30,True
aniclothing.in,Apparel & Fashion,Apparel & Fashion,1.0,,tagline,1,True
animeal.in,Pet Supplies,Pet Supplies,0.7,Health & Wellness,products,30,True
animemart.in,Electronics & Gadgets,Electronics & Gadgets,0.77,Footwear,products,30,True
ankurjodhpur.com,Apparel & Fashion,Religious & Pooja,0.43,Apparel & Fashion,products,30,False
anmasa.com,Food & Beverages,Food & Beverages,0.5,Religious & Pooja,products,30,True
anmolhub.com,Electronics & Gadgets,Electronics & Gadgets,0.37,Automotive,products,30,True
anmolmobiles.com,Jewellery & Accessories,Electronics & Gadgets,0.77,Food & Beverages,products,30,False
anmremotes.com,Electronics & Gadgets,Toys & Games,0.77,Electronics & Gadgets,products,30,False
annaiaravindhherbals.com,Health & Wellness,Health & Wellness,0.23,Food & Beverages,products,30,True
annamsshop.com,Kitchen & Dining,Kitchen & Dining,0.57,Religious & Pooja,products,30,True
anokherang.com,Apparel & Fashion (Men),Apparel & Fashion,0.3,Art & Craft,products,30,True
anshutuffysarees.com,Apparel & Fashion,Apparel & Fashion,0.53,Jewellery & Accessories,products,30,True
antesports.com,Electronics & Gadgets,Toys & Games,0.43,Art & Craft,products,30,False
anthrilo.com,Apparel & Fashion,Apparel & Fashion,0.53,Footwear,products,30,True
antling.in,Books & Stationery,Books & Stationery,0.43,Baby & Kids,products,30,True
anuroop.co.in,Apparel & Fashion,Apparel & Fashion,0.6,Religious & Pooja,products,30,True
anushkajainjewellery.com,Jewellery & Accessories,Jewellery & Accessories,0.87,Bags & Luggage,products,30,True
anuvas.com,Apparel & Fashion (Women),Apparel & Fashion,0.9,Footwear,products,30,True
anveshan.farm,Food & Beverages,Religious & Pooja,0.31,Health & Wellness,products,29,False
anveshanaclothing.com,Apparel & Fashion,Baby & Kids,0.53,Apparel & Fashion,products,30,False
anvicouture.com,Apparel & Fashion,Apparel & Fashion,0.77,Art & Craft,products,30,True
anywearindia.com,Apparel & Fashion,Apparel & Fashion,0.83,Sports & Fitness,products,30,True
aoki.co.in,Automotive,Sports & Fitness,0.54,Footwear,products,13,False
aozora.in,Art & Craft,Home & Decor,0.23,Books & Stationery,products,30,False
apella.in,Apparel & Fashion (Women),Apparel & Fashion,0.67,Religious & Pooja,products,30,True
apexel.in,Electronics & Gadgets,Electronics & Gadgets,0.5,Jewellery & Accessories,products,30,True
apksorganics.com,Plants & Gardening,Food & Beverages,0.3,Health & Wellness,products,27,False
apnidukaan.com,Kitchen & Dining,Kitchen & Dining,0.41,Home & Decor,products,29,True
apoorvastore.com,Books & Stationery,Religious & Pooja,0.57,Jewellery & Accessories,products,28,False
aptronixindia.com,Jewellery & Accessories,Electronics & Gadgets,0.48,Jewellery & Accessories,products,27,False
aqualogica.in,Beauty & Personal Care,Beauty & Personal Care,0.8,Health & Wellness,products,30,True
aquariumproductsindia.in,Food & Beverages,Food & Beverages,0.27,Health & Wellness,products,30,True
aqueria.co,Beauty & Personal Care,Beauty & Personal Care,0.86,Health & Wellness,products,29,True
aqueriaman.com,Beauty & Personal Care,Beauty & Personal Care,0.83,Health & Wellness,products,30,True
arabianaroma.co.in,Beauty & Personal Care,Beauty & Personal Care,0.3,Gifts & Hampers,products,30,True
arabianaroma.in,Beauty & Personal Care,Beauty & Personal Care,0.3,Gifts & Hampers,products,30,True
arackaljewellery.com,Jewellery & Accessories,Jewellery & Accessories,0.9,Religious & Pooja,products,30,True
araiyabyaza.com,Jewellery & Accessories,Jewellery & Accessories,0.93,Apparel & Fashion,products,30,True
arakucoffee.in,Food & Beverages,Gifts & Hampers,0.28,Food & Beverages,products,29,False
aramya.in,Apparel & Fashion,Apparel & Fashion,1.0,,tagline,1,True
aranyamperfumes.com,Beauty & Personal Care,Beauty & Personal Care,0.4,Gifts & Hampers,products,30,True
arata.in,Beauty & Personal Care,Beauty & Personal Care,0.83,Health & Wellness,products,29,True
aravalii.com,Apparel & Fashion (Women),Apparel & Fashion,0.37,Art & Craft,products,30,True
arayurveda.shop,Health & Wellness,Health & Wellness,0.77,Food & Beverages,products,30,True
arcathleterecovery.com,Footwear,Gifts & Hampers,0.27,Sports & Fitness,products,30,False
archerykart.com,Other,Art & Craft,0.4,Sports & Fitness,products,30,False
archiesonline.com,Food & Beverages,Gifts & Hampers,1.0,,products,30,False
archyam.com,Jewellery & Accessories,Religious & Pooja,0.5,Jewellery & Accessories,products,30,False
arcticfox.com,Bags & Luggage,Bags & Luggage,0.8,Gifts & Hampers,products,30,True
arelang.com,Health & Wellness,Health & Wellness,0.33,Food & Beverages,products,27,True
areoveda.in,Baby & Kids,Baby & Kids,0.77,Beauty & Personal Care,products,30,True
argoswatch.in,Jewellery & Accessories,Jewellery & Accessories,0.83,Beauty & Personal Care,products,30,True
ariesone.in,Electronics & Gadgets,Jewellery & Accessories,0.6,Electronics & Gadgets,products,30,False
arifeaesthetics.co.in,Gifts & Hampers,Religious & Pooja,0.38,Gifts & Hampers,products,29,False
arifeonline.com,Food & Beverages,Kitchen & Dining,0.5,Gifts & Hampers,products,30,False
arihantbooks.com,Books & Stationery,Books & Stationery,0.68,Plants & Gardening,products,25,True
arihantcreations.co.in,Apparel & Fashion,Apparel & Fashion,0.67,Art & Craft,products,30,True
arirotoys.com,Toys & Games,Toys & Games,0.46,Gifts & Hampers,products,26,True
ariser.co.in,Apparel & Fashion (Men),Apparel & Fashion,0.8,Footwear,products,30,True
arishbionatural.com,Beauty & Personal Care,Beauty & Personal Care,0.57,Health & Wellness,products,30,True
aristobrat.in,Apparel & Fashion,Apparel & Fashion,0.63,Footwear,products,30,True
ariyaa.in,Apparel & Fashion (Women),Apparel & Fashion,0.93,Religious & Pooja,products,30,True
arkayejewels.com,Jewellery & Accessories,Jewellery & Accessories,1.0,,products,30,True
arkliving.store,Home & Decor,Religious & Pooja,0.88,Electronics & Gadgets,products,26,False
arks.club,Apparel & Fashion,Apparel & Fashion,0.5,Footwear,products,30,True
armadioindia.com,Apparel & Fashion,Apparel & Fashion,0.53,Footwear,products,30,True
armafperfume.com,Beauty & Personal Care,Beauty & Personal Care,0.6,Religious & Pooja,products,30,True
armima.com,Apparel & Fashion,Apparel & Fashion,0.97,Food & Beverages,products,30,True
armor.shop,Electronics & Gadgets,Bags & Luggage,0.4,Sports & Fitness,products,5,False
armoro.com,Apparel & Fashion,Bags & Luggage,0.67,Gifts & Hampers,products,30,False
arogyamshop.com,Health & Wellness,Health & Wellness,0.57,Religious & Pooja,products,30,True
aromacares.com,Beauty & Personal Care,Beauty & Personal Care,0.77,Health & Wellness,products,30,True
aromamagic.com,Beauty & Personal Care,Beauty & Personal Care,0.31,Health & Wellness,products,29,True
aromeworld.com,Beauty & Personal Care,Beauty & Personal Care,0.23,Gifts & Hampers,products,30,True
arovehic.com,Kitchen & Dining,Automotive,0.4,Bags & Luggage,products,30,False
arrssilks.com,Apparel & Fashion,Apparel & Fashion,0.83,Religious & Pooja,products,30,True
arshis.in,Jewellery & Accessories,Jewellery & Accessories,0.7,Religious & Pooja,products,30,True
artarium.com,Home & Decor,Art & Craft,0.4,Religious & Pooja,products,30,False
artcraft.co.in,Home & Decor,Art & Craft,0.5,Plants & Gardening,products,30,False
artgatha.com,Art & Craft,Art & Craft,0.57,Religious & Pooja,products,30,True
arthbyemcure.com,Health & Wellness,Health & Wellness,0.48,Food & Beverages,products,27,True
arthjewels.com,Jewellery & Accessories,Jewellery & Accessories,0.77,Sports & Fitness,products,30,True
arthlife.com,Apparel & Fashion,Apparel & Fashion,0.53,Religious & Pooja,products,30,True
artificialflowerfactory.com,Plants & Gardening,Home & Decor,0.57,Plants & Gardening,products,30,False
artklim.com,Jewellery & Accessories,Jewellery & Accessories,0.97,Religious & Pooja,products,30,True
artofmotorcycles.co,Automotive,Bags & Luggage,0.5,Automotive,products,26,False
artoftimeindia.com,Books & Stationery,Art & Craft,0.33,Books & Stationery,products,30,False
artornate.com,Art & Craft,Art & Craft,0.93,Electronics & Gadgets,products,30,True
artsofdevotion.com,Jewellery & Accessories,Religious & Pooja,0.9,Art & Craft,products,30,False
artstreet.in,Art & Craft,Home & Decor,0.93,Art & Craft,products,30,False
artycraftz.com,Home & Decor,Art & Craft,0.23,Gifts & Hampers,products,30,False
artzolo.com,Art & Craft,Art & Craft,1.0,,products,30,True
aruwafashion.com,Apparel & Fashion,Apparel & Fashion,0.9,Footwear,products,30,True
aryacollections.com,Other,Religious & Pooja,0.8,Gifts & Hampers,products,30,False
aryacreation.in,Apparel & Fashion (Women),Apparel & Fashion,1.0,,products,30,True
asanpublications.com,Books & Stationery,Books & Stationery,0.73,Kitchen & Dining,products,30,True
ascfashionstore.com,Apparel & Fashion (Women),Apparel & Fashion,0.83,Footwear,products,30,True
aseemshakti.com,Apparel & Fashion,Apparel & Fashion,1.0,,products,30,True
asenne.in,Bags & Luggage,Bags & Luggage,0.5,Apparel & Fashion,products,30,True
ases.in,Beauty & Personal Care,Food & Beverages,0.23,Kitchen & Dining,products,30,False
ashabooks.com,Apparel & Fashion,Books & Stationery,0.43,Apparel & Fashion,products,30,False
ashimafashion.com,Apparel & Fashion,Apparel & Fashion,0.73,Religious & Pooja,products,30,True
ashokchakranursery.com,Baby & Kids,Religious & Pooja,0.4,Food & Beverages,products,30,False
ashtok.com,Gifts & Hampers,Kitchen & Dining,0.47,Gifts & Hampers,products,30,False
asiansports.in,Apparel & Fashion (Men),Sports & Fitness,0.5,Kitchen & Dining,products,30,False
asitisnutrition.com,Health & Wellness,Health & Wellness,0.77,Food & Beverages,products,30,True
asmcollections.com,Jewellery & Accessories,Jewellery & Accessories,0.87,Religious & Pooja,products,30,True
aspiri.in,Jewellery & Accessories,Jewellery & Accessories,1.0,,tagline,1,True
asrumo.com,Apparel & Fashion (Women),Apparel & Fashion,0.83,Religious & Pooja,products,30,True
assemblytravel.com,Bags & Luggage,Bags & Luggage,0.9,Electronics & Gadgets,products,30,True
assuredshop.com,Bags & Luggage,Bags & Luggage,1.0,,products,4,True
astaberry.com,Beauty & Personal Care,Beauty & Personal Care,0.77,Health & Wellness,products,30,True
astbergventilation.com,Automotive,Automotive,0.8,Baby & Kids,products,30,True
astonishadmire.in,Apparel & Fashion,Religious & Pooja,0.3,Bags & Luggage,products,30,False
astore.in,Electronics & Gadgets,Electronics & Gadgets,0.73,Footwear,products,30,True
astrogurusubhash.store,Jewellery & Accessories,Religious & Pooja,0.83,Jewellery & Accessories,products,30,False
astroscience.com,Jewellery & Accessories,Jewellery & Accessories,0.47,Religious & Pooja,products,30,True
astroshweta369.com,Jewellery & Accessories,Religious & Pooja,0.59,Footwear,products,29,False
astrotalk.store,Jewellery & Accessories,Jewellery & Accessories,0.5,Gifts & Hampers,products,30,True
asvikastore.com,Apparel & Fashion,Apparel & Fashion,0.3,Footwear,products,30,True
aswinishop.com,Beauty & Personal Care,Health & Wellness,0.57,Beauty & Personal Care,products,21,False
aswinssweets.com,Food & Beverages,Religious & Pooja,0.43,Food & Beverages,products,30,False
atcasa.co.in,Pet Supplies,Jewellery & Accessories,0.41,Electronics & Gadgets,products,29,False
ateonlineshop.com,Sports & Fitness,Sports & Fitness,0.77,Gifts & Hampers,products,30,True
athflex.com,Apparel & Fashion (Men),Apparel & Fashion,0.9,Beauty & Personal Care,products,30,True
atiyaherbs.com,Beauty & Personal Care,Health & Wellness,0.43,Food & Beverages,products,30,False
atlanticbooks.com,Books & Stationery,Books & Stationery,0.37,Toys & Games,products,30,True
atoddlerthing.com,Apparel & Fashion,Gifts & Hampers,0.43,Footwear,products,30,False
atomicpharmacy.in,Health & Wellness,Health & Wellness,0.47,Beauty & Personal Care,products,30,True
atpu.in,Food & Beverages,Food & Beverages,0.5,Gifts & Hampers,products,14,True
atrangistudio.com,Home & Decor,Gifts & Hampers,0.37,Religious & Pooja,products,30,False
atri.in,Apparel & Fashion,Apparel & Fashion,0.8,Footwear,products,30,True
attarsindia.com,Beauty & Personal Care,Religious & Pooja,0.27,Food & Beverages,products,22,False
attirebyayaana.com,Apparel & Fashion,Apparel & Fashion,0.27,Religious & Pooja,products,30,True
attrangi.in,Jewellery & Accessories,Jewellery & Accessories,0.63,Religious & Pooja,products,30,True
attrangigadgets.com,Beauty & Personal Care,Baby & Kids,0.17,Plants & Gardening,products,30,False
audiomaxx.in,Electronics & Gadgets,Electronics & Gadgets,0.87,Gifts & Hampers,products,30,True
audiowheels.in,Automotive,Automotive,0.7,Electronics & Gadgets,products,30,True
aujjessa.com,Apparel & Fashion (Women),Baby & Kids,0.93,Apparel & Fashion,products,30,False
aukerajewellery.com,Jewellery & Accessories,Jewellery & Accessories,0.93,Footwear,products,30,True
aulilifestyle.com,Beauty & Personal Care,Beauty & Personal Care,0.63,Baby & Kids,products,30,True
aulten.shop,Electronics & Gadgets,Pet Supplies,0.53,Kitchen & Dining,products,30,False
aumnicrafts.in,Art & Craft,Jewellery & Accessories,0.47,Gifts & Hampers,products,30,False
auraalooks.com,Apparel & Fashion (Men),Apparel & Fashion,1.0,,products,30,True
aurabenaras.com,Apparel & Fashion,Apparel & Fashion,0.63,Religious & Pooja,products,30,True
auraderm.in,Other,Beauty & Personal Care,1.0,,products,3,False
auranic.co,Apparel & Fashion,Apparel & Fashion,0.5,Footwear,products,30,True
auravedic.com,Beauty & Personal Care,Beauty & Personal Care,0.55,Religious & Pooja,products,29,True
aurawill.in,Health & Wellness,Health & Wellness,0.67,Food & Beverages,products,3,True
aurdikhao.co,Other,Apparel & Fashion,1.0,,products,30,False
auriglo.com,Electronics & Gadgets,Jewellery & Accessories,0.53,Electronics & Gadgets,products,30,False
aurimo.in,Apparel & Fashion,Apparel & Fashion,0.7,Religious & Pooja,products,30,True
aushimacreation.in,Apparel & Fashion,Apparel & Fashion,0.67,Home & Decor,products,30,True
autoclint.com,Other,Home & Decor,1.0,,products,30,False
autodecode.in,Electronics & Gadgets,Automotive,0.5,Bags & Luggage,products,30,False
autoengina.com,Automotive,Automotive,0.77,Bags & Luggage,products,30,True
autofurnish.com,Automotive,Footwear,0.47,Automotive,products,30,False
autoglam.in,Automotive,Automotive,0.45,Footwear,products,29,True
autologuedesign.com,Automotive,Automotive,0.53,Bags & Luggage,products,30,True
autonity.in,Automotive,Automotive,0.8,Sports & Fitness,products,30,True
autumnlane.in,Apparel & Fashion (Women),Apparel & Fashion,0.87,Gifts & Hampers,products,30,True
auxbeam.in,Electronics & Gadgets,Religious & Pooja,0.27,Art & Craft,products,30,False
avicreations.in,Books & Stationery,Gifts & Hampers,0.36,Books & Stationery,products,14,False
avimeeherbal.com,Beauty & Personal Care,Beauty & Personal Care,0.63,Health & Wellness,products,30,True
avon.co.in,Beauty & Personal Care,Beauty & Personal Care,0.4,Gifts & Hampers,products,30,True
avpayurveda.com,Beauty & Personal Care,Health & Wellness,0.83,Beauty & Personal Care,products,30,False
avshack.in,Electronics & Gadgets,Electronics & Gadgets,0.93,Toys & Games,products,30,True
avstore.in,Electronics & Gadgets,Electronics & Gadgets,0.87,Gifts & Hampers,products,30,True
awenest.in,Baby & Kids,Baby & Kids,0.36,Art & Craft,products,28,True
awesure.co,Home & Decor,Electronics & Gadgets,0.31,Home & Decor,products,16,False
axorhelmets.com,Automotive,Automotive,0.8,Apparel & Fashion,products,30,True
ayasalley.com,Jewellery & Accessories,Jewellery & Accessories,0.97,Religious & Pooja,products,30,True
ayazperfume.com,Beauty & Personal Care,Beauty & Personal Care,0.73,Religious & Pooja,products,30,True
aykaa.in,Apparel & Fashion,Apparel & Fashion,0.8,Beauty & Personal Care,products,30,True
ayouthveda.com,Beauty & Personal Care,Beauty & Personal Care,0.54,Health & Wellness,products,28,True
ayudiva.in,Health & Wellness,Health & Wellness,0.93,Baby & Kids,products,30,True
ayumcure.com,Health & Wellness,Health & Wellness,0.57,Beauty & Personal Care,products,30,True
ayurblends.in,Beauty & Personal Care,Beauty & Personal Care,0.6,Food & Beverages,products,30,True
ayurherbals.co,Beauty & Personal Care,Health & Wellness,0.67,Beauty & Personal Care,products,30,False
ayurkart.com,Health & Wellness,Health & Wellness,0.53,Religious & Pooja,products,30,True
digishoppingmart.myshopify.com,Health & Wellness,Health & Wellness,0.47,Beauty & Personal Care,products,17,True
ayurvedahub.in,Beauty & Personal Care,Health & Wellness,0.48,Beauty & Personal Care,products,23,False
ayushakti.com,Health & Wellness,Health & Wellness,1.0,,products,30,True
ayushcare.in,Other,Health & Wellness,1.0,,tagline,1,False
ayushmedi.com,Health & Wellness,Religious & Pooja,0.37,Health & Wellness,products,30,False
azah.in,Beauty & Personal Care,Beauty & Personal Care,0.57,Baby & Kids,products,23,True
azga.in,Jewellery & Accessories,Jewellery & Accessories,0.66,Plants & Gardening,products,29,True
azhaguboutique.com,Apparel & Fashion,Apparel & Fashion,0.47,Baby & Kids,products,30,True
aziot.life,Electronics & Gadgets,Electronics & Gadgets,0.72,Health & Wellness,products,25,True
azorta.com,Apparel & Fashion,Apparel & Fashion,0.94,Bags & Luggage,products,17,True
azorte.social,Apparel & Fashion (Men),Apparel & Fashion,1.0,,products,2,True
b2bopticsouq.com,Jewellery & Accessories,Footwear,0.53,Electronics & Gadgets,products,17,False
b2bzone.in,Apparel & Fashion,Footwear,0.73,Apparel & Fashion,products,30,False
b3books.in,Books & Stationery,Religious & Pooja,0.43,Books & Stationery,products,30,False
baanisuitcollection.com,Apparel & Fashion,Religious & Pooja,0.2,Art & Craft,products,30,False
baaori.com,Apparel & Fashion,Apparel & Fashion,0.8,Home & Decor,products,30,True
baapstore.com,Apparel & Fashion (Women),Apparel & Fashion,1.0,,products,30,True
baareeki.com,Apparel & Fashion,Apparel & Fashion,0.77,Religious & Pooja,products,30,True
babli.in,Apparel & Fashion,Apparel & Fashion,0.9,Home & Decor,products,30,True
babupearlskakinada.com,Jewellery & Accessories,Jewellery & Accessories,0.7,Religious & Pooja,products,30,True
babyamore.in,Baby & Kids,Baby & Kids,0.33,Food & Beverages,products,30,True
babyforest.in,Baby & Kids,Baby & Kids,0.78,Gifts & Hampers,products,27,True
babygo.co.in,Pet Supplies,Gifts & Hampers,0.4,Baby & Kids,products,30,False
babyhug.in,Footwear,Baby & Kids,0.5,Footwear,products,30,False
babynmeindia.com,Apparel & Fashion,Apparel & Fashion,0.83,Baby & Kids,products,30,True
babyorgano.com,Health & Wellness,Health & Wellness,0.68,Food & Beverages,products,28,True
babyproud.in,Apparel & Fashion (Women),Baby & Kids,0.63,Apparel & Fashion,products,30,False
babyworksbyswapnil.com,Jewellery & Accessories,Jewellery & Accessories,0.47,Religious & Pooja,products,30,True
baccabucci.com,Footwear,Footwear,0.6,Apparel & Fashion,products,30,True
backdropindia.in,Baby & Kids,Home & Decor,0.73,Religious & Pooja,products,30,False
backdropwala.com,Other,Religious & Pooja,0.97,Home & Decor,products,30,False
baershoes.in,Footwear,Footwear,0.47,Apparel & Fashion,products,30,True
baftic.com,Jewellery & Accessories,Jewellery & Accessories,0.8,Bags & Luggage,products,30,True
baghindia.com,Apparel & Fashion (Women),Apparel & Fashion,0.87,Footwear,products,30,True
bagline.com,Gifts & Hampers,Bags & Luggage,0.47,Gifts & Hampers,products,30,False
bagruart.com,Apparel & Fashion,Apparel & Fashion,0.43,Gifts & Hampers,products,30,True
bagrufashions.com,Apparel & Fashion (Women),Apparel & Fashion,0.97,Footwear,products,30,True
bagruhastkala.com,Apparel & Fashion,Apparel & Fashion,1.0,,products,30,True
bagrustore.com,Apparel & Fashion,Apparel & Fashion,1.0,,products,30,True
bahaare.com,Apparel & Fashion,Apparel & Fashion,0.77,Food & Beverages,products,30,True
baidyanath.co,Food & Beverages,Religious & Pooja,0.73,Health & Wellness,products,30,False
baidyanath.co.in,Other,,0.0,,,0,False
baidyanath.com,Health & Wellness,Health & Wellness,0.7,Religious & Pooja,products,30,True
baisegaba.com,Apparel & Fashion (Women),Apparel & Fashion,0.7,Religious & Pooja,products,30,True
bajaao.com,Electronics & Gadgets,Electronics & Gadgets,0.4,Gifts & Hampers,products,30,True
bajajelectricals.com,Electronics & Gadgets,Art & Craft,0.3,Automotive,products,30,False
bakewareindia.com,Food & Beverages,Kitchen & Dining,0.67,Art & Craft,products,30,False
bakeyy.com,Food & Beverages,Gifts & Hampers,0.47,Religious & Pooja,products,30,False
balajihomeessentials.com,Kitchen & Dining,Kitchen & Dining,0.57,Footwear,products,30,True
balajiincense.com,Plants & Gardening,Religious & Pooja,0.67,Baby & Kids,products,30,False
balajiwafers.com,Food & Beverages,Food & Beverages,0.6,Religious & Pooja,products,30,True
balarammullick.com,Other,Books & Stationery,1.0,,tagline,1,False
balaramsaha.com,Apparel & Fashion,Apparel & Fashion,0.8,Art & Craft,products,30,True
balgopalcollection.com,Apparel & Fashion,Apparel & Fashion,0.37,Footwear,products,30,True
bambinopasta.in,Food & Beverages,Food & Beverages,0.53,Kitchen & Dining,products,30,True
bananaclub.co.in,Apparel & Fashion,Apparel & Fashion,0.77,Footwear,products,30,True
banarasbhang.com,Kitchen & Dining,Kitchen & Dining,0.37,Jewellery & Accessories,products,30,True
banarasee.in,Apparel & Fashion,Apparel & Fashion,0.63,Religious & Pooja,products,30,True
banarassilks.com,Apparel & Fashion,Apparel & Fashion,1.0,,products,30,True
bandidospitstop.com,Automotive,Automotive,0.5,Religious & Pooja,products,30,True
bangalorerefinery.com,Kitchen & Dining,Religious & Pooja,0.63,Jewellery & Accessories,products,30,False
bangalorewatchco.in,Jewellery & Accessories,Jewellery & Accessories,0.39,Electronics & Gadgets,products,28,True
bangerdeals.co.in,Jewellery & Accessories,Jewellery & Accessories,0.25,Beauty & Personal Care,products,4,True
banjaaran.in,Footwear,Footwear,0.63,Bags & Luggage,products,30,True
banjaratrail.com,Apparel & Fashion (Women),Apparel & Fashion,0.47,Footwear,products,30,True
banknotecoinstamp.com,Other,Jewellery & Accessories,0.5,Books & Stationery,products,30,False
bansri.in,Apparel & Fashion (Women),Apparel & Fashion,1.0,,products,30,True
bantia.in,Home & Decor,Footwear,0.33,Home & Decor,products,30,False
bappamoryastores.com,Religious & Pooja,Religious & Pooja,1.0,,products,30,True
barenecessities.in,Gifts & Hampers,Beauty & Personal Care,0.41,Gifts & Hampers,products,27,False
barksandwags.in,Pet Supplies,Pet Supplies,0.3,Footwear,products,30,True
barn14.com,Gifts & Hampers,Religious & Pooja,0.47,Gifts & Hampers,products,30,False
barrelexhaust.com,Automotive,Automotive,0.43,Footwear,products,30,True
barsanamagic.com,Food & Beverages,Food & Beverages,0.73,Health & Wellness,products,30,True
barvaskintherapie.com,Beauty & Personal Care,Beauty & Personal Care,0.67,Religious & Pooja,products,30,True
basaka.in,Apparel & Fashion,Apparel & Fashion,0.97,Gifts & Hampers,products,30,True
basantikekapde.com,Apparel & Fashion,Apparel & Fashion,0.87,Jewellery & Accessories,products,30,True
basata.co.in,Apparel & Fashion,Apparel & Fashion,0.5,Kitchen & Dining,products,30,True
basavaacademy.shop,Books & Stationery,Books & Stationery,0.28,Health & Wellness,products,29,True
basketpoint.in,Beauty & Personal Care,Beauty & Personal Care,0.7,Health & Wellness,products,30,True
baskinrobbinsindia.com,Other,Food & Beverages,1.0,,products,1,False
bassinoimpex.com,Apparel & Fashion,Kitchen & Dining,0.73,Home & Decor,products,30,False
bathkart.in,Beauty & Personal Care,Kitchen & Dining,0.6,Beauty & Personal Care,products,30,False
bathla.com,Home & Decor,Footwear,0.6,Sports & Fitness,products,30,False
batteryestore.com,Electronics & Gadgets,Bags & Luggage,0.37,Apparel & Fashion,products,30,False
batteryworks.in,Electronics & Gadgets,Electronics & Gadgets,0.76,Bags & Luggage,products,29,True
baybee.co.in,Baby & Kids,Baby & Kids,0.45,Toys & Games,products,29,True
bazaari.in,Plants & Gardening,Plants & Gardening,0.5,Health & Wellness,products,2,True
bbetter.co,Health & Wellness,Health & Wellness,0.8,Footwear,products,30,True
bblunt.com,Beauty & Personal Care,Beauty & Personal Care,0.5,Health & Wellness,products,30,True
be-clinical.com,Beauty & Personal Care,Beauty & Personal Care,0.96,Health & Wellness,products,24,True
beadsnborders.com,Apparel & Fashion,Apparel & Fashion,0.87,Footwear,products,30,True
beadsnfashion.com,Plants & Gardening,Art & Craft,0.6,Jewellery & Accessories,products,30,False
bearclaw.in,Apparel & Fashion,Apparel & Fashion,0.47,Footwear,products,30,True
beardo.in,Beauty & Personal Care,Beauty & Personal Care,0.7,Gifts & Hampers,products,30,True
bearhugs.in,Toys & Games,Automotive,0.5,Bags & Luggage,products,30,False
beautybybie.com,Beauty & Personal Care,Beauty & Personal Care,0.52,Footwear,products,29,True
beautygarage.com,Beauty & Personal Care,Beauty & Personal Care,0.57,Health & Wellness,products,30,True
beautymatters.in,Beauty & Personal Care,Beauty & Personal Care,0.8,Health & Wellness,products,30,True
beautywise.in,Health & Wellness,Health & Wellness,0.7,Gifts & Hampers,products,23,True
beeglee.in,Apparel & Fashion,Footwear,0.37,Apparel & Fashion,products,30,False
beejkart.com,Plants & Gardening,Plants & Gardening,0.37,Food & Beverages,products,30,True
beejwala.com,Plants & Gardening,Plants & Gardening,0.93,Religious & Pooja,products,30,True
beesplantshub.com,Plants & Gardening,Plants & Gardening,1.0,,products,30,True
beetlebookshop.com,Books & Stationery,Religious & Pooja,0.67,Books & Stationery,products,30,False
beezpro.in,Baby & Kids,Baby & Kids,0.83,Apparel & Fashion,products,30,True
begetnectar.com,Beauty & Personal Care,Beauty & Personal Care,0.88,Health & Wellness,products,16,True
begumshop.com,Apparel & Fashion,Apparel & Fashion,0.7,Baby & Kids,products,30,True
beinghumanclothing.com,Apparel & Fashion (Men),Apparel & Fashion,0.73,Bags & Luggage,products,30,True
bejandaruwalla.com,Jewellery & Accessories,Religious & Pooja,0.53,Jewellery & Accessories,products,30,False
bellababebysk.com,Apparel & Fashion,Apparel & Fashion,0.97,Footwear,products,30,True
bellaloungewear.com,Apparel & Fashion,Apparel & Fashion,0.97,Footwear,products,30,True
bellavitaorganic.com,Beauty & Personal Care,Beauty & Personal Care,0.63,Jewellery & Accessories,products,30,True
bellezajewel.com,Jewellery & Accessories,Jewellery & Accessories,0.47,Religious & Pooja,products,30,True
bellezajewels.in,Jewellery & Accessories,Jewellery & Accessories,1.0,,products,30,True
belvin.in,Electronics & Gadgets,Electronics & Gadgets,0.43,Jewellery & Accessories,products,30,True
belvish.com,Beauty & Personal Care,Religious & Pooja,0.37,Apparel & Fashion,products,30,False
belzaa.in,Bags & Luggage,Gifts & Hampers,0.3,Bags & Luggage,products,30,False
bemewoman.com,Health & Wellness,Beauty & Personal Care,0.83,Health & Wellness,products,30,False
beminimalist.co,Beauty & Personal Care,Beauty & Personal Care,0.7,Health & Wellness,products,30,True
benakd.in,Apparel & Fashion,Apparel & Fashion,0.9,Home & Decor,products,30,True
benekleed.com,Apparel & Fashion (Men),Apparel & Fashion,0.73,Footwear,products,30,True
beneude.com,Beauty & Personal Care,Beauty & Personal Care,0.83,Books & Stationery,products,30,True
bengalloomsindia.com,Apparel & Fashion (Women),Apparel & Fashion,0.47,Religious & Pooja,products,30,True
benkibrewingtools.com,Health & Wellness,Kitchen & Dining,0.6,Food & Beverages,products,30,False
beom.in,Apparel & Fashion,Apparel & Fashion,0.57,Religious & Pooja,products,30,True
bepocart.com,Electronics & Gadgets,Footwear,0.3,Automotive,products,30,False
bergnerhome.in,Kitchen & Dining,Kitchen & Dining,0.8,Religious & Pooja,products,30,True
berribon.com,Apparel & Fashion,Apparel & Fashion,0.83,Footwear,products,30,True
bersache.com,Footwear,Footwear,1.0,,products,30,True
besavage.co.in,Apparel & Fashion (Men),Footwear,0.4,Apparel & Fashion,products,30,False
beseksy.in,Apparel & Fashion,Apparel & Fashion,0.4,Kitchen & Dining,products,30,True
best4pets.in,Plants & Gardening,Plants & Gardening,0.37,Footwear,products,30,True
bestattar.com,Beauty & Personal Care,Baby & Kids,0.37,Footwear,products,30,False
bestfactoryoutlet.com,Apparel & Fashion,Apparel & Fashion,0.93,Food & Beverages,products,30,True
bestic.in,Kitchen & Dining,Books & Stationery,0.2,Gifts & Hampers,products,30,False
bestofusedbooks.com,Books & Stationery,Books & Stationery,0.93,Sports & Fitness,products,30,True
bestomart.com,Food & Beverages,Bags & Luggage,0.23,Religious & Pooja,products,30,False
betteralt.in,Health & Wellness,Health & Wellness,0.27,Food & Beverages,products,30,True
betterbasics.co.in,Apparel & Fashion (Women),Footwear,0.37,Apparel & Fashion,products,30,False
betterbee.in,Apparel & Fashion,Baby & Kids,0.63,Footwear,products,30,False
betterfind.shop,Apparel & Fashion,Art & Craft,0.27,Baby & Kids,products,30,False
betterherbs.co.in,Health & Wellness,Health & Wellness,0.5,Baby & Kids,products,6,True
bevoguish.in,Footwear,Footwear,1.0,,products,28,True
bevzilla.co,Food & Beverages,Food & Beverages,0.4,Gifts & Hampers,products,30,True
beybladeartshop.com,Art & Craft,Food & Beverages,0.33,Bags & Luggage,products,30,False
beyondappliances.in,Other,Toys & Games,0.3,Home & Decor,products,30,False
beyondethnic.com,Apparel & Fashion,Apparel & Fashion,0.73,Kitchen & Dining,products,30,True
beyondgifts.com,Gifts & Hampers,Gifts & Hampers,0.5,Religious & Pooja,products,30,True
beyondsupps.in,Health & Wellness,Health & Wellness,0.7,Sports & Fitness,products,30,True
beyours.in,Apparel & Fashion,Apparel & Fashion,1.0,,tagline,1,True
bezome.com,Home & Decor,Sports & Fitness,0.35,Automotive,products,23,False
bhagalpuridullchadar.com,Other,Home & Decor,0.73,Apparel & Fashion,products,30,False
bhagvatprasadam.com,Food & Beverages,Religious & Pooja,0.33,Health & Wellness,products,30,False
bhaiplease.com,Kitchen & Dining,Religious & Pooja,0.43,Toys & Games,products,30,False
bhandaristore.com,Apparel & Fashion,Apparel & Fashion,0.8,Footwear,products,30,True
bharatcarbazar.com,Automotive,Automotive,0.9,Footwear,products,30,True
bharatgramudyogsangh.org,Food & Beverages,Health & Wellness,0.81,Food & Beverages,products,16,False
bharatvedica.com,Food & Beverages,Food & Beverages,0.63,Gifts & Hampers,products,30,True
bharatwholesales.in,Home & Decor,Home & Decor,0.63,Jewellery & Accessories,products,30,True
bhatnbhat.in,Food & Beverages,Food & Beverages,0.4,Religious & Pooja,products,30,True
bhavanahandlooms.in,Apparel & Fashion,Apparel & Fashion,0.97,Art & Craft,products,30,True
bhaviniparis.com,Apparel & Fashion,Apparel & Fashion,1.0,,products,30,True
bhimajewellery.com,Jewellery & Accessories,Jewellery & Accessories,0.93,Food & Beverages,products,30,True
bhojmasale.com,Gifts & Hampers,Gifts & Hampers,0.33,Food & Beverages,products,30,True
bhootiya.com,Kitchen & Dining,Toys & Games,0.33,Religious & Pooja,products,30,False
bhramarah.in,Beauty & Personal Care,Beauty & Personal Care,0.77,Food & Beverages,products,30,True
bhullarbha.com,Electronics & Gadgets,Automotive,0.4,Electronics & Gadgets,products,30,False
bhumikavedics.in,Beauty & Personal Care,Health & Wellness,0.6,Beauty & Personal Care,products,20,False
biancajeswant.com,Apparel & Fashion (Men),Apparel & Fashion,0.93,Gifts & Hampers,products,30,True
bibinjohn.com,Apparel & Fashion (Women),Apparel & Fashion,0.77,Footwear,products,30,True
bicyclekart.com,Automotive,Automotive,0.8,Bags & Luggage,products,30,True
bigbananaonline.com,Apparel & Fashion (Men),Apparel & Fashion,0.83,Footwear,products,30,True
bigbaskit.in,Baby & Kids,Footwear,0.5,Apparel & Fashion,products,4,False
bigbearfarms.in,Food & Beverages,Food & Beverages,0.67,Gifts & Hampers,products,30,True
bigfeeet.com,Footwear,Footwear,1.0,,products,28,True
bigflex.in,Health & Wellness,Health & Wellness,0.72,Food & Beverages,products,29,True
bighello.in,Apparel & Fashion (Men),Apparel & Fashion,0.67,Footwear,products,30,True
bigmusclesnutrition.com,Health & Wellness,Health & Wellness,0.53,Food & Beverages,products,30,True
bigsarees.in,Apparel & Fashion,Art & Craft,1.0,,products,30,False
bigsmall.in,Gifts & Hampers,Electronics & Gadgets,0.4,Gifts & Hampers,products,30,False
bikanervala.com,Gifts & Hampers,Food & Beverages,0.33,Gifts & Hampers,products,30,False
bikeboostindia.in,Jewellery & Accessories,Automotive,0.33,Bags & Luggage,products,30,False
bikecare360.com,Electronics & Gadgets,Footwear,0.47,Bags & Luggage,products,30,False
bikedilwado.in,Apparel & Fashion,Automotive,0.3,Bags & Luggage,products,30,False
bikeexperts.in,Automotive,Automotive,0.7,Bags & Luggage,products,30,True
biker.store,Automotive,Automotive,0.57,Art & Craft,products,30,True
bikesparemarket.in,Electronics & Gadgets,Automotive,0.67,Footwear,products,30,False
bikespares.in,Automotive,Automotive,0.97,Footwear,products,30,True
bikesterglobal.com,Bags & Luggage,Footwear,0.73,Automotive,products,30,False
bilberryfurnishing.com,Home & Decor,Home & Decor,0.67,Gifts & Hampers,products,30,True
binasarts.com,Art & Craft,Art & Craft,0.43,Religious & Pooja,products,30,True
bindassbooks.in,Books & Stationery,Books & Stationery,0.8,Religious & Pooja,products,30,True
binni.co.in,Jewellery & Accessories,Jewellery & Accessories,0.87,Religious & Pooja,products,30,True
biobasics.org,Food & Beverages,Food & Beverages,0.67,Health & Wellness,products,30,True
biocode.co.in,Beauty & Personal Care,Beauty & Personal Care,0.67,Health & Wellness,products,6,True
biotique.com,Beauty & Personal Care,Beauty & Personal Care,0.5,Food & Beverages,products,30,True
birchposh.com,Pet Supplies,Footwear,0.67,Jewellery & Accessories,products,30,False
birdeyeindia.com,Sports & Fitness,Footwear,0.33,Sports & Fitness,products,30,False
birdhouse.life,Footwear,Footwear,0.78,Religious & Pooja,products,23,True
birdsofparadyes.com,Beauty & Personal Care,Beauty & Personal Care,0.59,Baby & Kids,products,29,True
birkenstock.in,Footwear,Footwear,0.3,Beauty & Personal Care,products,30,True
bitkart.com,Electronics & Gadgets,Footwear,0.23,Electronics & Gadgets,products,30,False
bixabotanical.in,Health & Wellness,Health & Wellness,0.7,Beauty & Personal Care,products,30,True
bizpressions.in,Beauty & Personal Care,Bags & Luggage,0.77,Beauty & Personal Care,products,30,False
bjainbooks.com,Books & Stationery,Books & Stationery,0.27,Home & Decor,products,30,True
bkhorganics.in,Food & Beverages,Food & Beverages,0.6,Health & Wellness,products,30,True
blabliblulife.com,Beauty & Personal Care,Beauty & Personal Care,0.33,Baby & Kids,products,30,True
blackbeastnutrition.in,Health & Wellness,Health & Wellness,0.33,Religious & Pooja,products,12,True
blackberrys.com,Apparel & Fashion (Men),Apparel & Fashion,0.9,Kitchen & Dining,products,30,True
blackmambajewellery.com,Jewellery & Accessories,Jewellery & Accessories,0.93,Gifts & Hampers,products,30,True
blackstitch.in,Apparel & Fashion (Men),Apparel & Fashion,0.8,Footwear,products,30,True
blackzone.in,Electronics & Gadgets,Electronics & Gadgets,0.93,Jewellery & Accessories,products,30,True
blakc.store,Apparel & Fashion (Men),Apparel & Fashion,0.53,Footwear,products,17,True
blaupunktaudio.in,Electronics & Gadgets,Electronics & Gadgets,0.97,Gifts & Hampers,products,30,True
blckorchid.in,Apparel & Fashion,Apparel & Fashion,0.97,Footwear,products,30,True
bleau.store,Apparel & Fashion,Apparel & Fashion,0.7,Footwear,products,30,True
blenditrawapothecary.in,Beauty & Personal Care,Beauty & Personal Care,0.37,Health & Wellness,products,30,True
blepworld.com,Pet Supplies,Food & Beverages,0.5,Pet Supplies,products,30,False
blfabric.com,Apparel & Fashion,Art & Craft,0.73,Jewellery & Accessories,products,30,False
blindbling.co,Jewellery & Accessories,Jewellery & Accessories,0.9,Gifts & Hampers,products,30,True
blingbag.co.in,Jewellery & Accessories,Jewellery & Accessories,0.93,Art & Craft,products,30,True
blingqueen.in,Jewellery & Accessories,Jewellery & Accessories,1.0,,products,30,True
blingstrax.in,Jewellery & Accessories,Jewellery & Accessories,0.47,Footwear,products,30,True
blink-basket.in,Bags & Luggage,Automotive,0.17,Beauty & Personal Care,products,30,False
blissclub.com,Apparel & Fashion,Apparel & Fashion,0.5,Footwear,products,30,True
blissnatural.in,Plants & Gardening,Baby & Kids,0.52,Beauty & Personal Care,products,29,False
blisswelness.com,Health & Wellness,Health & Wellness,0.97,Home & Decor,products,29,True
blix.in,Toys & Games,Toys & Games,0.47,Gifts & Hampers,products,30,True
blocktobox.com,Kitchen & Dining,Kitchen & Dining,0.43,Automotive,products,30,True
bloombysushmita.com,Jewellery & Accessories,Jewellery & Accessories,0.67,Bags & Luggage,products,30,True
bloome.in,Jewellery & Accessories,Jewellery & Accessories,1.0,,products,30,True
bloomica.in,Plants & Gardening,Plants & Gardening,1.0,,products,30,True
bloomingfloret.in,Plants & Gardening,Plants & Gardening,0.7,Religious & Pooja,products,30,True
bloomshop.in,Jewellery & Accessories,Art & Craft,0.33,Jewellery & Accessories,products,30,False
bloomsvilla.com,Gifts & Hampers,Religious & Pooja,0.33,Gifts & Hampers,products,30,False
bloomup.in,Apparel & Fashion,Apparel & Fashion,1.0,,tagline,1,True
bloontoys.com,Home & Decor,Gifts & Hampers,0.23,Sports & Fitness,products,30,False
blossominners.com,Apparel & Fashion,Apparel & Fashion,0.45,Footwear,products,29,True
blouseline.com,Apparel & Fashion,Apparel & Fashion,0.93,Art & Craft,products,30,True
blubein.com,Health & Wellness,Health & Wellness,0.73,Sports & Fitness,products,22,True
bluebearr.com,Apparel & Fashion,Apparel & Fashion,0.9,Sports & Fitness,products,30,True
bluebirdsolar.com,Other,Plants & Gardening,0.36,Apparel & Fashion,products,25,False
bluebuddha.co.in,Apparel & Fashion,Apparel & Fashion,0.9,Footwear,products,30,True
blueisland.in,Apparel & Fashion,Apparel & Fashion,0.73,Footwear,products,30,True
bluemantle.in,Baby & Kids,Religious & Pooja,0.4,Apparel & Fashion,products,30,False
bluemonkey.in,Apparel & Fashion (Men),Apparel & Fashion,0.7,Baby & Kids,products,30,True
bluenectar.co.in,Beauty & Personal Care,Health & Wellness,0.53,Beauty & Personal Care,products,30,False
bluer.co.in,Apparel & Fashion,Apparel & Fashion,0.8,Footwear,products,30,True
bluetea.co.in,Food & Beverages,Health & Wellness,0.63,Food & Beverages,products,30,False
bluetheory.online,Apparel & Fashion,Bags & Luggage,0.7,Footwear,products,30,False
bluetokaicoffee.com,Gifts & Hampers,Gifts & Hampers,0.43,Religious & Pooja,products,30,True
bluetyga.com,Apparel & Fashion,Beauty & Personal Care,0.6,Apparel & Fashion,products,25,False
bluewud.com,Art & Craft,Kitchen & Dining,0.47,Books & Stationery,products,30,False
blumun.in,Toys & Games,Religious & Pooja,0.8,Art & Craft,products,30,False
bluorng.com,Apparel & Fashion,Apparel & Fashion,0.67,Bags & Luggage,products,30,True
blurgvillage.com,Apparel & Fashion,Apparel & Fashion,0.47,Footwear,products,30,True
blurindia.com,Beauty & Personal Care,Beauty & Personal Care,0.73,Food & Beverages,products,30,True
blynk.co.in,Health & Wellness,Electronics & Gadgets,0.25,Footwear,products,28,False
bmgstore.in,Pet Supplies,Apparel & Fashion,0.53,Footwear,products,30,False
bnewmobiles.com,Electronics & Gadgets,Electronics & Gadgets,0.9,Religious & Pooja,products,30,True
boat-lifestyle.com,Electronics & Gadgets,Electronics & Gadgets,0.76,Automotive,products,29,True
bobogears.com,Automotive,Automotive,0.7,Electronics & Gadgets,products,30,True
boddactive.com,Apparel & Fashion,Apparel & Fashion,0.53,Plants & Gardening,products,30,True
bodycareapparels.com,Apparel & Fashion (Women),Apparel & Fashion,0.77,Baby & Kids,products,30,True
boheco.com,Health & Wellness,Health & Wellness,0.29,Books & Stationery,products,28,True
bohogirl.in,Bags & Luggage,Bags & Luggage,0.57,Jewellery & Accessories,products,30,True
bohrashoes.online,Footwear,Footwear,1.0,,products,30,True
boingg.in,Baby & Kids,Home & Decor,0.31,Baby & Kids,products,29,False
boldacc.co,Electronics & Gadgets,Religious & Pooja,0.2,Jewellery & Accessories,products,30,False
boldcare.in,Toys & Games,Health & Wellness,0.27,Beauty & Personal Care,products,30,False
boldpetals.in,Jewellery & Accessories,Gifts & Hampers,0.37,Jewellery & Accessories,products,30,False
bombayantiques.com,Home & Decor,Kitchen & Dining,0.4,Religious & Pooja,products,30,False
bombaygreens.com,Home & Decor,Plants & Gardening,0.73,Gifts & Hampers,products,30,False
bombayselections.in,Apparel & Fashion,Apparel & Fashion,0.83,Religious & Pooja,products,30,True
bombayshavingcompany.com,Beauty & Personal Care,Beauty & Personal Care,0.53,Automotive,products,30,True
bombaysweetshop.com,Food & Beverages,Food & Beverages,0.43,Gifts & Hampers,products,30,True
bombaytrooper.com,Apparel & Fashion (Men),Footwear,0.4,Apparel & Fashion,products,30,False
bombaytyres.com,Other,Automotive,0.57,Jewellery & Accessories,products,30,False
bommaikadai78.in,Toys & Games,Toys & Games,0.53,Automotive,products,30,True
bomzancloset.com,Apparel & Fashion,Apparel & Fashion,0.4,Gifts & Hampers,products,30,True
bonfiction.com,Food & Beverages,Food & Beverages,0.7,Gifts & Hampers,products,30,True
bongmade.com,Apparel & Fashion,Apparel & Fashion,0.93,Baby & Kids,products,30,True
bonjourretail.com,Apparel & Fashion,Apparel & Fashion,0.73,Footwear,products,30,True
bonkerscorner.com,Apparel & Fashion,Apparel & Fashion,0.47,Footwear,products,30,True
bookhaat.com,Books & Stationery,Books & Stationery,0.6,Religious & Pooja,products,30,True
bookishadda.com,Books & Stationery,Books & Stationery,0.9,Toys & Games,products,30,True
bookkish.com,Books & Stationery,Religious & Pooja,0.8,Books & Stationery,products,30,False
bookmycostume.com,Apparel & Fashion,Apparel & Fashion,0.5,Religious & Pooja,products,30,True
bookmyframe.com,Home & Decor,Home & Decor,0.5,Art & Craft,products,16,True
booksandyou.in,Books & Stationery,Books & Stationery,0.57,Religious & Pooja,products,30,True
bookspringindia.in,Books & Stationery,Books & Stationery,0.63,Religious & Pooja,products,30,True
bookstation.in,Books & Stationery,Books & Stationery,0.97,Health & Wellness,products,30,True
bookstech.in,Books & Stationery,Books & Stationery,0.97,Beauty & Personal Care,products,30,True
boondfragrances.com,Beauty & Personal Care,Religious & Pooja,0.57,Gifts & Hampers,products,30,False
bopshop.in,Apparel & Fashion (Men),Apparel & Fashion,0.53,Jewellery & Accessories,products,30,True
bossgadgets.in,Electronics & Gadgets,Electronics & Gadgets,0.87,Bags & Luggage,products,30,True
botnia.in,Apparel & Fashion,Apparel & Fashion,0.97,Home & Decor,products,30,True
bougainvilea.com,Apparel & Fashion,Apparel & Fashion,0.8,Art & Craft,products,30,True
bowandsquare.com,Apparel & Fashion,Apparel & Fashion,0.9,Footwear,products,30,True
bowlfulstore.com,Food & Beverages,Food & Beverages,0.47,Religious & Pooja,products,30,True
bownbee.com,Apparel & Fashion,Apparel & Fashion,0.7,Baby & Kids,products,30,True
boxello.in,Gifts & Hampers,Gifts & Hampers,0.77,Religious & Pooja,products,30,True
boxnube.in,Kitchen & Dining,Kitchen & Dining,0.27,Footwear,products,30,True
boxtudio.in,Electronics & Gadgets,Art & Craft,0.37,Electronics & Gadgets,products,30,False
boxupgifting.com,Gifts & Hampers,Gifts & Hampers,0.9,Religious & Pooja,products,30,True
boya-mic.in,Electronics & Gadgets,Electronics & Gadgets,0.97,Gifts & Hampers,products,30,True
brainybearstore.com,Gifts & Hampers,Gifts & Hampers,0.43,Toys & Games,products,30,True
brampium.com,Health & Wellness,Plants & Gardening,0.5,Baby & Kids,products,4,False
brandadox.in,Other,Footwear,0.77,Apparel & Fashion,products,30,False
brandmeup06.com,Apparel & Fashion,Apparel & Fashion,0.33,Gifts & Hampers,products,30,True
brandpackaging.co.in,Food & Beverages,Art & Craft,0.5,Religious & Pooja,products,30,False
brandparts.in,Beauty & Personal Care,Baby & Kids,0.47,Kitchen & Dining,products,30,False
brandtops.in,Electronics & Gadgets,Electronics & Gadgets,0.47,Jewellery & Accessories,products,30,True
brassblessing.com,Kitchen & Dining,Art & Craft,0.73,Kitchen & Dining,products,30,False
brassglobe.com,Kitchen & Dining,Religious & Pooja,0.27,Jewellery & Accessories,products,30,False
brewforyou.in,Health & Wellness,Health & Wellness,1.0,,products,7,True
brewinggadgets.in,Food & Beverages,Kitchen & Dining,0.27,Food & Beverages,products,30,False
bridlen.com,Footwear,Footwear,0.7,Gifts & Hampers,products,30,True
brillare.co.in,Beauty & Personal Care,Beauty & Personal Care,0.5,Health & Wellness,products,30,True
britime.in,Jewellery & Accessories,Footwear,0.27,Bags & Luggage,products,30,False
britishclub.in,Apparel & Fashion (Men),Apparel & Fashion,0.63,Footwear,products,30,True
brmchemicals.com,Health & Wellness,Food & Beverages,0.43,Footwear,products,30,False
brooksrunningindia.com,Footwear,Footwear,0.83,Apparel & Fashion,products,30,True
brownbutter.club,Apparel & Fashion,Apparel & Fashion,0.93,Footwear,products,30,True
brownliving.in,Apparel & Fashion (Women),Apparel & Fashion,0.43,Footwear,products,30,True
brownwoods4art.com,Home & Decor,Religious & Pooja,0.53,Electronics & Gadgets,products,30,False
brunomilano.com,Jewellery & Accessories,Apparel & Fashion,0.47,Food & Beverages,products,30,False
brustro.in,Art & Craft,Books & Stationery,0.55,Art & Craft,products,29,False
bschannabasappasilksandsarees.com,Apparel & Fashion,Apparel & Fashion,1.0,,products,30,True
bubbleme.in,Bags & Luggage,Health & Wellness,0.37,Food & Beverages,products,30,False
buddhanatural.com,Beauty & Personal Care,Beauty & Personal Care,0.79,Health & Wellness,products,28,True
budgethubvault.com,Jewellery & Accessories,Food & Beverages,0.18,Home & Decor,products,11,False
budhshiv.com,Religious & Pooja,Religious & Pooja,0.83,Art & Craft,products,30,True
budsnblush.com,Plants & Gardening,Plants & Gardening,0.67,Food & Beverages,products,30,True
bugario.com,Other,,0.0,,,0,False
bugario.in,Apparel & Fashion (Women),Jewellery & Accessories,0.4,Sports & Fitness,products,5,False
bugattishoes.in,Footwear,Footwear,1.0,,products,30,True
bulkaroma.com,Beauty & Personal Care,Food & Beverages,0.27,Beauty & Personal Care,products,30,False
bullionknot.com,Apparel & Fashion,Apparel & Fashion,0.67,Religious & Pooja,products,30,True
bumbokart.com,Books & Stationery,Books & Stationery,0.37,Art & Craft,products,30,True
bummer.in,Apparel & Fashion (Men),Footwear,0.57,Apparel & Fashion,products,30,False
bumsonthesaddle.com,Sports & Fitness,Bags & Luggage,0.27,Automotive,products,30,False
bunai.com,Apparel & Fashion,Apparel & Fashion,0.97,Home & Decor,products,30,True
bunaiwala.com,Apparel & Fashion,Apparel & Fashion,0.87,Home & Decor,products,30,True
buraqpets.com,Pet Supplies,Pet Supplies,0.6,Electronics & Gadgets,products,30,True
burgerbaeclothing.com,Apparel & Fashion (Women),Apparel & Fashion,0.9,Baby & Kids,products,30,True
burnt-toast.com,Apparel & Fashion (Women),Apparel & Fashion,0.5,Jewellery & Accessories,products,30,True
buttbaby.in,Bags & Luggage,Baby & Kids,0.69,Bags & Luggage,products,16,False
buya1chips.com,Food & Beverages,Food & Beverages,0.6,Gifts & Hampers,products,30,True
buybakson.com,Health & Wellness,Health & Wellness,0.6,Food & Beverages,products,30,True
buybhangonline.com,Health & Wellness,Health & Wellness,0.57,Religious & Pooja,products,30,True
buyboxtools.com,Jewellery & Accessories,Art & Craft,0.8,Bags & Luggage,products,30,False
buydermdoc.com,Beauty & Personal Care,Beauty & Personal Care,0.78,Health & Wellness,products,9,True
buyersquare.in,Kitchen & Dining,Kitchen & Dining,0.38,Beauty & Personal Care,products,26,True
buyfranklord.com,Jewellery & Accessories,Jewellery & Accessories,0.7,Toys & Games,products,30,True
buyglam.in,Health & Wellness,Toys & Games,0.33,Baby & Kids,products,3,False
buyhautesauce.com,Jewellery & Accessories,Apparel & Fashion,0.33,Jewellery & Accessories,products,30,False
buyindusvalley.in,Beauty & Personal Care,Beauty & Personal Care,0.73,Baby & Kids,products,30,True
buykharibaoli.com,Food & Beverages,Food & Beverages,0.33,Religious & Pooja,products,30,True
buykitesonline.com,Bags & Luggage,Bags & Luggage,0.33,Religious & Pooja,products,30,True
buyniconi.com,Beauty & Personal Care,Beauty & Personal Care,0.5,Health & Wellness,products,28,True
buyoctopus.com,Beauty & Personal Care,Beauty & Personal Care,0.67,Baby & Kids,products,9,True
buypenandpaper.com,Books & Stationery,Books & Stationery,0.55,Art & Craft,products,29,True
buytestseries.in,Books & Stationery,Books & Stationery,0.64,Religious & Pooja,products,28,True
buyynest.shop,Other,Plants & Gardening,1.0,,products,1,False
bxxyshoe.in,Footwear,Footwear,1.0,,products,30,True
byhand.in,Apparel & Fashion,Apparel & Fashion,0.7,Religious & Pooja,products,30,True
bykindia.com,Automotive,Automotive,0.5,Footwear,products,30,True
bymoksh.com,Bags & Luggage,Bags & Luggage,0.93,Footwear,products,30,True
c9nutrition.com,Health & Wellness,Health & Wellness,0.67,Food & Beverages,products,9,True
cafeniloufer.com,Food & Beverages,Food & Beverages,0.53,Gifts & Hampers,products,30,True
cahoot.in,Apparel & Fashion (Men),Apparel & Fashion,0.6,Footwear,products,30,True
caialifestylejewellery.com,Jewellery & Accessories,Jewellery & Accessories,0.97,Footwear,products,30,True
cakebee.in,Food & Beverages,Food & Beverages,0.7,Religious & Pooja,products,30,True
cakeessentialdealer.in,Toys & Games,Food & Beverages,0.2,Toys & Games,products,30,False
cakeoclocks.com,Gifts & Hampers,Gifts & Hampers,0.7,Kitchen & Dining,products,30,True
cakofy.com,Food & Beverages,Art & Craft,0.23,Home & Decor,products,30,False
calcetto.in,Footwear,Footwear,0.87,Sports & Fitness,products,30,True
callmateindia.com,Electronics & Gadgets,Electronics & Gadgets,0.77,Bags & Luggage,products,30,True
calonge-group.com,Bags & Luggage,Bags & Luggage,0.83,Kitchen & Dining,products,30,True
cambridgegarments.com,Apparel & Fashion,Apparel & Fashion,0.93,Footwear,products,30,True
camelflasks.in,Kitchen & Dining,Bags & Luggage,0.63,Food & Beverages,products,30,False
cameraclub.in,Electronics & Gadgets,Electronics & Gadgets,0.27,Footwear,products,30,True
campeonsports.com,Sports & Fitness,Footwear,0.5,Gifts & Hampers,products,30,False
campusshoes.com,Footwear,Footwear,0.77,Apparel & Fashion,products,30,True
candlematerial.com,Home & Decor,Art & Craft,0.33,Religious & Pooja,products,30,False
candlemould.in,Home & Decor,Religious & Pooja,0.33,Art & Craft,products,30,False
candlerawmaterial.com,Home & Decor,Plants & Gardening,0.27,Art & Craft,products,30,False
canonquartz.com,Jewellery & Accessories,Jewellery & Accessories,1.0,,products,30,True
cantabilshop.com,Apparel & Fashion (Men),Apparel & Fashion,0.53,Baby & Kids,products,30,True
canvazo.com,Books & Stationery,Art & Craft,0.53,Books & Stationery,products,30,False
capesindia.com,Electronics & Gadgets,Beauty & Personal Care,0.63,Electronics & Gadgets,products,30,False
capoint.in,Books & Stationery,Apparel & Fashion,0.33,Religious & Pooja,products,30,False
captainsteel.com,Jewellery & Accessories,Footwear,0.4,Bags & Luggage,products,5,False
car101.in,Automotive,Automotive,0.38,Beauty & Personal Care,products,29,True
caramelly.in,Food & Beverages,Food & Beverages,0.47,Health & Wellness,products,30,True
caratbazaar.in,Jewellery & Accessories,Jewellery & Accessories,1.0,,products,30,True
caratsutra.in,Jewellery & Accessories,Jewellery & Accessories,0.97,Religious & Pooja,products,30,True
carbonracing.in,Automotive,Automotive,0.73,Bags & Luggage,products,22,True
carbontree.com,Apparel & Fashion (Women),Apparel & Fashion,0.27,Bags & Luggage,products,30,True
carcraftindia.com,Automotive,Automotive,1.0,,products,20,True
caredale.in,Beauty & Personal Care,Beauty & Personal Care,0.4,Art & Craft,products,10,True
carefy.in,Beauty & Personal Care,Beauty & Personal Care,0.24,Health & Wellness,products,21,True
caresmith.com,Beauty & Personal Care,Electronics & Gadgets,0.33,Beauty & Personal Care,products,30,False
carlington.in,Jewellery & Accessories,Jewellery & Accessories,0.87,Sports & Fitness,products,30,True
carloginn.com,Automotive,Automotive,0.83,Footwear,products,30,True
carltonlondon.co.in,Jewellery & Accessories,Jewellery & Accessories,1.0,,products,30,True
carltonlondonbeauty.com,Jewellery & Accessories,Jewellery & Accessories,0.87,Gifts & Hampers,products,30,True
caroxygen.com,Automotive,Automotive,0.38,Electronics & Gadgets,products,29,True
carpetplanet.in,Home & Decor,Footwear,0.87,Home & Decor,products,30,False
carplus.in,Electronics & Gadgets,Electronics & Gadgets,0.37,Gifts & Hampers,products,30,True
carriall.com,Bags & Luggage,Bags & Luggage,1.0,,products,30,True
carryhome.in,Kitchen & Dining,Kitchen & Dining,0.83,Religious & Pooja,products,30,True
carrypro.in,Bags & Luggage,Bags & Luggage,0.67,Sports & Fitness,products,30,True
carshala.in,Home & Decor,Automotive,0.7,Footwear,products,30,False
atomwellness.com,Health & Wellness,Sports & Fitness,0.34,Automotive,products,29,False
cartaura.co.in,Other,,0.0,,,0,False
carters.in,Apparel & Fashion,Baby & Kids,0.93,Toys & Games,products,30,False
carthubs.shop,Plants & Gardening,Plants & Gardening,1.0,,products,1,True
cartrends.in,Automotive,Automotive,0.37,Art & Craft,products,30,True
cartshala.in,Apparel & Fashion,Baby & Kids,0.17,Books & Stationery,products,6,False
casadeamor.in,Plants & Gardening,Plants & Gardening,0.67,Bags & Luggage,products,30,True
casaliving.in,Apparel & Fashion,Home & Decor,1.0,,products,30,False
case24x7.com,Electronics & Gadgets,Electronics & Gadgets,0.48,Jewellery & Accessories,products,29,True
casebasket.in,Electronics & Gadgets,Books & Stationery,0.83,Home & Decor,products,30,False
casegear.in,Electronics & Gadgets,Electronics & Gadgets,0.34,Gifts & Hampers,products,29,True
casekaro.com,Electronics & Gadgets,Religious & Pooja,0.4,Footwear,products,30,False
casello.store,Electronics & Gadgets,Bags & Luggage,0.47,Jewellery & Accessories,products,30,False
casence.in,Electronics & Gadgets,Electronics & Gadgets,0.6,Baby & Kids,products,30,True
casencovers.in,Electronics & Gadgets,Jewellery & Accessories,0.4,Toys & Games,products,30,False
casesnstraps.com,Jewellery & Accessories,Jewellery & Accessories,0.43,Electronics & Gadgets,products,30,True
casestories.in,Bags & Luggage,Jewellery & Accessories,0.4,Gifts & Hampers,products,30,False
casesvilla.com,Electronics & Gadgets,Electronics & Gadgets,0.7,Jewellery & Accessories,products,10,True
casexs.in,Electronics & Gadgets,Jewellery & Accessories,0.5,Electronics & Gadgets,products,30,False
casezilla.in,Religious & Pooja,Electronics & Gadgets,0.83,Baby & Kids,products,30,False
cason.in,Electronics & Gadgets,Electronics & Gadgets,0.6,Sports & Fitness,products,30,True
casumala.com,Jewellery & Accessories,Jewellery & Accessories,0.83,Footwear,products,30,True
caszoid.com,Electronics & Gadgets,Footwear,0.23,Apparel & Fashion,products,30,False
catchcart.co.in,Apparel & Fashion (Men),Jewellery & Accessories,0.25,Gifts & Hampers,products,12,False
catfatindia.com,Kitchen & Dining,Kitchen & Dining,0.33,Gifts & Hampers,products,30,True
cavaathleisure.com,Apparel & Fashion (Women),Footwear,0.5,Apparel & Fashion,products,30,False
cavinkart.com,Beauty & Personal Care,Beauty & Personal Care,0.57,Health & Wellness,products,30,True
cbdstore.in,Health & Wellness,Health & Wellness,0.4,Religious & Pooja,products,30,True
celestialperfume.in,Beauty & Personal Care,Religious & Pooja,0.37,Footwear,products,30,False
celgenbiotech.com,Plants & Gardening,Plants & Gardening,0.6,Food & Beverages,products,30,True
celio.in,Apparel & Fashion,Apparel & Fashion,0.9,Footwear,products,30,True
cellbell.in,Home & Decor,Footwear,0.43,Sports & Fitness,products,30,False
cforcover.com,Electronics & Gadgets,Electronics & Gadgets,1.0,,products,12,True
chaandtara.in,Other,Religious & Pooja,0.73,Apparel & Fashion,products,30,False
chaayos.com,Food & Beverages,Food & Beverages,0.57,Gifts & Hampers,products,30,True
chabsons.com,Kitchen & Dining,Footwear,0.5,Kitchen & Dining,products,30,False
chahu.in,Jewellery & Accessories,Jewellery & Accessories,0.4,Religious & Pooja,products,30,True
chainsandcharms.in,Beauty & Personal Care,Beauty & Personal Care,0.3,Toys & Games,products,30,True
chamberofgods.com,Sports & Fitness,Health & Wellness,0.29,Sports & Fitness,products,17,False
champak.in,Books & Stationery,Books & Stationery,0.57,Religious & Pooja,products,30,True
championskit.in,Apparel & Fashion,Apparel & Fashion,0.6,Footwear,products,30,True
chandramaniherbal.com,Beauty & Personal Care,Health & Wellness,0.67,Beauty & Personal Care,products,3,False
chandranipearls.in,Jewellery & Accessories,Jewellery & Accessories,0.97,Food & Beverages,products,30,True
chaneirajewels.com,Jewellery & Accessories,Jewellery & Accessories,0.77,Footwear,products,30,True
chapter2drip.com,Apparel & Fashion,Apparel & Fashion,0.9,Footwear,products,30,True
charactercosmetics.in,Beauty & Personal Care,Beauty & Personal Care,0.83,Books & Stationery,products,29,True
charactr.in,Apparel & Fashion (Women),Apparel & Fashion,0.7,Jewellery & Accessories,products,30,True
charak.com,Health & Wellness,Health & Wellness,0.4,Food & Beverages,products,30,True
charmacyworld.com,Beauty & Personal Care,Beauty & Personal Care,0.6,Baby & Kids,products,30,True
charuscloset.com,Apparel & Fashion,Apparel & Fashion,0.73,Baby & Kids,products,30,True
charviboutique.com,Apparel & Fashion,Apparel & Fashion,0.47,Religious & Pooja,products,30,True
chasehaul.com,Apparel & Fashion (Women),Apparel & Fashion,0.8,Sports & Fitness,products,30,True
chaseprotein.com,Health & Wellness,Food & Beverages,0.73,Health & Wellness,products,30,False
chatorirajani.com,Gifts & Hampers,Religious & Pooja,0.5,Gifts & Hampers,products,30,False
chatterboxlabels.com,Gifts & Hampers,Gifts & Hampers,0.93,Books & Stationery,products,28,True
tyresnmore.com,Other,Automotive,1.0,,tagline,1,False
westside.com,Baby & Kids,Apparel & Fashion,1.0,,tagline,1,False
cheekee.in,Apparel & Fashion (Women),Footwear,0.43,Apparel & Fashion,products,30,False
cheesewalk.co,Apparel & Fashion,Apparel & Fashion,0.4,Footwear,products,30,True
chemistors.com,Electronics & Gadgets,Electronics & Gadgets,0.36,Jewellery & Accessories,products,14,True
chemistryindia.com,Apparel & Fashion (Women),Apparel & Fashion,0.63,Footwear,products,30,True
chettinadhandloom.com,Beauty & Personal Care,Apparel & Fashion,0.93,Religious & Pooja,products,30,False
chettinadsamayalarai.com,Kitchen & Dining,Kitchen & Dining,0.47,Art & Craft,products,30,True
chhabra555.com,Apparel & Fashion (Women),Apparel & Fashion,0.97,Home & Decor,products,30,True
chhajedgarden.com,Plants & Gardening,Plants & Gardening,0.97,Kitchen & Dining,products,30,True
chhaya.co.in,Books & Stationery,Religious & Pooja,0.4,Books & Stationery,products,30,False
chicco.in,Beauty & Personal Care,Beauty & Personal Care,0.52,Baby & Kids,products,29,True
chicnutrix.com,Health & Wellness,Health & Wellness,0.6,Beauty & Personal Care,products,30,True
chidiyaa.com,Apparel & Fashion,Apparel & Fashion,0.86,Footwear,products,29,True
chikankaar.com,Apparel & Fashion,Apparel & Fashion,0.9,Religious & Pooja,products,30,True
chikankariofficial.in,Apparel & Fashion,Apparel & Fashion,0.67,Religious & Pooja,products,30,True
chikirpolo.com,Apparel & Fashion (Women),Apparel & Fashion,0.97,Art & Craft,products,30,True
chinayabanaras.com,Apparel & Fashion,Apparel & Fashion,0.97,Art & Craft,products,30,True
chinmaycreations.com,Apparel & Fashion,Apparel & Fashion,0.57,Home & Decor,products,30,True
chiqueofficial.com,Apparel & Fashion,Apparel & Fashion,0.77,Footwear,products,30,True
chitalebandhu.in,Food & Beverages,Food & Beverages,0.7,Religious & Pooja,products,30,True
chitraapparel.com,Apparel & Fashion,Apparel & Fashion,0.77,Religious & Pooja,products,30,True
chitrachaya.com,Kitchen & Dining,Gifts & Hampers,0.37,Religious & Pooja,products,30,False
chitralooms.com,Apparel & Fashion,Religious & Pooja,0.6,Apparel & Fashion,products,30,False
chitrashila.com,Religious & Pooja,Health & Wellness,0.4,Religious & Pooja,products,30,False
chkokko.com,Apparel & Fashion,Apparel & Fashion,0.5,Footwear,products,18,True
cholimarket.com,Apparel & Fashion (Women),Apparel & Fashion,1.0,,products,30,True
choosemybicycle.com,Bags & Luggage,Automotive,0.7,Bags & Luggage,products,30,False
chosenstore.in,Beauty & Personal Care,Beauty & Personal Care,0.77,Health & Wellness,products,30,True
chowkhat.com,Apparel & Fashion,Apparel & Fashion,0.7,Jewellery & Accessories,products,30,True
chronoslights.com,Electronics & Gadgets,Jewellery & Accessories,0.2,Apparel & Fashion,products,30,False
chumbak.com,Bags & Luggage,Bags & Luggage,0.4,Food & Beverages,products,30,True
chunmun.in,Apparel & Fashion,Apparel & Fashion,0.87,Footwear,products,30,True
chupps.com,Footwear,Bags & Luggage,0.33,Footwear,products,30,False
chutnefy.com,Kitchen & Dining,Food & Beverages,0.67,Gifts & Hampers,products,30,False
chuttipattu.com,Apparel & Fashion,Apparel & Fashion,0.67,Religious & Pooja,products,30,True
cielsports.in,Sports & Fitness,Sports & Fitness,1.0,,products,30,True
cigarsindia.in,Other,Footwear,0.47,Gifts & Hampers,products,30,False
cincinnus.in,Beauty & Personal Care,Beauty & Personal Care,0.93,Health & Wellness,products,30,True
cinderellashoes.in,Footwear,Footwear,0.8,Home & Decor,products,30,True
cinnamon.kitchen,Food & Beverages,Food & Beverages,0.67,Gifts & Hampers,products,30,True
cipherspaces.com,Art & Craft,Art & Craft,0.97,Religious & Pooja,products,30,True
citizenactivegear.com,Bags & Luggage,Bags & Luggage,0.5,Apparel & Fashion,products,30,True
citycenterworld.com,Apparel & Fashion,Apparel & Fashion,0.7,Religious & Pooja,products,30,True
clanshoes.com,Footwear,Apparel & Fashion,0.43,Footwear,products,14,False
clapstoretoys.com,Toys & Games,Toys & Games,0.67,Religious & Pooja,products,30,True
clara.in,Jewellery & Accessories,Jewellery & Accessories,0.63,Footwear,products,30,True
clarks.in,Footwear,Footwear,1.0,,products,30,True
clartstudios.com,Food & Beverages,Art & Craft,0.63,Gifts & Hampers,products,30,False
classicpolos.com,Apparel & Fashion (Men),Apparel & Fashion,0.87,Sports & Fitness,products,30,True
classygrande.com,Apparel & Fashion,Baby & Kids,0.47,Footwear,products,30,False
claura.in,Apparel & Fashion (Women),Apparel & Fashion,1.0,,products,30,True
claviya.com,Food & Beverages,Books & Stationery,0.33,Bags & Luggage,products,3,False
clayco.in,Beauty & Personal Care,Beauty & Personal Care,0.69,Religious & Pooja,products,29,True
claycraftindia.com,Kitchen & Dining,Kitchen & Dining,0.87,Art & Craft,products,30,True
claymango.com,Home & Decor,Home & Decor,0.67,Jewellery & Accessories,products,30,True
clazzey.com,Apparel & Fashion,Apparel & Fashion,0.9,Plants & Gardening,products,30,True
click2kart.co.in,Electronics & Gadgets,Electronics & Gadgets,0.23,Bags & Luggage,products,30,True
clicknshops.shop,Other,Beauty & Personal Care,1.0,,products,1,False
clickoncare.com,Beauty & Personal Care,Health & Wellness,0.4,Beauty & Personal Care,products,30,False
cliosilks.com,Apparel & Fashion,Apparel & Fashion,0.7,Religious & Pooja,products,30,True
clofii.com,Apparel & Fashion,Footwear,0.53,Apparel & Fashion,products,30,False
cloningaquapets.com,Food & Beverages,Plants & Gardening,0.27,Food & Beverages,products,30,False
clothingindia.co,Apparel & Fashion (Women),Apparel & Fashion,0.67,Footwear,products,30,True
clothsvilla.com,Apparel & Fashion (Women),Apparel & Fashion,0.53,Food & Beverages,products,30,True
clovecart.in,Art & Craft,Art & Craft,0.63,Jewellery & Accessories,products,30,True
cloveoralcare.com,Gifts & Hampers,Baby & Kids,0.39,Food & Beverages,products,23,False
clubdrip.in,Apparel & Fashion,Footwear,0.6,Gifts & Hampers,products,30,False
cncclothing.in,Apparel & Fashion (Men),Apparel & Fashion,1.0,,products,30,True
cobbitaly.com,Apparel & Fashion,Apparel & Fashion,0.6,Bags & Luggage,products,30,True
cobbledclimbs.com,Apparel & Fashion,Automotive,0.33,Bags & Luggage,products,30,False
cockatooindia.com,Sports & Fitness,Sports & Fitness,0.9,Apparel & Fashion,products,30,True
cococart.in,Food & Beverages,Food & Beverages,0.57,Gifts & Hampers,products,30,True
cococrane.com,Apparel & Fashion,Apparel & Fashion,0.97,Footwear,products,30,True
cocoleni.com,Jewellery & Accessories,Apparel & Fashion,0.4,Jewellery & Accessories,products,30,False
cocolub.com,Electronics & Gadgets,Books & Stationery,0.73,Toys & Games,products,30,False
coconutcases.com,Electronics & Gadgets,Jewellery & Accessories,0.67,Electronics & Gadgets,products,12,False
cocooncare.in,Baby & Kids,Footwear,0.4,Gifts & Hampers,products,30,False
cocoyaya.in,Bags & Luggage,Bags & Luggage,0.5,Gifts & Hampers,products,30,True
coffeego.in,Food & Beverages,Food & Beverages,0.83,Health & Wellness,products,30,True
coitonic.com,Apparel & Fashion,Footwear,0.43,Apparel & Fashion,products,30,False
coldlavastudio.com,Jewellery & Accessories,Religious & Pooja,0.46,Jewellery & Accessories,products,26,False
collectionbazzar.in,Other,Religious & Pooja,0.6,Jewellery & Accessories,products,30,False
collectionbyrehan.shop,Art & Craft,Jewellery & Accessories,0.6,Art & Craft,products,30,False
coloplaststore.in,Bags & Luggage,Bags & Luggage,0.4,Baby & Kids,products,30,True
colorbarcosmetics.com,Beauty & Personal Care,Beauty & Personal Care,0.59,Health & Wellness,products,29,True
colorcapital.in,Apparel & Fashion (Women),Apparel & Fashion,0.23,Footwear,products,30,True
colorsofearth.in,Apparel & Fashion (Women),Apparel & Fashion,0.77,Art & Craft,products,30,True
colorsqueen.com,Beauty & Personal Care,Beauty & Personal Care,0.52,Art & Craft,products,29,True
colscoll.com,Electronics & Gadgets,Plants & Gardening,0.2,Pet Supplies,products,10,False
columbiasportswear.co.in,Apparel & Fashion (Men),Footwear,0.52,Apparel & Fashion,products,29,False
combodeals.co.in,Plants & Gardening,Art & Craft,0.2,Electronics & Gadgets,products,10,False
comeagain.co.in,Jewellery & Accessories,Jewellery & Accessories,0.77,Plants & Gardening,products,30,True
cometbusters.in,Baby & Kids,Religious & Pooja,0.8,Footwear,products,30,False
comfortfactory.in,Apparel & Fashion,Apparel & Fashion,0.89,Footwear,products,28,True
comfortlady.co.in,Apparel & Fashion (Women),Apparel & Fashion,1.0,,products,30,True
comfycollectionss.com,Apparel & Fashion,Baby & Kids,0.53,Religious & Pooja,products,30,False
companio.in,Electronics & Gadgets,Electronics & Gadgets,0.36,Baby & Kids,products,22,True
conceptkart.com,Electronics & Gadgets,Electronics & Gadgets,0.8,Pet Supplies,products,30,True
confettigifts.in,Gifts & Hampers,Gifts & Hampers,0.8,Electronics & Gadgets,products,30,True
confidentialcouture.com,Bags & Luggage,Bags & Luggage,0.73,Jewellery & Accessories,products,30,True
consciouschemist.com,Beauty & Personal Care,Beauty & Personal Care,0.79,Gifts & Hampers,products,28,True
consolegarage.com,Toys & Games,Toys & Games,0.97,Gifts & Hampers,products,30,True
consultsova.com,Health & Wellness,Health & Wellness,0.67,Food & Beverages,products,3,True
controlz.world,Gifts & Hampers,Electronics & Gadgets,0.83,Books & Stationery,products,30,False
cookiecartel.in,Gifts & Hampers,Food & Beverages,0.33,Footwear,products,30,False
coralhaze.com,Footwear,Footwear,0.93,Religious & Pooja,products,30,True
cordstudio.in,Apparel & Fashion (Women),Apparel & Fashion,0.73,Footwear,products,30,True
corecotton.in,Apparel & Fashion,Apparel & Fashion,0.97,Baby & Kids,products,30,True
coreeat.in,Food & Beverages,Food & Beverages,0.7,Kitchen & Dining,products,10,True
coromandelwatchco.com,Jewellery & Accessories,Jewellery & Accessories,0.48,Religious & Pooja,products,27,True
corshoply.shop,Footwear,Footwear,0.35,Beauty & Personal Care,products,17,True
cosanostraa.com,Gifts & Hampers,Religious & Pooja,0.37,Food & Beverages,products,30,False
cosdermastore.com,Beauty & Personal Care,Beauty & Personal Care,0.83,Health & Wellness,products,30,True
cosmix.in,Health & Wellness,Food & Beverages,0.63,Health & Wellness,products,30,False
cosmora.in,Jewellery & Accessories,Jewellery & Accessories,0.6,Sports & Fitness,products,30,True
cosmos.diamonds,Jewellery & Accessories,Jewellery & Accessories,0.9,Religious & Pooja,products,30,True
cosmosentials.com,Beauty & Personal Care,Beauty & Personal Care,0.76,Health & Wellness,products,29,True
cosmoslayers.in,Sports & Fitness,Toys & Games,0.3,Religious & Pooja,products,30,False
cosmospaints.com,Art & Craft,Art & Craft,0.37,Beauty & Personal Care,products,30,True
cosmossports.in,Sports & Fitness,Footwear,0.4,Apparel & Fashion,products,30,False
costosoitaliano.com,Footwear,Footwear,1.0,,products,25,True
cosylabs.club,Plants & Gardening,Home & Decor,0.9,Gifts & Hampers,products,30,False
cothas.com,Food & Beverages,Food & Beverages,0.53,Gifts & Hampers,products,30,True
cotrasworld.com,Apparel & Fashion,Apparel & Fashion,0.8,Religious & Pooja,products,30,True
cotsandcuddles.com,Toys & Games,Toys & Games,0.2,Gifts & Hampers,products,30,True
cottageartsindia.com,Plants & Gardening,Religious & Pooja,0.43,Art & Craft,products,30,False
cottivaa.com,Apparel & Fashion,Apparel & Fashion,0.57,Footwear,products,30,True
cottonblend.in,Apparel & Fashion (Men),Apparel & Fashion,1.0,,products,30,True
cottoncottageindia.com,Apparel & Fashion (Women),Apparel & Fashion,0.83,Jewellery & Accessories,products,30,True
cottonculture.co.in,Apparel & Fashion (Women),Apparel & Fashion,0.97,Art & Craft,products,30,True
cottondakshin.com,Apparel & Fashion (Men),Apparel & Fashion,1.0,,products,30,True
cottonfolk.in,Apparel & Fashion (Men),Apparel & Fashion,1.0,,products,30,True
cottonhandicrafts.com,Apparel & Fashion,Apparel & Fashion,0.73,Religious & Pooja,products,30,True
cottonking.com,Apparel & Fashion (Men),Apparel & Fashion,1.0,,products,30,True
cottonsjaipur.com,Apparel & Fashion,Apparel & Fashion,0.8,Religious & Pooja,products,30,True
cottonworld.net,Apparel & Fashion (Men),Apparel & Fashion,0.97,Footwear,products,30,True
coveandlane.in,Apparel & Fashion (Women),Apparel & Fashion,0.63,Footwear,products,30,True
covercloud.in,Home & Decor,Electronics & Gadgets,0.97,Jewellery & Accessories,products,30,False
coveritup.com,Electronics & Gadgets,Automotive,0.67,Electronics & Gadgets,products,30,False
coverscart.com,Footwear,Jewellery & Accessories,0.65,Electronics & Gadgets,products,17,False
coverstall.com,Electronics & Gadgets,Toys & Games,0.37,Art & Craft,products,30,False
cradiac.com,Automotive,Automotive,0.83,Bags & Luggage,products,30,True
craftandglory.in,Apparel & Fashion (Men),Apparel & Fashion,0.5,Footwear,products,30,True
crafter60.com,Art & Craft,Home & Decor,0.27,Art & Craft,products,30,False
crafteriaindia.com,Art & Craft,Jewellery & Accessories,0.4,Art & Craft,products,30,False
crafterscorner.in,Art & Craft,Art & Craft,0.33,Gifts & Hampers,products,30,True
craftmate.in,Art & Craft,Art & Craft,0.93,Religious & Pooja,products,30,True
craftribal.com,Gifts & Hampers,Gifts & Hampers,0.5,Kitchen & Dining,products,30,True
craftsbazaar.store,Gifts & Hampers,Gifts & Hampers,0.3,Jewellery & Accessories,products,30,True
craftsource.in,Art & Craft,Art & Craft,0.7,Religious & Pooja,products,30,True
craftstorebyharshu.com,Health & Wellness,Jewellery & Accessories,0.8,Art & Craft,products,30,False
craftybella.in,Jewellery & Accessories,Jewellery & Accessories,0.53,Gifts & Hampers,products,30,True
craftyle.com,Apparel & Fashion (Men),Apparel & Fashion,0.66,Religious & Pooja,products,29,True
crank1performance.com,Electronics & Gadgets,Automotive,0.6,Footwear,products,30,False
cravebyleena.com,Food & Beverages,Gifts & Hampers,0.3,Art & Craft,products,30,False
crazinos.com,Automotive,Toys & Games,0.67,Automotive,products,30,False
crazydealls.store,Apparel & Fashion,Beauty & Personal Care,0.17,Home & Decor,products,30,False
crazygifts.in,Gifts & Hampers,Toys & Games,0.6,Religious & Pooja,products,30,False
crazymonk.in,Apparel & Fashion (Men),Apparel & Fashion,0.97,Footwear,products,30,True
creatorhandicrafts.com,Home & Decor,Kitchen & Dining,0.6,Home & Decor,products,30,False
creaturesofhabit.in,Apparel & Fashion (Women),Apparel & Fashion,0.73,Sports & Fitness,products,30,True
cremecastle.in,Gifts & Hampers,Gifts & Hampers,0.23,Kitchen & Dining,products,30,True
crepdogcrew.com,Footwear,Footwear,0.77,Apparel & Fashion,products,30,True
cricketershop.com,Sports & Fitness,Sports & Fitness,0.83,Footwear,products,30,True
cricstudioinc.com,Sports & Fitness,Sports & Fitness,0.57,Bags & Luggage,products,30,True
crimsouneclub.com,Apparel & Fashion,Apparel & Fashion,0.9,Sports & Fitness,products,30,True
crimzonworld.com,Footwear,Footwear,0.63,Religious & Pooja,products,30,True
crochetnow.in,Jewellery & Accessories,Art & Craft,0.2,Plants & Gardening,products,30,False
crockerywala.com,Kitchen & Dining,Kitchen & Dining,0.73,Art & Craft,products,30,True
crocodile.in,Apparel & Fashion (Men),Apparel & Fashion,0.7,Footwear,products,30,True
crossbeats.com,Electronics & Gadgets,Art & Craft,0.37,Electronics & Gadgets,products,30,False
crossword.in,Books & Stationery,Books & Stationery,0.79,Gifts & Hampers,products,29,True
crowbikes.com,Automotive,Automotive,0.97,Sports & Fitness,products,30,True
crownkart.co.in,Electronics & Gadgets,Automotive,0.22,Bags & Luggage,products,9,False
crownman.in,Apparel & Fashion (Men),Apparel & Fashion,0.87,Jewellery & Accessories,products,30,True
crunchyfashion.com,Jewellery & Accessories,Jewellery & Accessories,0.8,Religious & Pooja,products,30,True
crunkyfunky.com,Apparel & Fashion,Apparel & Fashion,0.53,Baby & Kids,products,30,True
crystal.one,Apparel & Fashion (Men),Apparel & Fashion,0.53,Sports & Fitness,products,30,True
crystalhealshop.com,Apparel & Fashion,Apparel & Fashion,0.6,Jewellery & Accessories,products,30,True
cstoreclothin.in,Apparel & Fashion,Apparel & Fashion,0.33,Kitchen & Dining,products,30,True
ctrl8.in,Electronics & Gadgets,Electronics & Gadgets,0.72,Health & Wellness,products,29,True
cubelelo.com,Toys & Games,Electronics & Gadgets,0.38,Toys & Games,products,29,False
cuberkart.com,Toys & Games,Jewellery & Accessories,0.23,Toys & Games,products,30,False
cuero.in,Footwear,Footwear,0.47,Bags & Luggage,products,30,True
cukoo.in,Apparel & Fashion (Women),Footwear,0.6,Apparel & Fashion,products,30,False
culltique.in,Electronics & Gadgets,Electronics & Gadgets,1.0,,products,30,True
cultree.in,Plants & Gardening,Plants & Gardening,0.52,Food & Beverages,products,29,True
cuminco.com,Kitchen & Dining,Kitchen & Dining,0.63,Jewellery & Accessories,products,30,True
cuneiindia.com,Jewellery & Accessories,Jewellery & Accessories,1.0,,products,30,True
cupidclothings.com,Apparel & Fashion,Apparel & Fashion,0.67,Footwear,products,30,True
curatcart.com,Toys & Games,Toys & Games,0.67,Automotive,products,30,True
curato.in,Apparel & Fashion,Footwear,0.57,Baby & Kids,products,30,False
cureveda.com,Health & Wellness,Health & Wellness,0.4,Food & Beverages,products,30,True
curiositycaps.in,Electronics & Gadgets,Gifts & Hampers,0.5,Jewellery & Accessories,products,30,False
curiospot.com,Apparel & Fashion,Apparel & Fashion,0.8,Bags & Luggage,products,30,True
curiouscub.in,Sports & Fitness,Sports & Fitness,0.9,Toys & Games,products,30,True
curvylane.in,Apparel & Fashion (Women),Apparel & Fashion,0.7,Footwear,products,30,True
customcraft.in,Home & Decor,Art & Craft,0.53,Home & Decor,products,30,False
customerfriendlyshop.com,Jewellery & Accessories,Gifts & Hampers,0.6,Jewellery & Accessories,products,30,False
cycle.in,Religious & Pooja,Apparel & Fashion,0.37,Religious & Pooja,products,30,False
cyclingboutique.in,Automotive,Bags & Luggage,0.27,Automotive,products,30,False
cyclop.in,Footwear,Automotive,0.37,Footwear,products,30,False
cypherwatches.com,Jewellery & Accessories,Jewellery & Accessories,0.52,Automotive,products,27,True
czard.com,Jewellery & Accessories,Bags & Luggage,0.38,Footwear,products,13,False
d-more.in,Beauty & Personal Care,Beauty & Personal Care,0.43,Health & Wellness,products,30,True
daburshop.com,Food & Beverages,Food & Beverages,0.4,Health & Wellness,products,30,True
daddyofficial.in,Beauty & Personal Care,Toys & Games,0.23,Baby & Kids,products,30,False
dailydealshub.co.in,Apparel & Fashion,Toys & Games,0.18,Jewellery & Accessories,products,11,False
daivik.in,Jewellery & Accessories,Jewellery & Accessories,0.77,Religious & Pooja,products,30,True
dakshaaacollections.in,Apparel & Fashion,Apparel & Fashion,0.83,Religious & Pooja,products,30,True
dakshis.com,Religious & Pooja,Religious & Pooja,0.97,Gifts & Hampers,products,30,True
dakurtis.com,Apparel & Fashion,Religious & Pooja,0.37,Gifts & Hampers,products,30,False
dalmiagold.com,Food & Beverages,Bags & Luggage,0.68,Food & Beverages,products,22,False
damilano.com,Bags & Luggage,Bags & Luggage,0.63,Jewellery & Accessories,products,30,True
danielhechter.in,Jewellery & Accessories,Jewellery & Accessories,0.86,Bags & Luggage,products,28,True
danielklein.in,Jewellery & Accessories,Electronics & Gadgets,0.77,Jewellery & Accessories,products,30,False
darkdesires.in,Jewellery & Accessories,Jewellery & Accessories,0.47,Toys & Games,products,30,True
darlingretail.com,Beauty & Personal Care,Electronics & Gadgets,0.5,Bags & Luggage,products,30,False
darshanjewellery.com,Jewellery & Accessories,Jewellery & Accessories,0.73,Footwear,products,30,True
darussalam.in,Baby & Kids,Religious & Pooja,0.6,Books & Stationery,products,30,False
dashanddot.com,Apparel & Fashion (Men),Apparel & Fashion,0.73,Footwear,products,30,True
dashcameras.in,Electronics & Gadgets,Automotive,0.57,Electronics & Gadgets,products,28,False
dawbu.com,Art & Craft,Art & Craft,0.23,Pet Supplies,products,30,True
dawgflex.com,Electronics & Gadgets,Electronics & Gadgets,0.31,Bags & Luggage,products,29,True
dawntown.co.in,Beauty & Personal Care,Gifts & Hampers,0.53,Jewellery & Accessories,products,30,False
daxstore.in,Electronics & Gadgets,Religious & Pooja,0.67,Toys & Games,products,30,False
daysforclothing.com,Apparel & Fashion,Apparel & Fashion,0.5,Footwear,products,30,True
dazller.co.in,Beauty & Personal Care,Beauty & Personal Care,0.37,Apparel & Fashion,products,30,True
dbykstore.com,Automotive,Automotive,0.43,Bags & Luggage,products,30,True
dchica.in,Apparel & Fashion (Women),Apparel & Fashion,0.57,Sports & Fitness,products,30,True
dcot.in,Apparel & Fashion (Men),Baby & Kids,0.47,Apparel & Fashion,products,30,False
dctclothing.store,Apparel & Fashion,Apparel & Fashion,0.93,Religious & Pooja,products,30,True
ddassstore.com,Religious & Pooja,Religious & Pooja,0.93,Art & Craft,products,30,True
de-novoo.com,Apparel & Fashion,Apparel & Fashion,0.57,Baby & Kids,products,30,True
deadbear.in,Apparel & Fashion,Apparel & Fashion,0.48,Footwear,products,29,True
dealcliq.com,Electronics & Gadgets,Electronics & Gadgets,0.43,Art & Craft,products,30,True
dealdroop.co.in,Baby & Kids,Footwear,0.25,Home & Decor,products,8,False
dealsduniya.shop,Plants & Gardening,Religious & Pooja,0.23,Plants & Gardening,products,30,False
dealsplant.com,Electronics & Gadgets,Religious & Pooja,0.53,Electronics & Gadgets,products,30,False
dealzenn.shop,Other,Religious & Pooja,0.67,Home & Decor,products,3,False
decalz.in,Electronics & Gadgets,Apparel & Fashion,1.0,,tagline,1,False
deckup.com,Books & Stationery,Home & Decor,0.43,Books & Stationery,products,30,False
decohold.com,Books & Stationery,Art & Craft,0.4,Books & Stationery,products,30,False
decorahub.com,Apparel & Fashion,Home & Decor,0.63,Kitchen & Dining,products,30,False
decorbytheway.com,Kitchen & Dining,Religious & Pooja,0.57,Art & Craft,products,30,False
decordiary.in,Home & Decor,Home & Decor,1.0,,products,30,True
decorduniya.com,Toys & Games,Religious & Pooja,0.6,Bags & Luggage,products,30,False
decorgramly.in,Jewellery & Accessories,Jewellery & Accessories,0.6,Gifts & Hampers,products,30,True
decorsmart.in,Religious & Pooja,Religious & Pooja,0.9,Home & Decor,products,30,True
decure.in,Kitchen & Dining,Kitchen & Dining,1.0,,products,30,True
deepakschhabra.com,Apparel & Fashion,Apparel & Fashion,0.57,Art & Craft,products,30,True
deepayurveda.in,Health & Wellness,Health & Wellness,0.8,Religious & Pooja,products,30,True
deepimpact.in,Health & Wellness,Health & Wellness,0.56,Food & Beverages,products,18,True
deepscreation.in,Apparel & Fashion,Apparel & Fashion,1.0,,products,30,True
default.club,Apparel & Fashion,Apparel & Fashion,0.77,Footwear,products,30,True
dekorcompany.com,Plants & Gardening,Plants & Gardening,0.87,Kitchen & Dining,products,30,True
delhiwatchcompany.com,Jewellery & Accessories,Jewellery & Accessories,0.28,Religious & Pooja,products,18,True
deltacharms.com,Jewellery & Accessories,Jewellery & Accessories,0.9,Religious & Pooja,products,30,True
deltic.co,Other,Art & Craft,0.23,Religious & Pooja,products,13,False
demoda.in,Books & Stationery,Books & Stationery,0.53,Kitchen & Dining,products,30,True
dente91.com,Baby & Kids,Food & Beverages,0.62,Health & Wellness,products,16,False
denverformen.com,Beauty & Personal Care,Baby & Kids,0.5,Beauty & Personal Care,products,30,False
denzournutrition.com,Health & Wellness,Health & Wellness,0.73,Food & Beverages,products,30,True
deodap.in,Jewellery & Accessories,Religious & Pooja,0.47,Jewellery & Accessories,products,30,False
deployed.store,Other,Automotive,1.0,,tagline,1,False
derbyjeanscommunity.com,Apparel & Fashion,Apparel & Fashion,1.0,,products,30,True
dermalogica.in,Beauty & Personal Care,Beauty & Personal Care,0.79,Health & Wellness,products,28,True
dermatouch.com,Beauty & Personal Care,Beauty & Personal Care,0.83,Gifts & Hampers,products,30,True
dermawear.co.in,Apparel & Fashion,Apparel & Fashion,0.87,Footwear,products,30,True
desicallyethnic.com,Apparel & Fashion,Gifts & Hampers,0.43,Kitchen & Dining,products,30,False
designmachine.in,Apparel & Fashion,Apparel & Fashion,0.43,Footwear,products,30,True
desiidrip.com,Pet Supplies,Footwear,0.77,Gifts & Hampers,products,30,False
desikheti.com,Plants & Gardening,Plants & Gardening,0.7,Food & Beverages,products,30,True
desiminimals.com,Apparel & Fashion,Apparel & Fashion,0.67,Footwear,products,30,True
desinoor.com,Apparel & Fashion (Women),Apparel & Fashion,0.77,Religious & Pooja,products,30,True
desisandook.in,Apparel & Fashion,Religious & Pooja,0.53,Apparel & Fashion,products,30,False
desisitara.com,Apparel & Fashion,Apparel & Fashion,1.0,,products,30,True
dessineart.com,Art & Craft,Art & Craft,0.53,Home & Decor,products,30,True
devaastha.com,Religious & Pooja,Religious & Pooja,0.93,Art & Craft,products,30,True
devastram.com,Jewellery & Accessories,Jewellery & Accessories,0.7,Apparel & Fashion,products,30,True
devfashions.com,Jewellery & Accessories,Footwear,0.3,Bags & Luggage,products,30,False
devidiamonds.in,Jewellery & Accessories,Jewellery & Accessories,1.0,,products,30,True
deviskitchenware.com,Kitchen & Dining,Kitchen & Dining,0.48,Religious & Pooja,products,23,True
devnaagri.com,Apparel & Fashion (Men),Apparel & Fashion,0.83,Religious & Pooja,products,30,True
devoko.in,Beauty & Personal Care,Home & Decor,0.43,Kitchen & Dining,products,30,False
devoreperfumes.com,Plants & Gardening,Religious & Pooja,0.27,Bags & Luggage,products,30,False
devri.in,Beauty & Personal Care,Apparel & Fashion,0.87,Art & Craft,products,30,False
devshoppe.com,Jewellery & Accessories,Jewellery & Accessories,0.54,Religious & Pooja,products,28,True
deyga.in,Beauty & Personal Care,Baby & Kids,0.28,Beauty & Personal Care,products,29,False
dezin.in,Home & Decor,Religious & Pooja,0.73,Art & Craft,products,30,False
dhaagalife.com,Bags & Luggage,Bags & Luggage,0.5,Religious & Pooja,products,30,True
dhaagasingh.com,Apparel & Fashion (Men),Apparel & Fashion,0.87,Footwear,products,30,True
dhakshistore.com,Gifts & Hampers,Gifts & Hampers,0.87,Jewellery & Accessories,products,30,True
dhanasfoods.com,Food & Beverages,Food & Beverages,0.5,Gifts & Hampers,products,30,True
dharishahayurveda.com,Health & Wellness,Health & Wellness,0.77,Food & Beverages,products,30,True
dharmastatues.com,Religious & Pooja,Religious & Pooja,0.63,Jewellery & Accessories,products,30,True
dharmiklife.com,Beauty & Personal Care,Religious & Pooja,0.41,Beauty & Personal Care,products,29,False
dheu.in,Apparel & Fashion (Men),Apparel & Fashion,0.93,Jewellery & Accessories,products,30,True
dhirai.in,Other,,0.0,,,0,False
dhoraindia.in,Jewellery & Accessories,Jewellery & Accessories,0.97,Kitchen & Dining,products,30,True
dhruvkapoor.com,Apparel & Fashion,Apparel & Fashion,0.73,Footwear,products,30,True
diabexy.com,Food & Beverages,Food & Beverages,0.77,Health & Wellness,products,30,True
diademstore.com,Apparel & Fashion,Apparel & Fashion,0.8,Religious & Pooja,products,30,True
diambeauty.com,Plants & Gardening,Beauty & Personal Care,0.7,Plants & Gardening,products,30,False
diamondlady.in,Apparel & Fashion,Apparel & Fashion,0.4,Footwear,products,30,True
diamopure.com,Jewellery & Accessories,Jewellery & Accessories,0.9,Plants & Gardening,products,30,True
diecastsilkroad.com,Health & Wellness,Automotive,0.77,Bags & Luggage,products,30,False
diecutsmart.com,Books & Stationery,Gifts & Hampers,0.2,Religious & Pooja,products,30,False
digimore.co.in,Electronics & Gadgets,Electronics & Gadgets,0.97,Art & Craft,products,30,True
digitek.net.in,Electronics & Gadgets,Electronics & Gadgets,0.72,Gifts & Hampers,products,29,True
dikasports.com,Sports & Fitness,Sports & Fitness,1.0,,products,26,True
dimarva.com,Food & Beverages,Home & Decor,0.77,Kitchen & Dining,products,30,False
dimpledesignstudio.com,Kitchen & Dining,Apparel & Fashion,0.7,Religious & Pooja,products,30,False
dipitreats.com,Apparel & Fashion,Jewellery & Accessories,0.3,Apparel & Fashion,products,30,False
dippedindoodles.in,Pet Supplies,Religious & Pooja,0.5,Gifts & Hampers,products,30,False
diruno.com,Apparel & Fashion (Men),Apparel & Fashion,0.8,Footwear,products,30,True
discountstore.shoes,Apparel & Fashion,Footwear,0.53,Apparel & Fashion,products,30,False
discountwalla.com,Electronics & Gadgets,Health & Wellness,0.17,Kitchen & Dining,products,30,False
discovaccessories.com,Jewellery & Accessories,Jewellery & Accessories,0.76,Bags & Luggage,products,29,True
discoverpilgrim.com,Beauty & Personal Care,Beauty & Personal Care,0.7,Health & Wellness,products,30,True
dishacreationz.com,Apparel & Fashion (Women),Apparel & Fashion,0.53,Religious & Pooja,products,30,True
dishapublication.com,Books & Stationery,Kitchen & Dining,0.59,Religious & Pooja,products,17,False
dispozable.in,Gifts & Hampers,Gifts & Hampers,1.0,,products,30,True
ditchtheguilt.fit,Health & Wellness,Food & Beverages,0.96,Bags & Luggage,products,24,False
dithya.in,Apparel & Fashion,Apparel & Fashion,0.83,Kitchen & Dining,products,30,True
divanka.in,Jewellery & Accessories,Jewellery & Accessories,0.7,Religious & Pooja,products,30,True
divasmantra.com,Jewellery & Accessories,Jewellery & Accessories,0.73,Religious & Pooja,products,30,True
divenaworld.com,Apparel & Fashion (Women),Apparel & Fashion,0.93,Footwear,products,30,True
divinehindu.in,Religious & Pooja,Religious & Pooja,0.5,Art & Craft,products,30,True
divinelane.co,Jewellery & Accessories,Plants & Gardening,0.53,Kitchen & Dining,products,30,False
divisastore.com,Health & Wellness,Health & Wellness,0.31,Footwear,products,29,True
divyamcollections.com,Apparel & Fashion,Apparel & Fashion,0.77,Religious & Pooja,products,30,True
divyapatthar.com,Religious & Pooja,Religious & Pooja,0.5,Jewellery & Accessories,products,26,True
djiindiashop.com,Electronics & Gadgets,Footwear,0.27,Bags & Luggage,products,30,False
dland.co.in,Jewellery & Accessories,Bags & Luggage,0.43,Apparel & Fashion,products,30,False
dmaasa.in,Baby & Kids,Apparel & Fashion,0.4,Baby & Kids,products,30,False
dmodot.com,Footwear,Footwear,0.73,Apparel & Fashion,products,30,True
dninesports.com,Footwear,Footwear,0.6,Apparel & Fashion,products,30,True
dobriarts.com,Home & Decor,Art & Craft,0.37,Kitchen & Dining,products,30,False
doctorextrasoft.com,Footwear,Footwear,1.0,,products,30,True
doctortowels.com,Home & Decor,Sports & Fitness,0.3,Home & Decor,products,30,False
doeraa.com,Apparel & Fashion,Art & Craft,1.0,,products,30,False
dohful.com,Food & Beverages,Food & Beverages,0.62,Gifts & Hampers,products,13,True
dolphinaccessories.com,Home & Decor,Apparel & Fashion,0.63,Electronics & Gadgets,products,30,False
dontbebasic.in,Apparel & Fashion,Apparel & Fashion,0.9,Sports & Fitness,products,30,True
dopamean.in,Apparel & Fashion,Apparel & Fashion,0.73,Footwear,products,30,True
dopechique.com,Apparel & Fashion,Footwear,0.3,Apparel & Fashion,products,30,False
dopedeals.co.in,Jewellery & Accessories,Footwear,0.33,Toys & Games,products,6,False
dopeheadstores.com,Apparel & Fashion,Apparel & Fashion,0.7,Gifts & Hampers,products,30,True
dorbypanels.com,Home & Decor,Home & Decor,0.6,Apparel & Fashion,products,30,True
dotaara.com,Jewellery & Accessories,Jewellery & Accessories,0.83,Food & Beverages,products,30,True
dotandkey.com,Beauty & Personal Care,Beauty & Personal Care,0.63,Health & Wellness,products,30,True
dotokids.com,Apparel & Fashion,Apparel & Fashion,0.4,Footwear,products,30,True
doubleu.in,Footwear,Footwear,1.0,,products,30,True
dove-india.com,Beauty & Personal Care,Beauty & Personal Care,0.9,Health & Wellness,products,30,True
drapedivaa.com,Apparel & Fashion (Women),Apparel & Fashion,0.57,Religious & Pooja,products,30,True
drapemall.com,Apparel & Fashion,Apparel & Fashion,0.87,Art & Craft,products,30,True
dream-watches.com,Jewellery & Accessories,Jewellery & Accessories,0.83,Sports & Fitness,products,30,True
dreamjwell.com,Jewellery & Accessories,Jewellery & Accessories,0.87,Religious & Pooja,products,30,True
dreamlineoutdoorfurniture.com,Food & Beverages,Home & Decor,0.6,Kitchen & Dining,products,30,False
dreamyderma.com,Gifts & Hampers,Beauty & Personal Care,0.47,Baby & Kids,products,19,False
dreamzhub.in,Automotive,Automotive,0.27,Electronics & Gadgets,products,30,True
dressfolk.com,Apparel & Fashion,Apparel & Fashion,0.37,Religious & Pooja,products,30,True
dresslinefashion.com,Apparel & Fashion,Apparel & Fashion,1.0,,products,30,True
dribyhimadri.com,Apparel & Fashion,Apparel & Fashion,0.7,Footwear,products,30,True
dripdrip.in,Apparel & Fashion,Apparel & Fashion,0.8,Footwear,products,30,True
dripdropattire.com,Apparel & Fashion,Apparel & Fashion,0.77,Footwear,products,30,True
dripoverdose.in,Jewellery & Accessories,Jewellery & Accessories,0.77,Gifts & Hampers,products,30,True
dripproject.co,Apparel & Fashion,Apparel & Fashion,0.6,Jewellery & Accessories,products,10,True
drityajewelry.com,Jewellery & Accessories,Jewellery & Accessories,0.83,Religious & Pooja,products,30,True
drivestylish.com,Automotive,Automotive,0.57,Bags & Luggage,products,30,True
drnishantgupta.com,Health & Wellness,Religious & Pooja,0.5,Footwear,products,6,False
drodin.in,Health & Wellness,Electronics & Gadgets,0.32,Baby & Kids,products,28,False
drogo.in,Apparel & Fashion,Books & Stationery,0.47,Footwear,products,30,False
drop-shop.club,Apparel & Fashion,Footwear,0.37,Apparel & Fashion,products,30,False
dropso.online,Footwear,Footwear,1.0,,products,1,True
drorthooil.com,Health & Wellness,Footwear,0.5,Health & Wellness,products,30,False
drsheths.com,Beauty & Personal Care,Beauty & Personal Care,0.53,Health & Wellness,products,30,True
drsu.in,Beauty & Personal Care,Beauty & Personal Care,0.61,Baby & Kids,products,18,True
drtrust.in,Home & Decor,Baby & Kids,0.17,Beauty & Personal Care,products,29,False
drvaidyas.com,Health & Wellness,Health & Wellness,0.87,Religious & Pooja,products,30,True
drveda.in,Beauty & Personal Care,Health & Wellness,0.41,Beauty & Personal Care,products,29,False
dryanjeer.com,Food & Beverages,Food & Beverages,1.0,,products,7,True
drymfoods.com,Food & Beverages,Food & Beverages,0.67,Kitchen & Dining,products,30,True
dubstepworld.com,Electronics & Gadgets,Electronics & Gadgets,0.37,Footwear,products,30,True
duckduckbaby.in,Baby & Kids,Baby & Kids,0.5,Toys & Games,products,26,True
dudeme.in,Apparel & Fashion,Apparel & Fashion,0.97,Gifts & Hampers,products,30,True
dukeindia.com,Apparel & Fashion (Women),Apparel & Fashion,0.53,Footwear,products,30,True
dulaar.co,Apparel & Fashion,Apparel & Fashion,0.87,Home & Decor,products,30,True
dulhanjewels.com,Jewellery & Accessories,Jewellery & Accessories,0.8,Home & Decor,products,30,True
durfi.com,Home & Decor,Baby & Kids,0.44,Footwear,products,9,False
duroflexworld.com,Home & Decor,Home & Decor,0.83,Footwear,products,30,True
dylect.in,Automotive,Baby & Kids,0.3,Art & Craft,products,30,False
dynamicjewelove.com,Jewellery & Accessories,Gifts & Hampers,0.4,Jewellery & Accessories,products,30,False
dynamicsent.com,Beauty & Personal Care,Beauty & Personal Care,0.5,Religious & Pooja,products,30,True
e-furbished.in,Electronics & Gadgets,Electronics & Gadgets,0.77,Footwear,products,22,True
earlyfoods.com,Baby & Kids,Food & Beverages,0.53,Gifts & Hampers,products,30,False
earthful.me,Health & Wellness,Health & Wellness,0.83,Plants & Gardening,products,30,True
earthlyjewels.co,Jewellery & Accessories,Jewellery & Accessories,1.0,,products,30,True
earthrhythm.com,Beauty & Personal Care,Beauty & Personal Care,0.56,Electronics & Gadgets,products,27,True
easycareglobal.com,Home & Decor,Sports & Fitness,0.33,Bags & Luggage,products,30,False
easydrysystems.com,Other,Religious & Pooja,0.21,Bags & Luggage,products,14,False
easymodak.in,Other,Religious & Pooja,0.5,Kitchen & Dining,products,8,False
easyphones.co.in,Electronics & Gadgets,Electronics & Gadgets,0.9,Baby & Kids,products,30,True
eatbetterco.com,Gifts & Hampers,Gifts & Hampers,0.57,Religious & Pooja,products,30,True
eatopiaworld.com,Food & Beverages,Food & Beverages,0.97,Gifts & Hampers,products,29,True
eausodramatic.com,Beauty & Personal Care,Footwear,0.31,Books & Stationery,products,26,False
eauto.co.in,Electronics & Gadgets,Automotive,0.72,Footwear,products,29,False
ebakeonline.com,Gifts & Hampers,Gifts & Hampers,0.7,Kitchen & Dining,products,30,True
ebodycare.in,Apparel & Fashion (Women),Apparel & Fashion,0.6,Baby & Kids,products,30,True
ecartse.com,Electronics & Gadgets,Electronics & Gadgets,1.0,,products,30,True
ecentric.in,Apparel & Fashion (Men),Apparel & Fashion,0.57,Footwear,products,30,True
echosabove.com,Footwear,Gifts & Hampers,0.33,Plants & Gardening,products,9,False
ecocarry.co,Bags & Luggage,Bags & Luggage,0.76,Gifts & Hampers,products,25,True
ecoflowindia.com,Electronics & Gadgets,Electronics & Gadgets,0.38,Bags & Luggage,products,29,True
ecofynd.com,Plants & Gardening,Plants & Gardening,0.5,Gifts & Hampers,products,30,True
ecokaari.org,Bags & Luggage,Art & Craft,0.53,Bags & Luggage,products,30,False
ecoright.com,Gifts & Hampers,Jewellery & Accessories,0.37,Gifts & Hampers,products,30,False
ecosoftindia.in,Bags & Luggage,Books & Stationery,0.38,Bags & Luggage,products,29,False
ecosyscleaners.com,Health & Wellness,Baby & Kids,0.5,Art & Craft,products,10,False
ecoware.in,Kitchen & Dining,Kitchen & Dining,0.7,Bags & Luggage,products,30,True
ecraftindia.com,Art & Craft,Art & Craft,0.4,Jewellery & Accessories,products,30,True
edtworld.com,Kitchen & Dining,Footwear,0.33,Kitchen & Dining,products,15,False
edusparktoys.com,Toys & Games,Toys & Games,0.73,Kitchen & Dining,products,30,True
effilo.com,Apparel & Fashion,Apparel & Fashion,1.0,,products,30,True
effora.in,Bags & Luggage,Apparel & Fashion,0.36,Bags & Luggage,products,14,False
efwbyfathima.in,Apparel & Fashion,Footwear,0.33,Apparel & Fashion,products,30,False
egate-world.com,Electronics & Gadgets,Electronics & Gadgets,0.5,Art & Craft,products,30,True
egfix.in,Electronics & Gadgets,Electronics & Gadgets,0.47,Footwear,products,30,True
egoss.in,Footwear,Footwear,0.63,Gifts & Hampers,products,30,True
egun.in,Jewellery & Accessories,Footwear,0.33,Sports & Fitness,products,30,False
eikowa.com,Art & Craft,Apparel & Fashion,0.77,Art & Craft,products,30,False
eilaa.in,Apparel & Fashion,Apparel & Fashion,0.7,Religious & Pooja,products,30,True
ejaa.in,Jewellery & Accessories,Religious & Pooja,0.43,Jewellery & Accessories,products,30,False
ekaahandicrafts.com,Home & Decor,Religious & Pooja,0.73,Jewellery & Accessories,products,30,False
ekalooms.com,Apparel & Fashion,Apparel & Fashion,1.0,,products,30,True
ekanalabel.com,Apparel & Fashion (Women),Apparel & Fashion,0.97,Baby & Kids,products,30,True
ekantastudio.com,Apparel & Fashion (Women),Baby & Kids,0.47,Apparel & Fashion,products,30,False
ekatrahandmade.com,Gifts & Hampers,Gifts & Hampers,0.33,Bags & Luggage,products,30,True
ekaya.in,Apparel & Fashion,Religious & Pooja,0.83,Apparel & Fashion,products,30,False
elahe.in,Apparel & Fashion,Apparel & Fashion,0.73,Footwear,products,30,True
elanclothing.in,Apparel & Fashion,Apparel & Fashion,0.93,Footwear,products,30,True
elantisaesthetics.com,Beauty & Personal Care,Beauty & Personal Care,0.83,Health & Wellness,products,30,True
elbadorata.com,Footwear,Footwear,0.57,Religious & Pooja,products,30,True
elcytec.com,Electronics & Gadgets,Electronics & Gadgets,1.0,,products,30,True
electrocases.in,Home & Decor,Electronics & Gadgets,1.0,,products,30,False
electronicparadise.in,Electronics & Gadgets,Electronics & Gadgets,0.47,Kitchen & Dining,products,30,True
electroniksindia.com,Electronics & Gadgets,Electronics & Gadgets,1.0,,products,26,True
elefcases.com,Electronics & Gadgets,Jewellery & Accessories,0.37,Electronics & Gadgets,products,30,False
elefuntoyz.com,Automotive,Automotive,0.3,Art & Craft,products,30,True
elegantautoretail.com,Automotive,Automotive,0.67,Apparel & Fashion,products,30,True
elegantelayers.com,Jewellery & Accessories,Jewellery & Accessories,0.73,Religious & Pooja,products,30,True
elentradesigns.com,Apparel & Fashion (Women),Apparel & Fashion,0.87,Baby & Kids,products,30,True
elephantshield.in,Apparel & Fashion,Home & Decor,0.5,Baby & Kids,products,2,False
elinorjewels.com,Jewellery & Accessories,Jewellery & Accessories,1.0,,products,30,True
elitecarz.in,Automotive,Automotive,0.88,Apparel & Fashion,products,24,True
elitehubs.com,Electronics & Gadgets,Electronics & Gadgets,0.53,Toys & Games,products,30,True
elitetrendzshop.com,Electronics & Gadgets,Baby & Kids,0.17,Electronics & Gadgets,products,30,False
elixbloom.com,Other,Apparel & Fashion,0.57,Religious & Pooja,products,30,False
elko.in,Other,Jewellery & Accessories,0.93,Art & Craft,products,30,False
ellementry.com,Home & Decor,Kitchen & Dining,0.33,Home & Decor,products,30,False
elleven.in,Apparel & Fashion (Women),Footwear,0.77,Apparel & Fashion,products,30,False
ellorabookdepot.com,Books & Stationery,Religious & Pooja,0.7,Books & Stationery,products,30,False
elloras.in,Food & Beverages,Food & Beverages,0.6,Kitchen & Dining,products,30,True
elocalshops.com,Books & Stationery,Books & Stationery,0.34,Sports & Fitness,products,29,True
elra.in,Jewellery & Accessories,Jewellery & Accessories,0.59,Gifts & Hampers,products,29,True
elver.in,Electronics & Gadgets,Electronics & Gadgets,0.93,Gifts & Hampers,products,30,True
elvisbeauty.com,Beauty & Personal Care,Beauty & Personal Care,0.96,Automotive,products,23,True
elyta.in,Jewellery & Accessories,Jewellery & Accessories,1.0,,products,30,True
elyvra-store.myshopify.com,Apparel & Fashion (Women),Apparel & Fashion,1.0,,products,30,True
embarkperfumes.com,Beauty & Personal Care,Religious & Pooja,0.67,Gifts & Hampers,products,30,False
embarouge.in,Beauty & Personal Care,Beauty & Personal Care,0.35,Religious & Pooja,products,20,True
embercookware.com,Kitchen & Dining,Kitchen & Dining,0.7,Gifts & Hampers,products,30,True
embeyvally.in,Jewellery & Accessories,Jewellery & Accessories,0.87,Footwear,products,30,True
embroiderymaterial.com,Art & Craft,Art & Craft,0.8,Gifts & Hampers,products,30,True
emma-sleep.in,Home & Decor,Home & Decor,0.65,Baby & Kids,products,17,True
emmadisilverjewellery.com,Art & Craft,Religious & Pooja,0.83,Jewellery & Accessories,products,30,False
emmadisilverjewellery.in,Jewellery & Accessories,Apparel & Fashion,1.0,,products,30,False
emori.in,Jewellery & Accessories,Jewellery & Accessories,0.9,Plants & Gardening,products,30,True
enchanteur.in,Beauty & Personal Care,Beauty & Personal Care,0.57,Footwear,products,30,True
endurasupplements.com,Food & Beverages,Food & Beverages,1.0,,products,11,True
enemproducts.com,Kitchen & Dining,Kitchen & Dining,0.79,Sports & Fitness,products,29,True
engageshop.in,Beauty & Personal Care,Beauty & Personal Care,0.3,Gifts & Hampers,products,30,True
enim.in,Apparel & Fashion,Apparel & Fashion,0.63,Footwear,products,30,True
enjeee.com,Footwear,Footwear,1.0,,products,30,True
enliven-lifestyle.com,Apparel & Fashion,Apparel & Fashion,0.79,Footwear,products,29,True
entisi.com,Gifts & Hampers,Gifts & Hampers,0.82,Food & Beverages,products,28,True
envyfragrances.com,Beauty & Personal Care,Beauty & Personal Care,0.6,Gifts & Hampers,products,30,True
enzoh.in,Jewellery & Accessories,Jewellery & Accessories,0.83,Religious & Pooja,products,30,True
eourmart.com,Gifts & Hampers,Gifts & Hampers,0.37,Religious & Pooja,products,30,True
epiclovestore.com,Health & Wellness,Health & Wellness,0.23,Gifts & Hampers,products,30,True
epigamiastore.com,Health & Wellness,Food & Beverages,0.43,Health & Wellness,products,30,False
epitight.in,Beauty & Personal Care,Beauty & Personal Care,0.39,Baby & Kids,products,23,True
erayastyle.com,Gifts & Hampers,Jewellery & Accessories,0.77,Gifts & Hampers,products,30,False
erdshop.com,Electronics & Gadgets,Home & Decor,0.43,Electronics & Gadgets,products,30,False
ergonstyle.com,Footwear,Footwear,0.93,Apparel & Fashion,products,30,True
eridani.in,Footwear,Footwear,0.72,Bags & Luggage,products,29,True
erobold.com,Apparel & Fashion,Footwear,0.3,Apparel & Fashion,products,30,False
esbeda.com,Bags & Luggage,Bags & Luggage,0.9,Books & Stationery,products,30,True
escapedeer.com,Apparel & Fashion,Apparel & Fashion,1.0,,products,30,True
esoullyf.in,Food & Beverages,Religious & Pooja,0.31,Food & Beverages,products,29,False
espanshe.com,Apparel & Fashion,Apparel & Fashion,0.7,Footwear,products,30,True
esperanzaworldgems.com,Jewellery & Accessories,Jewellery & Accessories,0.97,Religious & Pooja,products,30,True
essa.in,Apparel & Fashion (Men),Apparel & Fashion,0.63,Sports & Fitness,products,30,True
essentialperfume.in,Beauty & Personal Care,Beauty & Personal Care,0.47,Apparel & Fashion,products,30,True
estaasweets.com,Food & Beverages,Food & Beverages,0.5,Religious & Pooja,products,30,True
estailofashion.com,Jewellery & Accessories,Jewellery & Accessories,0.87,Apparel & Fashion,products,30,True
estele.co,Jewellery & Accessories,Jewellery & Accessories,0.87,Religious & Pooja,products,30,True
estudio.shop,Religious & Pooja,Religious & Pooja,0.67,Art & Craft,products,30,True
etchcraftemporium.in,Jewellery & Accessories,Jewellery & Accessories,0.57,Bags & Luggage,products,30,True
eternally.co.in,Jewellery & Accessories,Jewellery & Accessories,0.93,Religious & Pooja,products,30,True
eternitybysakshi.com,Apparel & Fashion,Apparel & Fashion,0.9,Footwear,products,30,True
ethenika.com,Apparel & Fashion,Apparel & Fashion,0.7,Art & Craft,products,30,True
ethikonline.com,Footwear,Footwear,0.89,Apparel & Fashion,products,27,True
ethnicboutique.in,Apparel & Fashion,Religious & Pooja,0.43,Apparel & Fashion,products,30,False
ethnicelement.in,Apparel & Fashion (Women),Apparel & Fashion,0.9,Footwear,products,30,True
ethnicity.in,Apparel & Fashion,Apparel & Fashion,0.93,Footwear,products,30,True
ethnicplus.in,Apparel & Fashion (Men),Apparel & Fashion,1.0,,products,30,True
ethnusvilla.com,Apparel & Fashion,Apparel & Fashion,0.9,Art & Craft,products,30,True
etiquetteapparel.com,Apparel & Fashion,Apparel & Fashion,0.83,Gifts & Hampers,products,30,True
etrending.in,Toys & Games,Automotive,0.33,Toys & Games,products,30,False
etstore.in,Electronics & Gadgets,Religious & Pooja,0.33,Electronics & Gadgets,products,30,False
ettorez.com,Other,Footwear,0.8,Books & Stationery,products,30,False
eumeworld.com,Bags & Luggage,Bags & Luggage,1.0,,tagline,1,True
euronics.co.in,Home & Decor,Art & Craft,0.3,Home & Decor,products,30,False
ev2charger.in,Electronics & Gadgets,Electronics & Gadgets,0.6,Bags & Luggage,products,30,True
evafashionandcraft.com,Jewellery & Accessories,Jewellery & Accessories,0.43,Art & Craft,products,30,True
evalaxy.com,Apparel & Fashion (Men),Apparel & Fashion,0.9,Footwear,products,30,True
evara.me,Apparel & Fashion (Women),Apparel & Fashion,1.0,,products,30,True
everanta.in,Home & Decor,Religious & Pooja,0.4,Home & Decor,products,30,False
everayu.com,Health & Wellness,Health & Wellness,0.8,Religious & Pooja,products,30,True
everdion.com,Apparel & Fashion (Men),Apparel & Fashion,0.57,Footwear,products,30,True
everlasting.shop,Jewellery & Accessories,Jewellery & Accessories,0.7,Religious & Pooja,products,30,True
everpret.com,Bags & Luggage,Bags & Luggage,0.7,Gifts & Hampers,products,30,True
evierose.in,Apparel & Fashion,Apparel & Fashion,0.63,Footwear,products,30,True
exclusivelane.com,Kitchen & Dining,Kitchen & Dining,0.33,Art & Craft,products,30,True
exoticacreations.com,Jewellery & Accessories,Footwear,0.43,Jewellery & Accessories,products,30,False
exoticflora.in,Plants & Gardening,Plants & Gardening,0.7,Food & Beverages,products,30,True
exoticindiaart.in,Home & Decor,Home & Decor,0.4,Art & Craft,products,30,True
exotix.in,Apparel & Fashion,Apparel & Fashion,0.57,Footwear,products,30,True
expomx.in,Food & Beverages,Food & Beverages,0.53,Religious & Pooja,products,30,True
exporthouse70.com,Home & Decor,Bags & Luggage,0.37,Gifts & Hampers,products,30,False
eyalstore.com,Apparel & Fashion,Religious & Pooja,0.47,Footwear,products,30,False
eyejack.in,Jewellery & Accessories,Jewellery & Accessories,0.87,Beauty & Personal Care,products,30,True
eyewearlabs.com,Jewellery & Accessories,Footwear,0.77,Apparel & Fashion,products,30,False
eyva.io,Other,Religious & Pooja,1.0,,products,1,False
ezpac.in,Bags & Luggage,Gifts & Hampers,0.37,Books & Stationery,products,30,False
faayagifting.com,Kitchen & Dining,Kitchen & Dining,0.77,Gifts & Hampers,products,30,True
fabalchemy.com,Kitchen & Dining,Beauty & Personal Care,0.2,Kitchen & Dining,products,30,False
fabart.in,Apparel & Fashion,Religious & Pooja,0.37,Apparel & Fashion,products,30,False
fabassure.com,Apparel & Fashion,Apparel & Fashion,0.53,Gifts & Hampers,products,30,True
fabb6.com,Beauty & Personal Care,Beauty & Personal Care,0.77,Sports & Fitness,products,30,True
fabcartz.com,Apparel & Fashion (Women),Apparel & Fashion,1.0,,products,30,True
fabcurate.com,Apparel & Fashion (Women),Apparel & Fashion,0.63,Art & Craft,products,30,True
faberindia.com,Food & Beverages,Automotive,0.4,Kitchen & Dining,products,30,False
fabfashion4u.com,Apparel & Fashion (Men),Apparel & Fashion,0.57,Sports & Fitness,products,30,True
fabk.in,Apparel & Fashion,Apparel & Fashion,0.53,Kitchen & Dining,products,30,True
fabloe.in,Apparel & Fashion,Art & Craft,0.87,Apparel & Fashion,products,30,False
fabpad.in,Apparel & Fashion,Baby & Kids,0.72,Footwear,products,29,False
fabpersona.com,Apparel & Fashion,Apparel & Fashion,1.0,,products,30,True
fabricfactory.in,Apparel & Fashion,Art & Craft,0.47,Home & Decor,products,30,False
fabricforever.in,Apparel & Fashion,Art & Craft,0.6,Religious & Pooja,products,30,False
fabricpandit.com,Apparel & Fashion,Apparel & Fashion,0.8,Baby & Kids,products,30,True
fabricroot.com,Apparel & Fashion,Apparel & Fashion,0.53,Baby & Kids,products,30,True
fabricsandmore.co.in,Apparel & Fashion (Men),Baby & Kids,0.53,Apparel & Fashion,products,30,False
fabrictales.in,Apparel & Fashion,Apparel & Fashion,0.8,Footwear,products,30,True
fabrixaa.shop,Apparel & Fashion (Men),Apparel & Fashion,0.97,Footwear,products,30,True
fabuliv.com,Home & Decor,Home & Decor,0.67,Kitchen & Dining,products,30,True
fabunora.com,Jewellery & Accessories,Jewellery & Accessories,1.0,,products,30,True
fabvoguestudio.com,Apparel & Fashion,Art & Craft,0.87,Apparel & Fashion,products,30,False
facescanada.com,Beauty & Personal Care,Beauty & Personal Care,0.5,Gifts & Hampers,products,30,True
factorybox.in,Electronics & Gadgets,Electronics & Gadgets,0.93,Books & Stationery,products,30,True
faebeauty.in,Beauty & Personal Care,Beauty & Personal Care,0.63,Footwear,products,30,True
fahrenheitclothing.com,Apparel & Fashion (Men),Footwear,0.77,Apparel & Fashion,products,30,False
fail.co.in,Apparel & Fashion (Women),Apparel & Fashion,0.87,Footwear,products,30,True
fairyandrose.com,Jewellery & Accessories,Jewellery & Accessories,0.6,Toys & Games,products,30,True
faithandpatience.co.in,Beauty & Personal Care,Beauty & Personal Care,0.87,Baby & Kids,products,30,True
famyo.in,Kitchen & Dining,Baby & Kids,0.5,Home & Decor,products,30,False
fanaacs.com,Apparel & Fashion (Men),Footwear,0.67,Gifts & Hampers,products,30,False
fancydresswale.com,Apparel & Fashion (Men),Apparel & Fashion,0.87,Sports & Fitness,products,30,True
fancythings.shop,Automotive,Gifts & Hampers,0.43,Automotive,products,30,False
fandomlights.com,Home & Decor,Jewellery & Accessories,0.5,Home & Decor,products,30,False
fangoral.com,Health & Wellness,Electronics & Gadgets,0.31,Baby & Kids,products,13,False
fanostyle.com,Jewellery & Accessories,Apparel & Fashion,0.77,Jewellery & Accessories,products,30,False
fanzartfans.com,Electronics & Gadgets,Jewellery & Accessories,0.23,Toys & Games,products,30,False
far-lane.com,Jewellery & Accessories,Bags & Luggage,0.3,Jewellery & Accessories,products,30,False
farak.co,Apparel & Fashion,Apparel & Fashion,0.97,Footwear,products,30,True
faretobaby.com,Baby & Kids,Baby & Kids,0.97,Apparel & Fashion,products,30,True
faridagupta.com,Apparel & Fashion (Women),Apparel & Fashion,0.67,Religious & Pooja,products,30,True
faritha.com,Jewellery & Accessories,Toys & Games,0.27,Electronics & Gadgets,products,30,False
farmdidi.com,Food & Beverages,Food & Beverages,0.77,Religious & Pooja,products,30,True
farmission.in,Plants & Gardening,Plants & Gardening,0.63,Food & Beverages,products,30,True
farmley.com,Food & Beverages,Food & Beverages,0.77,Bags & Luggage,products,30,True
farmmate.in,Plants & Gardening,Plants & Gardening,0.4,Health & Wellness,products,30,True
fashiana.in,Apparel & Fashion (Women),Apparel & Fashion,0.8,Baby & Kids,products,30,True
fashiondream.co.in,Apparel & Fashion (Women),Apparel & Fashion,1.0,,products,30,True
fashionlobby.in,Jewellery & Accessories,Jewellery & Accessories,0.57,Gifts & Hampers,products,30,True
fashionnsio.com,Apparel & Fashion (Women),Jewellery & Accessories,0.4,Apparel & Fashion,products,30,False
fashiontex.in,Apparel & Fashion,Apparel & Fashion,0.63,Kitchen & Dining,products,30,True
fashlyclothing.com,Apparel & Fashion,Apparel & Fashion,0.53,Kitchen & Dining,products,30,True
fashor.com,Apparel & Fashion,Apparel & Fashion,1.0,,products,30,True
fastfashionova.myshopify.com,Apparel & Fashion (Women),Apparel & Fashion,0.73,Footwear,products,30,True
fatcatcollectibles.in,Automotive,Toys & Games,0.57,Sports & Fitness,products,30,False
fausto.in,Footwear,Footwear,1.0,,products,30,True
favemart.store,Plants & Gardening,Books & Stationery,0.23,Gifts & Hampers,products,13,False
favouriteauto.com,Jewellery & Accessories,Automotive,0.48,Footwear,products,27,False
fazyo.com,Apparel & Fashion,Apparel & Fashion,0.93,Footwear,products,30,True
fclskincare.com,Beauty & Personal Care,Beauty & Personal Care,0.9,Health & Wellness,products,29,True
featherscloset.com,Apparel & Fashion (Women),Apparel & Fashion,0.47,Footwear,products,30,True
fedus.in,Electronics & Gadgets,Bags & Luggage,0.61,Electronics & Gadgets,products,28,False
fellmonger.in,Footwear,Footwear,0.86,Sports & Fitness,products,29,True
femenest.com,Apparel & Fashion,Apparel & Fashion,0.53,Footwear,products,30,True
femmella.com,Apparel & Fashion (Women),Apparel & Fashion,0.73,Kitchen & Dining,products,30,True
feozer.com,Jewellery & Accessories,Jewellery & Accessories,0.5,Religious & Pooja,products,30,True
fetchnbuy.in,Food & Beverages,Food & Beverages,0.68,Religious & Pooja,products,28,True
fflirtygo.com,Apparel & Fashion,Footwear,0.33,Apparel & Fashion,products,30,False
fgear.in,Bags & Luggage,Bags & Luggage,1.0,,products,30,True
fiama.in,Beauty & Personal Care,Beauty & Personal Care,0.6,Food & Beverages,products,30,True
fikn.com,Beauty & Personal Care,Beauty & Personal Care,0.8,Gifts & Hampers,products,5,True
fila.co.in,Apparel & Fashion (Men),Apparel & Fashion,0.63,Footwear,products,30,True
filamentmafia.com,Toys & Games,Toys & Games,0.87,Religious & Pooja,products,30,True
filmydice.com,Apparel & Fashion,Apparel & Fashion,0.53,Books & Stationery,products,30,True
filohevis.com,Apparel & Fashion (Men),Apparel & Fashion,1.0,,products,30,True
filohevis.in,Apparel & Fashion,Apparel & Fashion,1.0,,products,30,True
finchcrown.com,Apparel & Fashion (Women),Apparel & Fashion,0.7,Art & Craft,products,30,True
finelegends.com,Apparel & Fashion,Gifts & Hampers,0.5,Apparel & Fashion,products,30,False
fionadiamonds.com,Jewellery & Accessories,Jewellery & Accessories,0.93,Religious & Pooja,products,30,True
firangiyarn.com,Apparel & Fashion (Men),Apparel & Fashion,0.63,Jewellery & Accessories,products,30,True
fireboltt.com,Jewellery & Accessories,Jewellery & Accessories,0.67,Electronics & Gadgets,products,30,True
firefoxlife.com,Automotive,Automotive,0.4,Bags & Luggage,products,30,True
firstcopysunglasses.com,Jewellery & Accessories,Jewellery & Accessories,0.93,Footwear,products,30,True
firstlens.in,Jewellery & Accessories,Jewellery & Accessories,0.6,Apparel & Fashion,products,30,True
firvt.com,Apparel & Fashion,Apparel & Fashion,0.57,Footwear,products,30,True
fishermanshub.com,Toys & Games,Bags & Luggage,0.3,Religious & Pooja,products,30,False
fishykart.in,Plants & Gardening,Plants & Gardening,0.33,Kitchen & Dining,products,30,True
fitandfoodtamil.com,Food & Beverages,Food & Beverages,0.53,Health & Wellness,products,30,True
fitelostore.co,Health & Wellness,Health & Wellness,0.67,Gifts & Hampers,products,30,True
fitfeast.in,Food & Beverages,Food & Beverages,0.8,Gifts & Hampers,products,30,True
fitflop.in,Footwear,Footwear,1.0,,products,30,True
fitlineindia.com,Automotive,Sports & Fitness,0.87,Jewellery & Accessories,products,30,False
fitspire.online,Health & Wellness,Food & Beverages,0.83,Health & Wellness,products,30,False
fixderma.com,Beauty & Personal Care,Beauty & Personal Care,0.83,Food & Beverages,products,30,True
fixmycurls.com,Beauty & Personal Care,Beauty & Personal Care,0.57,Baby & Kids,products,30,True
fizafashionss.com,Baby & Kids,Apparel & Fashion,0.77,Footwear,products,30,False
fizaperfumes.com,Beauty & Personal Care,Beauty & Personal Care,0.67,Apparel & Fashion,products,30,True
fizzygoblet.com,Footwear,Footwear,0.6,Bags & Luggage,products,30,True
flamingocreativity.com,Gifts & Hampers,Gifts & Hampers,0.67,Jewellery & Accessories,products,30,True
flamingohealth.com,Health & Wellness,Footwear,0.27,Baby & Kids,products,30,False
fleck.co.in,Home & Decor,Kitchen & Dining,0.47,Religious & Pooja,products,30,False
flexcases.co.in,Beauty & Personal Care,Gifts & Hampers,0.9,Bags & Luggage,products,30,False
flexor.in,Jewellery & Accessories,Sports & Fitness,0.75,Footwear,products,8,False
flickacosmetics.com,Beauty & Personal Care,Beauty & Personal Care,0.47,Footwear,products,30,True
flomattress.com,Home & Decor,Footwear,0.3,Home & Decor,products,20,False
floractive.in,Beauty & Personal Care,Beauty & Personal Care,0.53,Health & Wellness,products,30,True
floralartbynandini.com,Home & Decor,Religious & Pooja,0.5,Gifts & Hampers,products,30,False
floranzafashion.com,Apparel & Fashion,Apparel & Fashion,0.57,Kitchen & Dining,products,30,True
floreal.in,Plants & Gardening,Religious & Pooja,0.3,Gifts & Hampers,products,30,False
floretonline.in,Apparel & Fashion (Women),Apparel & Fashion,0.4,Baby & Kids,products,30,True
flossycosmetics.com,Beauty & Personal Care,Beauty & Personal Care,0.38,Food & Beverages,products,29,True
flurr.in,Apparel & Fashion (Women),Apparel & Fashion,1.0,,products,30,True
flyingcarts.in,Bags & Luggage,Kitchen & Dining,0.3,Bags & Luggage,products,30,False
flyo.shoes,Footwear,Footwear,0.97,Home & Decor,products,30,True
fmcgcart.com,Beauty & Personal Care,Beauty & Personal Care,0.9,Health & Wellness,products,30,True
fmpl.in,Books & Stationery,Books & Stationery,0.63,Religious & Pooja,products,30,True
fns.co.in,Kitchen & Dining,Kitchen & Dining,1.0,,products,30,True
folkbazar.com,Bags & Luggage,Jewellery & Accessories,0.33,Religious & Pooja,products,30,False
fomostore.in,Electronics & Gadgets,Beauty & Personal Care,0.63,Footwear,products,30,False
fonezone.com,Other,Electronics & Gadgets,0.9,Jewellery & Accessories,products,30,False
foodonfarmpickles.com,Food & Beverages,Food & Beverages,0.5,Gifts & Hampers,products,30,True
foodstrong.in,Health & Wellness,Health & Wellness,0.5,Food & Beverages,products,30,True
footiqsports.com,Pet Supplies,Art & Craft,0.43,Apparel & Fashion,products,30,False
forbaxy.com,Health & Wellness,Health & Wellness,0.41,Baby & Kids,products,17,True
forever52.in,Beauty & Personal Care,Beauty & Personal Care,0.8,Art & Craft,products,30,True
foreverdesi.in,Jewellery & Accessories,Jewellery & Accessories,0.67,Religious & Pooja,products,30,True
foreverkidz.in,Apparel & Fashion,Apparel & Fashion,0.3,Footwear,products,30,True
forevernew.co.in,Apparel & Fashion,Apparel & Fashion,0.67,Jewellery & Accessories,products,30,True
forgals.in,Apparel & Fashion,Apparel & Fashion,0.97,Footwear,products,30,True
forkids6.in,Toys & Games,Toys & Games,0.25,Gifts & Hampers,products,28,True
formalee.in,Apparel & Fashion,Apparel & Fashion,1.0,,products,30,True
formen.health,Health & Wellness,Gifts & Hampers,0.23,Health & Wellness,products,30,False
formsolid.com,Sports & Fitness,Gifts & Hampers,0.43,Jewellery & Accessories,products,30,False
formulatorsinc.in,Beauty & Personal Care,Beauty & Personal Care,0.63,Health & Wellness,products,30,True
foundationgift.com,Gifts & Hampers,Gifts & Hampers,0.8,Jewellery & Accessories,products,30,True
foxin.in,Electronics & Gadgets,Religious & Pooja,0.27,Books & Stationery,products,30,False
foxxlifesciences.in,Jewellery & Accessories,Electronics & Gadgets,1.0,,products,30,False
fraganote.com,Beauty & Personal Care,Food & Beverages,0.31,Beauty & Personal Care,products,29,False
fragstalk.in,Beauty & Personal Care,Religious & Pooja,0.63,Footwear,products,30,False
framekro.com,Jewellery & Accessories,Art & Craft,0.53,Gifts & Hampers,products,30,False
franklord.in,Jewellery & Accessories,Jewellery & Accessories,0.5,Religious & Pooja,products,30,True
freakyfun.in,Toys & Games,Toys & Games,0.23,Gifts & Hampers,products,30,True
fredo.in,Automotive,Electronics & Gadgets,0.63,Footwear,products,30,False
freecultr.com,Apparel & Fashion (Men),Footwear,0.27,Bags & Luggage,products,30,False
freedomtree.in,Apparel & Fashion,Apparel & Fashion,0.77,Art & Craft,products,30,True
freedworld.in,Beauty & Personal Care,Beauty & Personal Care,0.23,Religious & Pooja,products,22,True
freemen.in,Jewellery & Accessories,Jewellery & Accessories,0.47,Religious & Pooja,products,30,True
frek.in,Plants & Gardening,Plants & Gardening,0.9,Gifts & Hampers,products,30,True
frenchcuff.in,Apparel & Fashion (Men),Apparel & Fashion,0.97,Home & Decor,products,30,True
freshggies.in,Food & Beverages,Food & Beverages,0.43,Religious & Pooja,products,30,True
freshwateraquatica.org,Beauty & Personal Care,Food & Beverages,0.4,Beauty & Personal Care,products,30,False
fridaycharm.com,Pet Supplies,Apparel & Fashion,0.4,Religious & Pooja,products,30,False
friendsdiaper.in,Apparel & Fashion,Baby & Kids,0.45,Gifts & Hampers,products,11,False
frontechonline.com,Electronics & Gadgets,Electronics & Gadgets,0.93,Pet Supplies,products,30,True
frontierbiscuit.com,Food & Beverages,Food & Beverages,0.63,Gifts & Hampers,products,30,True
fruittreat.com,Food & Beverages,Food & Beverages,0.78,Gifts & Hampers,products,23,True
ftune.in,Beauty & Personal Care,Beauty & Personal Care,0.83,Gifts & Hampers,products,6,True
fuaark.com,Apparel & Fashion,Apparel & Fashion,0.67,Footwear,products,30,True
fubs.in,Jewellery & Accessories,Jewellery & Accessories,0.93,Art & Craft,products,30,True
fuelshoes.com,Footwear,Footwear,1.0,,products,27,True
fugazee.com,Apparel & Fashion,Apparel & Fashion,0.77,Footwear,products,30,True
fujifilmxindia.com,Electronics & Gadgets,Footwear,0.27,Beauty & Personal Care,products,30,False
fulltimestore.in,Apparel & Fashion,Gifts & Hampers,0.63,Footwear,products,30,False
fulltimestoreindia.com,Other,Footwear,0.67,Automotive,products,30,False
fullyfilmy.in,Apparel & Fashion (Women),Apparel & Fashion,0.43,Art & Craft,products,30,True
fulva.in,Gifts & Hampers,Food & Beverages,0.4,Kitchen & Dining,products,30,False
fundaspring.com,Health & Wellness,Religious & Pooja,0.3,Books & Stationery,products,30,False
funkybabaji.com,Apparel & Fashion (Men),Apparel & Fashion,0.97,Footwear,products,30,True
funkytradition.com,Home & Decor,Jewellery & Accessories,0.4,Home & Decor,products,30,False
furjaden.com,Bags & Luggage,Bags & Luggage,0.93,Books & Stationery,products,30,True
furnifydesign.com,Home & Decor,Home & Decor,0.6,Art & Craft,products,30,True
furniselan.com,Food & Beverages,Kitchen & Dining,0.7,Home & Decor,products,30,False
furnishiaa.com,Footwear,Home & Decor,0.87,Footwear,products,30,False
furper.com,Electronics & Gadgets,Electronics & Gadgets,0.27,Toys & Games,products,30,True
furr.in,Beauty & Personal Care,Beauty & Personal Care,0.47,Bags & Luggage,products,30,True
furxotic.com,Home & Decor,Art & Craft,0.5,Jewellery & Accessories,products,30,False
fusionbyrizwan.com,Beauty & Personal Care,Gifts & Hampers,0.2,Religious & Pooja,products,30,False
fusionprime.in,Electronics & Gadgets,Electronics & Gadgets,0.9,Jewellery & Accessories,products,30,True
futureaccessories.com,Automotive,Apparel & Fashion,0.38,Bags & Luggage,products,21,False
futuresaints.in,Apparel & Fashion,Gifts & Hampers,0.27,Sports & Fitness,products,30,False
futurixlabs.com,Electronics & Gadgets,Electronics & Gadgets,0.86,Beauty & Personal Care,products,7,True
futurz4x4.in,Jewellery & Accessories,Jewellery & Accessories,0.25,Apparel & Fashion,products,28,True
fytika.com,Health & Wellness,Health & Wellness,0.97,Religious & Pooja,products,30,True
fyva.in,Apparel & Fashion (Men),Apparel & Fashion,0.9,Footwear,products,30,True
gadgetlane.co.in,Electronics & Gadgets,Electronics & Gadgets,0.32,Health & Wellness,products,28,True
gadgetshieldz.com,Electronics & Gadgets,Electronics & Gadgets,0.57,Beauty & Personal Care,products,30,True
gaiacoutures.com,Apparel & Fashion (Women),Apparel & Fashion,0.73,Religious & Pooja,products,30,True
gajakesaripunugu.in,Other,Religious & Pooja,1.0,,products,3,False
gajarai.com,Apparel & Fashion,Apparel & Fashion,1.0,,products,30,True
galioindia.com,Automotive,Automotive,0.77,Footwear,products,30,True
galoir.com,Apparel & Fashion,Kitchen & Dining,0.53,Apparel & Fashion,products,30,False
gambitproduct.com,Kitchen & Dining,Baby & Kids,0.2,Bags & Luggage,products,30,False
gambol.in,Pet Supplies,Footwear,0.53,Sports & Fitness,products,30,False
gandhisugandh.com,Beauty & Personal Care,Beauty & Personal Care,0.57,Religious & Pooja,products,30,True
gangafashions.com,Apparel & Fashion,Apparel & Fashion,0.63,Gifts & Hampers,products,30,True
ganpatiarts.com,Footwear,Home & Decor,0.87,Footwear,products,30,False
gant.in,Apparel & Fashion (Men),Apparel & Fashion,1.0,,products,30,True
gardenthrones.in,Plants & Gardening,Plants & Gardening,1.0,,products,5,True
gargi.shop,Apparel & Fashion (Women),Jewellery & Accessories,0.7,Apparel & Fashion,products,30,False
gargtrader.com,Beauty & Personal Care,Beauty & Personal Care,0.73,Apparel & Fashion,products,30,True
gatim.in,Apparel & Fashion,Apparel & Fashion,0.57,Art & Craft,products,30,True
gauravguptastudio.com,Apparel & Fashion,Apparel & Fashion,0.93,Jewellery & Accessories,products,30,True
gayathrisarees.com,Apparel & Fashion,Apparel & Fashion,0.83,Religious & Pooja,products,30,True
gayraa.com,Apparel & Fashion,Religious & Pooja,0.43,Apparel & Fashion,products,30,False
gazalgupta.in,Apparel & Fashion,Apparel & Fashion,1.0,,products,30,True
gearguard.in,Automotive,Automotive,0.47,Art & Craft,products,30,True
geekaybikes.com,Automotive,Automotive,0.7,Home & Decor,products,30,True
geeklane.in,Electronics & Gadgets,Electronics & Gadgets,0.24,Toys & Games,products,29,True
gegebear.com,Beauty & Personal Care,Baby & Kids,0.27,Food & Beverages,products,30,False
gehen.in,Apparel & Fashion,Apparel & Fashion,0.87,Religious & Pooja,products,30,True
gehnaforyou.in,Jewellery & Accessories,Jewellery & Accessories,0.6,Art & Craft,products,30,True
gelblastersindia.in,Toys & Games,Toys & Games,0.62,Electronics & Gadgets,products,16,True
gelco-world.com,Electronics & Gadgets,Bags & Luggage,0.28,Electronics & Gadgets,products,25,False
gemeriahair.in,Home & Decor,Beauty & Personal Care,0.53,Footwear,products,30,False
gemopticians.com,Jewellery & Accessories,Footwear,0.57,Jewellery & Accessories,products,30,False
gemsguruji.com,Jewellery & Accessories,Religious & Pooja,0.67,Jewellery & Accessories,products,30,False
gemsinvite.com,Jewellery & Accessories,Jewellery & Accessories,0.3,Plants & Gardening,products,30,True
gemsmantra.com,Jewellery & Accessories,Jewellery & Accessories,0.97,Religious & Pooja,products,30,True
gemsroot.com,Jewellery & Accessories,Jewellery & Accessories,0.9,Food & Beverages,products,30,True
gemstonegalaxy.in,Jewellery & Accessories,Jewellery & Accessories,0.54,Religious & Pooja,products,28,True
genesispc.in,Electronics & Gadgets,Toys & Games,0.5,Electronics & Gadgets,products,30,False
geneslecoanethemant.com,Apparel & Fashion (Women),Apparel & Fashion,0.7,Art & Craft,products,30,True
genietravel.com,Bags & Luggage,Bags & Luggage,1.0,,products,30,True
geonix.in,Electronics & Gadgets,Electronics & Gadgets,0.37,Bags & Luggage,products,30,True
getbinks.com,Apparel & Fashion,Apparel & Fashion,1.0,,products,30,True
getcleevo.com,Kitchen & Dining,Baby & Kids,0.45,Kitchen & Dining,products,29,False
getgurkha.com,Sports & Fitness,Sports & Fitness,0.7,Footwear,products,30,True
getkekka.com,Other,Religious & Pooja,0.57,Footwear,products,30,False
getmymettle.com,Health & Wellness,Health & Wellness,0.47,Jewellery & Accessories,products,30,True
getnovora.com,Apparel & Fashion,Footwear,0.9,Gifts & Hampers,products,30,False
getriggr.com,Electronics & Gadgets,Electronics & Gadgets,1.0,,products,30,True
getsmylo.com,Pet Supplies,Food & Beverages,0.4,Gifts & Hampers,products,30,False
getzget.com,Electronics & Gadgets,Electronics & Gadgets,0.52,Bags & Luggage,products,27,True
gfhcollections.com,Other,Apparel & Fashion,0.37,Baby & Kids,products,30,False
ghagrakurti.in,Apparel & Fashion,Apparel & Fashion,0.63,Religious & Pooja,products,30,True
ghaniphutri.com,Jewellery & Accessories,Jewellery & Accessories,0.57,Electronics & Gadgets,products,30,True
gharaana.in,Home & Decor,Home & Decor,0.63,Kitchen & Dining,products,30,True
ghargoods.in,Kitchen & Dining,Bags & Luggage,0.2,Kitchen & Dining,products,30,False
gharsense.in,Baby & Kids,Religious & Pooja,0.21,Baby & Kids,products,29,False
gharsoaps.shop,Beauty & Personal Care,Beauty & Personal Care,0.87,Bags & Luggage,products,30,True
ghc.health,Beauty & Personal Care,Beauty & Personal Care,0.47,Health & Wellness,products,30,True
ghumartrend.com,Apparel & Fashion (Women),Apparel & Fashion,0.5,Religious & Pooja,products,30,True
giantindia.com,Jewellery & Accessories,Electronics & Gadgets,0.33,Automotive,products,30,False
giboxonline.com,Home & Decor,Kitchen & Dining,0.3,Home & Decor,products,30,False
giffywalls.in,Beauty & Personal Care,Home & Decor,0.7,Art & Craft,products,30,False
giftgalaxy.in,Automotive,Automotive,1.0,,products,30,True
giftocean.in,Kitchen & Dining,Baby & Kids,0.23,Gifts & Hampers,products,30,False
giftoo.in,Baby & Kids,Gifts & Hampers,0.33,Books & Stationery,products,30,False
giftpalace.in,Bags & Luggage,Toys & Games,0.47,Bags & Luggage,products,30,False
giftsbyrashi.com,Gifts & Hampers,Gifts & Hampers,0.97,Home & Decor,products,30,True
giftyshifty.com,Jewellery & Accessories,Gifts & Hampers,0.6,Jewellery & Accessories,products,30,False
giligappa.shop,Toys & Games,Books & Stationery,0.38,Toys & Games,products,13,False
gillori.com,Apparel & Fashion,Apparel & Fashion,0.93,Home & Decor,products,30,True
giordanotimewear.com,Jewellery & Accessories,Jewellery & Accessories,1.0,,products,30,True
giri.in,Religious & Pooja,Religious & Pooja,0.53,Apparel & Fashion,products,30,True
girorganic.com,Food & Beverages,Food & Beverages,0.7,Religious & Pooja,products,30,True
gitaayurvedic.com,Health & Wellness,Health & Wellness,0.8,Beauty & Personal Care,products,30,True
givea.in,Baby & Kids,Baby & Kids,0.27,Religious & Pooja,products,30,True
giysi.in,Apparel & Fashion (Men),Apparel & Fashion,0.7,Footwear,products,30,True
gkpublications.com,Books & Stationery,Books & Stationery,0.41,Automotive,products,29,True
gladful.in,Baby & Kids,Food & Beverages,0.69,Gifts & Hampers,products,29,False
glam21.in,Beauty & Personal Care,Beauty & Personal Care,0.7,Art & Craft,products,30,True
glamgait.in,Apparel & Fashion,Apparel & Fashion,0.97,Religious & Pooja,products,30,True
glamorizee.com,Jewellery & Accessories,Jewellery & Accessories,0.77,Gifts & Hampers,products,30,True
glamwiz.com,Apparel & Fashion,Apparel & Fashion,0.93,Jewellery & Accessories,products,30,True
glamzei.com,Apparel & Fashion (Women),Apparel & Fashion,0.67,Gifts & Hampers,products,30,True
glassesbyahana.com,Art & Craft,Art & Craft,0.87,Plants & Gardening,products,30,True
glassesindia.com,Sports & Fitness,Footwear,0.21,Sports & Fitness,products,28,False
glassplanetindia.com,Kitchen & Dining,Jewellery & Accessories,0.83,Beauty & Personal Care,products,30,False
glenindia.com,Kitchen & Dining,Kitchen & Dining,0.6,Home & Decor,products,30,True
gleuhr.com,Beauty & Personal Care,Health & Wellness,0.5,Beauty & Personal Care,products,30,False
globalrepublic.in,Apparel & Fashion (Women),Apparel & Fashion,0.63,Footwear,products,30,True
globeexhaust.com,Other,Automotive,0.57,Religious & Pooja,products,30,False
glomo.in,Jewellery & Accessories,Jewellery & Accessories,0.4,Religious & Pooja,products,30,True
glowveda.site,Apparel & Fashion (Women),Apparel & Fashion,0.5,Footwear,products,30,True
glutone.in,Beauty & Personal Care,Beauty & Personal Care,0.62,Health & Wellness,products,16,True
glyters.com,Jewellery & Accessories,Jewellery & Accessories,0.53,Religious & Pooja,products,30,True
gmarkstore.com,Food & Beverages,Kitchen & Dining,0.57,Religious & Pooja,products,30,False
gn1917.com,Religious & Pooja,Religious & Pooja,0.73,Beauty & Personal Care,products,30,True
go24bottles.com,Kitchen & Dining,Kitchen & Dining,0.27,Gifts & Hampers,products,30,True
goamen.com,Apparel & Fashion (Men),Apparel & Fashion,0.63,Jewellery & Accessories,products,30,True
goathlos.com,Apparel & Fashion,Footwear,0.48,Apparel & Fashion,products,29,False
goatlife.co.in,Health & Wellness,Food & Beverages,0.52,Health & Wellness,products,21,False
goblunt.com,Electronics & Gadgets,Electronics & Gadgets,1.0,,products,14,True
goboult.co.in,Electronics & Gadgets,Automotive,0.53,Electronics & Gadgets,products,30,False
gochk.co,Footwear,Footwear,1.0,,products,26,True
gocolors.com,Apparel & Fashion (Women),Apparel & Fashion,0.76,Home & Decor,products,29,True
godavarivantillu.com,Food & Beverages,Food & Beverages,0.6,Religious & Pooja,products,30,True
godconcept.in,Beauty & Personal Care,Food & Beverages,0.39,Beauty & Personal Care,products,18,False
godesi.in,Food & Beverages,Food & Beverages,0.67,Religious & Pooja,products,30,True
godhaworld.in,Toys & Games,Toys & Games,0.37,Electronics & Gadgets,products,30,True
goelvetpharma.com,Pet Supplies,Health & Wellness,0.67,Pet Supplies,products,30,False
goenkajewellers.com,Jewellery & Accessories,Jewellery & Accessories,1.0,,products,30,True
goeye.in,Jewellery & Accessories,Apparel & Fashion,0.43,Jewellery & Accessories,products,30,False
gogazab.com,Apparel & Fashion (Women),Footwear,0.77,Apparel & Fashion,products,30,False
gogreenkol.in,Plants & Gardening,Plants & Gardening,0.43,Footwear,products,30,True
gokulsantol.com,Beauty & Personal Care,Beauty & Personal Care,0.53,Gifts & Hampers,products,30,True
gokyo.in,Apparel & Fashion (Women),Footwear,0.41,Apparel & Fashion,products,29,False
goldencollections.com,Jewellery & Accessories,Religious & Pooja,1.0,,products,30,False
goldenglitter.in,Apparel & Fashion,Apparel & Fashion,0.7,Gifts & Hampers,products,30,True
goldenmirrorfashion.com,Apparel & Fashion,Apparel & Fashion,0.67,Religious & Pooja,products,30,True
goldentipstea.in,Food & Beverages,Food & Beverages,0.71,Religious & Pooja,products,28,True
goldieeonlinestore.com,Food & Beverages,Food & Beverages,0.8,Religious & Pooja,products,30,True
golfbuyindia.com,Apparel & Fashion (Men),Sports & Fitness,0.43,Bags & Luggage,products,30,False
golfgarage.in,Bags & Luggage,Footwear,0.2,Bags & Luggage,products,30,False
gonefarmers.com,Food & Beverages,Food & Beverages,0.43,Religious & Pooja,products,30,True
gonoise.com,Electronics & Gadgets,Electronics & Gadgets,0.57,Jewellery & Accessories,products,30,True
goodgudi.com,Art & Craft,Art & Craft,0.47,Footwear,products,30,True
goodleathergarments.in,Footwear,Footwear,0.77,Apparel & Fashion,products,30,True
goodluckshoecare.com,Beauty & Personal Care,Footwear,0.5,Apparel & Fashion,products,30,False
goodmelts.co,Home & Decor,Religious & Pooja,0.23,Art & Craft,products,30,False
goodmonk.in,Health & Wellness,Health & Wellness,0.65,Food & Beverages,products,17,True
goodness-farm.com,Food & Beverages,Food & Beverages,0.7,Plants & Gardening,products,30,True
goodricketea.in,Food & Beverages,Food & Beverages,0.77,Books & Stationery,products,30,True
goodsbazaar.in,Art & Craft,Art & Craft,0.4,Religious & Pooja,products,30,True
goodtimesbysaicreations.com,Jewellery & Accessories,Jewellery & Accessories,0.83,Toys & Games,products,30,True
goodwillcollections.com,Jewellery & Accessories,Jewellery & Accessories,0.77,Religious & Pooja,products,30,True
goonjasa.in,Apparel & Fashion,Apparel & Fashion,1.0,,products,30,True
goosebumps.store,Beauty & Personal Care,Religious & Pooja,0.53,Food & Beverages,products,30,False
gopivaid.com,Apparel & Fashion,Apparel & Fashion,0.73,Kitchen & Dining,products,30,True
goshopper.in,Automotive,Sports & Fitness,0.17,Footwear,products,30,False
goswadeshi.in,Apparel & Fashion,Apparel & Fashion,0.7,Religious & Pooja,products,30,True
goudagames.in,Toys & Games,Gifts & Hampers,0.33,Religious & Pooja,products,30,False
goyalpublisher.com,Books & Stationery,Books & Stationery,0.9,Art & Craft,products,30,True
goyani.co,Jewellery & Accessories,Religious & Pooja,0.73,Jewellery & Accessories,products,30,False
gpullareddysweets.com,Food & Beverages,Food & Beverages,0.43,Gifts & Hampers,products,30,True
grabbitindia.com,Electronics & Gadgets,Beauty & Personal Care,0.34,Electronics & Gadgets,products,29,False
grabeasy.shop,Beauty & Personal Care,Baby & Kids,0.33,Beauty & Personal Care,products,15,False
graciousyou.com,Apparel & Fashion,Apparel & Fashion,0.83,Food & Beverages,products,30,True
grandmaasecret.com,Beauty & Personal Care,Beauty & Personal Care,0.62,Health & Wellness,products,26,True
grandpitstop.com,Automotive,Automotive,0.69,Footwear,products,29,True
grandseikoboutique.in,Sports & Fitness,Bags & Luggage,0.23,Jewellery & Accessories,products,30,False
grapestore.co.in,Baby & Kids,Baby & Kids,0.73,Footwear,products,30,True
grathika.com,Apparel & Fashion (Women),Apparel & Fashion,0.83,Home & Decor,products,30,True
greatbharatspares.com,Electronics & Gadgets,Footwear,0.67,Bags & Luggage,products,30,False
greatepujari.com,Religious & Pooja,Religious & Pooja,0.73,Footwear,products,30,True
greathappy.in,Home & Decor,Home & Decor,0.63,Gifts & Hampers,products,30,True
greenchickchop.in,Food & Beverages,Food & Beverages,0.8,Kitchen & Dining,products,30,True
greenevolve.online,Plants & Gardening,Plants & Gardening,0.33,Religious & Pooja,products,30,True
greenheirloom.in,Kitchen & Dining,Kitchen & Dining,0.67,Jewellery & Accessories,products,30,True
greenmilkconcepts.in,Health & Wellness,Health & Wellness,0.83,Beauty & Personal Care,products,30,True
greensoul.online,Home & Decor,Sports & Fitness,0.33,Books & Stationery,products,30,False
greenways.co,Apparel & Fashion,Apparel & Fashion,0.57,Religious & Pooja,products,30,True
grenaro.com,Electronics & Gadgets,Electronics & Gadgets,1.0,,products,16,True
greypottery.com,Kitchen & Dining,Kitchen & Dining,0.8,Food & Beverages,products,30,True
griffingears.com,Jewellery & Accessories,Sports & Fitness,0.53,Apparel & Fashion,products,30,False
grindgear.in,Apparel & Fashion,Apparel & Fashion,0.23,Sports & Fitness,products,30,True
gritstones.com,Apparel & Fashion (Men),Footwear,0.57,Apparel & Fashion,products,30,False
gro.club,Baby & Kids,Baby & Kids,0.45,Automotive,products,29,True
groovee.in,Apparel & Fashion,Apparel & Fashion,0.77,Footwear,products,30,True
grovity.store,Plants & Gardening,Plants & Gardening,0.44,Beauty & Personal Care,products,18,True
growathleisure.com,Apparel & Fashion (Men),Footwear,0.4,Baby & Kids,products,30,False
grytt.in,Jewellery & Accessories,Jewellery & Accessories,0.97,Sports & Fitness,products,30,True
guardian.in,Health & Wellness,Health & Wellness,0.73,Food & Beverages,products,30,True
gudgum.in,Food & Beverages,Food & Beverages,0.86,Bags & Luggage,products,28,True
gudhealthy.com,Food & Beverages,Food & Beverages,0.43,Health & Wellness,products,30,True
gulabchand.com,Apparel & Fashion,Apparel & Fashion,0.77,Art & Craft,products,30,True
gulabchandtrends.com,Apparel & Fashion,Apparel & Fashion,0.83,Footwear,products,30,True
gulabidorijaipur.com,Apparel & Fashion,Apparel & Fashion,0.83,Footwear,products,30,True
gulabishehar.com,Apparel & Fashion (Women),Apparel & Fashion,1.0,,products,30,True
gulabojaipur.com,Apparel & Fashion (Women),Apparel & Fashion,0.57,Religious & Pooja,products,30,True
gulabsinghjohrimal.co.in,Religious & Pooja,Food & Beverages,0.23,Apparel & Fashion,products,30,False
gullylabs.com,Apparel & Fashion (Women),Footwear,0.27,Gifts & Hampers,products,30,False
gullysports.in,Apparel & Fashion,Art & Craft,0.6,Apparel & Fashion,products,30,False
gushbeauty.com,Beauty & Personal Care,Footwear,0.45,Jewellery & Accessories,products,29,False
guttify.com,Health & Wellness,Health & Wellness,0.53,Food & Beverages,products,17,True
gwayurvedic.com,Beauty & Personal Care,Beauty & Personal Care,0.8,Baby & Kids,products,30,True
gwdkids.com,Books & Stationery,Books & Stationery,0.47,Toys & Games,products,30,True
gyaanstore.com,Toys & Games,Toys & Games,0.33,Religious & Pooja,products,30,True
gymmer.in,Apparel & Fashion (Women),Apparel & Fashion,0.8,Jewellery & Accessories,products,30,True
gymxapparel.in,Apparel & Fashion (Men),Apparel & Fashion,0.37,Sports & Fitness,products,30,True
gypsymaal.com,Jewellery & Accessories,Jewellery & Accessories,0.57,Religious & Pooja,products,30,True
haappyherbs.com,Beauty & Personal Care,Beauty & Personal Care,0.33,Religious & Pooja,products,30,True
haasvikajewellery.com,Other,Sports & Fitness,0.43,Footwear,products,30,False
haatopia.com,Other,Gifts & Hampers,0.67,Bags & Luggage,products,6,False
habereindia.com,Plants & Gardening,Religious & Pooja,0.4,Home & Decor,products,30,False
hackathletics.com,Jewellery & Accessories,Sports & Fitness,0.96,Bags & Luggage,products,23,False
hackdailylife.com,Kitchen & Dining,Bags & Luggage,0.23,Sports & Fitness,products,13,False
hadiro.in,Electronics & Gadgets,Religious & Pooja,0.37,Toys & Games,products,30,False
hadiyahgifting.com,Gifts & Hampers,Gifts & Hampers,0.27,Religious & Pooja,products,30,True
hafsaad.com,Apparel & Fashion,Apparel & Fashion,0.6,Food & Beverages,products,30,True
hairbounce.in,Art & Craft,Jewellery & Accessories,0.27,Footwear,products,30,False
hairdramacompany.com,Gifts & Hampers,Gifts & Hampers,0.27,Bags & Luggage,products,30,True
hairjoyshop.com,Food & Beverages,Footwear,0.27,Baby & Kids,products,30,False
hairnhook.com,Baby & Kids,Gifts & Hampers,0.93,Baby & Kids,products,30,False
hairoriginals.com,Beauty & Personal Care,Beauty & Personal Care,0.57,Jewellery & Accessories,products,30,True
hakimifragrance.com,Beauty & Personal Care,Beauty & Personal Care,0.4,Gifts & Hampers,products,30,True
haldenluxury.com,Apparel & Fashion,Jewellery & Accessories,0.4,Bags & Luggage,products,30,False
halfpe.com,Toys & Games,Toys & Games,0.47,Footwear,products,30,True
hallstatt.co.in,Apparel & Fashion (Men),Apparel & Fashion,0.9,Footwear,products,29,True
halofashionwear.com,Apparel & Fashion (Women),Sports & Fitness,0.57,Footwear,products,30,False
hamercop.com,Apparel & Fashion,Apparel & Fashion,0.93,Baby & Kids,products,30,True
hammeronline.in,Electronics & Gadgets,Electronics & Gadgets,0.97,Sports & Fitness,products,30,True
hammondsflycatcher.com,Bags & Luggage,Bags & Luggage,0.55,Jewellery & Accessories,products,29,True
hamsterlondon.com,Footwear,Gifts & Hampers,0.53,Footwear,products,30,False
handabangles.com,Jewellery & Accessories,Jewellery & Accessories,0.97,Home & Decor,products,30,True
handicraftstown.com,Home & Decor,Kitchen & Dining,0.4,Home & Decor,products,30,False
handmadejoy.co.in,Jewellery & Accessories,Jewellery & Accessories,0.7,Gifts & Hampers,products,30,True
handpickedbyvismaya.com,Apparel & Fashion,Apparel & Fashion,0.9,Footwear,products,30,True
handwrittencode.com,Other,Books & Stationery,1.0,,products,12,False
hanfihandicraft.com,Apparel & Fashion,Apparel & Fashion,0.43,Religious & Pooja,products,30,True
hankpets.com,Pet Supplies,Pet Supplies,0.47,Apparel & Fashion,products,30,True
happi-planet.com,Kitchen & Dining,Baby & Kids,0.37,Kitchen & Dining,products,30,False
happilo.com,Food & Beverages,Food & Beverages,0.57,Bags & Luggage,products,30,True
happy-kart.shop,Plants & Gardening,Health & Wellness,0.24,Baby & Kids,products,29,False
happycultures.com,Health & Wellness,Health & Wellness,0.57,Food & Beverages,products,30,True
happyhomesonline.com,Toys & Games,Toys & Games,0.27,Jewellery & Accessories,products,30,True
harah.in,Apparel & Fashion,Apparel & Fashion,0.47,Automotive,products,30,True
haramball.in,Pet Supplies,Apparel & Fashion,0.47,Footwear,products,30,False
hardhatelectronicspvtltd.com,Electronics & Gadgets,Religious & Pooja,0.4,Footwear,products,30,False
hardollenterprises.com,Electronics & Gadgets,Plants & Gardening,0.5,Religious & Pooja,products,30,False
harekrishnamart.com,Home & Decor,Home & Decor,0.83,Religious & Pooja,products,30,True
harfun.in,Apparel & Fashion (Men),Apparel & Fashion,0.37,Sports & Fitness,products,30,True
haribadairyfarm.com,Food & Beverages,Food & Beverages,0.76,Gifts & Hampers,products,21,True
haridarshan.com,Religious & Pooja,Religious & Pooja,0.77,Food & Beverages,products,30,True
harishprojects.com,Electronics & Gadgets,Electronics & Gadgets,0.47,Sports & Fitness,products,30,True
harishyam.com,Home & Decor,Art & Craft,0.73,Religious & Pooja,products,30,False
harissonsbags.com,Bags & Luggage,Bags & Luggage,0.93,Sports & Fitness,products,30,True
harivubooks.com,Books & Stationery,Books & Stationery,0.4,Jewellery & Accessories,products,30,True
haroldelectricals.com,Home & Decor,Home & Decor,0.4,Jewellery & Accessories,products,30,True
haryali.co.in,Plants & Gardening,Religious & Pooja,0.27,Baby & Kids,products,30,False
hasanoud.com,Beauty & Personal Care,Religious & Pooja,0.25,Gifts & Hampers,products,12,False
hashboosh.com,Apparel & Fashion,Apparel & Fashion,0.67,Home & Decor,products,30,True
hashtageyewears.com,Jewellery & Accessories,Jewellery & Accessories,0.3,Apparel & Fashion,products,30,True
hashway.in,Apparel & Fashion,Apparel & Fashion,0.87,Gifts & Hampers,products,30,True
hashwear.in,Apparel & Fashion,Apparel & Fashion,0.47,Kitchen & Dining,products,30,True
hasthip.com,Bags & Luggage,Bags & Luggage,0.17,Jewellery & Accessories,products,30,True
hathkidori.in,Jewellery & Accessories,Jewellery & Accessories,0.53,Religious & Pooja,products,30,True
hausandkinder.com,Home & Decor,Home & Decor,0.6,Baby & Kids,products,30,True
havein.in,Electronics & Gadgets,Electronics & Gadgets,0.75,Jewellery & Accessories,products,28,True
havochobby.in,Electronics & Gadgets,Art & Craft,0.33,Bags & Luggage,products,30,False
hayagrivassilkhouse.com,Apparel & Fashion,Apparel & Fashion,0.7,Religious & Pooja,products,30,True
hayatslucknowi.com,Apparel & Fashion (Women),Apparel & Fashion,0.93,Religious & Pooja,products,30,True
hayclothing.in,Apparel & Fashion,Apparel & Fashion,0.9,Gifts & Hampers,products,30,True
hayyan.in,Food & Beverages,Food & Beverages,0.53,Health & Wellness,products,30,True
hazelkitchenware.com,Kitchen & Dining,Kitchen & Dining,0.93,Food & Beverages,products,30,True
headfox.in,Automotive,Automotive,0.93,Electronics & Gadgets,products,29,True
headphonezone.in,Electronics & Gadgets,Electronics & Gadgets,0.87,Toys & Games,products,30,True
headsupfortails.com,Pet Supplies,Food & Beverages,0.57,Pet Supplies,products,30,False
healeo.in,Health & Wellness,Health & Wellness,0.73,Food & Beverages,products,30,True
healingpharmaonline.com,Health & Wellness,Health & Wellness,0.54,Beauty & Personal Care,products,28,True
healthfab.in,Apparel & Fashion,Baby & Kids,0.71,Beauty & Personal Care,products,17,False
healthstores.in,Beauty & Personal Care,Health & Wellness,0.4,Beauty & Personal Care,products,15,False
healthvana.store,Health & Wellness,Footwear,0.38,Health & Wellness,products,8,False
healthyhey.com,Health & Wellness,Health & Wellness,0.93,Food & Beverages,products,29,True
healthymaster.in,Food & Beverages,Food & Beverages,0.67,Gifts & Hampers,products,30,True
healthymithai.co,Food & Beverages,Food & Beverages,0.81,Religious & Pooja,products,21,True
heavenduft.in,Beauty & Personal Care,Religious & Pooja,0.59,Food & Beverages,products,29,False
heavenmagic.com,Beauty & Personal Care,Beauty & Personal Care,0.75,Health & Wellness,products,12,True
heelium.in,Apparel & Fashion,Footwear,0.87,Baby & Kids,products,30,False
heelsindia.com,Footwear,Footwear,1.0,,products,30,True
heganwalk.com,Apparel & Fashion (Men),Apparel & Fashion,0.63,Footwear,products,30,True
hektor.in,Apparel & Fashion (Men),Apparel & Fashion,0.7,Sports & Fitness,products,30,True
heliosindia.com,Footwear,Footwear,0.75,Baby & Kids,products,28,True
helix-watches.com,Jewellery & Accessories,Jewellery & Accessories,1.0,,products,30,True
helloedc.com,Jewellery & Accessories,Jewellery & Accessories,0.4,Sports & Fitness,products,30,True
hellokidology.in,Toys & Games,Toys & Games,0.53,Gifts & Hampers,products,30,True
hellopixel.shop,Electronics & Gadgets,Electronics & Gadgets,0.45,Jewellery & Accessories,products,29,True
helmetwala.com,Automotive,Automotive,0.63,Footwear,products,30,True
helpinghands.jewelry,Jewellery & Accessories,Jewellery & Accessories,0.63,Gifts & Hampers,products,30,True
hemaskitchenfoods.com,Food & Beverages,Religious & Pooja,0.47,Food & Beverages,products,30,False
hemisphere.co.in,Jewellery & Accessories,Apparel & Fashion,0.27,Footwear,products,30,False
herbalcure.com.co,Health & Wellness,Health & Wellness,0.74,Food & Beverages,products,27,True
herbalcure.net,Health & Wellness,Health & Wellness,0.83,Religious & Pooja,products,6,True
herbalcure.online,Health & Wellness,Health & Wellness,0.8,Food & Beverages,products,5,True
herbalcure.shop,Health & Wellness,Health & Wellness,0.81,Beauty & Personal Care,products,27,True
herbalmax.in,Health & Wellness,Health & Wellness,0.87,Beauty & Personal Care,products,30,True
herbalmaza.com,Health & Wellness,Health & Wellness,0.83,Food & Beverages,products,30,True
herbalme.in,Beauty & Personal Care,Beauty & Personal Care,0.53,Health & Wellness,products,30,True
herbicas.com,Beauty & Personal Care,Health & Wellness,0.75,Plants & Gardening,products,12,False
herbsasia.in,Beauty & Personal Care,Health & Wellness,1.0,,products,1,False
herbspro.in,Health & Wellness,Health & Wellness,0.53,Food & Beverages,products,30,True
heritagehuesbyritika.com,Apparel & Fashion,Apparel & Fashion,0.93,Religious & Pooja,products,30,True
heritageofficial.com,Apparel & Fashion (Men),Apparel & Fashion,0.93,Sports & Fitness,products,30,True
heritagepanjab.com,Jewellery & Accessories,Religious & Pooja,0.6,Art & Craft,products,30,False
heritagewear.in,Apparel & Fashion (Women),Apparel & Fashion,0.97,Home & Decor,products,30,True
herolectro.com,Automotive,Automotive,0.55,Bags & Luggage,products,22,True
hexafunstyles.com,Bags & Luggage,Gifts & Hampers,0.4,Bags & Luggage,products,30,False
heybuyers.in,Kitchen & Dining,Kitchen & Dining,0.23,Books & Stationery,products,30,True
heyshopper.in,Kitchen & Dining,Kitchen & Dining,0.4,Gifts & Hampers,products,30,True
hfnlife.com,Books & Stationery,Books & Stationery,0.3,Religious & Pooja,products,30,True
hibiscusmonkey.com,Beauty & Personal Care,Beauty & Personal Care,0.4,Baby & Kids,products,30,True
hicare.in,Other,Home & Decor,0.31,Baby & Kids,products,16,False
hidesign.com,Bags & Luggage,Bags & Luggage,0.47,Footwear,products,30,True
hiffin.in,Apparel & Fashion,Electronics & Gadgets,0.3,Religious & Pooja,products,30,False
hifibyhibafazi.com,Apparel & Fashion (Women),Footwear,0.5,Apparel & Fashion,products,30,False
highgeartoys.com,Automotive,Automotive,0.67,Home & Decor,products,30,True
highsparksilver.com,Jewellery & Accessories,Jewellery & Accessories,0.93,Religious & Pooja,products,30,True
hijabcurl.in,Apparel & Fashion,Apparel & Fashion,0.73,Kitchen & Dining,products,30,True
hijabstories.in,Beauty & Personal Care,Apparel & Fashion,0.73,Footwear,products,30,False
hilaryrhoda.in,Beauty & Personal Care,Beauty & Personal Care,0.5,Footwear,products,30,True
himalayarudraksh.online,Jewellery & Accessories,Jewellery & Accessories,1.0,,products,30,True
himalayawellness.in,Beauty & Personal Care,Beauty & Personal Care,0.4,Baby & Kids,products,30,True
himsrot.com,Food & Beverages,Food & Beverages,0.9,Religious & Pooja,products,30,True
hindmart.shop,Kitchen & Dining,Footwear,0.55,Plants & Gardening,products,11,False
hintworld.com,Apparel & Fashion,Apparel & Fashion,0.87,Gifts & Hampers,products,30,True
hiphopstore.in,Jewellery & Accessories,Footwear,0.37,Automotive,products,30,False
hirafragrances.com,Gifts & Hampers,Gifts & Hampers,0.48,Jewellery & Accessories,products,25,True
hirajewellery.com,Jewellery & Accessories,Jewellery & Accessories,0.9,Gifts & Hampers,products,30,True
hirawatsonline.com,Health & Wellness,Apparel & Fashion,0.53,Beauty & Personal Care,products,30,False
hitechxyz.in,Other,Sports & Fitness,0.73,Jewellery & Accessories,products,30,False
hithawellness.com,Kitchen & Dining,Kitchen & Dining,0.53,Religious & Pooja,products,30,True
hittersports.in,Sports & Fitness,Sports & Fitness,0.47,Art & Craft,products,30,True
hitz.co.in,Footwear,Footwear,0.97,Bags & Luggage,products,30,True
hivagi.in,Electronics & Gadgets,Electronics & Gadgets,0.36,Art & Craft,products,28,True
hjgstore.com,Electronics & Gadgets,Art & Craft,0.53,Automotive,products,30,False
hkrhijabs.com,Bags & Luggage,Footwear,0.43,Jewellery & Accessories,products,30,False
hmrhandlooms.com,Apparel & Fashion,Apparel & Fashion,0.5,Food & Beverages,products,30,True
hobbycorner.in,Other,Religious & Pooja,0.37,Gifts & Hampers,products,30,False
hobbyshoppy.in,Health & Wellness,Automotive,0.57,Footwear,products,30,False
hocheparis.in,Bags & Luggage,Bags & Luggage,0.83,Jewellery & Accessories,products,30,True
hokipo.in,Food & Beverages,Home & Decor,1.0,,products,30,False
hokmakeup.com,Beauty & Personal Care,Beauty & Personal Care,0.5,Health & Wellness,products,30,True
holyheaden.in,Automotive,Apparel & Fashion,0.23,Footwear,products,30,False
homeasthetics.in,Kitchen & Dining,Kitchen & Dining,0.2,Bags & Luggage,products,30,True
homebakersmart.co.in,Food & Beverages,Gifts & Hampers,0.53,Food & Beverages,products,30,False
homeblendcoffee.com,Food & Beverages,Footwear,0.53,Food & Beverages,products,30,False
homecanvas.com,Home & Decor,Home & Decor,0.5,Religious & Pooja,products,30,True
homedecorcompany.in,Home & Decor,Home & Decor,0.77,Jewellery & Accessories,products,30,True
homedekar.com,Plants & Gardening,Plants & Gardening,0.4,Food & Beverages,products,30,True
homeessentials.in,Kitchen & Dining,Kitchen & Dining,0.37,Bags & Luggage,products,30,True
homeessentiials.co.in,Plants & Gardening,Footwear,0.38,Art & Craft,products,8,False
homefoil.com,Kitchen & Dining,Books & Stationery,0.41,Kitchen & Dining,products,29,False
homeguardx.in,Apparel & Fashion,Beauty & Personal Care,0.17,Kitchen & Dining,products,24,False
homehop.in,Plants & Gardening,Plants & Gardening,0.6,Religious & Pooja,products,30,True
homelycarts.in,Toys & Games,Bags & Luggage,0.5,Toys & Games,products,4,False
homelyfeelgardens.com,Plants & Gardening,Food & Beverages,0.43,Plants & Gardening,products,30,False
homemonde.in,Home & Decor,Home & Decor,0.37,Gifts & Hampers,products,30,True
homeomart.com,Health & Wellness,Health & Wellness,0.83,Food & Beverages,products,30,True
homero.in,Kitchen & Dining,Kitchen & Dining,0.33,Gifts & Hampers,products,30,True
homestrap.com,Bags & Luggage,Bags & Luggage,0.23,Kitchen & Dining,products,30,True
hometheatreexperts.in,Electronics & Gadgets,Electronics & Gadgets,0.47,Footwear,products,30,True
hometown.in,Home & Decor,Home & Decor,0.4,Art & Craft,products,30,True
homeva.store,Beauty & Personal Care,Baby & Kids,0.43,Plants & Gardening,products,7,False
homeycrochett.com,Home & Decor,Home & Decor,0.3,Gifts & Hampers,products,30,True
homfert.com,Plants & Gardening,Plants & Gardening,0.5,Health & Wellness,products,10,True
homica.in,Beauty & Personal Care,Health & Wellness,0.38,Footwear,products,29,False
homiques.shop,Other,Health & Wellness,0.25,Art & Craft,products,4,False
homizi.shop,Plants & Gardening,Plants & Gardening,0.75,Health & Wellness,products,4,True
honasa.in,Other,Beauty & Personal Care,1.0,,products,1,False
honestdeals.store,Beauty & Personal Care,Health & Wellness,0.4,Baby & Kids,products,30,False
honeyandspice.in,Food & Beverages,Food & Beverages,0.53,Religious & Pooja,products,30,True
honeynbeaute.com,Beauty & Personal Care,Beauty & Personal Care,0.8,Baby & Kids,products,30,True
honeyveda.in,Food & Beverages,Food & Beverages,0.91,Gifts & Hampers,products,11,True
hoomify.in,Beauty & Personal Care,Beauty & Personal Care,0.5,Art & Craft,products,4,True
hoophello.com,Health & Wellness,Health & Wellness,0.56,Sports & Fitness,products,25,True
hophead.co.in,Apparel & Fashion (Men),Apparel & Fashion,0.57,Footwear,products,30,True
hopknock.com,Jewellery & Accessories,Jewellery & Accessories,0.8,Sports & Fitness,products,30,True
horlicks.in,Health & Wellness,Food & Beverages,0.67,Health & Wellness,products,30,False
hotgadget.in,Jewellery & Accessories,Jewellery & Accessories,0.63,Electronics & Gadgets,products,30,True
hotheadscap.com,Other,Gifts & Hampers,0.57,Baby & Kids,products,30,False
housenama.com,Kitchen & Dining,Kitchen & Dining,0.5,Books & Stationery,products,30,True
houseofayuda.com,Apparel & Fashion,Apparel & Fashion,0.77,Health & Wellness,products,30,True
houseofbeautyindia.com,Beauty & Personal Care,Beauty & Personal Care,0.87,Gifts & Hampers,products,30,True
houseofceramics.in,Kitchen & Dining,Kitchen & Dining,0.7,Food & Beverages,products,30,True
houseofchikankari.in,Apparel & Fashion (Women),Apparel & Fashion,0.83,Religious & Pooja,products,29,True
houseofcomfort.in,Apparel & Fashion (Women),Gifts & Hampers,0.37,Apparel & Fashion,products,30,False
houseofekam.com,Home & Decor,Home & Decor,0.43,Art & Craft,products,30,True
houseofem5.com,Home & Decor,Beauty & Personal Care,0.4,Apparel & Fashion,products,30,False
houseofgulab.com,Home & Decor,Gifts & Hampers,0.5,Home & Decor,products,30,False
houseofjamoti.com,Apparel & Fashion,Apparel & Fashion,0.6,Religious & Pooja,products,30,True
houseofkanzan.com,Beauty & Personal Care,Beauty & Personal Care,0.41,Footwear,products,27,True
houseofkari.in,Apparel & Fashion,Apparel & Fashion,0.63,Art & Craft,products,30,True
houseofkoala.com,Apparel & Fashion,Apparel & Fashion,0.97,Footwear,products,30,True
houseofmachines.in,Apparel & Fashion,Apparel & Fashion,0.76,Footwear,products,29,True
houseofmakeup.com,Beauty & Personal Care,Beauty & Personal Care,0.7,Footwear,products,30,True
houseofmangalam.com,Religious & Pooja,Food & Beverages,0.23,Beauty & Personal Care,products,30,False
houseofmanika.in,Jewellery & Accessories,Jewellery & Accessories,0.53,Religious & Pooja,products,30,True
houseofmannath.com,Apparel & Fashion,Apparel & Fashion,0.77,Religious & Pooja,products,30,True
houseofmasaba.com,Apparel & Fashion (Men),Apparel & Fashion,0.57,Religious & Pooja,products,30,True
houseofmoxa.in,Apparel & Fashion,Apparel & Fashion,0.77,Footwear,products,30,True
houseofniav.com,Apparel & Fashion,Apparel & Fashion,0.4,Religious & Pooja,products,30,True
houseofniraa.com,Apparel & Fashion (Women),Apparel & Fashion,0.83,Jewellery & Accessories,products,30,True
houseofpanchhi.com,Apparel & Fashion,Apparel & Fashion,1.0,,products,30,True
houseofparati.com,Jewellery & Accessories,Jewellery & Accessories,0.93,Religious & Pooja,products,30,True
houseofquadri.com,Jewellery & Accessories,Jewellery & Accessories,0.87,Apparel & Fashion,products,30,True
houseofquirk.com,Toys & Games,Home & Decor,0.57,Bags & Luggage,products,30,False
houseofraadhvi.com,Apparel & Fashion,Apparel & Fashion,0.5,Religious & Pooja,products,30,True
houseofracket.in,Footwear,Bags & Luggage,0.5,Sports & Fitness,products,30,False
houseofsal.com,Apparel & Fashion,Apparel & Fashion,0.47,Footwear,products,30,True
houseofscreens.in,Apparel & Fashion,Footwear,0.5,Sports & Fitness,products,30,False
houseofsilks.in,Apparel & Fashion,Apparel & Fashion,0.53,Religious & Pooja,products,30,True
houseofsuhi.com,Apparel & Fashion,Religious & Pooja,0.31,Food & Beverages,products,26,False
houseofsuniyara.com,Jewellery & Accessories,Jewellery & Accessories,0.9,Footwear,products,30,True
houseofsurya.com,Apparel & Fashion,Apparel & Fashion,0.67,Religious & Pooja,products,30,True
houseofthansha.com,Apparel & Fashion,Apparel & Fashion,0.6,Art & Craft,products,30,True
houseofvardha.in,Apparel & Fashion,Apparel & Fashion,0.83,Religious & Pooja,products,30,True
houseofzelena.com,Apparel & Fashion (Women),Baby & Kids,0.53,Sports & Fitness,products,30,False
hoverpro.in,Automotive,Gifts & Hampers,0.33,Toys & Games,products,30,False
htexhaust.com,Automotive,Footwear,0.27,Automotive,products,30,False
htrzmodz.com,Automotive,Automotive,0.24,Bags & Luggage,products,29,True
huesfab.com,Apparel & Fashion,Apparel & Fashion,0.93,Art & Craft,products,30,True
huesstudio.in,Bags & Luggage,Bags & Luggage,0.37,Religious & Pooja,products,30,True
hugaplant.com,Plants & Gardening,Plants & Gardening,0.97,Food & Beverages,products,30,True
hulchaldecor.com,Home & Decor,Religious & Pooja,0.53,Home & Decor,products,30,False
hungrykoala.in,Food & Beverages,Food & Beverages,0.83,Gifts & Hampers,products,30,True
hurry2buy.com,Automotive,Health & Wellness,0.3,Footwear,products,30,False
huslelifestyle.com,Beauty & Personal Care,Electronics & Gadgets,0.6,Jewellery & Accessories,products,30,False
hustleculture.co.in,Sports & Fitness,Sports & Fitness,0.47,Footwear,products,30,True
hustlezy.com,Electronics & Gadgets,Footwear,0.4,Religious & Pooja,products,30,False
hutsandlooms.com,Apparel & Fashion,Apparel & Fashion,0.67,Footwear,products,30,True
hyara.in,Apparel & Fashion,Apparel & Fashion,0.97,Religious & Pooja,products,30,True
hypd.shop,Footwear,Footwear,0.3,Beauty & Personal Care,products,30,True
hypdsports.com,Apparel & Fashion,Sports & Fitness,0.53,Footwear,products,30,False
hyppy.in,Home & Decor,Home & Decor,0.37,Art & Craft,products,30,True
hyue.in,Beauty & Personal Care,Beauty & Personal Care,0.37,Footwear,products,30,True
hyvesports.com,Apparel & Fashion (Men),Apparel & Fashion,0.33,Gifts & Hampers,products,30,True
iafafurniture.com,Home & Decor,Footwear,0.83,Sports & Fitness,products,30,False
iamfit.club,Beauty & Personal Care,Beauty & Personal Care,0.37,Health & Wellness,products,30,True
iamsaltpetre.com,Apparel & Fashion (Women),Apparel & Fashion,0.77,Art & Craft,products,30,True
ibacosmetics.com,Beauty & Personal Care,Beauty & Personal Care,0.89,Health & Wellness,products,19,True
iball.co.in,Electronics & Gadgets,Art & Craft,0.43,Electronics & Gadgets,products,30,False
ibdmaphouse.com,Books & Stationery,Books & Stationery,0.47,Bags & Luggage,products,30,True
ibellstore.com,Kitchen & Dining,Kitchen & Dining,0.41,Sports & Fitness,products,29,True
ibelltools.com,Jewellery & Accessories,Art & Craft,0.28,Plants & Gardening,products,29,False
iberiaskinbrands.in,Beauty & Personal Care,Beauty & Personal Care,0.83,Health & Wellness,products,29,True
ibisfab.com,Apparel & Fashion,Apparel & Fashion,0.93,Jewellery & Accessories,products,30,True
iblamebeads.com,Jewellery & Accessories,Jewellery & Accessories,0.87,Gifts & Hampers,products,30,True
iconicindia.com,Apparel & Fashion (Men),Apparel & Fashion,0.83,Footwear,products,30,True
iconicmunk.com,Apparel & Fashion,Apparel & Fashion,0.53,Footwear,products,30,True
icrescent.in,Jewellery & Accessories,Electronics & Gadgets,0.5,Jewellery & Accessories,products,30,False
idaho-o.com,Apparel & Fashion,Apparel & Fashion,0.97,Jewellery & Accessories,products,30,True
idcult.com,Footwear,Footwear,1.0,,products,30,True
ideal3d.in,Electronics & Gadgets,Art & Craft,0.2,Electronics & Gadgets,products,30,False
idealinnerwear.in,Apparel & Fashion (Women),Footwear,0.37,Gifts & Hampers,products,30,False
idee-eyewear.com,Pet Supplies,Apparel & Fashion,0.77,Art & Craft,products,30,False
iffcourbangardens.com,Plants & Gardening,Plants & Gardening,0.43,Food & Beverages,products,30,True
iflexbtw.in,Apparel & Fashion,Apparel & Fashion,0.73,Gifts & Hampers,products,30,True
ihadesigns.in,Other,,0.0,,,0,False
ihtifal.in,Apparel & Fashion (Men),Apparel & Fashion,0.8,Jewellery & Accessories,products,30,True
ijuels.com,Baby & Kids,Religious & Pooja,0.83,Jewellery & Accessories,products,30,False
ikarihomes.com,Home & Decor,Home & Decor,0.67,Kitchen & Dining,products,30,True
ikiru.in,Religious & Pooja,Religious & Pooja,0.4,Gifts & Hampers,products,30,True
ikoho.in,Footwear,Footwear,1.0,,products,30,True
ikonicworld.com,Kitchen & Dining,Beauty & Personal Care,0.17,Sports & Fitness,products,30,False
iktara.co,Jewellery & Accessories,Jewellery & Accessories,0.43,Food & Beverages,products,30,True
ikyem.com,Bags & Luggage,Art & Craft,0.43,Gifts & Hampers,products,30,False
imagimake.com,Art & Craft,Toys & Games,0.37,Art & Craft,products,30,False
imagineonline.store,Jewellery & Accessories,Jewellery & Accessories,0.37,Beauty & Personal Care,products,30,True
impactmints.in,Gifts & Hampers,Food & Beverages,0.53,Gifts & Hampers,products,30,False
impakto.in,Footwear,Footwear,0.9,Apparel & Fashion,products,30,True
impexstore.com,Kitchen & Dining,Kitchen & Dining,0.83,Religious & Pooja,products,30,True
impressioncart.com,Kitchen & Dining,Gifts & Hampers,0.57,Bags & Luggage,products,30,False
inaboxstore.com,Toys & Games,Toys & Games,0.4,Gifts & Hampers,products,30,True
inart.co.in,Kitchen & Dining,Kitchen & Dining,0.4,Home & Decor,products,30,True
inc5shop.com,Footwear,Footwear,0.97,Apparel & Fashion,products,30,True
includ.com,Apparel & Fashion,Apparel & Fashion,0.77,Toys & Games,products,30,True
indclues.com,Electronics & Gadgets,Electronics & Gadgets,0.9,Bags & Luggage,products,30,True
indianartvilla.in,Kitchen & Dining,Kitchen & Dining,0.43,Art & Craft,products,30,True
indianelegance.in,Apparel & Fashion (Women),Apparel & Fashion,0.97,Art & Craft,products,30,True
indianhandloomsandtextile.com,Other,Art & Craft,0.73,Kitchen & Dining,products,30,False
indianhobbycenter.com,Books & Stationery,Books & Stationery,0.3,Religious & Pooja,products,30,True
indiansnackhouse.com,Food & Beverages,Food & Beverages,0.4,Religious & Pooja,products,30,True
indiansoccermart.in,Apparel & Fashion,Footwear,0.5,Gifts & Hampers,products,30,False
indianterrain.com,Apparel & Fashion (Men),Apparel & Fashion,0.8,Footwear,products,30,True
indianwalker.in,Electronics & Gadgets,Footwear,0.58,Automotive,products,12,False
indianweddingoutfit.com,Apparel & Fashion (Women),Apparel & Fashion,1.0,,products,30,True
indiclub.shop,Apparel & Fashion (Men),Apparel & Fashion,1.0,,products,30,True
indicrest.com,Health & Wellness,Beauty & Personal Care,0.73,Food & Beverages,products,30,False
indoera.in,Apparel & Fashion (Women),Apparel & Fashion,1.0,,products,30,True
indokraft.in,Home & Decor,Art & Craft,0.73,Plants & Gardening,products,30,False
indranilife.in,Apparel & Fashion (Women),Apparel & Fashion,0.9,Art & Craft,products,30,True
indygood.com,Food & Beverages,Food & Beverages,0.57,Gifts & Hampers,products,30,True
infinixmobiles.in,Electronics & Gadgets,Electronics & Gadgets,0.87,Health & Wellness,products,30,True
inkarto.com,Books & Stationery,Art & Craft,0.48,Books & Stationery,products,27,False
inkbolt.in,Religious & Pooja,Apparel & Fashion,0.33,Religious & Pooja,products,30,False
inkhub.in,Religious & Pooja,Religious & Pooja,0.2,Bags & Luggage,products,30,True
inkocean.in,Electronics & Gadgets,Electronics & Gadgets,0.69,Art & Craft,products,29,True
inkup.co.in,Art & Craft,Apparel & Fashion,0.5,Religious & Pooja,products,30,False
innovist.com,Beauty & Personal Care,Beauty & Personal Care,0.69,Health & Wellness,products,29,True
insaraf.com,Home & Decor,Kitchen & Dining,0.47,Home & Decor,products,30,False
insectfreeindia.com,Health & Wellness,Health & Wellness,0.5,Plants & Gardening,products,8,True
insightcosmetics.in,Beauty & Personal Care,Beauty & Personal Care,0.83,Food & Beverages,products,30,True
insta360india.com,Electronics & Gadgets,Electronics & Gadgets,0.37,Automotive,products,30,True
instacuppastore.com,Kitchen & Dining,Kitchen & Dining,0.59,Electronics & Gadgets,products,29,True
instafabplus.com,Apparel & Fashion (Men),Apparel & Fashion,0.83,Footwear,products,30,True
instax.in,Electronics & Gadgets,Electronics & Gadgets,0.23,Gifts & Hampers,products,30,True
instore.co.in,Apparel & Fashion,Apparel & Fashion,0.9,Kitchen & Dining,products,30,True
internetfinds.in,Kitchen & Dining,Kitchen & Dining,0.33,Home & Decor,products,30,True
intex.in,Electronics & Gadgets,Electronics & Gadgets,0.53,Bags & Luggage,products,30,True
intifashions.com,Apparel & Fashion,Apparel & Fashion,0.6,Kitchen & Dining,products,30,True
inventaa.in,Electronics & Gadgets,Religious & Pooja,0.57,Plants & Gardening,products,30,False
invogue.shop,Apparel & Fashion,Sports & Fitness,0.42,Baby & Kids,products,19,False
invoguish.in,Bags & Luggage,Bags & Luggage,0.9,Pet Supplies,products,30,True
involveyoursenses.com,Beauty & Personal Care,Beauty & Personal Care,0.27,Art & Craft,products,30,True
inweaveindia.com,Apparel & Fashion,Apparel & Fashion,0.83,Religious & Pooja,products,30,True
iplanet.one,Jewellery & Accessories,Jewellery & Accessories,0.6,Beauty & Personal Care,products,30,True
irasoles.com,Footwear,Footwear,0.93,Apparel & Fashion,products,30,True
isopureprotein.co.in,Health & Wellness,Health & Wellness,0.84,Food & Beverages,products,25,True
italianshoescompany.com,Bags & Luggage,Footwear,0.38,Bags & Luggage,products,29,False
italianvega.com,Apparel & Fashion,Apparel & Fashion,0.77,Footwear,products,30,True
itisaaj.in,Jewellery & Accessories,Jewellery & Accessories,0.83,Religious & Pooja,products,30,True
itokri.com,Apparel & Fashion,Apparel & Fashion,1.0,,products,30,True
itsfun.in,Automotive,Automotive,0.93,Bags & Luggage,products,30,True
itsheart.co,Plants & Gardening,Plants & Gardening,0.44,Beauty & Personal Care,products,9,True
itsybitsy.in,Toys & Games,Art & Craft,0.63,Toys & Games,products,30,False
ivalinmabia.com,Apparel & Fashion,Apparel & Fashion,0.7,Religious & Pooja,products,30,True
ivanajewels.com,Jewellery & Accessories,Jewellery & Accessories,1.0,,products,30,True
ivorynatural.com,Beauty & Personal Care,Beauty & Personal Care,0.72,Health & Wellness,products,29,True
iyarkai.shop,Food & Beverages,Beauty & Personal Care,0.37,Health & Wellness,products,30,False
iyka.co.in,Apparel & Fashion,Apparel & Fashion,0.6,Religious & Pooja,products,30,True
izicart.com,Electronics & Gadgets,Sports & Fitness,0.5,Electronics & Gadgets,products,6,False
jabsons.com,Food & Beverages,Food & Beverages,0.57,Religious & Pooja,products,30,True
jackjones.in,Apparel & Fashion,Apparel & Fashion,0.77,Footwear,products,30,True
jadeblue.com,Apparel & Fashion,Apparel & Fashion,0.97,Footwear,products,30,True
jagdishfarshan.com,Food & Beverages,Food & Beverages,0.67,Religious & Pooja,products,30,True
jaibros.com,Art & Craft,Bags & Luggage,0.37,Art & Craft,products,30,False
jaihindnursery.in,Plants & Gardening,Plants & Gardening,0.73,Footwear,products,30,True
jaimantoys.com,Toys & Games,Toys & Games,0.33,Automotive,products,30,True
jaipur.watch,Jewellery & Accessories,Religious & Pooja,0.57,Jewellery & Accessories,products,30,False
jaipurbazar.in,Apparel & Fashion,Art & Craft,0.93,Home & Decor,products,30,False
jaipurfabric.com,Home & Decor,Home & Decor,0.53,Gifts & Hampers,products,30,True
jaipuricrown.com,Apparel & Fashion (Men),Apparel & Fashion,0.67,Religious & Pooja,products,30,True
jaipuristitch.com,Apparel & Fashion (Men),Apparel & Fashion,0.93,Footwear,products,30,True
jaipurkurti.com,Apparel & Fashion (Women),Apparel & Fashion,1.0,,products,30,True
janasya.com,Apparel & Fashion (Women),Apparel & Fashion,0.6,Baby & Kids,products,30,True
janswasthyavitran.com,Other,Health & Wellness,1.0,,tagline,1,False
janvikaa.com,Apparel & Fashion,Apparel & Fashion,0.29,Religious & Pooja,products,24,True
japam.in,Jewellery & Accessories,Jewellery & Accessories,0.5,Religious & Pooja,products,30,True
jerseycrest.shop,Other,Footwear,0.37,Apparel & Fashion,products,30,False
jerseyvault.in,Pet Supplies,Apparel & Fashion,0.37,Footwear,products,30,False
jewelemarket.com,Jewellery & Accessories,Jewellery & Accessories,0.9,Sports & Fitness,products,30,True
jewellerybucket.com,Jewellery & Accessories,Jewellery & Accessories,0.87,Kitchen & Dining,products,30,True
jewellerykhazana.com,Jewellery & Accessories,Jewellery & Accessories,0.8,Religious & Pooja,products,30,True
jewelove.in,Jewellery & Accessories,Jewellery & Accessories,1.0,,products,30,True
jewelpanda.in,Jewellery & Accessories,Jewellery & Accessories,0.77,Plants & Gardening,products,30,True
jewelsmars.com,Jewellery & Accessories,Jewellery & Accessories,0.97,Gifts & Hampers,products,30,True
jeyachandran.com,Apparel & Fashion (Women),Apparel & Fashion,1.0,,products,30,True
jhajistore.com,Food & Beverages,Food & Beverages,0.92,Religious & Pooja,products,25,True
jisora.com,Apparel & Fashion,Apparel & Fashion,0.97,Baby & Kids,products,30,True
jmlooks.com,Footwear,Footwear,0.8,Apparel & Fashion,products,30,True
jnorss.in,Apparel & Fashion,Apparel & Fashion,0.57,Jewellery & Accessories,products,30,True
jockey.in,Apparel & Fashion (Men),Apparel & Fashion,0.87,Footwear,products,30,True
johnellies.in,Apparel & Fashion (Men),Apparel & Fashion,0.97,Baby & Kids,products,30,True
jokerandwitch.com,Jewellery & Accessories,Jewellery & Accessories,0.8,Gifts & Hampers,products,30,True
jompers.com,Apparel & Fashion (Men),Apparel & Fashion,0.97,Art & Craft,products,30,True
joola.in,Apparel & Fashion (Women),Sports & Fitness,0.33,Bags & Luggage,products,30,False
joozowear.com,Apparel & Fashion,Apparel & Fashion,0.9,Kitchen & Dining,products,30,True
jovees.com,Beauty & Personal Care,Beauty & Personal Care,0.83,Health & Wellness,products,30,True
joymolcouture.in,Apparel & Fashion,Footwear,0.7,Gifts & Hampers,products,30,False
joypersonalcare.com,Beauty & Personal Care,Beauty & Personal Care,0.9,Health & Wellness,products,30,True
jpttools.com,Automotive,Automotive,0.18,Art & Craft,products,28,True
jsbhealthcare.co.in,Health & Wellness,Sports & Fitness,0.73,Footwear,products,30,False
jskindia.shop,Plants & Gardening,Baby & Kids,0.28,Beauty & Personal Care,products,29,False
jsphandlooms.com,Apparel & Fashion,Religious & Pooja,0.7,Food & Beverages,products,30,False
juicychemistry.com,Plants & Gardening,Health & Wellness,0.48,Beauty & Personal Care,products,27,False
jumkey.com,Jewellery & Accessories,Jewellery & Accessories,1.0,,products,30,True
juneberry.co.in,Apparel & Fashion,Apparel & Fashion,0.7,Footwear,products,30,True
juneberrycollections.in,Apparel & Fashion,Apparel & Fashion,0.8,Kitchen & Dining,products,30,True
justandbest.com,Electronics & Gadgets,Jewellery & Accessories,0.52,Electronics & Gadgets,products,25,False
justcraftit.in,Art & Craft,Jewellery & Accessories,0.43,Plants & Gardening,products,30,False
justherbs.in,Beauty & Personal Care,Beauty & Personal Care,0.43,Health & Wellness,products,30,True
justintime.in,Jewellery & Accessories,Jewellery & Accessories,0.77,Kitchen & Dining,products,30,True
justlilthings.in,Jewellery & Accessories,Jewellery & Accessories,1.0,,products,30,True
justwatches.com,Jewellery & Accessories,Jewellery & Accessories,0.87,Sports & Fitness,products,30,True
justwowfactory.com,Jewellery & Accessories,Jewellery & Accessories,0.87,Religious & Pooja,products,30,True
jvlclassicware.com,Kitchen & Dining,Kitchen & Dining,0.73,Gifts & Hampers,products,30,True
jyno.store,Jewellery & Accessories,Baby & Kids,0.26,Art & Craft,products,23,False
jyotisarees.com,Apparel & Fashion,Apparel & Fashion,0.97,Art & Craft,products,30,True
k9kicks.com,Food & Beverages,Footwear,0.4,Apparel & Fashion,products,30,False
kaashnii.com,Jewellery & Accessories,Jewellery & Accessories,0.93,Religious & Pooja,products,30,True
kaavyam.in,Apparel & Fashion,Apparel & Fashion,0.87,Religious & Pooja,products,30,True
kaff.in,Kitchen & Dining,Kitchen & Dining,1.0,,tagline,1,True
kaftanize.com,Apparel & Fashion,Apparel & Fashion,0.9,Kitchen & Dining,products,30,True
kaira.in,Apparel & Fashion,Apparel & Fashion,0.83,Art & Craft,products,30,True
kalamandir.com,Apparel & Fashion,Apparel & Fashion,1.0,,products,30,True
kalanjali.com,Apparel & Fashion (Women),Apparel & Fashion,0.67,Religious & Pooja,products,30,True
kalawatches.com,Apparel & Fashion,Art & Craft,0.4,Apparel & Fashion,products,30,False
kalmkari.in,Apparel & Fashion,Apparel & Fashion,0.4,Art & Craft,products,30,True
kalpraag.com,Apparel & Fashion,Apparel & Fashion,0.93,Kitchen & Dining,products,30,True
kalyanastrogems.com,Religious & Pooja,Religious & Pooja,0.68,Jewellery & Accessories,products,28,True
kalyaniinnerwear.com,Apparel & Fashion (Women),Apparel & Fashion,0.53,Footwear,products,30,True
kalyanijewelery.com,Jewellery & Accessories,Jewellery & Accessories,0.7,Home & Decor,products,30,True
kalyansilks.com,Apparel & Fashion (Women),Apparel & Fashion,0.47,Religious & Pooja,products,30,True
kameez.co,Apparel & Fashion,Apparel & Fashion,0.9,Religious & Pooja,products,30,True
kanakadurgacollections.com,Apparel & Fashion,Apparel & Fashion,0.3,Footwear,products,30,True
kanhacollection.co.in,Jewellery & Accessories,Footwear,0.63,Gifts & Hampers,products,30,False
kanhahouse.in,Apparel & Fashion,Religious & Pooja,1.0,,products,30,False
kankanam.net,Jewellery & Accessories,Jewellery & Accessories,0.7,Religious & Pooja,products,30,True
kankatala.com,Apparel & Fashion,Apparel & Fashion,0.93,Religious & Pooja,products,30,True
kantagiri.com,Apparel & Fashion,Apparel & Fashion,0.8,Art & Craft,products,30,True
kapaver.com,Electronics & Gadgets,Electronics & Gadgets,0.63,Beauty & Personal Care,products,30,True
kapes-shop.co,Kitchen & Dining,Beauty & Personal Care,0.18,Art & Craft,products,28,False
karagiri.com,Apparel & Fashion,Apparel & Fashion,1.0,,products,30,True
karajjaipur.com,Apparel & Fashion,Apparel & Fashion,0.8,Religious & Pooja,products,30,True
karban.in,Gifts & Hampers,Automotive,0.33,Beauty & Personal Care,products,9,False
karissakart.com,Beauty & Personal Care,Beauty & Personal Care,0.63,Health & Wellness,products,30,True
karizmajewels.in,Jewellery & Accessories,Jewellery & Accessories,1.0,,products,30,True
karlaaflames.com,Home & Decor,Jewellery & Accessories,0.27,Religious & Pooja,products,30,False
karmikh.com,Baby & Kids,Baby & Kids,0.97,Apparel & Fashion,products,30,True
karuvadukadai.com,Food & Beverages,Kitchen & Dining,0.47,Religious & Pooja,products,30,False
kashmirbox.com,Apparel & Fashion (Women),Apparel & Fashion,0.83,Footwear,products,30,True
kasutam.com,Food & Beverages,Food & Beverages,0.9,Health & Wellness,products,30,True
kattam.in,Jewellery & Accessories,Jewellery & Accessories,0.73,Bags & Luggage,products,30,True
katyayanikrishidirect.com,Plants & Gardening,Religious & Pooja,0.53,Plants & Gardening,products,30,False
kaushalyaartjewellery.com,Jewellery & Accessories,Jewellery & Accessories,0.63,Religious & Pooja,products,30,True
kavyastyleplus.com,Apparel & Fashion,Apparel & Fashion,0.8,Footwear,products,30,True
kawaiistore.in,Bags & Luggage,Gifts & Hampers,0.28,Toys & Games,products,29,False
kayandquekids.com,Apparel & Fashion,Apparel & Fashion,0.53,Sports & Fitness,products,30,True
kayascience.com,Beauty & Personal Care,Beauty & Personal Care,0.9,Footwear,products,29,True
kaybeauty.com,Other,Gifts & Hampers,1.0,,tagline,1,False
kaysonindia.in,Toys & Games,Art & Craft,0.23,Home & Decor,products,30,False
kazeliving.com,Food & Beverages,Food & Beverages,0.4,Gifts & Hampers,products,30,True
kazo.com,Bags & Luggage,Bags & Luggage,1.0,,products,30,True
keerthifashionstore.com,Apparel & Fashion,Apparel & Fashion,0.63,Religious & Pooja,products,30,True
kenazperfumes.com,Beauty & Personal Care,Gifts & Hampers,0.45,Beauty & Personal Care,products,29,False
kenstar.in,Kitchen & Dining,Kitchen & Dining,0.4,Religious & Pooja,products,30,True
kent.co.in,Electronics & Gadgets,Home & Decor,0.27,Kitchen & Dining,products,30,False
keralaayurveda.com,Health & Wellness,Health & Wellness,0.4,Food & Beverages,products,30,True
keralacotton.com,Apparel & Fashion (Men),Apparel & Fashion,0.93,Baby & Kids,products,30,True
keshricart.myshopify.com,Health & Wellness,Health & Wellness,0.62,Beauty & Personal Care,products,8,True
keyaseth.com,Beauty & Personal Care,Beauty & Personal Care,0.65,Health & Wellness,products,26,True
keychron.in,Other,,0.0,,,0,False
keyzone.in,Gifts & Hampers,Footwear,0.43,Automotive,products,30,False
kezual.com,Apparel & Fashion,Apparel & Fashion,1.0,,products,30,True
kffindia.com,Beauty & Personal Care,Beauty & Personal Care,0.63,Food & Beverages,products,30,True
khaddarvas.com,Apparel & Fashion,Jewellery & Accessories,0.33,Apparel & Fashion,products,30,False
khadims.com,Footwear,Footwear,0.9,Sports & Fitness,products,30,True
khadinatural.com,Beauty & Personal Care,Beauty & Personal Care,0.6,Health & Wellness,products,30,True
khannagems.com,Jewellery & Accessories,Art & Craft,0.7,Jewellery & Accessories,products,30,False
kharrido.in,Electronics & Gadgets,Electronics & Gadgets,0.66,Bags & Luggage,products,29,True
khatricreations.com,Apparel & Fashion (Women),Apparel & Fashion,0.9,Religious & Pooja,products,30,True
khatrijamnadas.com,Apparel & Fashion,Religious & Pooja,0.5,Apparel & Fashion,products,30,False
khedutmahiti.com,Apparel & Fashion (Men),Apparel & Fashion,0.67,Footwear,products,30,True
khushbujewellers.com,Jewellery & Accessories,Religious & Pooja,0.57,Jewellery & Accessories,products,30,False
kickyandperky.com,Jewellery & Accessories,Jewellery & Accessories,0.6,Religious & Pooja,products,30,True
kiddikind.com,Food & Beverages,Food & Beverages,0.71,Jewellery & Accessories,products,21,True
killerjeans.com,Apparel & Fashion (Men),Apparel & Fashion,0.83,Footwear,products,30,True
kimirica.shop,Gifts & Hampers,Beauty & Personal Care,0.38,Gifts & Hampers,products,21,False
kimti.in,Jewellery & Accessories,Jewellery & Accessories,1.0,,products,30,True
kingdomofwhite.com,Apparel & Fashion,Apparel & Fashion,0.93,Footwear,products,30,True
kingofcards.in,Beauty & Personal Care,Gifts & Hampers,0.63,Religious & Pooja,products,30,False
kirobeauty.com,Beauty & Personal Care,Footwear,0.42,Beauty & Personal Care,products,26,False
kiruthikhaasboutique.com,Apparel & Fashion,Art & Craft,0.47,Apparel & Fashion,products,30,False
kisaansay.com,Food & Beverages,Food & Beverages,0.57,Religious & Pooja,products,30,True
kisah.in,Apparel & Fashion,Apparel & Fashion,0.57,Footwear,products,30,True
kitchenmart.co.in,Kitchen & Dining,Kitchen & Dining,0.53,Religious & Pooja,products,30,True
kitculture.in,Pet Supplies,Footwear,0.37,Apparel & Fashion,products,30,False
kitsguru.com,Electronics & Gadgets,Electronics & Gadgets,0.63,Beauty & Personal Care,products,30,True
klubfox.com,Apparel & Fashion,Apparel & Fashion,0.73,Footwear,products,30,True
knittinghappiness.com,Toys & Games,Home & Decor,0.37,Art & Craft,products,30,False
knyamed.com,Apparel & Fashion,Footwear,0.67,Art & Craft,products,30,False
kollercut.com,Apparel & Fashion,Apparel & Fashion,0.93,Food & Beverages,products,30,True
kompanero.in,Bags & Luggage,Bags & Luggage,0.3,Jewellery & Accessories,products,30,True
koparoclean.com,Pet Supplies,Baby & Kids,0.27,Beauty & Personal Care,products,30,False
koranm.com,Apparel & Fashion (Men),Apparel & Fashion,1.0,,products,30,True
koshielectronics.in,Electronics & Gadgets,Religious & Pooja,0.3,Electronics & Gadgets,products,30,False
kovaipattu.com,Apparel & Fashion,Apparel & Fashion,1.0,,products,30,True
kowf.in,Jewellery & Accessories,Jewellery & Accessories,0.57,Footwear,products,30,True
kozicarein.com,Beauty & Personal Care,Beauty & Personal Care,1.0,,products,29,True
krafthouseware.com,Kitchen & Dining,Kitchen & Dining,0.93,Gifts & Hampers,products,30,True
krausjeans.com,Apparel & Fashion,Apparel & Fashion,0.77,Bags & Luggage,products,30,True
kreo-tech.com,Electronics & Gadgets,Toys & Games,0.5,Electronics & Gadgets,products,30,False
krishibhandar.com,Plants & Gardening,Health & Wellness,0.55,Plants & Gardening,products,29,False
krishnaayurved.com,Health & Wellness,Health & Wellness,0.63,Food & Beverages,products,30,True
krishnajewellers.com,Jewellery & Accessories,Jewellery & Accessories,0.8,Home & Decor,products,30,True
krishnapearls.com,Jewellery & Accessories,Jewellery & Accessories,0.83,Religious & Pooja,products,30,True
krishnasaree.in,Apparel & Fashion,Apparel & Fashion,0.63,Art & Craft,products,30,True
krishnawatch.com,Jewellery & Accessories,Jewellery & Accessories,0.76,Sports & Fitness,products,29,True
krissnkross.com,Apparel & Fashion (Women),Apparel & Fashion,0.7,Jewellery & Accessories,products,30,True
kruthikajewellery.com,Jewellery & Accessories,Religious & Pooja,0.37,Jewellery & Accessories,products,30,False
kruthikastudio.com,Apparel & Fashion,Books & Stationery,0.63,Apparel & Fashion,products,30,False
krutico.com,Apparel & Fashion (Women),Apparel & Fashion,0.87,Religious & Pooja,products,30,True
krvvy.com,Apparel & Fashion,Footwear,0.35,Apparel & Fashion,products,23,False
krysstalindia.com,Kitchen & Dining,Kitchen & Dining,0.54,Art & Craft,products,28,True
kuddi.net,Apparel & Fashion,Apparel & Fashion,1.0,,products,30,True
kumaransilksonline.com,Apparel & Fashion,Apparel & Fashion,0.53,Religious & Pooja,products,30,True
kunjuvandi.in,Automotive,Automotive,0.53,Religious & Pooja,products,30,True
kurlon.com,Home & Decor,Baby & Kids,0.3,Footwear,products,30,False
kushals.com,Jewellery & Accessories,Jewellery & Accessories,0.67,Art & Craft,products,30,True
kuthampullysarees.com,Apparel & Fashion (Men),Apparel & Fashion,0.63,Religious & Pooja,products,30,True
kvsshopping.com,Apparel & Fashion,Apparel & Fashion,0.9,Religious & Pooja,products,30,True
kwesports.com,Baby & Kids,Sports & Fitness,0.9,Toys & Games,products,30,False
kyarafashion.com,Apparel & Fashion,Apparel & Fashion,0.87,Food & Beverages,products,30,True
kyaratoys.com,Toys & Games,Toys & Games,0.47,Automotive,products,30,True
kyari.co,Plants & Gardening,Plants & Gardening,0.73,Gifts & Hampers,products,30,True
kymee.in,Jewellery & Accessories,Jewellery & Accessories,1.0,,products,30,True
kyzo.in,Apparel & Fashion,Art & Craft,0.23,Apparel & Fashion,products,30,False
label-s4u.com,Apparel & Fashion (Women),Apparel & Fashion,0.63,Home & Decor,products,30,True
labelaarna.com,Apparel & Fashion (Women),Apparel & Fashion,0.97,Jewellery & Accessories,products,30,True
labelamrita.com,Apparel & Fashion,Apparel & Fashion,0.73,Religious & Pooja,products,30,True
labeldc.com,Apparel & Fashion,Apparel & Fashion,0.5,Religious & Pooja,products,30,True
labeldki.com,Apparel & Fashion,Religious & Pooja,0.3,Jewellery & Accessories,products,30,False
labelflavia.com,Apparel & Fashion (Women),Apparel & Fashion,0.97,Art & Craft,products,30,True
labelmadhurithakkar.com,Apparel & Fashion,Apparel & Fashion,0.57,Footwear,products,30,True
labelyara.com,Apparel & Fashion,Baby & Kids,0.47,Kitchen & Dining,products,30,False
lablerahulsingh.com,Apparel & Fashion (Men),Apparel & Fashion,1.0,,products,30,True
labradanutrition.in,Health & Wellness,Health & Wellness,0.7,Food & Beverages,products,30,True
lacesandfrills.in,Apparel & Fashion,Apparel & Fashion,0.63,Footwear,products,30,True
laellore.com,Bags & Luggage,Bags & Luggage,0.8,Jewellery & Accessories,products,30,True
laglits.com,Apparel & Fashion,Apparel & Fashion,0.9,Sports & Fitness,products,30,True
lagorii.com,Apparel & Fashion,Apparel & Fashion,0.83,Jewellery & Accessories,products,30,True
lajreedesigner.com,Apparel & Fashion,Apparel & Fashion,1.0,,products,30,True
lakkadhaara.com,Food & Beverages,Kitchen & Dining,0.48,Home & Decor,products,29,False
lakmeindia.com,Beauty & Personal Care,Beauty & Personal Care,0.7,Apparel & Fashion,products,30,True
lakmesalon.in,Beauty & Personal Care,Beauty & Personal Care,0.63,Art & Craft,products,30,True
lakshita.com,Apparel & Fashion,Apparel & Fashion,0.83,Jewellery & Accessories,products,30,True
lakshmiboutique.co.in,Apparel & Fashion,Apparel & Fashion,0.37,Religious & Pooja,products,30,True
lakshmikrishnanaturals.com,Food & Beverages,Health & Wellness,0.5,Beauty & Personal Care,products,30,False
lamansh.in,Gifts & Hampers,Religious & Pooja,0.3,Gifts & Hampers,products,30,False
lamior.com,Beauty & Personal Care,Beauty & Personal Care,0.97,Baby & Kids,products,30,True
languageshoes.com,Footwear,Footwear,0.73,Jewellery & Accessories,products,30,True
lapcare.com,Electronics & Gadgets,Electronics & Gadgets,0.77,Food & Beverages,products,30,True
lashkaraa.in,Apparel & Fashion,Apparel & Fashion,1.0,,products,30,True
lattafaindia.com,Gifts & Hampers,Religious & Pooja,0.43,Gifts & Hampers,products,30,False
lavanyathelabel.com,Apparel & Fashion,Apparel & Fashion,0.5,Religious & Pooja,products,30,True
lavieworld.com,Bags & Luggage,Bags & Luggage,0.93,Religious & Pooja,products,30,True
lavosperformance.com,Apparel & Fashion (Women),Apparel & Fashion,0.36,Sports & Fitness,products,28,True
laxmiflourmill.com,Food & Beverages,Kitchen & Dining,0.6,Art & Craft,products,30,False
laxmipati.com,Apparel & Fashion (Women),Apparel & Fashion,0.93,Food & Beverages,products,30,True
layaalankara.in,Jewellery & Accessories,Jewellery & Accessories,0.47,Religious & Pooja,products,30,True
layers.shop,Electronics & Gadgets,Apparel & Fashion,0.23,Electronics & Gadgets,products,30,False
lazostore.in,Apparel & Fashion,Apparel & Fashion,0.97,Footwear,products,30,True
leaclothingco.com,Apparel & Fashion,Apparel & Fashion,0.77,Footwear,products,30,True
leafstudios.in,Electronics & Gadgets,Plants & Gardening,0.53,Electronics & Gadgets,products,30,False
leafyaffair.com,Jewellery & Accessories,Jewellery & Accessories,0.37,Religious & Pooja,products,30,True
leefordortho.in,Sports & Fitness,Sports & Fitness,0.5,Footwear,products,30,True
leezus.com,Jewellery & Accessories,Gifts & Hampers,0.27,Religious & Pooja,products,30,False
legendoftoys.com,Automotive,Automotive,0.57,Art & Craft,products,30,True
legundary.com,Kitchen & Dining,Automotive,0.87,Bags & Luggage,products,30,False
lehengabazaar.co.in,Apparel & Fashion,Apparel & Fashion,0.67,Religious & Pooja,products,30,True
leheriya.com,Apparel & Fashion,Apparel & Fashion,1.0,,products,30,True
lemonlords.com,Apparel & Fashion,Footwear,0.73,Gifts & Hampers,products,30,False
lepakshigdk.com,Apparel & Fashion,Religious & Pooja,0.47,Apparel & Fashion,products,30,False
letrendz.in,Apparel & Fashion,Apparel & Fashion,0.57,Baby & Kids,products,30,True
letsbeco.com,Beauty & Personal Care,Beauty & Personal Care,0.23,Baby & Kids,products,30,True
letscurlup.com,Beauty & Personal Care,Beauty & Personal Care,0.64,Footwear,products,14,True
letsgearup.in,Automotive,Automotive,0.4,Footwear,products,30,True
letshyphen.com,Beauty & Personal Care,Beauty & Personal Care,0.57,Health & Wellness,products,30,True
levi.in,Apparel & Fashion,Apparel & Fashion,0.83,Footwear,products,30,True
liandli.in,Apparel & Fashion (Women),Apparel & Fashion,0.23,Footwear,products,30,True
libas.in,Apparel & Fashion,Home & Decor,0.97,Jewellery & Accessories,products,30,False
libertyshoesonline.com,Footwear,Footwear,1.0,,products,30,True
lifelongindiaonline.com,Electronics & Gadgets,Electronics & Gadgets,0.43,Sports & Fitness,products,30,True
lifencolors.in,Gifts & Hampers,Home & Decor,0.27,Art & Craft,products,30,False
lightyearshealth.com,Health & Wellness,Health & Wellness,0.89,Sports & Fitness,products,9,True
likenlike.in,Apparel & Fashion (Women),Apparel & Fashion,0.71,Footwear,products,28,True
likshaclothing.com,Apparel & Fashion,Apparel & Fashion,0.97,Jewellery & Accessories,products,30,True
liliyum.com,Gifts & Hampers,Kitchen & Dining,0.33,Toys & Games,products,30,False
limelightdiamonds.com,Jewellery & Accessories,Jewellery & Accessories,0.57,Religious & Pooja,products,30,True
linenstudio.in,Apparel & Fashion,Footwear,0.53,Apparel & Fashion,products,30,False
linentrail.com,Apparel & Fashion (Men),Apparel & Fashion,0.9,Baby & Kids,products,30,True
linkcart.in,Bags & Luggage,Bags & Luggage,0.37,Jewellery & Accessories,products,30,True
linoperros.com,Bags & Luggage,Footwear,0.89,Bags & Luggage,products,28,False
litemed.co.in,Other,Toys & Games,0.33,Health & Wellness,products,3,False
littleboxindia.com,Apparel & Fashion,Apparel & Fashion,0.57,Bags & Luggage,products,30,True
littlemindsatwork.in,Gifts & Hampers,Books & Stationery,0.27,Gifts & Hampers,products,30,False
littlemuffet.in,Apparel & Fashion,Apparel & Fashion,0.43,Footwear,products,30,True
livbright.in,Health & Wellness,Health & Wellness,0.47,Food & Beverages,products,30,True
livezykart.in,Books & Stationery,Bags & Luggage,0.2,Books & Stationery,products,30,False
livingshapes.in,Home & Decor,Home & Decor,0.83,Kitchen & Dining,products,30,True
livpure.com,Home & Decor,Bags & Luggage,0.27,Automotive,products,26,False
londoncotton.in,Apparel & Fashion (Men),Apparel & Fashion,1.0,,products,30,True
longwayindia.com,Kitchen & Dining,Jewellery & Accessories,0.34,Kitchen & Dining,products,29,False
loomandneedles.com,Home & Decor,Baby & Kids,0.3,Toys & Games,products,10,False
loomsandtassels.com,Apparel & Fashion,Apparel & Fashion,0.47,Religious & Pooja,products,30,True
loomslegacy.com,Apparel & Fashion,Apparel & Fashion,0.5,Home & Decor,products,30,True
loomsolar.com,Electronics & Gadgets,Gifts & Hampers,0.23,Art & Craft,products,30,False
lorazzo.com,Kitchen & Dining,Kitchen & Dining,0.37,Bags & Luggage,products,30,True
lostmybuds.com,Electronics & Gadgets,Electronics & Gadgets,1.0,,products,30,True
lottosport.in,Apparel & Fashion (Men),Footwear,0.57,Apparel & Fashion,products,30,False
lotus.in,Beauty & Personal Care,Beauty & Personal Care,0.72,Art & Craft,products,29,True
lovebeautyandplanet.in,Beauty & Personal Care,Beauty & Personal Care,0.73,Health & Wellness,products,30,True
lovechild.in,Gifts & Hampers,Gifts & Hampers,0.5,Beauty & Personal Care,products,30,True
lovedepot.com,Toys & Games,Gifts & Hampers,0.23,Toys & Games,products,30,False
lovedky.com,Apparel & Fashion,Apparel & Fashion,1.0,,products,30,True
lovegen.com,Apparel & Fashion,Apparel & Fashion,0.53,Footwear,products,30,True
lovely-cards.com,Books & Stationery,Books & Stationery,0.77,Kitchen & Dining,products,30,True
loveofindia.com,Health & Wellness,Health & Wellness,0.47,Food & Beverages,products,30,True
lovetc.com,Beauty & Personal Care,Footwear,0.38,Beauty & Personal Care,products,26,False
lovingcrafts.in,Gifts & Hampers,Gifts & Hampers,0.27,Art & Craft,products,30,True
lrlmotors.com,Bags & Luggage,Automotive,0.73,Bags & Luggage,products,30,False
ls2helmetsindia.com,Automotive,Automotive,0.37,Apparel & Fashion,products,30,True
lucienbags.com,Bags & Luggage,Bags & Luggage,0.53,Footwear,products,30,True
ludic.life,Apparel & Fashion,Art & Craft,0.27,Footwear,products,30,False
lukson.co,Jewellery & Accessories,Jewellery & Accessories,1.0,,products,30,True
lukzer.com,Apparel & Fashion,Bags & Luggage,0.4,Books & Stationery,products,30,False
luvlap.com,Baby & Kids,Baby & Kids,0.7,Toys & Games,products,30,True
lvl99.in,Jewellery & Accessories,Jewellery & Accessories,0.87,Gifts & Hampers,products,30,True
lzrus.in,Apparel & Fashion (Women),Apparel & Fashion,0.83,Footwear,products,30,True
maalank.com,Apparel & Fashion,Apparel & Fashion,0.7,Religious & Pooja,products,30,True
maatshi.com,Apparel & Fashion,Apparel & Fashion,0.97,Footwear,products,30,True
machki.com,Jewellery & Accessories,Jewellery & Accessories,1.0,,products,30,True
mackly.com,Apparel & Fashion,Bags & Luggage,0.4,Gifts & Hampers,products,30,False
macsjewelry.com,Jewellery & Accessories,Jewellery & Accessories,0.93,Religious & Pooja,products,30,True
madeforhers.in,Other,Gifts & Hampers,0.53,Religious & Pooja,products,30,False
madeinindiabeads.com,Art & Craft,Art & Craft,0.57,Jewellery & Accessories,products,30,True
madhurikaattires.com,Apparel & Fashion,Footwear,0.53,Apparel & Fashion,products,30,False
madhuryarakhi.com,Jewellery & Accessories,Religious & Pooja,0.5,Jewellery & Accessories,products,30,False
madminimalist.com,Apparel & Fashion,Apparel & Fashion,0.42,Baby & Kids,products,19,True
madraspropstore.com,Apparel & Fashion,Gifts & Hampers,0.23,Home & Decor,products,30,False
madrassarees.com,Apparel & Fashion,Apparel & Fashion,0.73,Religious & Pooja,products,30,True
magicneedles.in,Toys & Games,Art & Craft,0.67,Toys & Games,products,30,False
magnetclub.in,Apparel & Fashion,Apparel & Fashion,0.73,Footwear,products,30,True
mahajanelectronics.com,Electronics & Gadgets,Electronics & Gadgets,0.47,Kitchen & Dining,products,30,True
maharishiayurvedaindia.com,Health & Wellness,Religious & Pooja,0.5,Health & Wellness,products,30,False
mahavirs.com,Apparel & Fashion,Apparel & Fashion,0.87,Religious & Pooja,products,30,True
maheejaipur.com,Apparel & Fashion,Apparel & Fashion,0.97,Art & Craft,products,30,True
mahetri.in,Bags & Luggage,Bags & Luggage,0.67,Jewellery & Accessories,products,30,True
mahimamahajan.in,Apparel & Fashion,Gifts & Hampers,0.93,Religious & Pooja,products,30,False
mahina.co,Apparel & Fashion,Apparel & Fashion,0.28,Footwear,products,29,True
maishalifestyle.com,Bags & Luggage,Bags & Luggage,0.6,Religious & Pooja,products,30,True
maisonx.in,Apparel & Fashion,Home & Decor,1.0,,tagline,1,False
maitridesigns.in,Apparel & Fashion,Religious & Pooja,0.6,Apparel & Fashion,products,30,False
maizic.com,Electronics & Gadgets,Electronics & Gadgets,0.97,Toys & Games,products,30,True
majestronicz.in,Electronics & Gadgets,Electronics & Gadgets,0.27,Baby & Kids,products,30,True
makerbazar.in,Electronics & Gadgets,Electronics & Gadgets,0.5,Footwear,products,30,True
makezmia.com,Beauty & Personal Care,Beauty & Personal Care,0.6,Art & Craft,products,30,True
makoba.com,Books & Stationery,Books & Stationery,0.5,Electronics & Gadgets,products,30,True
malhaarlabel.com,Apparel & Fashion,Apparel & Fashion,0.57,Footwear,products,30,True
mamaearth.in,Beauty & Personal Care,Beauty & Personal Care,0.33,Health & Wellness,products,30,True
mamansh.com,Baby & Kids,Baby & Kids,0.9,Food & Beverages,products,10,True
managramasethu.in,Plants & Gardening,Plants & Gardening,0.64,Health & Wellness,products,14,True
manamchocolate.com,Kitchen & Dining,Food & Beverages,0.59,Gifts & Hampers,products,29,False
manetain.in,Beauty & Personal Care,Beauty & Personal Care,0.41,Baby & Kids,products,29,True
mangalamjewels.com,Jewellery & Accessories,Religious & Pooja,1.0,,products,2,False
maniaclife.com,Apparel & Fashion,Apparel & Fashion,0.67,Bags & Luggage,products,30,True
manirambalwantrai.com,Beauty & Personal Care,Beauty & Personal Care,0.43,Footwear,products,30,True
manishmalhotra.in,Apparel & Fashion,Apparel & Fashion,0.8,Jewellery & Accessories,products,30,True
manmandir.com,Apparel & Fashion,Apparel & Fashion,0.7,Art & Craft,products,30,True
mannatjewelz.in,Jewellery & Accessories,Jewellery & Accessories,0.6,Religious & Pooja,products,30,True
mantavya.co.in,Apparel & Fashion,Apparel & Fashion,0.33,Religious & Pooja,products,30,True
maplestore.in,Other,Electronics & Gadgets,0.97,Jewellery & Accessories,products,30,False
mapro.com,Food & Beverages,Food & Beverages,0.87,Bags & Luggage,products,30,True
marketfuse.store,Pet Supplies,Beauty & Personal Care,0.2,Automotive,products,30,False
mainstreet.co.in,Apparel & Fashion,Footwear,1.0,,tagline,1,False
marscosmetics.in,Beauty & Personal Care,Beauty & Personal Care,0.67,Religious & Pooja,products,30,True
mashroostore.com,Apparel & Fashion,Footwear,0.4,Apparel & Fashion,products,30,False
maskmantoys.com,Automotive,Automotive,0.27,Toys & Games,products,30,True
masonhome.in,Home & Decor,Home & Decor,0.23,Footwear,products,30,True
mastimart.com,Jewellery & Accessories,Baby & Kids,0.6,Footwear,products,30,False
matapayals.com,Jewellery & Accessories,Footwear,0.53,Jewellery & Accessories,products,30,False
matinimpex.com,Art & Craft,Art & Craft,0.47,Plants & Gardening,products,30,True
matrix.in,Electronics & Gadgets,Footwear,0.59,Sports & Fitness,products,27,False
mauveaccessories.com,Jewellery & Accessories,Jewellery & Accessories,0.8,Electronics & Gadgets,products,30,True
mavinclub.com,Apparel & Fashion (Men),Bags & Luggage,0.4,Apparel & Fashion,products,30,False
maxprofitness.in,Automotive,Sports & Fitness,0.73,Bags & Luggage,products,30,False
maxsmile.in,Automotive,Automotive,0.13,Baby & Kids,products,30,True
maxzoneclothing.com,Apparel & Fashion,Apparel & Fashion,0.83,Footwear,products,30,True
mayabyshrus.com,Apparel & Fashion,Footwear,0.4,Automotive,products,30,False
mayasilk.in,Apparel & Fashion,Apparel & Fashion,0.83,Religious & Pooja,products,30,True
maybellindia.com,Apparel & Fashion,Apparel & Fashion,0.97,Food & Beverages,products,30,True
mayrashop365.com,Toys & Games,Toys & Games,0.47,Art & Craft,products,30,True
mbz.in,Apparel & Fashion,Apparel & Fashion,1.0,,products,30,True
mbzverse.com,Apparel & Fashion,Apparel & Fashion,0.37,Sports & Fitness,products,30,True
mcaffeine.com,Gifts & Hampers,Beauty & Personal Care,0.6,Baby & Kids,products,30,False
mcrshopping.com,Apparel & Fashion,Gifts & Hampers,0.53,Footwear,products,30,False
mechitrakar.com,Religious & Pooja,Religious & Pooja,0.83,Home & Decor,products,30,True
mechkart.com,Home & Decor,Gifts & Hampers,0.2,Jewellery & Accessories,products,30,False
mecnex.com,Apparel & Fashion (Women),Apparel & Fashion,0.7,Footwear,products,30,True
meddeygo.com,Health & Wellness,Sports & Fitness,0.24,Electronics & Gadgets,products,29,False
medineeds.in,Bags & Luggage,Health & Wellness,0.3,Bags & Luggage,products,30,False
meenabazaar.com,Apparel & Fashion,Apparel & Fashion,0.97,Footwear,products,30,True
meenabazaar.shop,Apparel & Fashion,Apparel & Fashion,0.83,Religious & Pooja,products,30,True
meenakshiandmeenakshi.online,Baby & Kids,Kitchen & Dining,0.5,Religious & Pooja,products,30,False
meerajaipur.com,Jewellery & Accessories,Jewellery & Accessories,0.6,Religious & Pooja,products,30,True
meerasplussizestore.com,Apparel & Fashion,Apparel & Fashion,0.87,Religious & Pooja,products,30,True
melblok.com,Beauty & Personal Care,Beauty & Personal Care,1.0,,products,5,True
memy.co.in,Apparel & Fashion,Apparel & Fashion,0.37,Kitchen & Dining,products,30,True
menherb.com,Health & Wellness,Health & Wellness,0.63,Gifts & Hampers,products,30,True
menmaifabrics.com,Apparel & Fashion,Apparel & Fashion,0.57,Home & Decor,products,30,True
menworks.in,Beauty & Personal Care,Footwear,0.23,Apparel & Fashion,products,30,False
meridianwatches.in,Jewellery & Accessories,Art & Craft,0.33,Jewellery & Accessories,products,30,False
mesmerizeindia.com,Jewellery & Accessories,Religious & Pooja,0.6,Jewellery & Accessories,products,30,False
metercube.com,Home & Decor,Kitchen & Dining,0.43,Bags & Luggage,products,30,False
metroactiv.com,Footwear,Footwear,0.93,Apparel & Fashion,products,30,True
mfwonline.co.in,Apparel & Fashion,Apparel & Fashion,0.43,Gifts & Hampers,products,30,True
miarcus.com,Apparel & Fashion,Footwear,0.47,Apparel & Fashion,products,30,False
micromill.in,Food & Beverages,Kitchen & Dining,0.57,Food & Beverages,products,30,False
miduty.in,Health & Wellness,Health & Wellness,0.45,Baby & Kids,products,29,True
milabylakshmi.co.in,Apparel & Fashion,Footwear,0.63,Apparel & Fashion,products,30,False
milcentappliances.com,Food & Beverages,Kitchen & Dining,0.67,Automotive,products,15,False
militarymarvels.com,Apparel & Fashion,Apparel & Fashion,0.37,Bags & Luggage,products,30,True
milld.com,Health & Wellness,Food & Beverages,1.0,,products,1,False
millesupergrain.com,Health & Wellness,Food & Beverages,0.53,Health & Wellness,products,30,False
milletmaniaorganic.com,Food & Beverages,Food & Beverages,0.77,Religious & Pooja,products,30,True
millex.in,Food & Beverages,Food & Beverages,0.69,Religious & Pooja,products,29,True
millioncases.com,Jewellery & Accessories,Electronics & Gadgets,0.33,Bags & Luggage,products,30,False
milton.in,Kitchen & Dining,Kitchen & Dining,0.5,Bags & Luggage,products,30,True
miniklub.in,Apparel & Fashion,Apparel & Fashion,0.8,Baby & Kids,products,30,True
minipattu.com,Apparel & Fashion,Religious & Pooja,0.33,Footwear,products,30,False
ministerwhite.com,Apparel & Fashion (Men),Apparel & Fashion,0.97,Footwear,products,30,True
miniwesst.com,Bags & Luggage,Bags & Luggage,0.97,Plants & Gardening,products,30,True
minus1lifestyle.com,Apparel & Fashion,Apparel & Fashion,1.0,,tagline,1,True
mipatex.in,Plants & Gardening,Plants & Gardening,0.59,Bags & Luggage,products,29,True
miraahe.com,Apparel & Fashion,Apparel & Fashion,0.63,Footwear,products,30,True
mirabellecosmetics.in,Beauty & Personal Care,Beauty & Personal Care,0.77,Health & Wellness,products,30,True
miraggiolife.com,Bags & Luggage,Bags & Luggage,1.0,,products,30,True
miranajewels.com,Jewellery & Accessories,Jewellery & Accessories,1.0,,products,30,True
mirrorglassworldwide.com,Home & Decor,Art & Craft,0.6,Home & Decor,products,30,False
mishmashnaturals.com,Beauty & Personal Care,Beauty & Personal Care,0.45,Baby & Kids,products,29,True
misobysonia.com,Jewellery & Accessories,Jewellery & Accessories,0.8,Electronics & Gadgets,products,30,True
missmosa.in,Jewellery & Accessories,Jewellery & Accessories,0.97,Gifts & Hampers,products,30,True
mizojerseyhome.in,Bags & Luggage,Footwear,0.5,Gifts & Hampers,products,30,False
mizozu.com,Art & Craft,Toys & Games,0.23,Art & Craft,products,30,False
mlada.in,Apparel & Fashion,Apparel & Fashion,0.43,Sports & Fitness,products,30,True
mmwear.in,Apparel & Fashion,Baby & Kids,0.73,Apparel & Fashion,products,30,False
mobil-fox.in,Electronics & Gadgets,Electronics & Gadgets,0.93,Religious & Pooja,products,30,True
mobilla.in,Electronics & Gadgets,Electronics & Gadgets,0.6,Religious & Pooja,products,30,True
moderngifts.in,Gifts & Hampers,Religious & Pooja,0.23,Gifts & Hampers,products,30,False
modernquests.com,Home & Decor,Gifts & Hampers,0.2,Kitchen & Dining,products,30,False
modernseries.in,Jewellery & Accessories,Jewellery & Accessories,0.9,Religious & Pooja,products,30,True
modestessential.com,Apparel & Fashion,Apparel & Fashion,0.63,Religious & Pooja,products,30,True
mohanlalsons.com,Beauty & Personal Care,Art & Craft,0.53,Footwear,products,30,False
mohh.com,Home & Decor,Gifts & Hampers,0.23,Home & Decor,products,30,False
mohsintextiles.com,Apparel & Fashion,Apparel & Fashion,0.9,Religious & Pooja,products,30,True
mojmart.co.in,Electronics & Gadgets,Electronics & Gadgets,0.22,Beauty & Personal Care,products,9,True
mokobara.com,Bags & Luggage,Bags & Luggage,0.86,Jewellery & Accessories,products,28,True
mokosh.in,Apparel & Fashion (Women),Apparel & Fashion,0.87,Footwear,products,30,True
mokshaaworld.com,Apparel & Fashion,Apparel & Fashion,0.83,Food & Beverages,products,30,True
mokshima.com,Jewellery & Accessories,Religious & Pooja,0.63,Jewellery & Accessories,products,30,False
molecularcompany.com,Beauty & Personal Care,Beauty & Personal Care,0.57,Health & Wellness,products,30,True
momperfume.in,Beauty & Personal Care,Religious & Pooja,0.7,Beauty & Personal Care,products,30,False
momshome.in,Baby & Kids,Baby & Kids,0.73,Apparel & Fashion,products,30,True
momsmade.shop,Food & Beverages,Religious & Pooja,0.7,Bags & Luggage,products,10,False
monamaar.com,Apparel & Fashion,Apparel & Fashion,0.77,Religious & Pooja,products,30,True
monkstory.com,Footwear,Footwear,1.0,,products,26,True
monkwow.shop,Apparel & Fashion,Beauty & Personal Care,0.17,Plants & Gardening,products,30,False
monokiteindia.com,Other,Religious & Pooja,0.37,Gifts & Hampers,products,19,False
monri.in,Apparel & Fashion,Apparel & Fashion,0.93,Baby & Kids,products,30,True
monrow.in,Footwear,Footwear,1.0,,products,30,True
montecarlo.in,Apparel & Fashion,Home & Decor,1.0,,products,30,False
moolchandmill.com,Apparel & Fashion,Apparel & Fashion,0.63,Religious & Pooja,products,30,True
morataara.com,Home & Decor,Kitchen & Dining,0.5,Jewellery & Accessories,products,30,False
mostunderated.com,Beauty & Personal Care,Beauty & Personal Care,0.67,Health & Wellness,products,24,True
mothersparsh.com,Beauty & Personal Care,Baby & Kids,0.7,Health & Wellness,products,30,False
motilalbanarsidass.com,Books & Stationery,Religious & Pooja,0.73,Footwear,products,30,False
motocentral.in,Automotive,Automotive,0.5,Footwear,products,30,True
motodrift.co,Automotive,Bags & Luggage,0.33,Automotive,products,30,False
motogeniusstore.com,Automotive,Automotive,0.97,Bags & Luggage,products,29,True
motomodz.com,Automotive,Automotive,0.5,Toys & Games,products,30,True
motorpartsjunction.in,Apparel & Fashion,Automotive,0.47,Footwear,products,30,False
mototorque.in,Apparel & Fashion,Automotive,0.77,Footwear,products,30,False
motovolt.co,Bags & Luggage,Bags & Luggage,0.46,Automotive,products,26,True
mounirajashekarcollections.com,Apparel & Fashion,Bags & Luggage,0.57,Gifts & Hampers,products,30,False
moxiebeauty.in,Beauty & Personal Care,Beauty & Personal Care,0.87,Health & Wellness,products,30,True
mpfashion.in,Apparel & Fashion (Men),Gifts & Hampers,0.3,Apparel & Fashion,products,30,False
mrbutton.in,Apparel & Fashion (Men),Apparel & Fashion,0.67,Footwear,products,30,True
mrjewels.in,Jewellery & Accessories,Jewellery & Accessories,0.6,Religious & Pooja,products,30,True
msretro.com,Pet Supplies,Footwear,0.5,Apparel & Fashion,products,30,False
muffynn.com,Apparel & Fashion (Men),Apparel & Fashion,0.53,Footwear,products,30,True
mulberrylabel.in,Apparel & Fashion,Baby & Kids,0.8,Footwear,products,30,False
multani.org,Beauty & Personal Care,Health & Wellness,0.8,Beauty & Personal Care,products,30,False
mumkins.in,Apparel & Fashion (Women),Apparel & Fashion,0.77,Jewellery & Accessories,products,30,True
mumuso.co.in,Beauty & Personal Care,Books & Stationery,0.2,Bags & Luggage,products,30,False
musclenectar.com,Health & Wellness,Food & Beverages,0.53,Health & Wellness,products,19,False
musebeauty.in,Beauty & Personal Care,Religious & Pooja,0.27,Food & Beverages,products,30,False
musiccircle.co.in,Other,Footwear,0.33,Automotive,products,30,False
myadira.com,Apparel & Fashion (Women),Apparel & Fashion,0.8,Baby & Kids,products,30,True
myalmari.in,Bags & Luggage,Bags & Luggage,0.7,Apparel & Fashion,products,30,True
mybageecha.com,Plants & Gardening,Plants & Gardening,0.8,Jewellery & Accessories,products,30,True
mybombae.in,Beauty & Personal Care,Beauty & Personal Care,0.6,Bags & Luggage,products,30,True
myborosil.com,Kitchen & Dining,Kitchen & Dining,0.7,Baby & Kids,products,30,True
mybudgetstore.in,Apparel & Fashion,Apparel & Fashion,0.83,Art & Craft,products,30,True
mycf.in,Health & Wellness,Health & Wellness,0.77,Beauty & Personal Care,products,30,True
mydesignation.com,Apparel & Fashion (Men),Apparel & Fashion,0.7,Gifts & Hampers,products,30,True
mydjgane.in,Apparel & Fashion (Men),Apparel & Fashion,0.8,Footwear,products,30,True
myescplan.com,Bags & Luggage,Bags & Luggage,0.87,Apparel & Fashion,products,30,True
myfitness.in,Food & Beverages,Food & Beverages,0.86,Health & Wellness,products,29,True
myhealinghands.in,Health & Wellness,Health & Wellness,0.8,Food & Beverages,products,30,True
mykaladhar.com,Apparel & Fashion (Women),Apparel & Fashion,1.0,,products,30,True
mykonosofficial.in,Beauty & Personal Care,Religious & Pooja,0.8,Health & Wellness,products,15,False
mymuse.in,Toys & Games,Gifts & Hampers,0.37,Toys & Games,products,30,False
mynandu.com,Home & Decor,Baby & Kids,0.53,Sports & Fitness,products,30,False
myop.in,Beauty & Personal Care,Beauty & Personal Care,0.47,Baby & Kids,products,30,True
mypahadidukan.com,Food & Beverages,Food & Beverages,0.53,Health & Wellness,products,30,True
myperfumesecrets.com,Beauty & Personal Care,Apparel & Fashion,0.4,Footwear,products,30,False
mypoojabox.in,Religious & Pooja,Religious & Pooja,0.77,Kitchen & Dining,products,30,True
myprisma.in,Apparel & Fashion,Apparel & Fashion,0.47,Footwear,products,30,True
mypurvi.com,Apparel & Fashion,Kitchen & Dining,0.83,Footwear,products,30,False
myragems.com,Jewellery & Accessories,Jewellery & Accessories,0.97,Religious & Pooja,products,30,True
myratna.com,Jewellery & Accessories,Jewellery & Accessories,0.72,Religious & Pooja,products,29,True
myraymond.com,Apparel & Fashion (Men),Apparel & Fashion,0.67,Footwear,products,30,True
mysanskritam.com,Apparel & Fashion,Apparel & Fashion,0.87,Religious & Pooja,products,30,True
mysleepwell.com,Home & Decor,Home & Decor,0.3,Baby & Kids,products,30,True
mysleepyhead.com,Home & Decor,Home & Decor,0.5,Baby & Kids,products,30,True
mysmartbazaar.com,Jewellery & Accessories,Jewellery & Accessories,1.0,,products,30,True
mysneakerstudio.com,Footwear,Footwear,0.7,Sports & Fitness,products,30,True
mysorepattu.com,Apparel & Fashion (Women),Apparel & Fashion,0.83,Religious & Pooja,products,30,True
mysparemarket.com,Automotive,Automotive,0.3,Bags & Luggage,products,30,True
mystella.in,Apparel & Fashion,Apparel & Fashion,0.53,Footwear,products,30,True
mytrident.com,Home & Decor,Home & Decor,1.0,,products,30,True
mytvs.com,Automotive,Automotive,0.47,Footwear,products,30,True
mywakeup.in,Home & Decor,Home & Decor,0.59,Footwear,products,29,True
mywellnesskart.com,Baby & Kids,Beauty & Personal Care,0.67,Baby & Kids,products,30,False
mywestern.in,Apparel & Fashion (Women),Apparel & Fashion,0.9,Art & Craft,products,30,True
mywishcare.com,Beauty & Personal Care,Beauty & Personal Care,0.43,Sports & Fitness,products,30,True
myxtur.com,Electronics & Gadgets,Apparel & Fashion,0.23,Footwear,products,30,False
naaptol.co.in,Electronics & Gadgets,Art & Craft,0.17,Kitchen & Dining,products,30,False
nageenprakashan.in,Books & Stationery,Toys & Games,0.3,Books & Stationery,products,30,False
nagulstrendycollections.com,Apparel & Fashion,Religious & Pooja,0.5,Plants & Gardening,products,30,False
nakodapayals.com,Jewellery & Accessories,Jewellery & Accessories,0.23,Plants & Gardening,products,30,True
nakpro.com,Health & Wellness,Health & Wellness,0.97,Food & Beverages,products,30,True
nakshatrakids.com,Apparel & Fashion (Women),Baby & Kids,0.7,Apparel & Fashion,products,30,False
nalli.com,Apparel & Fashion,Apparel & Fashion,0.7,Kitchen & Dining,products,30,True
namhyafoods.com,Food & Beverages,Health & Wellness,0.72,Food & Beverages,products,29,False
nammakids.com,Apparel & Fashion,Apparel & Fashion,0.83,Gifts & Hampers,products,30,True
namonarayana.com,Food & Beverages,Food & Beverages,1.0,,products,4,True
namyaa.in,Food & Beverages,Beauty & Personal Care,0.33,Baby & Kids,products,30,False
nanaki.co.in,Apparel & Fashion,Apparel & Fashion,0.97,Footwear,products,30,True
nangaliaruchira.com,Apparel & Fashion,Apparel & Fashion,0.93,Kitchen & Dining,products,30,True
napchief.com,Apparel & Fashion,Apparel & Fashion,0.87,Gifts & Hampers,products,30,True
nappadori.com,Jewellery & Accessories,Gifts & Hampers,0.43,Jewellery & Accessories,products,30,False
napstory.in,Apparel & Fashion,Footwear,0.63,Gifts & Hampers,products,30,False
nariyal.co.in,Beauty & Personal Care,Beauty & Personal Care,0.73,Baby & Kids,products,30,True
narwalindia.com,Bags & Luggage,Footwear,0.2,Bags & Luggage,products,30,False
naseemperfume.in,Beauty & Personal Care,Jewellery & Accessories,0.23,Apparel & Fashion,products,30,False
nashermiles.com,Bags & Luggage,Bags & Luggage,1.0,,products,30,True
natriel.com,Art & Craft,Art & Craft,0.7,Religious & Pooja,products,30,True
naturali.co.in,Beauty & Personal Care,Beauty & Personal Care,0.5,Health & Wellness,products,30,True
naturaltein.in,Health & Wellness,Health & Wellness,0.77,Food & Beverages,products,30,True
naturesmiracle.in,Food & Beverages,Food & Beverages,0.43,Gifts & Hampers,products,30,True
navarasamdesigns.com,Apparel & Fashion,Apparel & Fashion,0.7,Religious & Pooja,products,30,True
navkarboutique.com,Jewellery & Accessories,Religious & Pooja,0.47,Jewellery & Accessories,products,30,False
navneetstore.com,Books & Stationery,Books & Stationery,0.77,Religious & Pooja,products,30,True
navvi.in,Apparel & Fashion,Apparel & Fashion,0.87,Baby & Kids,products,30,True
nayajaisa.com,Electronics & Gadgets,Electronics & Gadgets,1.0,,products,30,True
nazranachikan.com,Apparel & Fashion (Women),Apparel & Fashion,0.87,Religious & Pooja,products,30,True
needledust.com,Footwear,Footwear,0.73,Bags & Luggage,products,30,True
neelakkachil.com,Food & Beverages,Food & Beverages,0.6,Health & Wellness,products,30,True
neemai.com,Apparel & Fashion (Women),Baby & Kids,0.73,Food & Beverages,products,30,False
neemans.com,Footwear,Footwear,0.9,Gifts & Hampers,products,30,True
neerus.com,Apparel & Fashion,Apparel & Fashion,0.7,Art & Craft,products,30,True
neeshperfumes.com,Beauty & Personal Care,Food & Beverages,0.38,Religious & Pooja,products,29,False
nefsfinds.com,Apparel & Fashion,Apparel & Fashion,0.47,Footwear,products,30,True
neidhal.com,Apparel & Fashion,Apparel & Fashion,0.72,Art & Craft,products,25,True
neodrift.in,Automotive,Automotive,0.67,Footwear,products,30,True
neofaa.com,Apparel & Fashion (Women),Apparel & Fashion,0.67,Home & Decor,products,30,True
neown.in,Books & Stationery,Books & Stationery,0.73,Religious & Pooja,products,30,True
nerigestory.com,Apparel & Fashion,Religious & Pooja,0.63,Apparel & Fashion,products,30,False
nesterstore.com,Food & Beverages,Kitchen & Dining,0.33,Gifts & Hampers,products,15,False
neuherbs.com,Health & Wellness,Health & Wellness,0.87,Beauty & Personal Care,products,30,True
neurogumindia.com,Food & Beverages,Food & Beverages,0.93,Gifts & Hampers,products,28,True
neverowned.in,Kitchen & Dining,Kitchen & Dining,0.4,Electronics & Gadgets,products,30,True
neweracap.in,Beauty & Personal Care,Footwear,0.67,Apparel & Fashion,products,30,False
newinsub.com,Apparel & Fashion,Apparel & Fashion,0.93,Religious & Pooja,products,30,True
newjaisa.com,Electronics & Gadgets,Electronics & Gadgets,1.0,,products,29,True
newsarca.in,Apparel & Fashion (Women),Apparel & Fashion,0.8,Footwear,products,30,True
nextleveldecor.in,Home & Decor,Footwear,0.6,Apparel & Fashion,products,30,False
nhkindia.com,Automotive,Automotive,0.5,Jewellery & Accessories,products,30,True
nhone.in,Home & Decor,Art & Craft,0.24,Jewellery & Accessories,products,29,False
nicobar.com,Apparel & Fashion,Apparel & Fashion,0.47,Gifts & Hampers,products,30,True
nidharshanasarees.com,Apparel & Fashion,Apparel & Fashion,0.53,Art & Craft,products,30,True
nighteye.in,Automotive,Automotive,0.97,Home & Decor,products,30,True
niharikafashion.in,Apparel & Fashion,Apparel & Fashion,0.93,Jewellery & Accessories,products,30,True
nikhilhandlooms.com,Apparel & Fashion,Apparel & Fashion,0.33,Religious & Pooja,products,30,True
nilabangles.com,Jewellery & Accessories,Religious & Pooja,0.37,Footwear,products,30,False
nilkamalfurniture.com,Home & Decor,Home & Decor,0.63,Kitchen & Dining,products,30,True
nilkamalhomes.com,Home & Decor,Kitchen & Dining,0.43,Home & Decor,products,30,False
nilkamalsleep.com,Home & Decor,Home & Decor,0.63,Gifts & Hampers,products,30,True
niluscollection.com,Jewellery & Accessories,Jewellery & Accessories,1.0,,products,30,True
nimalas.com,Home & Decor,Baby & Kids,0.93,Home & Decor,products,30,False
ninefashions.com,Jewellery & Accessories,Jewellery & Accessories,1.0,,products,30,True
nintarababy.in,Baby & Kids,Baby & Kids,0.53,Apparel & Fashion,products,30,True
niralifoodmachine.com,Food & Beverages,Kitchen & Dining,0.6,Plants & Gardening,products,30,False
nishhair.com,Jewellery & Accessories,Jewellery & Accessories,0.5,Footwear,products,30,True
nitori.co.in,Kitchen & Dining,Kitchen & Dining,0.43,Apparel & Fashion,products,30,True
nivaaya.in,Beauty & Personal Care,Beauty & Personal Care,0.33,Kitchen & Dining,products,6,True
niviasports.com,Footwear,Footwear,0.57,Sports & Fitness,products,30,True
nmpc.in,Electronics & Gadgets,Gifts & Hampers,0.3,Toys & Games,products,30,False
nobero.com,Apparel & Fashion,Apparel & Fashion,1.0,,tagline,1,True
nooe.co,Books & Stationery,Books & Stationery,0.3,Bags & Luggage,products,30,True
noorbahar.com,Apparel & Fashion (Women),Apparel & Fashion,1.0,,products,30,True
noorchikankari.in,Apparel & Fashion,Apparel & Fashion,1.0,,products,30,True
nostrumfashion.com,Apparel & Fashion (Men),Apparel & Fashion,0.9,Footwear,products,30,True
notdrones.com,Electronics & Gadgets,Toys & Games,0.21,Automotive,products,14,False
novology.com,Beauty & Personal Care,Beauty & Personal Care,0.8,Health & Wellness,products,30,True
numerounojeanswear.com,Apparel & Fashion (Men),Apparel & Fashion,1.0,,products,30,True
numour.com,Beauty & Personal Care,Beauty & Personal Care,0.87,Bags & Luggage,products,30,True
nurepublic.co,Electronics & Gadgets,Electronics & Gadgets,0.6,Bags & Luggage,products,30,True
nurserylive.com,Plants & Gardening,Food & Beverages,0.53,Plants & Gardening,products,30,False
nutcaseshop.com,Gifts & Hampers,Gifts & Hampers,0.76,Religious & Pooja,products,29,True
nutrabox.in,Health & Wellness,Health & Wellness,0.6,Food & Beverages,products,30,True
nutraj.com,Gifts & Hampers,Gifts & Hampers,0.5,Food & Beverages,products,30,True
nutrelanutrition.com,Health & Wellness,Health & Wellness,0.9,Food & Beverages,products,30,True
nutristar.in,Health & Wellness,Health & Wellness,0.93,Sports & Fitness,products,30,True
nuuk.in,Bags & Luggage,Gifts & Hampers,0.17,Automotive,products,30,False
nuvanis.in,Apparel & Fashion,Apparel & Fashion,0.9,Jewellery & Accessories,products,30,True
nuwaara.com,Apparel & Fashion,Apparel & Fashion,0.87,Religious & Pooja,products,30,True
nvagencies.co.in,Automotive,Religious & Pooja,0.3,Health & Wellness,products,30,False
nveda.in,Health & Wellness,Health & Wellness,0.97,Religious & Pooja,products,30,True
nykdbynykaa.com,Apparel & Fashion,Footwear,0.5,Gifts & Hampers,products,30,False
nylaacrafts.com,Jewellery & Accessories,Jewellery & Accessories,0.43,Religious & Pooja,products,30,True
o3plus.com,Beauty & Personal Care,Beauty & Personal Care,0.55,Footwear,products,29,True
obeetee.in,Home & Decor,Home & Decor,0.83,Footwear,products,30,True
oceedee.com,Footwear,Footwear,0.67,Bags & Luggage,products,30,True
octave.co.in,Apparel & Fashion (Men),Apparel & Fashion,0.67,Footwear,products,30,True
oddgiraffe.com,Books & Stationery,Books & Stationery,0.9,Baby & Kids,products,30,True
odhni.com,Apparel & Fashion,Apparel & Fashion,0.83,Art & Craft,products,30,True
odyssia.in,Footwear,Footwear,1.0,,products,30,True
offcomfrt.in,Apparel & Fashion,Apparel & Fashion,0.73,Footwear,products,30,True
offduty.in,Apparel & Fashion,Apparel & Fashion,0.87,Footwear,products,30,True
officialmart.shop,Beauty & Personal Care,Electronics & Gadgets,0.11,Sports & Fitness,products,27,False
offlimits.co.in,Footwear,Footwear,0.8,Apparel & Fashion,products,30,True
ogbeauty.in,Beauty & Personal Care,Religious & Pooja,0.5,Beauty & Personal Care,products,30,False
ohbyozy.com,Jewellery & Accessories,Jewellery & Accessories,0.6,Religious & Pooja,products,30,True
ohwomaniyaa.in,Jewellery & Accessories,Religious & Pooja,0.4,Jewellery & Accessories,products,30,False
okhai.org,Jewellery & Accessories,Jewellery & Accessories,0.27,Art & Craft,products,30,True
oldschoolrituals.in,Gifts & Hampers,Beauty & Personal Care,0.37,Gifts & Hampers,products,30,False
olgaperfume.com,Beauty & Personal Care,Gifts & Hampers,0.27,Books & Stationery,products,30,False
oliveplanet.in,Jewellery & Accessories,Bags & Luggage,0.33,Footwear,products,30,False
omobikes.com,Automotive,Automotive,0.73,Sports & Fitness,products,30,True
omposhak.com,Apparel & Fashion,Religious & Pooja,0.9,Apparel & Fashion,products,30,False
one8.com,Apparel & Fashion (Men),Apparel & Fashion,0.53,Footwear,products,30,True
onefridayworld.com,Apparel & Fashion,Apparel & Fashion,0.67,Footwear,products,30,True
onepowerreaders.in,Electronics & Gadgets,Books & Stationery,0.62,Electronics & Gadgets,products,13,False
onesciencenutrition.in,Health & Wellness,Health & Wellness,0.7,Food & Beverages,products,30,True
onlinebandhej.com,Apparel & Fashion,Apparel & Fashion,0.47,Religious & Pooja,products,30,True
onlinemantra.in,Books & Stationery,Books & Stationery,0.7,Art & Craft,products,30,True
onlinepng.com,Jewellery & Accessories,Jewellery & Accessories,1.0,,products,30,True
only.in,Apparel & Fashion,Apparel & Fashion,0.87,Footwear,products,30,True
onlyscrews.in,Kitchen & Dining,Religious & Pooja,0.43,Kitchen & Dining,products,30,False
onyc.in,Footwear,Footwear,0.77,Toys & Games,products,30,True
onyxaqua.com,Food & Beverages,Food & Beverages,0.27,Health & Wellness,products,30,True
optimumnutrition.co.in,Health & Wellness,Health & Wellness,0.7,Food & Beverages,products,30,True
opulentnest.shop,Jewellery & Accessories,Jewellery & Accessories,0.22,Electronics & Gadgets,products,23,True
oracura.in,Baby & Kids,Baby & Kids,0.6,Electronics & Gadgets,products,30,True
orangesugar.in,Baby & Kids,Baby & Kids,1.0,,tagline,1,True
orangetree.in,Apparel & Fashion,Kitchen & Dining,0.43,Home & Decor,products,30,False
orangevolt.in,Electronics & Gadgets,Home & Decor,0.37,Religious & Pooja,products,30,False
order2india.com,Jewellery & Accessories,Electronics & Gadgets,0.4,Jewellery & Accessories,products,30,False
orderdeehergifts.com,Books & Stationery,Art & Craft,0.23,Jewellery & Accessories,products,30,False
organicbazar.net,Plants & Gardening,Plants & Gardening,0.97,Food & Beverages,products,30,True
organicindia.com,Food & Beverages,Food & Beverages,0.63,Health & Wellness,products,30,True
organictattva.com,Food & Beverages,Food & Beverages,0.7,Health & Wellness,products,30,True
orientelectric.com,Electronics & Gadgets,Bags & Luggage,0.47,Electronics & Gadgets,products,30,False
originnutrition.in,Health & Wellness,Health & Wellness,0.63,Food & Beverages,products,30,True
orimiiskincare.com,Beauty & Personal Care,Beauty & Personal Care,0.81,Gifts & Hampers,products,27,True
orionzjewels.com,Jewellery & Accessories,Jewellery & Accessories,0.96,Gifts & Hampers,products,28,True
orlydryfruits.com,Beauty & Personal Care,Apparel & Fashion,0.37,Sports & Fitness,products,30,False
ornatejewels.com,Jewellery & Accessories,Jewellery & Accessories,1.0,,products,30,True
oswaalbooks.com,Books & Stationery,Religious & Pooja,0.56,Books & Stationery,products,9,False
ottostore.com,Apparel & Fashion,Apparel & Fashion,0.93,Footwear,products,30,True
ouchcart.com,Beauty & Personal Care,Home & Decor,0.7,Kitchen & Dining,products,30,False
oudal-abraj.in,Beauty & Personal Care,Food & Beverages,0.29,Religious & Pooja,products,24,False
oudalabraj.store,Beauty & Personal Care,Beauty & Personal Care,0.2,Food & Beverages,products,25,True
outcasts.in,Apparel & Fashion,Apparel & Fashion,0.9,Art & Craft,products,30,True
outdated.in,Apparel & Fashion,Apparel & Fashion,0.63,Jewellery & Accessories,products,30,True
outdoorgoats.com,Apparel & Fashion,Apparel & Fashion,0.43,Sports & Fitness,products,30,True
ovaisabayacollection.in,Food & Beverages,Religious & Pooja,0.77,Apparel & Fashion,products,30,False
overlaysnow.com,Apparel & Fashion (Men),Apparel & Fashion,0.97,Bags & Luggage,products,30,True
ownd.in,Apparel & Fashion (Women),Apparel & Fashion,0.77,Baby & Kids,products,30,True
owr.life,Apparel & Fashion,Apparel & Fashion,0.9,Footwear,products,30,True
oxfordstationers.in,Books & Stationery,Books & Stationery,0.67,Art & Craft,products,30,True
oxygendigitalshop.com,Kitchen & Dining,Electronics & Gadgets,0.47,Home & Decor,products,30,False
oyegifts.com,Food & Beverages,Gifts & Hampers,0.67,Bags & Luggage,products,30,False
oyehappy.com,Gifts & Hampers,Gifts & Hampers,0.93,Bags & Luggage,products,30,True
oyela.in,Apparel & Fashion (Women),Apparel & Fashion,0.63,Jewellery & Accessories,products,30,True
oziss.in,Apparel & Fashion (Women),Apparel & Fashion,0.67,Footwear,products,30,True
oziva.in,Health & Wellness,Health & Wellness,0.43,Food & Beverages,products,30,True
ozokart.com,Home & Decor,Home & Decor,0.4,Electronics & Gadgets,products,30,True
paanchajanyajewels.com,Jewellery & Accessories,Jewellery & Accessories,0.57,Religious & Pooja,products,30,True
pachaiyappas.in,Apparel & Fashion,Apparel & Fashion,0.57,Religious & Pooja,products,30,True
padmam.com,Jewellery & Accessories,Jewellery & Accessories,0.6,Religious & Pooja,products,30,True
padmavathisilksandsarees.com,Apparel & Fashion,Apparel & Fashion,0.67,Religious & Pooja,products,30,True
paibyleegifts.com,Bags & Luggage,Religious & Pooja,0.3,Bags & Luggage,products,30,False
pairietales.com,Footwear,Footwear,0.93,Jewellery & Accessories,products,30,True
paksha.in,Jewellery & Accessories,Jewellery & Accessories,0.87,Religious & Pooja,products,30,True
palleturipachallu.com,Food & Beverages,Food & Beverages,0.57,Religious & Pooja,products,30,True
palmonas.com,Jewellery & Accessories,Jewellery & Accessories,1.0,,products,30,True
pandasbox.in,Baby & Kids,Religious & Pooja,0.63,Kitchen & Dining,products,30,False
pandit.com,Kitchen & Dining,Jewellery & Accessories,0.9,Plants & Gardening,products,30,False
panjavarnam.com,Apparel & Fashion,Apparel & Fashion,1.0,,products,30,True
pannajewellers.com,Jewellery & Accessories,Jewellery & Accessories,1.0,,products,30,True
pantproject.com,Apparel & Fashion,Footwear,0.57,Apparel & Fashion,products,30,False
paradisejewllery.co.in,Jewellery & Accessories,Jewellery & Accessories,0.53,Electronics & Gadgets,products,30,True
paragfragrances.in,Beauty & Personal Care,Beauty & Personal Care,0.5,Religious & Pooja,products,30,True
paragonfootwear.com,Footwear,Footwear,1.0,,products,30,True
parakkatjewels.com,Jewellery & Accessories,Jewellery & Accessories,0.93,Religious & Pooja,products,30,True
parasgalleryfabrics.com,Apparel & Fashion,Art & Craft,0.57,Apparel & Fashion,products,30,False
parijatstore.com,Apparel & Fashion,Apparel & Fashion,0.97,Art & Craft,products,30,True
partsbaba.com,Electronics & Gadgets,Sports & Fitness,0.2,Electronics & Gadgets,products,30,False
parulgargbeauty.com,Beauty & Personal Care,Beauty & Personal Care,0.5,Gifts & Hampers,products,30,True
parulpackaging.com,Bags & Luggage,Gifts & Hampers,0.47,Bags & Luggage,products,30,False
pashmoda.com,Other,Footwear,0.4,Apparel & Fashion,products,30,False
pashtush.in,Gifts & Hampers,Apparel & Fashion,0.83,Gifts & Hampers,products,30,False
pastmodern.in,Apparel & Fashion (Women),Apparel & Fashion,0.53,Footwear,products,30,True
patilbiotech.co.in,Plants & Gardening,Food & Beverages,0.2,Religious & Pooja,products,30,False
patiyalashop.com,Apparel & Fashion (Women),Apparel & Fashion,0.73,Religious & Pooja,products,30,True
patoys.in,Automotive,Automotive,0.6,Toys & Games,products,30,True
pattuvastra.com,Apparel & Fashion,Religious & Pooja,0.47,Apparel & Fashion,products,30,False
pavithramjewels.com,Jewellery & Accessories,Jewellery & Accessories,0.37,Religious & Pooja,products,30,True
pazhassigarden.in,Plants & Gardening,Plants & Gardening,0.97,Apparel & Fashion,products,30,True
pcchandraindia.com,Jewellery & Accessories,Jewellery & Accessories,1.0,,products,30,True
pci-hicare.com,Gifts & Hampers,Baby & Kids,0.53,Food & Beverages,products,30,False
peachmode.com,Apparel & Fashion,Apparel & Fashion,0.83,Food & Beverages,products,30,True
peacockshop.in,Other,Footwear,0.47,Gifts & Hampers,products,30,False
pebblecart.com,Electronics & Gadgets,Electronics & Gadgets,0.53,Jewellery & Accessories,products,30,True
pebirds.com,Kitchen & Dining,Kitchen & Dining,0.43,Bags & Luggage,products,30,True
peelorange.com,Kitchen & Dining,Kitchen & Dining,0.5,Home & Decor,products,30,True
peeperly.in,Electronics & Gadgets,Religious & Pooja,0.27,Art & Craft,products,30,False
peepultree.world,Home & Decor,Home & Decor,0.8,Kitchen & Dining,products,30,True
peesafe.com,Beauty & Personal Care,Beauty & Personal Care,0.4,Baby & Kids,products,30,True
peorajewellery.com,Jewellery & Accessories,Jewellery & Accessories,0.87,Baby & Kids,products,30,True
peppermint.in,Apparel & Fashion,Apparel & Fashion,0.93,Footwear,products,30,True
peppyforall.com,Apparel & Fashion (Men),Toys & Games,0.2,Gifts & Hampers,products,30,False
perch.co.in,Apparel & Fashion (Men),Apparel & Fashion,0.9,Footwear,products,30,True
perfectcollections.shop,Apparel & Fashion,Apparel & Fashion,0.67,Automotive,products,30,True
perforacare.com,Baby & Kids,Beauty & Personal Care,0.57,Baby & Kids,products,30,False
perfumegyaan.com,Beauty & Personal Care,Religious & Pooja,0.43,Beauty & Personal Care,products,30,False
perfumenetwork.in,Beauty & Personal Care,Beauty & Personal Care,0.53,Religious & Pooja,products,30,True
perfumeoilcorner.com,Beauty & Personal Care,Religious & Pooja,0.37,Beauty & Personal Care,products,30,False
perfumeoilstore.com,Beauty & Personal Care,Beauty & Personal Care,0.3,Religious & Pooja,products,30,True
perfumepalace.in,Beauty & Personal Care,Beauty & Personal Care,0.46,Apparel & Fashion,products,26,True
perfumersclub.com,Beauty & Personal Care,Religious & Pooja,0.34,Apparel & Fashion,products,29,False
perfumesbyjs.com,Plants & Gardening,Health & Wellness,0.47,Beauty & Personal Care,products,30,False
perfumesteal.in,Beauty & Personal Care,Gifts & Hampers,0.27,Religious & Pooja,products,30,False
humane-mouse-trap.myshopify.com,Health & Wellness,Electronics & Gadgets,0.33,Health & Wellness,products,3,False
petsworld.in,Pet Supplies,Pet Supplies,0.37,Health & Wellness,products,30,True
phdbeauty.com,Beauty & Personal Care,Beauty & Personal Care,0.9,Bags & Luggage,products,20,True
phitku.com,Beauty & Personal Care,Religious & Pooja,0.5,Beauty & Personal Care,products,6,False
phool.co,Automotive,Religious & Pooja,0.43,Automotive,products,30,False
photojewels.in,Jewellery & Accessories,Jewellery & Accessories,0.27,Art & Craft,products,30,True
pierrecardinindia.com,Footwear,Footwear,1.0,,products,30,True
pinkfort.co,Apparel & Fashion (Women),Apparel & Fashion,0.97,Home & Decor,products,30,True
pinkjelly.in,Jewellery & Accessories,Jewellery & Accessories,0.97,Toys & Games,products,30,True
pinklay.com,Apparel & Fashion (Women),Apparel & Fashion,0.73,Home & Decor,products,30,True
pitshirts.in,Apparel & Fashion (Women),Apparel & Fashion,0.9,Footwear,products,30,True
pittarispaces.com,Home & Decor,Home & Decor,0.47,Plants & Gardening,products,30,True
pixelledlights.com,Electronics & Gadgets,Religious & Pooja,0.43,Jewellery & Accessories,products,30,False
pixies.in,Beauty & Personal Care,Beauty & Personal Care,0.87,Art & Craft,products,30,True
planetdsg.com,Apparel & Fashion,Footwear,0.32,Sports & Fitness,products,28,False
plantex.in,Kitchen & Dining,Kitchen & Dining,0.23,Jewellery & Accessories,products,30,True
plantncr.com,Plants & Gardening,Plants & Gardening,0.57,Religious & Pooja,products,28,True
plantorbit.com,Plants & Gardening,Plants & Gardening,0.55,Religious & Pooja,products,29,True
plantsguru.com,Plants & Gardening,Plants & Gardening,0.66,Food & Beverages,products,29,True
playretro.shop,Toys & Games,Toys & Games,0.56,Automotive,products,9,True
pleatedup.com,Apparel & Fashion (Women),Apparel & Fashion,0.83,Religious & Pooja,products,30,True
plumgoodness.com,Gifts & Hampers,Gifts & Hampers,0.4,Beauty & Personal Care,products,30,True
pluss.in,Apparel & Fashion,Apparel & Fashion,0.83,Sports & Fitness,products,30,True
plusvalueindia.com,Art & Craft,Religious & Pooja,0.37,Art & Craft,products,30,False
pngjewellers.com,Jewellery & Accessories,Jewellery & Accessories,1.0,,products,30,True
pokedex.in,Toys & Games,Gifts & Hampers,0.6,Bags & Luggage,products,30,False
poketcg.in,Toys & Games,Gifts & Hampers,0.63,Religious & Pooja,products,30,False
pokonut.com,Beauty & Personal Care,Beauty & Personal Care,0.37,Footwear,products,30,True
poliskart.com,Apparel & Fashion,Apparel & Fashion,0.43,Jewellery & Accessories,products,30,True
polkisarees.com,Apparel & Fashion,Apparel & Fashion,0.43,Religious & Pooja,products,30,True
ponds.in,Beauty & Personal Care,Beauty & Personal Care,0.83,Health & Wellness,products,30,True
popees.com,Apparel & Fashion,Baby & Kids,0.8,Apparel & Fashion,products,30,False
portronics.com,Electronics & Gadgets,Electronics & Gadgets,0.37,Baby & Kids,products,30,True
poshaffair.co,Apparel & Fashion,Apparel & Fashion,0.27,Jewellery & Accessories,products,30,True
posterized.in,Home & Decor,Gifts & Hampers,0.3,Automotive,products,30,False
pothys.com,Apparel & Fashion (Men),Apparel & Fashion,1.0,,products,30,True
potsandpans.in,Kitchen & Dining,Kitchen & Dining,0.9,Art & Craft,products,30,True
powerlook.in,Apparel & Fashion (Men),Apparel & Fashion,0.97,Gifts & Hampers,products,30,True
powersports.in,Automotive,Automotive,0.63,Footwear,products,30,True
ppjeweller.com,Jewellery & Accessories,Jewellery & Accessories,0.67,Religious & Pooja,products,30,True
prabhatex.com,Apparel & Fashion,Apparel & Fashion,0.87,Religious & Pooja,products,30,True
prabhuprasad.in,Religious & Pooja,Religious & Pooja,0.7,Jewellery & Accessories,products,27,True
prakrithibyramya.com,Apparel & Fashion,Apparel & Fashion,0.77,Food & Beverages,products,30,True
pramogh.com,Other,Kitchen & Dining,0.97,Religious & Pooja,products,30,False
prao.com,Jewellery & Accessories,Jewellery & Accessories,1.0,,products,30,True
prashantisarees.com,Apparel & Fashion,Apparel & Fashion,0.63,Jewellery & Accessories,products,30,True
pratapsons.com,Apparel & Fashion,Apparel & Fashion,0.53,Home & Decor,products,30,True
prathasarees.com,Apparel & Fashion,Apparel & Fashion,0.47,Religious & Pooja,products,30,True
pratiharye.com,Apparel & Fashion (Men),Apparel & Fashion,0.47,Jewellery & Accessories,products,30,True
prdgy.in,Apparel & Fashion,Apparel & Fashion,0.97,Bags & Luggage,products,30,True
preethiwear.in,Apparel & Fashion,Apparel & Fashion,0.87,Baby & Kids,products,30,True
preityssilks.com,Apparel & Fashion,Apparel & Fashion,0.77,Religious & Pooja,products,30,True
priganindia.com,Automotive,Automotive,0.93,Religious & Pooja,products,30,True
primebasicss.com,Apparel & Fashion,Electronics & Gadgets,0.25,Apparel & Fashion,products,28,False
primium.in,Beauty & Personal Care,Plants & Gardening,0.5,Baby & Kids,products,6,False
primocustoms.co.in,Kitchen & Dining,Automotive,0.57,Footwear,products,30,False
princenprincess.in,Baby & Kids,Baby & Kids,0.83,Religious & Pooja,products,30,True
prinjal.com,Religious & Pooja,Religious & Pooja,0.62,Jewellery & Accessories,products,29,True
printerpartspoint.com,Books & Stationery,Books & Stationery,0.37,Art & Craft,products,30,True
printmine.in,Gifts & Hampers,Apparel & Fashion,0.4,Gifts & Hampers,products,30,False
prisachi.com,Apparel & Fashion (Women),Apparel & Fashion,1.0,,products,30,True
priveeparis.in,Apparel & Fashion,Apparel & Fashion,0.8,Jewellery & Accessories,products,30,True
priyafoods.com,Food & Beverages,Food & Beverages,0.83,Religious & Pooja,products,30,True
projectshades.com,Jewellery & Accessories,Apparel & Fashion,0.47,Jewellery & Accessories,products,30,False
prokicksports.com,Sports & Fitness,Sports & Fitness,0.78,Footwear,products,27,True
promom.in,Kitchen & Dining,Baby & Kids,0.27,Sports & Fitness,products,22,False
pronk.in,Apparel & Fashion (Men),Footwear,0.5,Apparel & Fashion,products,30,False
proplusindia.in,Electronics & Gadgets,Electronics & Gadgets,0.7,Sports & Fitness,products,10,True
prosharx.com,Apparel & Fashion,Apparel & Fashion,0.5,Footwear,products,30,True
provilac.in,Health & Wellness,Food & Beverages,0.7,Health & Wellness,products,30,False
provogue.com,Bags & Luggage,Bags & Luggage,1.0,,products,30,True
prowolf.in,Footwear,Sports & Fitness,0.53,Apparel & Fashion,products,30,False
pruthvirajsarees.com,Apparel & Fashion,Apparel & Fashion,0.7,Books & Stationery,products,30,True
pspeaches.com,Apparel & Fashion,Apparel & Fashion,0.97,Art & Craft,products,30,True
psrsilks.com,Apparel & Fashion,Apparel & Fashion,1.0,,products,30,True
ptal.in,Kitchen & Dining,Kitchen & Dining,0.93,Books & Stationery,products,30,True
ptron.in,Electronics & Gadgets,Electronics & Gadgets,1.0,,products,18,True
publicaddresssolutions.com,Electronics & Gadgets,Electronics & Gadgets,0.86,Art & Craft,products,28,True
pulsevita.store,Other,Health & Wellness,1.0,,products,1,False
punekarcotton.com,Apparel & Fashion (Men),Apparel & Fashion,1.0,,products,30,True
punjabhandicrafts.in,Art & Craft,Footwear,0.37,Religious & Pooja,products,30,False
pureaura.in,Baby & Kids,Baby & Kids,0.54,Beauty & Personal Care,products,28,True
purehomeandliving.com,Home & Decor,Gifts & Hampers,0.33,Art & Craft,products,30,False
purenutrition.in,Health & Wellness,Health & Wellness,0.57,Food & Beverages,products,30,True
puresourceindia.in,Kitchen & Dining,Religious & Pooja,0.5,Kitchen & Dining,products,30,False
pureus.in,Beauty & Personal Care,Beauty & Personal Care,0.47,Health & Wellness,products,30,True
purpleunited.com,Apparel & Fashion,Apparel & Fashion,0.9,Baby & Kids,products,30,True
pushmycart.in,Beauty & Personal Care,Beauty & Personal Care,0.87,Health & Wellness,products,30,True
qimati.in,Jewellery & Accessories,Jewellery & Accessories,1.0,,products,30,True
qrioh.com,Art & Craft,Electronics & Gadgets,0.53,Jewellery & Accessories,products,30,False
qua.clothing,Apparel & Fashion,Apparel & Fashion,0.53,Footwear,products,30,True
quartzcomponents.com,Electronics & Gadgets,Religious & Pooja,0.21,Footwear,products,29,False
quboworld.com,Electronics & Gadgets,Sports & Fitness,0.27,Automotive,products,30,False
queengalaxycollections.com,Jewellery & Accessories,Jewellery & Accessories,0.5,Religious & Pooja,products,30,True
quicketail.com,Jewellery & Accessories,Kitchen & Dining,0.17,Jewellery & Accessories,products,29,False
quirksmith.com,Jewellery & Accessories,Jewellery & Accessories,0.83,Footwear,products,30,True
quirkybharat.com,Beauty & Personal Care,Health & Wellness,0.47,Beauty & Personal Care,products,30,False
raahiparfums.com,Beauty & Personal Care,Religious & Pooja,0.5,Beauty & Personal Care,products,30,False
raajraani.com,Jewellery & Accessories,Jewellery & Accessories,0.83,Footwear,products,30,True
raascreation.com,Art & Craft,Apparel & Fashion,0.53,Jewellery & Accessories,products,30,False
rabitat.com,Kitchen & Dining,Baby & Kids,0.2,Bags & Luggage,products,30,False
radestreet.com,Apparel & Fashion,Bags & Luggage,0.67,Gifts & Hampers,products,30,False
rafacollection.com,Apparel & Fashion,Apparel & Fashion,1.0,,products,30,True
rainandrainbow.com,Apparel & Fashion (Women),Apparel & Fashion,0.97,Art & Craft,products,30,True
rainkart.store,Other,Bags & Luggage,1.0,,products,1,False
rajaraniproduct.com,Art & Craft,Books & Stationery,0.27,Religious & Pooja,products,30,False
rajcomics.shop,Books & Stationery,Religious & Pooja,0.57,Footwear,products,30,False
rajkamalnxjewellery.com,Jewellery & Accessories,Jewellery & Accessories,0.9,Religious & Pooja,products,30,True
rajmahalsilks.com,Apparel & Fashion (Women),Apparel & Fashion,1.0,,products,30,True
rajnigandha.com,Food & Beverages,Food & Beverages,0.77,Religious & Pooja,products,30,True
ramaiahsarees.in,Apparel & Fashion,Footwear,0.4,Apparel & Fashion,products,30,False
ramalacollections.com,Jewellery & Accessories,Jewellery & Accessories,0.97,Art & Craft,products,30,True
ramrajcotton.in,Apparel & Fashion (Women),Apparel & Fashion,0.43,Religious & Pooja,products,30,True
ramyanagendra.com,Jewellery & Accessories,Jewellery & Accessories,0.43,Religious & Pooja,products,30,True
rangita.com,Apparel & Fashion,Apparel & Fashion,0.97,Art & Craft,products,30,True
rangvarshasarees.com,Apparel & Fashion,Apparel & Fashion,0.6,Religious & Pooja,products,30,True
rannagill.co.in,Apparel & Fashion (Women),Apparel & Fashion,0.87,Jewellery & Accessories,products,30,True
rareism.com,Apparel & Fashion (Women),Apparel & Fashion,0.83,Jewellery & Accessories,products,30,True
rasasilver.com,Jewellery & Accessories,Jewellery & Accessories,0.7,Religious & Pooja,products,30,True
rasayanam.in,Health & Wellness,Health & Wellness,0.9,Religious & Pooja,products,30,True
rashyam.in,Apparel & Fashion,Apparel & Fashion,1.0,,products,30,True
rasluxuryoils.com,Beauty & Personal Care,Beauty & Personal Care,0.57,Art & Craft,products,30,True
rasoishop.com,Kitchen & Dining,Kitchen & Dining,0.77,Gifts & Hampers,products,30,True
ratanjaipur.com,Apparel & Fashion (Women),Apparel & Fashion,0.5,Kitchen & Dining,products,30,True
ratguards.com,Automotive,Electronics & Gadgets,0.4,Automotive,products,5,False
ravelcare.com,Beauty & Personal Care,Beauty & Personal Care,0.77,Health & Wellness,products,30,True
rawayi.com,Apparel & Fashion,Apparel & Fashion,1.0,,products,30,True
rayaarishop.com,Jewellery & Accessories,Art & Craft,0.37,Kitchen & Dining,products,30,False
rayglow.in,Beauty & Personal Care,Beauty & Personal Care,1.0,,products,5,True
razzaiworld.com,Home & Decor,Home & Decor,0.73,Baby & Kids,products,30,True
rclub.in,Food & Beverages,Food & Beverages,0.9,Bags & Luggage,products,30,True
rdklu.com,Apparel & Fashion (Men),Apparel & Fashion,0.83,Footwear,products,30,True
rdoverseas.in,Automotive,Automotive,0.33,Art & Craft,products,30,True
rdserviceonline.com,Electronics & Gadgets,Electronics & Gadgets,0.67,Pet Supplies,products,3,True
recyclekart.com,Electronics & Gadgets,Electronics & Gadgets,0.8,Books & Stationery,products,30,True
redchief.in,Apparel & Fashion (Men),Apparel & Fashion,0.8,Footwear,products,30,True
redragon.in,Electronics & Gadgets,Gifts & Hampers,0.5,Electronics & Gadgets,products,30,False
redroosterperformance.com,Other,Automotive,0.9,Religious & Pooja,products,30,False
redtape.com,Footwear,Footwear,1.0,,products,30,True
reennaturals.in,Beauty & Personal Care,Health & Wellness,0.4,Beauty & Personal Care,products,30,False
reequil.com,Beauty & Personal Care,Beauty & Personal Care,0.7,Baby & Kids,products,30,True
rees52.com,Art & Craft,Art & Craft,0.43,Toys & Games,products,30,True
refitglobal.com,Electronics & Gadgets,Electronics & Gadgets,0.67,Gifts & Hampers,products,30,True
regalshoes.in,Footwear,Footwear,1.0,,products,30,True
reginaldmen.com,Beauty & Personal Care,Beauty & Personal Care,0.8,Health & Wellness,products,30,True
reidandtaylor.in,Apparel & Fashion (Men),Apparel & Fashion,0.93,Footwear,products,30,True
reisemoto.com,Automotive,Automotive,0.8,Apparel & Fashion,products,30,True
rekhtabooks.com,Books & Stationery,Religious & Pooja,0.6,Books & Stationery,products,30,False
relaxofootwear.com,Footwear,Footwear,1.0,,products,30,True
reneecosmetics.in,Beauty & Personal Care,Beauty & Personal Care,0.6,Baby & Kids,products,30,True
renewphonex.com,Electronics & Gadgets,Electronics & Gadgets,0.5,Baby & Kids,products,30,True
repose.co.in,Home & Decor,Baby & Kids,0.37,Food & Beverages,products,30,False
rescript.in,Books & Stationery,Books & Stationery,0.89,Bags & Luggage,products,27,True
resinhastkalastore.com,Art & Craft,Jewellery & Accessories,0.67,Art & Craft,products,30,False
resinncraftsuppliers.com,Jewellery & Accessories,Art & Craft,0.4,Jewellery & Accessories,products,30,False
resinstoresurat.com,Art & Craft,Religious & Pooja,0.47,Art & Craft,products,30,False
retailmaharaj.com,Religious & Pooja,Religious & Pooja,1.0,,products,30,True
revlon.co.in,Beauty & Personal Care,Beauty & Personal Care,0.83,Footwear,products,30,True
rezoni.com,Other,Electronics & Gadgets,0.83,Bags & Luggage,products,30,False
rforrabbit.com,Apparel & Fashion (Women),Footwear,0.3,Apparel & Fashion,products,30,False
richfeelnaturals.com,Beauty & Personal Care,Beauty & Personal Care,0.77,Food & Beverages,products,30,True
rideadventure.in,Automotive,Automotive,0.47,Toys & Games,products,30,True
ridersjunction.com,Automotive,Apparel & Fashion,0.53,Automotive,products,30,False
ridhiieesuuri.com,Apparel & Fashion (Women),Apparel & Fashion,0.53,Religious & Pooja,products,30,True
rimli.in,Jewellery & Accessories,Jewellery & Accessories,0.9,Religious & Pooja,products,30,True
rimzimshop.com,Other,Apparel & Fashion,1.0,,products,30,False
ringke.co.in,Books & Stationery,Electronics & Gadgets,0.67,Jewellery & Accessories,products,30,False
rippedupnutrition.com,Health & Wellness,Health & Wellness,0.5,Apparel & Fashion,products,30,True
rippletea.com,Food & Beverages,Food & Beverages,0.97,Gifts & Hampers,products,30,True
rishiboutique.in,Apparel & Fashion,Apparel & Fashion,0.6,Religious & Pooja,products,30,True
ristoss.com,Bags & Luggage,Bags & Luggage,0.87,Books & Stationery,products,30,True
ritwikas.com,Art & Craft,Art & Craft,0.63,Religious & Pooja,products,30,True
riza.co.in,Apparel & Fashion,Footwear,0.37,Apparel & Fashion,products,30,False
rjexpress.in,Automotive,Automotive,0.63,Bags & Luggage,products,30,True
rmkv.com,Apparel & Fashion,Apparel & Fashion,0.9,Art & Craft,products,30,True
robocraze.com,Electronics & Gadgets,Electronics & Gadgets,0.52,Art & Craft,products,29,True
robodo.in,Automotive,Electronics & Gadgets,0.34,Sports & Fitness,products,29,False
rogermotors.com,Electronics & Gadgets,Automotive,0.69,Electronics & Gadgets,products,29,False
rookiesjeans.com,Apparel & Fashion,Apparel & Fashion,0.77,Footwear,products,30,True
rootandsoil.in,Baby & Kids,Beauty & Personal Care,0.45,Baby & Kids,products,29,False
rosadababy.com,Bags & Luggage,Bags & Luggage,0.83,Gifts & Hampers,products,30,True
roshcookwares.in,Kitchen & Dining,Kitchen & Dining,0.53,Religious & Pooja,products,30,True
rosierfoods.com,Food & Beverages,Food & Beverages,0.77,Religious & Pooja,products,30,True
rosinjewellery.com,Jewellery & Accessories,Jewellery & Accessories,0.7,Gifts & Hampers,products,30,True
rossobrunello.com,Footwear,Footwear,0.9,Sports & Fitness,products,30,True
routeofdreams.in,Automotive,Automotive,0.63,Bags & Luggage,products,27,True
royalboxshop.com,Gifts & Hampers,Gifts & Hampers,0.79,Home & Decor,products,19,True
royalerado.com,Kitchen & Dining,Automotive,0.43,Bags & Luggage,products,30,False
rubans.in,Jewellery & Accessories,Jewellery & Accessories,0.93,Religious & Pooja,products,30,True
rubysorganics.in,Beauty & Personal Care,Beauty & Personal Care,0.6,Gifts & Hampers,products,30,True
ruheindia.com,Kitchen & Dining,Jewellery & Accessories,0.23,Kitchen & Dining,products,30,False
rusticart.in,Beauty & Personal Care,Beauty & Personal Care,0.63,Baby & Kids,products,30,True
rustorange.com,Apparel & Fashion,Apparel & Fashion,0.83,Religious & Pooja,products,30,True
rwdy.in,Apparel & Fashion,Apparel & Fashion,0.52,Footwear,products,29,True
rydersarena.in,Apparel & Fashion (Women),Automotive,0.27,Footwear,products,30,False
rynoxgear.com,Apparel & Fashion,Apparel & Fashion,0.4,Bags & Luggage,products,30,True
saaboo.com,Electronics & Gadgets,Jewellery & Accessories,0.87,Electronics & Gadgets,products,30,False
saadaa.in,Apparel & Fashion,Apparel & Fashion,0.83,Footwear,products,30,True
saarastextiles.com,Apparel & Fashion,Apparel & Fashion,1.0,,products,30,True
sabhyataclothing.com,Apparel & Fashion (Women),Apparel & Fashion,0.9,Art & Craft,products,30,True
sadhna.co,Religious & Pooja,Religious & Pooja,0.27,Bags & Luggage,products,30,True
safaribags.com,Bags & Luggage,Bags & Luggage,1.0,,products,30,True
saffronthreadsclothing.com,Apparel & Fashion (Women),Apparel & Fashion,0.77,Art & Craft,products,30,True
saffrron.in,Apparel & Fashion,Footwear,0.8,Kitchen & Dining,products,30,False
sagansinghmakeup.in,Beauty & Personal Care,Beauty & Personal Care,0.63,Health & Wellness,products,30,True
sagebymala.com,Apparel & Fashion,Apparel & Fashion,0.83,Footwear,products,29,True
sagex.life,Apparel & Fashion,Religious & Pooja,0.27,Footwear,products,30,False
sahibacar.in,Automotive,Automotive,0.77,Electronics & Gadgets,products,30,True
saicreationswatches.com,Jewellery & Accessories,Jewellery & Accessories,0.7,Electronics & Gadgets,products,30,True
saihandabangle.com,Jewellery & Accessories,Jewellery & Accessories,0.73,Religious & Pooja,products,30,True
saintg.in,Footwear,Footwear,1.0,,products,30,True
salammalsilks.com,Apparel & Fashion,Apparel & Fashion,0.93,Food & Beverages,products,30,True
saltattire.com,Apparel & Fashion,Apparel & Fashion,0.67,Footwear,products,30,True
saltoralcare.com,Beauty & Personal Care,Baby & Kids,0.3,Food & Beverages,products,30,False
samgarage.in,Automotive,Automotive,0.43,Art & Craft,products,30,True
samstoy.in,Toys & Games,Toys & Games,0.97,Automotive,products,30,True
sanfe.in,Beauty & Personal Care,Beauty & Personal Care,0.63,Baby & Kids,products,30,True
sansclassicparts.com,Electronics & Gadgets,Automotive,0.5,Footwear,products,30,False
sanskrutihomes.in,Apparel & Fashion (Women),Apparel & Fashion,0.8,Baby & Kids,products,30,True
santhionlineplants.com,Plants & Gardening,Plants & Gardening,0.67,Religious & Pooja,products,30,True
sarafabazar.in,Jewellery & Accessories,Apparel & Fashion,0.47,Jewellery & Accessories,products,30,False
saralhome.com,Home & Decor,Home & Decor,0.8,Footwear,products,30,True
sarashape.in,Apparel & Fashion,Food & Beverages,0.83,Kitchen & Dining,products,30,False
sareesbysiva.com,Apparel & Fashion,Apparel & Fashion,0.9,Plants & Gardening,products,30,True
sarinskin.com,Health & Wellness,Beauty & Personal Care,0.59,Health & Wellness,products,29,False
sarkar.store,Beauty & Personal Care,Bags & Luggage,0.57,Beauty & Personal Care,products,30,False
sasitrends.com,Jewellery & Accessories,Jewellery & Accessories,1.0,,products,30,True
sassafras.in,Apparel & Fashion (Women),Apparel & Fashion,0.83,Jewellery & Accessories,products,30,True
satratraders.co.in,Jewellery & Accessories,Art & Craft,0.53,Jewellery & Accessories,products,30,False
satvikstore.in,Books & Stationery,Religious & Pooja,0.87,Art & Craft,products,30,False
satyamkraft.in,Home & Decor,Religious & Pooja,0.5,Gifts & Hampers,products,30,False
saubhagyavati.in,Jewellery & Accessories,Jewellery & Accessories,0.9,Religious & Pooja,products,30,True
saudewala.in,Electronics & Gadgets,Electronics & Gadgets,0.33,Footwear,products,30,True
saundh.com,Apparel & Fashion (Women),Apparel & Fashion,0.67,Footwear,products,30,True
sayalirajadhyakshasarees.com,Apparel & Fashion,Apparel & Fashion,0.83,Religious & Pooja,products,30,True
sayy.in,Beauty & Personal Care,Beauty & Personal Care,0.76,Health & Wellness,products,25,True
sbcollection.co.in,Apparel & Fashion,Religious & Pooja,0.43,Footwear,products,30,False
sbwatches.in,Jewellery & Accessories,Jewellery & Accessories,0.9,Footwear,products,30,True
scalearts.in,Automotive,Automotive,0.8,Apparel & Fashion,products,30,True
scentari.in,Footwear,Religious & Pooja,0.4,Apparel & Fashion,products,30,False
scentedelic.com,Food & Beverages,Footwear,0.24,Art & Craft,products,29,False
scentira.in,Beauty & Personal Care,Beauty & Personal Care,0.33,Religious & Pooja,products,30,True
scentoria.co.in,Beauty & Personal Care,Beauty & Personal Care,0.77,Baby & Kids,products,30,True
scentsationindia.com,Beauty & Personal Care,Religious & Pooja,0.4,Baby & Kids,products,10,False
scooboo.in,Books & Stationery,Books & Stationery,0.77,Electronics & Gadgets,products,30,True
scrubsy.co.in,Footwear,Beauty & Personal Care,0.33,Footwear,products,3,False
scrunchybowsindia.com,Jewellery & Accessories,Baby & Kids,0.47,Jewellery & Accessories,products,30,False
scssports.in,Apparel & Fashion (Men),Footwear,0.47,Sports & Fitness,products,30,False
secretalchemist.com,Beauty & Personal Care,Gifts & Hampers,0.33,Beauty & Personal Care,products,30,False
securement.in,Bags & Luggage,Bags & Luggage,0.83,Books & Stationery,products,23,True
seeaash.in,Baby & Kids,Apparel & Fashion,0.37,Toys & Games,products,30,False
seematti.com,Beauty & Personal Care,Religious & Pooja,0.47,Art & Craft,products,30,False
seikowatches.co.in,Apparel & Fashion (Women),Apparel & Fashion,0.2,Sports & Fitness,products,30,True
selectbyshiva.com,Apparel & Fashion,Apparel & Fashion,0.43,Footwear,products,30,True
selectedhomme.in,Apparel & Fashion (Men),Apparel & Fashion,0.9,Jewellery & Accessories,products,30,True
selectwear.in,Electronics & Gadgets,Electronics & Gadgets,0.57,Jewellery & Accessories,products,28,True
sensesindia.in,Apparel & Fashion,Apparel & Fashion,0.57,Footwear,products,30,True
seoulskin.in,Beauty & Personal Care,Beauty & Personal Care,0.6,Health & Wellness,products,30,True
servdharm.com,Religious & Pooja,Religious & Pooja,0.87,Jewellery & Accessories,products,30,True
sesacare.com,Beauty & Personal Care,Beauty & Personal Care,0.63,Health & Wellness,products,30,True
seventen.in,Footwear,Footwear,0.7,Apparel & Fashion,products,30,True
sgboutique.in,Apparel & Fashion,Apparel & Fashion,0.67,Food & Beverages,products,30,True
shahnaz.in,Beauty & Personal Care,Beauty & Personal Care,0.8,Religious & Pooja,products,30,True
shakehands.co.in,Pet Supplies,Pet Supplies,0.63,Food & Beverages,products,30,True
shapercult.com,Apparel & Fashion,Footwear,0.33,Sports & Fitness,products,30,False
shapermen.in,Apparel & Fashion,Footwear,0.5,Sports & Fitness,products,4,False
shaperpeach.in,Apparel & Fashion,Footwear,0.38,Sports & Fitness,products,13,False
shapingindia.in,Apparel & Fashion,Apparel & Fashion,0.33,Sports & Fitness,products,21,True
sharanz.com,Apparel & Fashion,Apparel & Fashion,0.97,Religious & Pooja,products,30,True
sharkninja.in,Beauty & Personal Care,Kitchen & Dining,0.35,Electronics & Gadgets,products,17,False
sharkperfume.in,Beauty & Personal Care,Apparel & Fashion,0.37,Footwear,products,30,False
shascollections.com,Jewellery & Accessories,Art & Craft,0.87,Jewellery & Accessories,products,30,False
sheetalbatra.com,Apparel & Fashion,Apparel & Fashion,0.73,Religious & Pooja,products,30,True
sheopals.com,Health & Wellness,Health & Wellness,0.8,Beauty & Personal Care,products,30,True
sheshaayurveda.com,Beauty & Personal Care,Beauty & Personal Care,0.53,Religious & Pooja,products,30,True
shevalonvarmakalai.com,Food & Beverages,Health & Wellness,0.5,Food & Beverages,products,30,False
shinysecrets.in,Jewellery & Accessories,Jewellery & Accessories,0.9,Gifts & Hampers,products,30,True
shipracollection.com,Apparel & Fashion,Apparel & Fashion,0.8,Religious & Pooja,products,30,True
shivalal.com,Other,Religious & Pooja,0.87,Kitchen & Dining,products,30,False
shivcrafts.com,Religious & Pooja,Religious & Pooja,0.57,Jewellery & Accessories,products,30,True
shlazio.com,Beauty & Personal Care,Beauty & Personal Care,0.63,Health & Wellness,products,30,True
shockware.in,Electronics & Gadgets,Electronics & Gadgets,0.93,Apparel & Fashion,products,30,True
shoekeens.in,Other,Footwear,0.5,Baby & Kids,products,30,False
shoeshock.in,Food & Beverages,Footwear,0.63,Food & Beverages,products,30,False
broadwaylive.in,Footwear,Apparel & Fashion,1.0,,tagline,1,False
kidipoo.com,Apparel & Fashion,Apparel & Fashion,0.7,Footwear,products,30,True
recodestudios.com,Beauty & Personal Care,Beauty & Personal Care,0.6,Apparel & Fashion,products,30,True
tagdaraho.in,Sports & Fitness,Sports & Fitness,0.53,Religious & Pooja,products,30,True
teamsg.in,Apparel & Fashion (Men),Footwear,0.53,Apparel & Fashion,products,30,False
shop2india.com,Electronics & Gadgets,Electronics & Gadgets,0.53,Automotive,products,30,True
shop4shops.in,Apparel & Fashion (Women),Apparel & Fashion,0.53,Footwear,products,30,True
shopaarel.com,Beauty & Personal Care,Beauty & Personal Care,0.67,Art & Craft,products,30,True
shopatsc.com,Electronics & Gadgets,Electronics & Gadgets,0.77,Toys & Games,products,30,True
shopdop.in,Bags & Luggage,Food & Beverages,0.33,Religious & Pooja,products,30,False
shopdori.in,Apparel & Fashion,Apparel & Fashion,0.53,Religious & Pooja,products,30,True
shopeyard.com,Books & Stationery,Religious & Pooja,0.4,Books & Stationery,products,30,False
shopfeier.com,Apparel & Fashion (Women),Footwear,0.43,Sports & Fitness,products,30,False
shopfootball.in,Apparel & Fashion (Women),Apparel & Fashion,0.8,Gifts & Hampers,products,30,True
shopforaurelia.com,Apparel & Fashion (Women),Apparel & Fashion,0.83,Footwear,products,30,True
shopfreezestudios.com,Apparel & Fashion,Apparel & Fashion,0.62,Footwear,products,29,True
shopguide.store,Apparel & Fashion (Men),Plants & Gardening,0.29,Apparel & Fashion,products,17,False
shopjbr.com,Jewellery & Accessories,Jewellery & Accessories,1.0,,products,30,True
shopkara.store,Apparel & Fashion,Baby & Kids,0.25,Pet Supplies,products,8,False
shopmasakali.co,Apparel & Fashion (Women),Apparel & Fashion,0.87,Jewellery & Accessories,products,30,True
shopmulmul.com,Apparel & Fashion (Women),Apparel & Fashion,0.87,Food & Beverages,products,30,True
shopmurphy.in,Electronics & Gadgets,Home & Decor,0.36,Gifts & Hampers,products,28,False
shoppersbasket.in,Home & Decor,Footwear,0.23,Baby & Kids,products,26,False
shoppingworldyt.com,Apparel & Fashion,Apparel & Fashion,1.0,,products,30,True
shopsbuy.in,Beauty & Personal Care,Beauty & Personal Care,0.33,Baby & Kids,products,9,True
shopthescrublife.com,Apparel & Fashion,Footwear,0.27,Apparel & Fashion,products,30,False
shopwithpraylady.com,Kitchen & Dining,Kitchen & Dining,0.87,Religious & Pooja,products,30,True
showoffff.in,Apparel & Fashion (Women),Apparel & Fashion,0.77,Jewellery & Accessories,products,30,True
shozon.in,Footwear,Footwear,1.0,,products,30,True
shreejifoods.in,Food & Beverages,Religious & Pooja,0.47,Food & Beverages,products,30,False
shreyanspos.com,Electronics & Gadgets,Books & Stationery,0.36,Electronics & Gadgets,products,28,False
shriandsam.com,Kitchen & Dining,Kitchen & Dining,0.9,Home & Decor,products,30,True
shriimant.com,Apparel & Fashion (Men),Apparel & Fashion,0.97,Footwear,products,30,True
shrijagdish.com,Apparel & Fashion,Apparel & Fashion,0.87,Sports & Fitness,products,30,True
shriposhak.in,Apparel & Fashion,Religious & Pooja,0.6,Apparel & Fashion,products,30,False
shrishtijewels.in,Jewellery & Accessories,Religious & Pooja,0.43,Jewellery & Accessories,products,30,False
shyle.in,Jewellery & Accessories,Jewellery & Accessories,0.47,Religious & Pooja,products,30,True
sicsense.in,Jewellery & Accessories,Jewellery & Accessories,0.83,Bags & Luggage,products,30,True
sidhasstore.com,Jewellery & Accessories,Bags & Luggage,0.53,Electronics & Gadgets,products,30,False
signtificindia.com,Jewellery & Accessories,Religious & Pooja,0.43,Jewellery & Accessories,products,30,False
silaii.com,Religious & Pooja,Art & Craft,0.7,Religious & Pooja,products,30,False
silaistudio.com,Apparel & Fashion,Apparel & Fashion,0.9,Home & Decor,products,30,True
silkfolks.com,Apparel & Fashion,Apparel & Fashion,1.0,,products,30,True
sillageperfumes.in,Beauty & Personal Care,Religious & Pooja,0.57,Apparel & Fashion,products,30,False
silverfied.in,Jewellery & Accessories,Jewellery & Accessories,1.0,,products,30,True
silverora.in,Jewellery & Accessories,Jewellery & Accessories,0.61,Sports & Fitness,products,18,True
silvertarakaya.com,Jewellery & Accessories,Jewellery & Accessories,1.0,,products,30,True
silvertraq.com,Apparel & Fashion (Women),Sports & Fitness,0.33,Footwear,products,30,False
silverunnati.com,Jewellery & Accessories,Jewellery & Accessories,1.0,,products,30,True
simpleskincare.in,Beauty & Personal Care,Beauty & Personal Care,0.93,Bags & Luggage,products,30,True
simplifinest.com,Beauty & Personal Care,Kitchen & Dining,0.63,Bags & Luggage,products,30,False
simplikurta.com,Apparel & Fashion (Men),Apparel & Fashion,0.9,Art & Craft,products,30,True
simplynam.com,Beauty & Personal Care,Beauty & Personal Care,0.6,Baby & Kids,products,30,True
simplyshopping.in,Electronics & Gadgets,Footwear,0.47,Electronics & Gadgets,products,30,False
sindhidryfruits.live,Gifts & Hampers,Gifts & Hampers,0.97,Food & Beverages,products,30,True
singhandbrothers.com,Apparel & Fashion,Apparel & Fashion,0.7,Footwear,products,30,True
singhanias.in,Apparel & Fashion,Apparel & Fashion,0.9,Religious & Pooja,products,30,True
six5six.in,Apparel & Fashion,Apparel & Fashion,0.7,Footwear,products,30,True
skergo.com,Footwear,Gifts & Hampers,0.53,Footwear,products,30,False
skiip.in,Other,,0.0,,,0,False
skillmatics.in,Art & Craft,Art & Craft,0.4,Toys & Games,products,30,True
skillotoys.com,Toys & Games,Toys & Games,0.6,Art & Craft,products,30,True
skinbae.in,Beauty & Personal Care,Beauty & Personal Care,0.6,Health & Wellness,products,30,True
skincarepersonaltouch.com,Beauty & Personal Care,Beauty & Personal Care,0.57,Baby & Kids,products,30,True
skincela.com,Kitchen & Dining,Beauty & Personal Care,0.27,Baby & Kids,products,30,False
skinhealthandyou.com,Beauty & Personal Care,Beauty & Personal Care,0.67,Baby & Kids,products,30,True
skininspired.in,Beauty & Personal Care,Beauty & Personal Care,0.69,Health & Wellness,products,29,True
skinkraft.com,Beauty & Personal Care,Beauty & Personal Care,0.83,Baby & Kids,products,29,True
skinslegend.com,Electronics & Gadgets,Footwear,0.63,Electronics & Gadgets,products,30,False
sko-store.com,Footwear,Footwear,0.8,Apparel & Fashion,products,30,True
slay.fashion,Apparel & Fashion,Apparel & Fashion,1.0,,products,30,True
sleepycat.in,Home & Decor,Home & Decor,0.33,Baby & Kids,products,30,True
slovic.com,Sports & Fitness,Sports & Fitness,0.8,Art & Craft,products,30,True
slsfashionworld.com,Apparel & Fashion,Apparel & Fashion,0.43,Jewellery & Accessories,products,30,True
slurrpfarm.com,Food & Beverages,Food & Beverages,0.73,Kitchen & Dining,products,30,True
slvsales.in,Electronics & Gadgets,Electronics & Gadgets,0.47,Footwear,products,30,True
sm05.in,Beauty & Personal Care,Bags & Luggage,0.2,Jewellery & Accessories,products,30,False
smarsjewelry.com,Jewellery & Accessories,Jewellery & Accessories,0.9,Religious & Pooja,products,30,True
smokekart.in,Food & Beverages,Food & Beverages,0.23,Footwear,products,30,True
smoor.in,Gifts & Hampers,Gifts & Hampers,0.8,Kitchen & Dining,products,30,True
snehalayaasilks.com,Apparel & Fashion,Apparel & Fashion,0.67,Religious & Pooja,products,30,True
snipesmenswear.com,Apparel & Fashion (Men),Apparel & Fashion,0.93,Art & Craft,products,30,True
snowra.in,Apparel & Fashion (Women),Apparel & Fashion,0.3,Toys & Games,products,30,True
societytea.com,Food & Beverages,Food & Beverages,0.53,Gifts & Hampers,products,30,True
sockscarving.in,Sports & Fitness,Gifts & Hampers,0.33,Footwear,products,30,False
soie.in,Apparel & Fashion,Sports & Fitness,0.39,Footwear,products,28,False
sojanya.com,Apparel & Fashion (Men),Apparel & Fashion,1.0,,products,30,True
solacegears.com,Apparel & Fashion,Apparel & Fashion,0.34,Footwear,products,29,True
solavea.in,Beauty & Personal Care,Religious & Pooja,0.38,Footwear,products,8,False
sonaherbal.com,Beauty & Personal Care,Health & Wellness,0.58,Beauty & Personal Care,products,12,False
sonalbeadsnx.com,Jewellery & Accessories,Jewellery & Accessories,0.67,Electronics & Gadgets,products,30,True
sonchafa.com,Jewellery & Accessories,Jewellery & Accessories,0.73,Religious & Pooja,products,30,True
soni.fashion,Jewellery & Accessories,Jewellery & Accessories,0.93,Gifts & Hampers,products,30,True
soniclamb.com,Electronics & Gadgets,Electronics & Gadgets,1.0,,products,4,True
sotrue.in,Beauty & Personal Care,Beauty & Personal Care,0.6,Jewellery & Accessories,products,30,True
soulflower.in,Beauty & Personal Care,Beauty & Personal Care,0.37,Religious & Pooja,products,30,True
soultheory.in,Jewellery & Accessories,Jewellery & Accessories,0.96,Apparel & Fashion,products,28,True
soulworks.co,Jewellery & Accessories,Jewellery & Accessories,0.67,Religious & Pooja,products,30,True
sourceitright.com,Apparel & Fashion,Apparel & Fashion,0.53,Religious & Pooja,products,30,True
southloom.com,Bags & Luggage,Apparel & Fashion,0.53,Bags & Luggage,products,30,False
sowjanyastudios.com,Apparel & Fashion,Religious & Pooja,1.0,,products,30,False
spacelifestore.in,Apparel & Fashion (Men),Footwear,0.21,Health & Wellness,products,29,False
spacesavermart.shop,Bags & Luggage,Home & Decor,0.5,Bags & Luggage,products,2,False
sparify.co,Automotive,Automotive,0.55,Bags & Luggage,products,29,True
sparkleandglow.co.in,Jewellery & Accessories,Jewellery & Accessories,0.63,Religious & Pooja,products,30,True
sparkyjeans.in,Apparel & Fashion,Apparel & Fashion,0.73,Footwear,products,30,True
specsmakers.in,Jewellery & Accessories,Art & Craft,0.37,Sports & Fitness,products,30,False
speedo.in,Apparel & Fashion,Footwear,0.4,Sports & Fitness,products,30,False
spicysamayals.com,Food & Beverages,Food & Beverages,0.73,Gifts & Hampers,products,30,True
spiffers.in,Footwear,Footwear,1.0,,products,30,True
spigen.in,Electronics & Gadgets,Electronics & Gadgets,0.57,Jewellery & Accessories,products,30,True
spinbot.co.in,Electronics & Gadgets,Toys & Games,0.53,Electronics & Gadgets,products,30,False
spinecure.co.in,Home & Decor,Footwear,0.33,Home & Decor,products,18,False
sportsheap.store,Apparel & Fashion,Footwear,0.9,Gifts & Hampers,products,30,False
sportsun.in,Sports & Fitness,Sports & Fitness,0.5,Apparel & Fashion,products,30,True
sportswing.in,Sports & Fitness,Footwear,0.47,Sports & Fitness,products,30,False
sprig.store,Electronics & Gadgets,Electronics & Gadgets,0.53,Bags & Luggage,products,30,True
springtek.in,Home & Decor,Baby & Kids,0.38,Footwear,products,16,False
sprinklez.in,Apparel & Fashion,Apparel & Fashion,0.63,Home & Decor,products,30,True
spruceindia.com,Jewellery & Accessories,Food & Beverages,0.27,Jewellery & Accessories,products,30,False
spykar.com,Apparel & Fashion (Women),Apparel & Fashion,0.57,Footwear,products,30,True
sreeleathers.com,Footwear,Footwear,0.83,Jewellery & Accessories,products,30,True
sreeleathersonline.com,Footwear,Footwear,0.7,Bags & Luggage,products,30,True
sreesaisilks.in,Apparel & Fashion,Apparel & Fashion,0.9,Footwear,products,30,True
srianujewellers.com,Jewellery & Accessories,Jewellery & Accessories,0.93,Footwear,products,30,True
srikrishnapearls.com,Jewellery & Accessories,Jewellery & Accessories,0.93,Art & Craft,products,30,True
srimandir.store,Jewellery & Accessories,Religious & Pooja,0.47,Plants & Gardening,products,30,False
srisritattva.com,Food & Beverages,Food & Beverages,0.3,Beauty & Personal Care,products,30,True
srivarahafoods.com,Food & Beverages,Food & Beverages,0.6,Religious & Pooja,products,30,True
srstore.in,Other,Apparel & Fashion,1.0,,tagline,1,False
ssptex.com,Apparel & Fashion (Women),Apparel & Fashion,1.0,,products,30,True
ssvfashioncollection.com,Apparel & Fashion,Apparel & Fashion,0.43,Art & Craft,products,30,True
stahlkitchens.com,Kitchen & Dining,Kitchen & Dining,0.7,Art & Craft,products,30,True
stanford.in,Bags & Luggage,Sports & Fitness,0.53,Bags & Luggage,products,30,False
stanwellskids.in,Baby & Kids,Baby & Kids,0.81,Apparel & Fashion,products,26,True
starkidsstore.co,Footwear,Kitchen & Dining,0.33,Jewellery & Accessories,products,30,False
stationerywalebhaiya.com,Books & Stationery,Books & Stationery,0.37,Art & Craft,products,30,True
staycase.in,Electronics & Gadgets,Electronics & Gadgets,0.57,Jewellery & Accessories,products,30,True
stayclassy.in,Electronics & Gadgets,Electronics & Gadgets,0.57,Jewellery & Accessories,products,30,True
staypure.net,Electronics & Gadgets,Baby & Kids,0.47,Kitchen & Dining,products,30,False
stazebeauty.com,Beauty & Personal Care,Beauty & Personal Care,0.5,Jewellery & Accessories,products,30,True
steadfastnutrition.in,Health & Wellness,Health & Wellness,0.4,Food & Beverages,products,30,True
sthricotton.com,Apparel & Fashion,Home & Decor,0.33,Apparel & Fashion,products,30,False
stickitup.xyz,Books & Stationery,Books & Stationery,0.73,Religious & Pooja,products,30,True
stitchspares.com,Automotive,Bags & Luggage,0.46,Art & Craft,products,26,False
stoaparis.com,Home & Decor,Home & Decor,0.97,Apparel & Fashion,products,30,True
stooky.in,Apparel & Fashion,Apparel & Fashion,0.33,Footwear,products,30,True
store1914.in,Baby & Kids,Gifts & Hampers,0.4,Bags & Luggage,products,30,False
storeno6.com,Apparel & Fashion,Apparel & Fashion,0.77,Footwear,products,30,True
streetbred.in,Apparel & Fashion (Men),Apparel & Fashion,0.93,Footwear,products,30,True
streetstyleflow.com,Bags & Luggage,Bags & Luggage,0.4,Kitchen & Dining,products,15,True
streetwearclothings.com,Apparel & Fashion,Apparel & Fashion,0.67,Automotive,products,30,True
strongsoul.in,Apparel & Fashion (Men),Apparel & Fashion,0.5,Sports & Fitness,products,30,True
stryderbikes.com,Automotive,Automotive,0.83,Bags & Luggage,products,30,True
studdmuffyn.com,Beauty & Personal Care,Religious & Pooja,0.31,Beauty & Personal Care,products,29,False
studiokook.com,Kitchen & Dining,Kitchen & Dining,0.4,Books & Stationery,products,30,True
studiovirupa.com,Apparel & Fashion (Women),Apparel & Fashion,0.63,Religious & Pooja,products,30,True
stylejaipur.com,Apparel & Fashion,Apparel & Fashion,1.0,,products,30,True
stylesurat.in,Apparel & Fashion,Apparel & Fashion,0.77,Religious & Pooja,products,30,True
styleunion.in,Apparel & Fashion (Women),Apparel & Fashion,0.9,Footwear,products,30,True
stylika.com,Jewellery & Accessories,Jewellery & Accessories,0.63,Religious & Pooja,products,30,True
stylishwodrobe.com,Apparel & Fashion,Apparel & Fashion,0.77,Footwear,products,30,True
subhashgoyalofficial.com,Health & Wellness,Health & Wellness,0.73,Food & Beverages,products,30,True
subhvastra.in,Apparel & Fashion,Apparel & Fashion,0.93,Art & Craft,products,30,True
submarinepens.com,Books & Stationery,Books & Stationery,0.77,Art & Craft,products,30,True
sudarshansaree.com,Apparel & Fashion,Apparel & Fashion,1.0,,products,30,True
sudhasilk.com,Apparel & Fashion,Kitchen & Dining,0.87,Apparel & Fashion,products,30,False
sugandhlok.com,Religious & Pooja,Religious & Pooja,0.6,Gifts & Hampers,products,30,True
sugarcosmetics.com,Beauty & Personal Care,Beauty & Personal Care,0.63,Gifts & Hampers,products,27,True
sujathaonegramgold.com,Jewellery & Accessories,Jewellery & Accessories,0.67,Religious & Pooja,products,30,True
sujatra.com,Apparel & Fashion,Apparel & Fashion,0.87,Art & Craft,products,30,True
sulliejewels.com,Jewellery & Accessories,Jewellery & Accessories,0.67,Religious & Pooja,products,30,True
sumannathwani.com,Apparel & Fashion,Apparel & Fashion,0.63,Footwear,products,30,True
sumeetcookware.in,Kitchen & Dining,Kitchen & Dining,0.47,Bags & Luggage,products,30,True
sumiivastra.in,Apparel & Fashion,Apparel & Fashion,0.57,Religious & Pooja,products,30,True
sundarisilks.com,Apparel & Fashion,Apparel & Fashion,0.5,Religious & Pooja,products,30,True
sundayrest.com,Home & Decor,Home & Decor,0.53,Gifts & Hampers,products,15,True
sunflame.com,Apparel & Fashion,Kitchen & Dining,0.57,Home & Decor,products,30,False
sunohstudio.com,Apparel & Fashion,Apparel & Fashion,1.0,,products,30,True
superbottoms.com,Apparel & Fashion,Baby & Kids,0.43,Footwear,products,30,False
superfan.in,Electronics & Gadgets,Toys & Games,0.3,Gifts & Hampers,products,23,False
superherotoystore.com,Automotive,Automotive,0.3,Toys & Games,products,30,True
superkicks.in,Footwear,Footwear,1.0,,products,30,True
supersox.com,Gifts & Hampers,Footwear,0.67,Baby & Kids,products,30,False
supertails.com,Pet Supplies,Pet Supplies,0.57,Food & Beverages,products,30,True
superyou.in,Health & Wellness,Food & Beverages,0.43,Health & Wellness,products,30,False
supplysix.com,Health & Wellness,Health & Wellness,0.45,Food & Beverages,products,29,True
supremefurniture.co.in,Home & Decor,Toys & Games,0.37,Home & Decor,products,30,False
suprememobiles.in,Kitchen & Dining,Kitchen & Dining,0.55,Electronics & Gadgets,products,29,True
surabisilvers.com,Jewellery & Accessories,Jewellery & Accessories,0.97,Art & Craft,products,30,True
surma.in,Apparel & Fashion,Apparel & Fashion,0.9,Food & Beverages,products,29,True
suroskie.com,Beauty & Personal Care,Beauty & Personal Care,0.5,Gifts & Hampers,products,30,True
surplusfabric.com,Apparel & Fashion,Baby & Kids,0.53,Home & Decor,products,30,False
surtisilk.com,Apparel & Fashion (Women),Apparel & Fashion,1.0,,products,30,True
suryasilksonline.com,Apparel & Fashion (Men),Apparel & Fashion,1.0,,products,30,True
sushain.in,Health & Wellness,Health & Wellness,0.97,Food & Beverages,products,30,True
suspire.in,Health & Wellness,Religious & Pooja,0.27,Gifts & Hampers,products,30,False
suta.in,Apparel & Fashion,Automotive,0.57,Apparel & Fashion,products,30,False
sutisancha.com,Apparel & Fashion,Apparel & Fashion,1.0,,products,30,True
suvasa.in,Apparel & Fashion (Women),Apparel & Fashion,0.6,Religious & Pooja,products,30,True
suvikastudio.com,Apparel & Fashion,Religious & Pooja,0.4,Apparel & Fashion,products,30,False
suwasthi.com,Other,Religious & Pooja,0.5,Health & Wellness,products,2,False
svastika.in,Gifts & Hampers,Religious & Pooja,0.9,Gifts & Hampers,products,30,False
swashaa.com,Jewellery & Accessories,Jewellery & Accessories,1.0,,products,30,True
sweetdreams.in,Apparel & Fashion (Women),Gifts & Hampers,0.37,Footwear,products,30,False
sweetkaramcoffee.in,Food & Beverages,Food & Beverages,0.87,Gifts & Hampers,products,30,True
swiings.com,Kitchen & Dining,Art & Craft,0.2,Kitchen & Dining,products,30,False
swipey.in,Footwear,Electronics & Gadgets,0.27,Home & Decor,products,11,False
swisse.co.in,Health & Wellness,Health & Wellness,0.9,Food & Beverages,products,30,True
swissmilitaryindia.com,Bags & Luggage,Bags & Luggage,0.87,Kitchen & Dining,products,30,True
swissparadise.in,Jewellery & Accessories,Gifts & Hampers,0.3,Books & Stationery,products,30,False
swtantra.com,Apparel & Fashion,Apparel & Fashion,0.97,Baby & Kids,products,30,True
sylvi.in,Jewellery & Accessories,Jewellery & Accessories,0.97,Gifts & Hampers,products,30,True
t2gshopping.com,Apparel & Fashion (Women),Apparel & Fashion,0.77,Baby & Kids,products,30,True
taanabaanabysapna.com,Apparel & Fashion,Apparel & Fashion,0.4,Kitchen & Dining,products,30,True
taghouse.in,Apparel & Fashion,Apparel & Fashion,0.97,Footwear,products,30,True
talentkerala.com,Books & Stationery,Books & Stationery,0.47,Religious & Pooja,products,30,True
talktocrystals.com,Jewellery & Accessories,Jewellery & Accessories,0.69,Plants & Gardening,products,29,True
tanchui.co.in,Apparel & Fashion,Apparel & Fashion,1.0,,products,30,True
tangyshopindia.com,Food & Beverages,Food & Beverages,0.37,Gifts & Hampers,products,30,True
tanotis.com,Electronics & Gadgets,Electronics & Gadgets,0.57,Automotive,products,30,True
taractara.com,Apparel & Fashion,Apparel & Fashion,0.97,Gifts & Hampers,products,30,True
tarangg.in,Apparel & Fashion,Apparel & Fashion,0.87,Footwear,products,30,True
tarinika.in,Jewellery & Accessories,Jewellery & Accessories,0.83,Religious & Pooja,products,30,True
taruni.in,Apparel & Fashion (Women),Apparel & Fashion,1.0,,products,30,True
tastynibbles.in,Food & Beverages,Food & Beverages,0.8,Health & Wellness,products,30,True
tatanutrikorner.com,Food & Beverages,Food & Beverages,0.93,Health & Wellness,products,30,True
tatasimplybetter.com,Food & Beverages,Food & Beverages,0.93,Religious & Pooja,products,30,True
tberry.in,Gifts & Hampers,Apparel & Fashion,0.63,Beauty & Personal Care,products,30,False
teacurry.com,Food & Beverages,Health & Wellness,0.97,Food & Beverages,products,30,False
teamapex.gg,Other,Gifts & Hampers,1.0,,products,1,False
techcommerce.in,Electronics & Gadgets,Electronics & Gadgets,0.67,Pet Supplies,products,30,True
techiestore.in,Electronics & Gadgets,Electronics & Gadgets,0.77,Footwear,products,30,True
tecmarx.com,Electronics & Gadgets,Electronics & Gadgets,0.83,Sports & Fitness,products,30,True
tecpods.com,Electronics & Gadgets,Electronics & Gadgets,0.83,Gifts & Hampers,products,6,True
tecsox.com,Electronics & Gadgets,Electronics & Gadgets,0.93,Gifts & Hampers,products,30,True
teejh.com,Jewellery & Accessories,Jewellery & Accessories,0.5,Apparel & Fashion,products,30,True
teenbaan.com,Footwear,Footwear,0.93,Gifts & Hampers,products,30,True
tego.fit,Apparel & Fashion,Sports & Fitness,0.33,Footwear,products,30,False
templedesigner.com,Apparel & Fashion,Apparel & Fashion,0.93,Books & Stationery,products,30,True
tenaxtees.com,Apparel & Fashion (Men),Apparel & Fashion,0.9,Footwear,products,30,True
tensports.store,Pet Supplies,Art & Craft,0.43,Apparel & Fashion,products,30,False
teresashopping.com,Apparel & Fashion,Apparel & Fashion,0.47,Religious & Pooja,products,30,True
terractive.in,Apparel & Fashion (Women),Footwear,0.33,Apparel & Fashion,products,30,False
terrana.in,Jewellery & Accessories,Jewellery & Accessories,0.7,Bags & Luggage,products,30,True
tetro.in,Other,Jewellery & Accessories,0.47,Electronics & Gadgets,products,30,False
texovera.com,Electronics & Gadgets,Electronics & Gadgets,0.7,Jewellery & Accessories,products,30,True
tezzo.in,Footwear,Footwear,0.5,Apparel & Fashion,products,30,True
thanishkacollections.com,Apparel & Fashion,Apparel & Fashion,0.77,Religious & Pooja,products,30,True
thanviboutique.com,Apparel & Fashion,Apparel & Fashion,0.73,Food & Beverages,products,30,True
tharamclothing.com,Apparel & Fashion (Women),Apparel & Fashion,0.4,Sports & Fitness,products,30,True
thayyilsports.in,Apparel & Fashion,Art & Craft,0.37,Gifts & Hampers,products,30,False
the-next-decor.com,Art & Craft,Art & Craft,0.57,Religious & Pooja,products,30,True
the1970shop.com,Food & Beverages,Food & Beverages,0.43,Gifts & Hampers,products,30,True
the99jewel.com,Jewellery & Accessories,Jewellery & Accessories,1.0,,products,30,True
theaffordableorganicstore.com,Plants & Gardening,Plants & Gardening,0.57,Food & Beverages,products,30,True
theamethyststore.com,Jewellery & Accessories,Jewellery & Accessories,0.9,Religious & Pooja,products,30,True
theamyrastore.com,Bags & Luggage,Religious & Pooja,0.53,Bags & Luggage,products,30,False
theartment.com,Home & Decor,Home & Decor,0.66,Bags & Luggage,products,29,True
thearttherapy.in,Art & Craft,Home & Decor,0.17,Plants & Gardening,products,30,False
theater.xyz,Footwear,Footwear,0.77,Bags & Luggage,products,30,True
theaudio.co,Electronics & Gadgets,Electronics & Gadgets,0.3,Toys & Games,products,30,True
theaudiostore.in,Electronics & Gadgets,Electronics & Gadgets,0.8,Religious & Pooja,products,30,True
theauric.com,Health & Wellness,Health & Wellness,0.77,Food & Beverages,products,30,True
thebakingtools.com,Gifts & Hampers,Gifts & Hampers,0.7,Art & Craft,products,30,True
thebearhouse.com,Apparel & Fashion,Apparel & Fashion,0.7,Footwear,products,30,True
theblac.in,Jewellery & Accessories,Automotive,0.17,Jewellery & Accessories,products,30,False
theblackboxco.com,Gifts & Hampers,Gifts & Hampers,0.37,Books & Stationery,products,30,True
thecaistore.com,Footwear,Footwear,0.83,Home & Decor,products,30,True
thecasecompany.in,Electronics & Gadgets,Electronics & Gadgets,0.7,Jewellery & Accessories,products,30,True
thecraftsbanaras.com,Apparel & Fashion,Religious & Pooja,0.57,Apparel & Fashion,products,30,False
thecraze.in,Bags & Luggage,Bags & Luggage,0.61,Jewellery & Accessories,products,28,True
thecurvves.com,Apparel & Fashion,Apparel & Fashion,0.73,Footwear,products,30,True
thedailyrootine.com,Other,Baby & Kids,1.0,,products,5,False
thedapperman.in,Footwear,Footwear,1.0,,products,30,True
thedeconstruct.in,Beauty & Personal Care,Beauty & Personal Care,0.87,Gifts & Hampers,products,30,True
thedermaco.com,Beauty & Personal Care,Beauty & Personal Care,0.83,Health & Wellness,products,30,True
thedermacosmetics.com,Beauty & Personal Care,Baby & Kids,0.2,Apparel & Fashion,products,5,False
thedesigncart.com,Apparel & Fashion,Apparel & Fashion,0.57,Jewellery & Accessories,products,30,True
thedivinetales.com,Books & Stationery,Religious & Pooja,0.87,Jewellery & Accessories,products,30,False
thedrchoice.com,Food & Beverages,Food & Beverages,0.86,Health & Wellness,products,22,True
thedribblestore.com,Apparel & Fashion,Footwear,0.57,Gifts & Hampers,products,30,False
theeastcoastfresh.com,Food & Beverages,Food & Beverages,0.23,Religious & Pooja,products,30,True
theethniclabel.com,Apparel & Fashion,Apparel & Fashion,1.0,,products,30,True
thefaceshop.in,Food & Beverages,Beauty & Personal Care,0.37,Health & Wellness,products,30,False
thefarstore.com,Bags & Luggage,Bags & Luggage,0.43,Gifts & Hampers,products,30,True
thefashella.com,Electronics & Gadgets,Electronics & Gadgets,0.43,Jewellery & Accessories,products,30,True
thefashioncapital.in,Apparel & Fashion,Apparel & Fashion,0.57,Religious & Pooja,products,30,True
thefirstdateclothingstorebyranjanisuresh.myshopify.com,Apparel & Fashion,Gifts & Hampers,0.77,Food & Beverages,products,30,False
thefitfuelnutrition.com,Health & Wellness,Health & Wellness,0.79,Sports & Fitness,products,29,True
theflexnest.com,Apparel & Fashion,Sports & Fitness,0.53,Footwear,products,30,False
thefootballfrenzy.com,Apparel & Fashion,Apparel & Fashion,0.5,Footwear,products,30,True
thefootsteps.in,Footwear,Footwear,0.47,Gifts & Hampers,products,30,True
theformalclub.in,Apparel & Fashion,Apparel & Fashion,0.7,Jewellery & Accessories,products,30,True
theformularx.com,Beauty & Personal Care,Beauty & Personal Care,0.91,Health & Wellness,products,11,True
thegiftstudio.com,Gifts & Hampers,Gifts & Hampers,0.48,Food & Beverages,products,27,True
thegoodbug.com,Health & Wellness,Health & Wellness,0.6,Food & Beverages,products,30,True
thegooddoll.in,Toys & Games,Toys & Games,0.9,Apparel & Fashion,products,30,True
thehamptons.in,Apparel & Fashion (Men),Apparel & Fashion,0.97,Baby & Kids,products,30,True
thehandlooms.com,Apparel & Fashion,Religious & Pooja,0.57,Apparel & Fashion,products,30,False
thehatke.com,Electronics & Gadgets,Electronics & Gadgets,0.56,Jewellery & Accessories,products,27,True
thehomegreens.com,Kitchen & Dining,Beauty & Personal Care,0.5,Electronics & Gadgets,products,8,False
thehorizoncollections.com,Apparel & Fashion,Apparel & Fashion,0.4,Religious & Pooja,products,30,True
thehouseofradhe.com,Apparel & Fashion,Art & Craft,0.47,Apparel & Fashion,products,30,False
thehouseofrare.com,Apparel & Fashion (Men),Apparel & Fashion,0.83,Baby & Kids,products,30,True
theindiacrafthouse.com,Gifts & Hampers,Gifts & Hampers,0.77,Bags & Luggage,products,30,True
theindianbookstore.in,Automotive,Books & Stationery,0.4,Toys & Games,products,30,False
theindianethnicco.com,Apparel & Fashion,Apparel & Fashion,0.67,Art & Craft,products,30,True
thejaipurstudio.com,Apparel & Fashion (Women),Apparel & Fashion,0.63,Kitchen & Dining,products,30,True
thejas.co.in,Apparel & Fashion,Apparel & Fashion,0.83,Footwear,products,30,True
thejerseynation.in,Apparel & Fashion,Footwear,0.67,Gifts & Hampers,products,30,False
thekkgroups.in,Apparel & Fashion,Apparel & Fashion,0.53,Gifts & Hampers,products,30,True
theknotcompany.in,Gifts & Hampers,Gifts & Hampers,0.6,Religious & Pooja,products,30,True
theknottyrope.com,Art & Craft,Art & Craft,0.53,Religious & Pooja,products,30,True
thekraftykart.com,Books & Stationery,Books & Stationery,0.57,Religious & Pooja,products,30,True
thekraftyresin.com,Home & Decor,Art & Craft,0.27,Kitchen & Dining,products,30,False
thekrishnadesign.com,Apparel & Fashion,Apparel & Fashion,0.63,Footwear,products,30,True
thelabeljenn.com,Apparel & Fashion,Apparel & Fashion,0.5,Bags & Luggage,products,30,True
thelavishdesigns.com,Apparel & Fashion,Apparel & Fashion,0.53,Religious & Pooja,products,30,True
thelibasstudios.com,Apparel & Fashion (Women),Apparel & Fashion,1.0,,products,30,True
thelotusfab.in,Apparel & Fashion,Apparel & Fashion,0.9,Art & Craft,products,30,True
themancompany.com,Beauty & Personal Care,Beauty & Personal Care,0.73,Baby & Kids,products,30,True
themasterperfumer.in,Religious & Pooja,Footwear,0.23,Gifts & Hampers,products,30,False
thementhing.com,Jewellery & Accessories,Jewellery & Accessories,1.0,,products,30,True
themessycorner.in,Gifts & Hampers,Gifts & Hampers,0.47,Bags & Luggage,products,30,True
themomstore.in,Baby & Kids,Gifts & Hampers,0.48,Baby & Kids,products,29,False
themorenalabel.com,Apparel & Fashion,Apparel & Fashion,0.7,Footwear,products,30,True
themusclekart.com,Health & Wellness,Food & Beverages,0.5,Health & Wellness,products,30,False
thenalme.com,Kitchen & Dining,Religious & Pooja,0.37,Art & Craft,products,30,False
thenamestrings.in,Jewellery & Accessories,Jewellery & Accessories,0.9,Baby & Kids,products,30,True
thenaturalwash.com,Beauty & Personal Care,Beauty & Personal Care,0.86,Health & Wellness,products,28,True
thenmozhidesigns.com,Apparel & Fashion,Apparel & Fashion,1.0,,products,30,True
thenomadvibes.com,Apparel & Fashion,Apparel & Fashion,0.93,Food & Beverages,products,30,True
theoriginalknit.com,Art & Craft,Art & Craft,0.3,Gifts & Hampers,products,30,True
thepeppystore.in,Automotive,Automotive,0.77,Toys & Games,products,30,True
theperfumeproject.in,Footwear,Religious & Pooja,0.33,Gifts & Hampers,products,30,False
thepiematrix.com,Apparel & Fashion,Jewellery & Accessories,0.31,Religious & Pooja,products,16,False
thepinkmoon.in,Apparel & Fashion,Apparel & Fashion,0.73,Footwear,products,30,True
thepostbox.in,Bags & Luggage,Bags & Luggage,0.76,Gifts & Hampers,products,29,True
theprink.in,Gifts & Hampers,Gifts & Hampers,0.43,Art & Craft,products,30,True
thepuree.shop,Plants & Gardening,Health & Wellness,0.42,Beauty & Personal Care,products,26,False
thepurplepony.com,Home & Decor,Art & Craft,0.33,Toys & Games,products,30,False
therajlaxmijewellers.in,Jewellery & Accessories,Jewellery & Accessories,1.0,,products,30,True
therevolverclub.com,Jewellery & Accessories,Jewellery & Accessories,0.9,Footwear,products,30,True
theruhofficial.com,Apparel & Fashion,Apparel & Fashion,1.0,,products,30,True
thesagacity.in,Apparel & Fashion,Apparel & Fashion,0.83,Gifts & Hampers,products,30,True
theshopezzy.com,Other,Gifts & Hampers,0.53,Footwear,products,30,False
theshopindia.com,Books & Stationery,Beauty & Personal Care,0.2,Books & Stationery,products,30,False
thesirona.com,Bags & Luggage,Baby & Kids,0.57,Beauty & Personal Care,products,30,False
thesleepcompany.in,Home & Decor,Home & Decor,0.47,Sports & Fitness,products,30,True
thesolvedskin.com,Beauty & Personal Care,Beauty & Personal Care,1.0,,products,18,True
thesparescompany.com,Home & Decor,Automotive,0.3,Bags & Luggage,products,30,False
thesportstuff.in,Sports & Fitness,Sports & Fitness,0.9,Footwear,products,30,True
thestashio.com,Jewellery & Accessories,Jewellery & Accessories,0.47,Electronics & Gadgets,products,30,True
thestrokesgallery.com,Bags & Luggage,Bags & Luggage,1.0,,products,30,True
thestudiobagru.com,Apparel & Fashion,Apparel & Fashion,0.7,Art & Craft,products,30,True
thesuperkits.in,Apparel & Fashion,Footwear,0.47,Gifts & Hampers,products,30,False
thesurrealstore.com,Apparel & Fashion,Apparel & Fashion,0.77,Religious & Pooja,products,30,True
thetaffy.in,Apparel & Fashion,Apparel & Fashion,0.93,Jewellery & Accessories,products,30,True
thetrouserlab.com,Apparel & Fashion (Men),Apparel & Fashion,0.73,Footwear,products,30,True
theunikart.co.in,Jewellery & Accessories,Jewellery & Accessories,0.47,Art & Craft,products,30,True
theurbangadget.com,Jewellery & Accessories,Baby & Kids,0.23,Health & Wellness,products,30,False
hairmedindia.com,Health & Wellness,Health & Wellness,0.67,Beauty & Personal Care,products,30,True
theuseeshop.com,Apparel & Fashion,Apparel & Fashion,0.63,Religious & Pooja,products,30,True
thevallisilks.com,Apparel & Fashion,Apparel & Fashion,0.9,Religious & Pooja,products,30,True
thewalletstore.in,Jewellery & Accessories,Jewellery & Accessories,0.73,Bags & Luggage,products,30,True
thewellnessshop.in,Health & Wellness,Beauty & Personal Care,0.53,Health & Wellness,products,30,False
thewhitewillow.in,Home & Decor,Bags & Luggage,0.28,Home & Decor,products,29,False
theyellowdwelling.com,Home & Decor,Home & Decor,0.9,Baby & Kids,products,30,True
thezencrystals.com,Jewellery & Accessories,Religious & Pooja,0.47,Jewellery & Accessories,products,30,False
thinkrobotics.com,Electronics & Gadgets,Electronics & Gadgets,0.23,Bags & Luggage,products,30,True
thomasscott.in,Apparel & Fashion (Men),Apparel & Fashion,0.86,Footwear,products,29,True
threadsandblocks.com,Apparel & Fashion,Apparel & Fashion,0.83,Footwear,products,30,True
threadslabel.com,Apparel & Fashion,Apparel & Fashion,0.93,Religious & Pooja,products,30,True
threesixty.life,Books & Stationery,Books & Stationery,0.27,Home & Decor,products,30,True
thrillerrr.in,Gifts & Hampers,Gifts & Hampers,0.43,Books & Stationery,products,30,True
thriveco.in,Beauty & Personal Care,Beauty & Personal Care,0.63,Health & Wellness,products,30,True
thugiil.in,Apparel & Fashion,Apparel & Fashion,0.8,Food & Beverages,products,30,True
tibertaber.com,Baby & Kids,Apparel & Fashion,0.4,Baby & Kids,products,30,False
tigc.in,Apparel & Fashion (Men),Apparel & Fashion,1.0,,products,30,True
tikitoro.com,Beauty & Personal Care,Gifts & Hampers,0.43,Beauty & Personal Care,products,30,False
tilfi.com,Apparel & Fashion,Apparel & Fashion,0.53,Religious & Pooja,products,30,True
tiltingheads.com,Pet Supplies,Toys & Games,0.33,Footwear,products,30,False
tinyminymo.com,Books & Stationery,Books & Stationery,0.2,Gifts & Hampers,products,30,True
tjori.com,Jewellery & Accessories,Apparel & Fashion,0.5,Jewellery & Accessories,products,30,False
tmfragrance.com,Beauty & Personal Care,Beauty & Personal Care,0.83,Baby & Kids,products,30,True
tmperfumehouse.com,Beauty & Personal Care,Beauty & Personal Care,0.83,Baby & Kids,products,30,True
toffeecoffeeroasters.com,Food & Beverages,Gifts & Hampers,0.37,Food & Beverages,products,30,False
tonirossi.com,Footwear,Footwear,0.5,Bags & Luggage,products,30,True
tonoto.in,Gifts & Hampers,Religious & Pooja,0.4,Apparel & Fashion,products,30,False
topperskit.com,Books & Stationery,Books & Stationery,0.85,Art & Craft,products,26,True
torani.in,Apparel & Fashion (Men),Apparel & Fashion,0.7,Religious & Pooja,products,30,True
touch925.com,Gifts & Hampers,Gifts & Hampers,0.5,Religious & Pooja,products,30,True
toycollectorsindia.com,Automotive,Automotive,0.6,Toys & Games,products,30,True
toycra.com,Toys & Games,Toys & Games,0.73,Religious & Pooja,products,30,True
toykoo.in,Automotive,Automotive,0.97,Toys & Games,products,30,True
toyloft.in,Toys & Games,Toys & Games,0.83,Automotive,products,30,True
toystorey.in,Toys & Games,Toys & Games,0.53,Automotive,products,30,True
tpstech.in,Electronics & Gadgets,Electronics & Gadgets,0.37,Food & Beverages,products,30,True
trackandtrail.in,Automotive,Automotive,0.45,Footwear,products,29,True
tramboosports.com,Sports & Fitness,Sports & Fitness,0.93,Bags & Luggage,products,29,True
trancehomelinen.in,Home & Decor,Home & Decor,0.63,Baby & Kids,products,30,True
transformium.co,Health & Wellness,Health & Wellness,0.53,Sports & Fitness,products,30,True
travelarty.com,Art & Craft,Art & Craft,0.97,Home & Decor,products,30,True
travelstorycollectives.com,Apparel & Fashion,Apparel & Fashion,0.53,Art & Craft,products,30,True
traya.health,Health & Wellness,Health & Wellness,0.53,Beauty & Personal Care,products,30,True
trekkit.in,Apparel & Fashion,Footwear,0.47,Apparel & Fashion,products,30,False
trendize.in,Home & Decor,Home & Decor,0.73,Footwear,products,30,True
trendzjewellery.com,Jewellery & Accessories,Jewellery & Accessories,0.97,Gifts & Hampers,products,30,True
trendzjewellery.in,Jewellery & Accessories,Jewellery & Accessories,1.0,,products,30,True
tresmode.com,Footwear,Footwear,0.93,Apparel & Fashion,products,30,True
treverlii.co.in,Baby & Kids,Footwear,0.33,Religious & Pooja,products,6,False
tribalornaments.com,Jewellery & Accessories,Jewellery & Accessories,1.0,,products,30,True
trichaa.shop,Automotive,Baby & Kids,0.55,Health & Wellness,products,11,False
triphal.com,Food & Beverages,Health & Wellness,0.83,Food & Beverages,products,30,False
tripmachinecompany.com,Footwear,Footwear,0.63,Bags & Luggage,products,30,True
tripole.in,Apparel & Fashion,Footwear,0.43,Bags & Luggage,products,30,False
triprindia.com,Apparel & Fashion (Men),Apparel & Fashion,0.87,Footwear,products,30,True
trisu.in,Jewellery & Accessories,Jewellery & Accessories,0.6,Kitchen & Dining,products,30,True
triveniworld.com,Electronics & Gadgets,Electronics & Gadgets,0.9,Jewellery & Accessories,products,30,True
troost.in,Home & Decor,Home & Decor,0.43,Footwear,products,30,True
troovyfoods.com,Food & Beverages,Food & Beverages,0.53,Kitchen & Dining,products,30,True
trucrystals.in,Jewellery & Accessories,Religious & Pooja,0.32,Sports & Fitness,products,28,False
truebrowns.com,Apparel & Fashion,Apparel & Fashion,1.0,,tagline,1,True
truediamond.in,Jewellery & Accessories,Jewellery & Accessories,1.0,,tagline,1,True
truesilver.co.in,Jewellery & Accessories,Jewellery & Accessories,0.67,Footwear,products,30,True
truhairandskin.com,Beauty & Personal Care,Beauty & Personal Care,0.71,Health & Wellness,products,28,True
trulysma.com,Apparel & Fashion,Apparel & Fashion,1.0,,products,30,True
trunativ.co,Health & Wellness,Health & Wellness,0.61,Food & Beverages,products,28,True
trymoody.com,Beauty & Personal Care,Beauty & Personal Care,0.83,Footwear,products,30,True
trysonos.in,Electronics & Gadgets,Toys & Games,0.33,Home & Decor,products,30,False
ttbazaar.com,Sports & Fitness,Apparel & Fashion,0.8,Sports & Fitness,products,30,False
tucokids.com,Beauty & Personal Care,Beauty & Personal Care,0.67,Art & Craft,products,30,True
tugain.in,Beauty & Personal Care,Beauty & Personal Care,0.5,Baby & Kids,products,20,True
tulsiresin.com,Home & Decor,Religious & Pooja,0.2,Kitchen & Dining,products,30,False
turaturi.com,Apparel & Fashion,Apparel & Fashion,0.83,Baby & Kids,products,30,True
turtlewings.co.in,Home & Decor,Art & Craft,0.53,Religious & Pooja,products,30,False
tvarra.com,Bags & Luggage,Jewellery & Accessories,0.27,Religious & Pooja,products,30,False
tweensinvisifit.com,Apparel & Fashion,Apparel & Fashion,1.0,,tagline,1,True
twills.in,Apparel & Fashion (Men),Apparel & Fashion,0.8,Beauty & Personal Care,products,30,True
twinbirds.co.in,Apparel & Fashion,Apparel & Fashion,0.73,Footwear,products,30,True
twinklechoice.com,Jewellery & Accessories,Jewellery & Accessories,0.63,Footwear,products,30,True
twirlaroundworld.com,Apparel & Fashion,Gifts & Hampers,0.4,Apparel & Fashion,products,30,False
twistylocks.in,Jewellery & Accessories,Jewellery & Accessories,1.0,,products,30,True
twobrothersindiashop.com,Food & Beverages,Food & Beverages,0.4,Religious & Pooja,products,30,True
typsybeauty.com,Beauty & Personal Care,Beauty & Personal Care,0.67,Footwear,products,30,True
tyretitans.in,Other,Bags & Luggage,0.57,Footwear,products,30,False
uare.co,Jewellery & Accessories,Jewellery & Accessories,0.97,Footwear,products,30,True
uathayam.in,Apparel & Fashion (Men),Apparel & Fashion,0.8,Religious & Pooja,products,30,True
ubonindia.com,Electronics & Gadgets,Electronics & Gadgets,0.5,Automotive,products,30,True
ueirorganic.com,Food & Beverages,Food & Beverages,0.47,Beauty & Personal Care,products,30,True
uffco.com,Beauty & Personal Care,Beauty & Personal Care,0.6,Baby & Kids,products,30,True
ugaoo.com,Plants & Gardening,Plants & Gardening,0.7,Footwear,products,30,True
unboxify.in,Electronics & Gadgets,Electronics & Gadgets,0.7,Toys & Games,products,30,True
unboxkar.com,Bags & Luggage,Footwear,0.43,Jewellery & Accessories,products,30,False
underattackapparel.com,Apparel & Fashion,Apparel & Fashion,0.77,Footwear,products,30,True
underneat.in,Apparel & Fashion (Men),Sports & Fitness,0.3,Apparel & Fashion,products,30,False
underratedclub.com,Apparel & Fashion (Men),Apparel & Fashion,1.0,,products,30,True
underthehood.co.in,Electronics & Gadgets,Automotive,0.47,Footwear,products,30,False
uniformcraft.com,Apparel & Fashion (Women),Footwear,0.43,Apparel & Fashion,products,30,False
uniqbuy.in,Electronics & Gadgets,Electronics & Gadgets,0.45,Sports & Fitness,products,29,True
uniqkart.in,Electronics & Gadgets,Electronics & Gadgets,0.53,Jewellery & Accessories,products,30,True
uniqly.in,Bags & Luggage,Bags & Luggage,0.31,Kitchen & Dining,products,29,True
uniqueclothings.com,Apparel & Fashion,Apparel & Fashion,0.67,Electronics & Gadgets,products,30,True
uniseoul.in,Toys & Games,Toys & Games,0.27,Gifts & Hampers,products,30,True
unitymobile.in,Electronics & Gadgets,Electronics & Gadgets,0.31,Home & Decor,products,29,True
unlimitedfashionstore.com,Apparel & Fashion,Apparel & Fashion,0.47,Kitchen & Dining,products,30,True
unniyarcha.com,Jewellery & Accessories,Jewellery & Accessories,0.77,Religious & Pooja,products,30,True
untld.in,Apparel & Fashion,Apparel & Fashion,0.87,Food & Beverages,products,30,True
upakarma.com,Art & Craft,Religious & Pooja,0.47,Beauty & Personal Care,products,30,False
upakarna.com,Jewellery & Accessories,Jewellery & Accessories,0.8,Home & Decor,products,30,True
uppercase.co.in,Bags & Luggage,Bags & Luggage,1.0,,products,30,True
uptownie.com,Apparel & Fashion (Women),Apparel & Fashion,0.87,Gifts & Hampers,products,30,True
urbandrift.in,Apparel & Fashion,Apparel & Fashion,0.83,Gifts & Hampers,products,30,True
urbangabru.in,Beauty & Personal Care,Beauty & Personal Care,0.57,Apparel & Fashion,products,30,True
urbanjungle.shop,Bags & Luggage,Bags & Luggage,0.63,Jewellery & Accessories,products,30,True
urbanmacaw.com,Automotive,Automotive,0.4,Gifts & Hampers,products,30,True
urbanmonkey.com,Apparel & Fashion,Apparel & Fashion,0.3,Sports & Fitness,products,30,True
urbanneeds.in,Apparel & Fashion,Apparel & Fashion,0.9,Jewellery & Accessories,products,30,True
urbanplatter.com,Food & Beverages,Food & Beverages,1.0,,products,29,True
urbanshop.co.in,Electronics & Gadgets,Electronics & Gadgets,0.55,Jewellery & Accessories,products,29,True
urbanspacestore.in,Home & Decor,Home & Decor,0.7,Gifts & Hampers,products,30,True
urbanyog.com,Beauty & Personal Care,Beauty & Personal Care,0.5,Baby & Kids,products,30,True
urbnworld.com,Electronics & Gadgets,Electronics & Gadgets,0.57,Religious & Pooja,products,30,True
urturms.com,Apparel & Fashion,Apparel & Fashion,0.6,Food & Beverages,products,30,True
urvasiladiesnovelty.com,Jewellery & Accessories,Jewellery & Accessories,1.0,,products,30,True
urvasionline.com,Jewellery & Accessories,Jewellery & Accessories,0.93,Religious & Pooja,products,30,True
urx.co.in,Electronics & Gadgets,Electronics & Gadgets,0.41,Toys & Games,products,17,True
ushadesigners.com,Apparel & Fashion,Apparel & Fashion,1.0,,products,30,True
usiuniversal.com,Art & Craft,Footwear,0.31,Sports & Fitness,products,29,False
uspoloassn.in,Apparel & Fashion (Men),Apparel & Fashion,0.43,Footwear,products,30,True
utilityhub.store,Apparel & Fashion (Men),Apparel & Fashion,0.31,Footwear,products,16,True
utilitymall.in,Kitchen & Dining,Footwear,0.5,Kitchen & Dining,products,30,False
utkarshagro.com,Plants & Gardening,Plants & Gardening,0.57,Food & Beverages,products,30,True
utsarees.in,Apparel & Fashion,Apparel & Fashion,0.63,Religious & Pooja,products,30,True
uwears.store,Apparel & Fashion,Apparel & Fashion,0.33,Kitchen & Dining,products,30,True
uzhamagal.in,Apparel & Fashion,Apparel & Fashion,0.47,Religious & Pooja,products,30,True
vaaradhifarms.com,Food & Beverages,Food & Beverages,0.37,Religious & Pooja,products,30,True
vaaro.in,Jewellery & Accessories,Jewellery & Accessories,0.87,Food & Beverages,products,30,True
vaayu.co.in,Apparel & Fashion,Apparel & Fashion,0.73,Religious & Pooja,products,30,True
vahdam.in,Health & Wellness,Health & Wellness,0.63,Food & Beverages,products,30,True
vahro.in,Apparel & Fashion,Apparel & Fashion,0.87,Footwear,products,30,True
vaidban.com,Health & Wellness,Health & Wellness,0.7,Beauty & Personal Care,products,30,True
vaku.in,Electronics & Gadgets,Electronics & Gadgets,0.71,Bags & Luggage,products,28,True
valamcreation.com,Apparel & Fashion,Apparel & Fashion,0.8,Religious & Pooja,products,30,True
valeriacouture.com,Apparel & Fashion (Women),Footwear,0.6,Apparel & Fashion,products,30,False
vallisvaseha.com,Apparel & Fashion,Apparel & Fashion,0.6,Religious & Pooja,products,30,True
vanauraorganics.com,Beauty & Personal Care,Beauty & Personal Care,0.3,Health & Wellness,products,30,True
vandanasarees.com,Apparel & Fashion,Apparel & Fashion,0.57,Religious & Pooja,products,30,True
vapevilla.in,Food & Beverages,Baby & Kids,0.2,Gifts & Hampers,products,30,False
vapexlabs.in,Electronics & Gadgets,Electronics & Gadgets,0.4,Baby & Kids,products,30,True
varanchi.com,Apparel & Fashion,Apparel & Fashion,0.47,Food & Beverages,products,30,True
varanga.in,Apparel & Fashion (Women),Apparel & Fashion,0.97,Jewellery & Accessories,products,30,True
vardhmanknitworld.com,Apparel & Fashion (Men),Apparel & Fashion,0.4,Baby & Kids,products,30,True
vardhmanweaves.com,Apparel & Fashion,Apparel & Fashion,0.87,Art & Craft,products,30,True
vasansi.com,Apparel & Fashion,Apparel & Fashion,0.97,Religious & Pooja,products,30,True
vasantagrand.com,Other,Religious & Pooja,0.23,Footwear,products,30,False
vastraculture.com,Apparel & Fashion (Men),Apparel & Fashion,1.0,,products,30,True
vastrado.com,Apparel & Fashion (Men),Apparel & Fashion,0.97,Baby & Kids,products,30,True
vastrakaala.com,Apparel & Fashion (Women),Apparel & Fashion,0.93,Sports & Fitness,products,30,True
vastramaniaa.com,Apparel & Fashion (Women),Apparel & Fashion,0.87,Kitchen & Dining,products,30,True
vastramay.com,Apparel & Fashion (Men),Apparel & Fashion,0.97,Kitchen & Dining,products,30,True
vastrang.in,Apparel & Fashion,Apparel & Fashion,1.0,,products,30,True
vastraofficial.in,Apparel & Fashion,Apparel & Fashion,0.87,Footwear,products,30,True
vastrashops.com,Apparel & Fashion,Apparel & Fashion,0.97,Footwear,products,30,True
vasustore.com,Baby & Kids,Food & Beverages,0.63,Beauty & Personal Care,products,30,False
vedanshcraft.com,Religious & Pooja,Religious & Pooja,0.57,Gifts & Hampers,products,30,True
vedaoils.com,Beauty & Personal Care,Beauty & Personal Care,0.43,Health & Wellness,products,30,True
vedix.com,Beauty & Personal Care,Beauty & Personal Care,0.5,Health & Wellness,products,30,True
vedsanjeevani.com,Health & Wellness,Health & Wellness,1.0,,tagline,1,True
veeba.in,Food & Beverages,Food & Beverages,0.9,Health & Wellness,products,30,True
veervastra.in,Apparel & Fashion,Footwear,0.57,Apparel & Fashion,products,30,False
vegaauto.com,Automotive,Automotive,0.87,Sports & Fitness,products,30,True
veirdo.in,Apparel & Fashion,Apparel & Fashion,0.93,Footwear,products,30,True
velanstore.com,Kitchen & Dining,Kitchen & Dining,0.69,Automotive,products,29,True
vensy.store,Beauty & Personal Care,Baby & Kids,0.5,Plants & Gardening,products,6,False
veriluxhub.com,Electronics & Gadgets,Electronics & Gadgets,0.48,Art & Craft,products,29,True
veromoda.in,Apparel & Fashion,Apparel & Fashion,0.73,Footwear,products,30,True
verymiss.in,Beauty & Personal Care,Beauty & Personal Care,0.77,Gifts & Hampers,products,30,True
verymuchindian.com,Apparel & Fashion,Apparel & Fashion,0.73,Religious & Pooja,products,30,True
vgrofficial.in,Beauty & Personal Care,Footwear,0.5,Beauty & Personal Care,products,30,False
vguard.com,Electronics & Gadgets,Electronics & Gadgets,0.33,Automotive,products,27,True
viaanakidsstore.com,Books & Stationery,Books & Stationery,0.47,Kitchen & Dining,products,30,True
viaterragear.com,Automotive,Bags & Luggage,0.53,Automotive,products,30,False
vibecrafts.com,Art & Craft,Art & Craft,0.5,Religious & Pooja,products,30,True
victorsport.in,Apparel & Fashion,Footwear,0.33,Apparel & Fashion,products,30,False
vigneto.in,Kitchen & Dining,Kitchen & Dining,0.53,Jewellery & Accessories,products,30,True
viha.online,Apparel & Fashion,Apparel & Fashion,0.87,Religious & Pooja,products,30,True
viharna.com,Jewellery & Accessories,Jewellery & Accessories,0.73,Religious & Pooja,products,30,True
vijayaartjewellery.com,Jewellery & Accessories,Jewellery & Accessories,0.9,Sports & Fitness,products,30,True
vijayalakshmisilks.com,Apparel & Fashion,Apparel & Fashion,0.93,Religious & Pooja,products,30,True
vijodhya.com,Apparel & Fashion (Women),Apparel & Fashion,0.9,Jewellery & Accessories,products,30,True
vikasbookdepo.com,Books & Stationery,Books & Stationery,0.77,Religious & Pooja,products,30,True
villagedecor.in,Home & Decor,Religious & Pooja,0.53,Kitchen & Dining,products,30,False
villain.in,Beauty & Personal Care,Beauty & Personal Care,0.3,Religious & Pooja,products,30,True
vilvahstore.com,Beauty & Personal Care,Beauty & Personal Care,0.69,Gifts & Hampers,products,29,True
vilvajewels.com,Jewellery & Accessories,Jewellery & Accessories,0.67,Home & Decor,products,30,True
vinayak.fashion,Apparel & Fashion,Footwear,0.37,Apparel & Fashion,products,30,False
vinodcookware.com,Kitchen & Dining,Kitchen & Dining,0.73,Religious & Pooja,products,30,True
vinodsteel.com,Gifts & Hampers,Kitchen & Dining,0.93,Bags & Luggage,products,30,False
vintagearena.shop,Kitchen & Dining,Electronics & Gadgets,0.93,Jewellery & Accessories,products,30,False
vintageclosetofkamali.com,Apparel & Fashion,Apparel & Fashion,0.73,Religious & Pooja,products,30,True
vintagevelvetonline.com,Bags & Luggage,Bags & Luggage,0.31,Jewellery & Accessories,products,29,True
vintagewatcholic.in,Jewellery & Accessories,Jewellery & Accessories,1.0,,products,30,True
virgio.com,Apparel & Fashion (Women),Apparel & Fashion,0.87,Jewellery & Accessories,products,30,True
vishalperipherals.com,Electronics & Gadgets,Electronics & Gadgets,0.63,Beauty & Personal Care,products,30,True
vishalprints.in,Apparel & Fashion,Apparel & Fashion,0.97,Art & Craft,products,30,True
vishvay.com,Jewellery & Accessories,Religious & Pooja,0.68,Jewellery & Accessories,products,28,False
vismay.com,Apparel & Fashion (Women),Apparel & Fashion,1.0,,products,30,True
vissconext.com,Health & Wellness,Footwear,0.33,Sports & Fitness,products,30,False
vitabiotics.in,Health & Wellness,Health & Wellness,0.67,Baby & Kids,products,30,True
vnhnaiduhall.com,Apparel & Fashion (Women),Apparel & Fashion,0.87,Sports & Fitness,products,30,True
voganow.com,Footwear,Footwear,0.38,Apparel & Fashion,products,29,True
vokka.in,Beauty & Personal Care,Beauty & Personal Care,0.4,Religious & Pooja,products,30,True
voltas.com,Beauty & Personal Care,Electronics & Gadgets,0.57,Kitchen & Dining,products,30,False
vootbuy.in,Apparel & Fashion,Religious & Pooja,0.57,Apparel & Fashion,products,30,False
voyageeyewear.com,Jewellery & Accessories,Jewellery & Accessories,0.53,Apparel & Fashion,products,30,True
voylla.com,Jewellery & Accessories,Jewellery & Accessories,0.9,Religious & Pooja,products,30,True
vrindavanfashion.com,Apparel & Fashion,Apparel & Fashion,0.87,Religious & Pooja,products,30,True
vutvs.com,Sports & Fitness,Electronics & Gadgets,0.4,Footwear,products,5,False
vytron.in,Electronics & Gadgets,Electronics & Gadgets,0.57,Apparel & Fashion,products,30,True
wacoalindia.com,Apparel & Fashion,Apparel & Fashion,0.47,Footwear,products,30,True
waidon.com,Health & Wellness,Health & Wellness,0.47,Beauty & Personal Care,products,30,True
walkaroo.in,Footwear,Footwear,0.93,Gifts & Hampers,products,30,True
walletkart.in,Jewellery & Accessories,Gifts & Hampers,0.57,Jewellery & Accessories,products,30,False
walusha.in,Apparel & Fashion,Apparel & Fashion,1.0,,products,30,True
warriorworld.in,Apparel & Fashion,Apparel & Fashion,0.77,Gifts & Hampers,products,30,True
wasundari.com,Apparel & Fashion,Religious & Pooja,0.53,Apparel & Fashion,products,30,False
watchfactory.in,Jewellery & Accessories,Jewellery & Accessories,0.47,Art & Craft,products,30,True
watchitmove.in,Jewellery & Accessories,Jewellery & Accessories,0.53,Kitchen & Dining,products,30,True
watchtopia.in,Jewellery & Accessories,Jewellery & Accessories,0.57,Electronics & Gadgets,products,30,True
waterscience.in,Health & Wellness,Beauty & Personal Care,0.5,Baby & Kids,products,30,False
wavex.in,Kitchen & Dining,Automotive,0.36,Art & Craft,products,28,False
wearadhd.com,Apparel & Fashion (Women),Apparel & Fashion,0.37,Gifts & Hampers,products,30,True
wearcomet.com,Beauty & Personal Care,Footwear,0.3,Religious & Pooja,products,30,False
wearetto.com,Footwear,Footwear,0.93,Gifts & Hampers,products,30,True
wearverse.shop,Apparel & Fashion (Men),Footwear,0.4,Apparel & Fashion,products,5,False
wearyourwords.in,Apparel & Fashion,Apparel & Fashion,0.67,Footwear,products,30,True
weaveanddecor.com,Home & Decor,Home & Decor,0.9,Apparel & Fashion,products,30,True
weavinghomes.in,Kitchen & Dining,Kitchen & Dining,0.5,Home & Decor,products,30,True
wedtree.com,Gifts & Hampers,Gifts & Hampers,0.8,Toys & Games,products,30,True
wellbeingnutrition.com,Health & Wellness,Health & Wellness,0.54,Gifts & Hampers,products,28,True
wellbi.in,Apparel & Fashion,Apparel & Fashion,0.37,Sports & Fitness,products,30,True
wellversed.in,Health & Wellness,Food & Beverages,0.67,Health & Wellness,products,30,False
wellwithlife.com,Health & Wellness,Health & Wellness,0.47,Beauty & Personal Care,products,30,True
westlandonline.in,Books & Stationery,Books & Stationery,0.47,Religious & Pooja,products,30,True
wfindsclothing.com,Apparel & Fashion,Apparel & Fashion,0.79,Footwear,products,24,True
wforwoman.com,Apparel & Fashion (Women),Apparel & Fashion,0.83,Footwear,products,30,True
whatsupwellness.in,Health & Wellness,Health & Wellness,0.97,Gifts & Hampers,products,30,True
whimsyindia.com,Beauty & Personal Care,Beauty & Personal Care,0.47,Baby & Kids,products,30,True
whisperinghomes.com,Jewellery & Accessories,Home & Decor,0.43,Art & Craft,products,30,False
whpjewellers.com,Jewellery & Accessories,Jewellery & Accessories,1.0,,products,30,True
wildstone.in,Beauty & Personal Care,Beauty & Personal Care,0.77,Gifts & Hampers,products,30,True
willari.com,Health & Wellness,Beauty & Personal Care,0.17,Sports & Fitness,products,30,False
winkmink.in,Automotive,Beauty & Personal Care,0.17,Baby & Kids,products,30,False
winstonindia.com,Beauty & Personal Care,Beauty & Personal Care,0.37,Home & Decor,products,30,True
wiselife.in,Sports & Fitness,Sports & Fitness,0.7,Beauty & Personal Care,products,30,True
wntrtravel.com,Bags & Luggage,Bags & Luggage,0.37,Apparel & Fashion,products,27,True
wodarmour.in,Apparel & Fashion (Women),Apparel & Fashion,0.43,Sports & Fitness,products,30,True
womenschoice.co.in,Apparel & Fashion,Apparel & Fashion,0.97,Footwear,products,30,True
wonderchef.com,Kitchen & Dining,Kitchen & Dining,0.83,Electronics & Gadgets,products,30,True
wondergifts.in,Kitchen & Dining,Kitchen & Dining,0.7,Religious & Pooja,products,30,True
wondrdiamonds.com,Jewellery & Accessories,Jewellery & Accessories,0.97,Toys & Games,products,30,True
woodentwist.com,Home & Decor,Home & Decor,0.33,Kitchen & Dining,products,30,True
woodleindia.com,Baby & Kids,Art & Craft,0.33,Gifts & Hampers,products,30,False
woodsala.com,Health & Wellness,Kitchen & Dining,0.83,Home & Decor,products,30,False
woolcraftstore.com,Baby & Kids,Religious & Pooja,0.27,Baby & Kids,products,30,False
worldofasaya.com,Beauty & Personal Care,Beauty & Personal Care,0.4,Gifts & Hampers,products,30,True
worldofoorja.com,Jewellery & Accessories,Religious & Pooja,0.57,Jewellery & Accessories,products,30,False
worthwrap.in,Electronics & Gadgets,Electronics & Gadgets,0.57,Religious & Pooja,products,30,True
wottagirl.com,Beauty & Personal Care,Religious & Pooja,0.27,Health & Wellness,products,30,False
wrapcart.com,Electronics & Gadgets,Apparel & Fashion,0.43,Electronics & Gadgets,products,30,False
wtflex.in,Apparel & Fashion (Women),Apparel & Fashion,0.97,Baby & Kids,products,30,True
wwwcollections.in,Apparel & Fashion,Art & Craft,0.33,Footwear,products,30,False
xlncperfumery.com,Beauty & Personal Care,Gifts & Hampers,0.23,Footwear,products,30,False
xp-pen.co.in,Health & Wellness,Art & Craft,0.4,Books & Stationery,products,30,False
xpcrss.com,Electronics & Gadgets,Footwear,0.33,Gifts & Hampers,products,30,False
xtepindia.com,Footwear,Footwear,0.63,Apparel & Fashion,products,30,True
xtremexmartialarts.com,Apparel & Fashion,Footwear,0.53,Apparel & Fashion,products,30,False
xyxxcrew.com,Apparel & Fashion (Men),Bags & Luggage,0.37,Footwear,products,30,False
yaleonline.in,Home & Decor,Jewellery & Accessories,0.4,Bags & Luggage,products,30,False
yanchi.in,Apparel & Fashion,Apparel & Fashion,1.0,,products,30,True
yardleyoflondon.com,Beauty & Personal Care,Beauty & Personal Care,0.6,Religious & Pooja,products,30,True
yashbizz.com,Beauty & Personal Care,Beauty & Personal Care,0.23,Religious & Pooja,products,30,True
yashstencilstore.in,Other,Footwear,0.63,Bags & Luggage,products,30,False
yazhlicollection.com,Apparel & Fashion,Religious & Pooja,0.7,Footwear,products,30,False
yera.com,Kitchen & Dining,Kitchen & Dining,0.9,Gifts & Hampers,products,30,True
yesbabu.in,Jewellery & Accessories,Jewellery & Accessories,0.6,Footwear,products,30,True
yogabars.in,Health & Wellness,Food & Beverages,0.73,Health & Wellness,products,30,False
yoholife.in,Footwear,Footwear,1.0,,products,30,True
yougotplanb.com,Apparel & Fashion (Women),Gifts & Hampers,0.43,Footwear,products,30,False
younik.in,Apparel & Fashion,Apparel & Fashion,0.9,Jewellery & Accessories,products,30,True
yourbasil.com,Kitchen & Dining,Kitchen & Dining,0.87,Bags & Luggage,products,30,True
yourhomedecor.in,Kitchen & Dining,Home & Decor,0.17,Beauty & Personal Care,products,30,False
yourlibaas.com,Apparel & Fashion,Apparel & Fashion,0.53,Footwear,products,30,True
ysvara.com,Jewellery & Accessories,Electronics & Gadgets,0.23,Food & Beverages,products,30,False
yurofficial.com,Apparel & Fashion,Apparel & Fashion,0.97,Beauty & Personal Care,products,30,True
yusufbhaifragrances.in,Beauty & Personal Care,Beauty & Personal Care,0.57,Religious & Pooja,products,30,True
yuvistyle.com,Apparel & Fashion,Apparel & Fashion,0.6,Footwear,products,30,True
zaavio.co,Electronics & Gadgets,Electronics & Gadgets,0.2,Beauty & Personal Care,products,30,True
zairahmr.com,Apparel & Fashion,Apparel & Fashion,0.67,Footwear,products,30,True
zanducare.com,Health & Wellness,Health & Wellness,0.73,Food & Beverages,products,30,True
zanskarhealth.in,Beauty & Personal Care,Health & Wellness,0.83,Beauty & Personal Care,products,30,False
zarasbharatanatyam.com,Beauty & Personal Care,Apparel & Fashion,0.47,Jewellery & Accessories,products,30,False
zarfstudios.com,Home & Decor,Home & Decor,0.87,Beauty & Personal Care,products,30,True
zarijaipur.com,Apparel & Fashion,Apparel & Fashion,0.7,Art & Craft,products,30,True
zariknyaa.com,Apparel & Fashion,Religious & Pooja,0.5,Apparel & Fashion,products,30,False
zarimysore.co,Apparel & Fashion,Religious & Pooja,0.53,Apparel & Fashion,products,30,False
zarkan.co,Jewellery & Accessories,Jewellery & Accessories,0.8,Art & Craft,products,30,True
zavya.co,Jewellery & Accessories,Jewellery & Accessories,0.9,Footwear,products,30,True
zaydns.com,Footwear,Footwear,0.4,Toys & Games,products,30,True
zebrata.in,Jewellery & Accessories,Jewellery & Accessories,0.7,Gifts & Hampers,products,30,True
zebronics.com,Electronics & Gadgets,Electronics & Gadgets,0.73,Art & Craft,products,30,True
zedaromas.com,Beauty & Personal Care,Religious & Pooja,0.4,Apparel & Fashion,products,30,False
zeelretail.com,Apparel & Fashion (Men),Apparel & Fashion,0.57,Footwear,products,30,True
zeespares.in,Electronics & Gadgets,Electronics & Gadgets,0.33,Books & Stationery,products,30,True
zelixautomotives.in,Automotive,Automotive,0.55,Religious & Pooja,products,29,True
zena.online,Apparel & Fashion,Apparel & Fashion,0.77,Religious & Pooja,products,30,True
zenin.co.in,Apparel & Fashion,Jewellery & Accessories,0.2,Sports & Fitness,products,30,False
zenkurti.myshopify.com,Apparel & Fashion (Women),Apparel & Fashion,1.0,,products,30,True
zenmo.shop,Other,Jewellery & Accessories,0.3,Food & Beverages,products,30,False
zenvorasmart.co.in,Apparel & Fashion,Sports & Fitness,0.22,Automotive,products,9,False
zeonx.in,Jewellery & Accessories,Jewellery & Accessories,0.8,Gifts & Hampers,products,30,True
zerakijewels.com,Jewellery & Accessories,Jewellery & Accessories,0.53,Religious & Pooja,products,30,True
zeroharm.in,Health & Wellness,Health & Wellness,0.8,Food & Beverages,products,30,True
zeroinfy.in,Books & Stationery,Religious & Pooja,0.23,Apparel & Fashion,products,30,False
zevana.co,Jewellery & Accessories,Jewellery & Accessories,0.63,Religious & Pooja,products,30,True
zever4u.com,Jewellery & Accessories,Jewellery & Accessories,0.77,Religious & Pooja,products,30,True
zigly.com,Pet Supplies,Health & Wellness,0.43,Pet Supplies,products,30,False
zilmor.com,Jewellery & Accessories,Jewellery & Accessories,1.0,,products,30,True
zimsonwatches.com,Jewellery & Accessories,Jewellery & Accessories,0.4,Footwear,products,30,True
ziniosa.com,Bags & Luggage,Bags & Luggage,0.8,Footwear,products,30,True
zinklondon.in,Apparel & Fashion,Apparel & Fashion,0.93,Footwear,products,30,True
zivamoms.com,Baby & Kids,Baby & Kids,0.97,Art & Craft,products,30,True
zivanche.com,Jewellery & Accessories,Jewellery & Accessories,0.57,Sports & Fitness,products,30,True
zivarafashion.com,Jewellery & Accessories,Jewellery & Accessories,0.73,Footwear,products,30,True
zivifashion.com,Jewellery & Accessories,Jewellery & Accessories,0.6,Religious & Pooja,products,30,True
zocivoci.com,Jewellery & Accessories,Gifts & Hampers,0.43,Jewellery & Accessories,products,30,False
zodiaconline.com,Apparel & Fashion (Men),Apparel & Fashion,0.9,Jewellery & Accessories,products,30,True
zoey.in,Bags & Luggage,Gifts & Hampers,0.5,Baby & Kids,products,30,False
zomoky.shop,Bags & Luggage,Jewellery & Accessories,0.21,Automotive,products,14,False
zonealpha.in,Electronics & Gadgets,Electronics & Gadgets,0.67,Sports & Fitness,products,30,True
zoomsters.in,Apparel & Fashion,Automotive,0.73,Plants & Gardening,products,30,False
zop.in,Footwear,Apparel & Fashion,1.0,,tagline,1,False
zouk.co.in,Bags & Luggage,Bags & Luggage,0.97,Gifts & Hampers,products,30,True
zudio.com,Beauty & Personal Care,Beauty & Personal Care,0.57,Books & Stationery,products,30,True
zupermart.shop,Apparel & Fashion,Beauty & Personal Care,0.23,Kitchen & Dining,products,30,False
zwende.com,Gifts & Hampers,Religious & Pooja,0.47,Art & Craft,products,30,False
zygma.in,Bags & Luggage,Gifts & Hampers,0.43,Bags & Luggage,products,30,False
