rank,domain,shopify,indian,state,email,phone,instagram,tagline,shopify_evidence,indian_evidence,state_evidence,email_evidence,phone_evidence,instagram_evidence,tagline_evidence,page_status,emails_confirmed,phones_confirmed,audited_at
1,yoholife.in,PASS,PASS,PASS,PASS,PASS,PASS,PASS,yoholifestyle.myshopify.com,IN / INR,meta.json: Delhi,3/3 found,2/2 found,instagram.com/yoho_lifestyle,source meta_json,meta:200 home:200 contact:200 info:200 privacy:200,,,
2,nveda.in,PASS,PASS,PASS,PASS,PASS,PASS,PASS,nveda-main.myshopify.com,IN / INR,meta.json: Karnataka,2/2 found,3/3 found,instagram.com/nveda.shop,source meta_json,meta:200 home:200 contact:200 info:200 privacy:200,,,
3,orionzjewels.com,PASS,PASS,PASS,PASS,PASS,PASS,PASS,oriana-jewels.myshopify.com,IN / INR,meta.json: Maharashtra,1/1 found,1/1 found,instagram.com/orionzjewels,source meta_json,meta:200 home:200 contact:200 info:200 privacy:200,,,
4,homeomart.com,PASS,PASS,PASS,PASS,PASS,PASS,PASS,homeo-mart.myshopify.com,IN / INR,meta.json: Karnataka,3/3 found,2/2 found,instagram.com/homeomart,source meta_json,meta:200 home:200 contact:404 info:200 privacy:200,,,
5,ctrl8.in,PASS,PASS,PASS,PASS,PASS,PASS,PASS,8vkgxw-yj.myshopify.com,IN / INR,meta.json: Delhi,1/1 found,2/2 found,instagram.com/ctrl8india,source meta_json,meta:200 home:200 contact:200 info:404 privacy:200,,,
6,plantsguru.com,PASS,PASS,PASS,PASS,PASS,PASS,PASS,0b54e9-ef.myshopify.com,IN / INR,meta.json: Maharashtra,2/2 found,1/1 found,instagram.com/plantsguru,source meta_json,meta:200 home:200 contact:200 info:200 privacy:200,,,
7,kickyandperky.com,PASS,PASS,PASS,PASS,PASS,PASS,PASS,kicky-perky.myshopify.com,IN / INR,meta.json: Rajasthan,2/2 found,2/2 found,instagram.com/kickyandperky,source meta_json,meta:200 home:200 contact:200 info:200 privacy:200,,,
8,patoys.in,PASS,PASS,PASS,PASS,PASS,PASS,PASS,a597a1.myshopify.com,IN / INR,meta.json: Uttar Pradesh,1/1 found,1/1 found,instagram.com/patoys.in,source meta_json,meta:200 home:200 contact:200 info:200 privacy:200,,,
9,biobasics.org,PASS,PASS,PASS,PASS,PASS,PASS,PASS,biobasics3.myshopify.com,IN / INR,meta.json: Tamil Nadu,2/2 found,2/2 found,instagram.com/biobasicsin,source meta_json,meta:200 home:200 contact:404 info:200 privacy:200,,,
10,easyphones.co.in,PASS,PASS,PASS,PASS,PASS,PASS,PASS,aa4c85.myshopify.com,IN / INR,meta.json: Rajasthan,2/2 found,1/1 found,instagram.com/easyphonesofficial,source meta_json,meta:200 home:200 contact:200 info:blocked by robots.txt privacy:blocked by robots.txt,,,
11,blingqueen.in,PASS,PASS,PASS,PASS,PASS,PASS,PASS,blingqueen-in.myshopify.com,IN / INR,meta.json: Tamil Nadu,1/1 found,1/1 found,instagram.com/blingqueen_shop,source meta_json,meta:200 home:200 contact:404 info:200 privacy:200,,,
12,embeyvally.in,PASS,PASS,PASS,PASS,PASS,PASS,PASS,a1dbf1-af.myshopify.com,IN / INR,meta.json: Gujarat,1/1 found,1/1 found,instagram.com/embeyvallybrand,source meta_json,meta:200 home:200 contact:200 info:200 privacy:200,,,
13,99wholesale.com,PASS,PASS,PASS,PASS,PASS,PASS,PASS,3jpmpp-qz.myshopify.com,IN / INR,meta.json: Maharashtra,1/1 found,1/1 found,instagram.com/99wholesale.india,source meta_json,meta:200 home:200 contact:200 info:404 privacy:200,,,
14,leheriya.com,PASS,PASS,PASS,PASS,PASS,PASS,PASS,leheriya-com.myshopify.com,IN / INR,meta.json: Delhi,1/1 found,2/2 found,instagram.com/leheriya.in,source meta_json,meta:200 home:200 contact:200 info:blocked by robots.txt privacy:blocked by robots.txt,,,
15,vismay.com,PASS,PASS,PASS,PASS,PASS,PASS,PASS,vismay-web.myshopify.com,IN / INR,meta.json: Kerala,1/1 found,3/3 found,instagram.com/vismay.india,source meta_json,meta:200 home:200 contact:200 info:200 privacy:200,,,
16,chandranipearls.in,PASS,PASS,PASS,PASS,PASS,PASS,PASS,chandrani-pearls-online.myshopify.com,IN / INR,meta.json: West Bengal,1/1 found,1/1 found,instagram.com/chandrani.pearls,source meta_json,meta:200 home:200 contact:200 info:200 privacy:200,,,
17,myragems.com,PASS,PASS,PASS,PASS,PASS,PASS,PASS,kundaligems-com.myshopify.com,IN / INR,meta.json: Maharashtra,1/1 found,2/2 found,instagram.com/myragems_official,source meta_json,meta:200 home:200 contact:404 info:200 privacy:200,,,
18,dheu.in,PASS,PASS,PASS,PASS,PASS,PASS,PASS,dheu-2.myshopify.com,IN / INR,meta.json: West Bengal,1/1 found,1/1 found,instagram.com/dheu_calcutta,source meta_json,meta:200 home:200 contact:200 info:200 privacy:200,,,
19,kankatala.com,PASS,PASS,PASS,PASS,PASS,PASS,PASS,kankatalastore.myshopify.com,IN / INR,meta.json: Andhra Pradesh,1/1 found,1/1 found,instagram.com/kankatala_,source meta_json,meta:200 home:200 contact:200 info:blocked by robots.txt privacy:blocked by robots.txt,,,
20,soni.fashion,PASS,PASS,PASS,PASS,PASS,PASS,PASS,mysonifashions.myshopify.com,IN / INR,meta.json: Gujarat,1/1 found,3/3 found,instagram.com/sonifashion_india,source meta_json,meta:200 home:200 contact:200 info:200 privacy:200,,,
21,ethnicelement.in,PASS,PASS,PASS,PASS,PASS,PASS,PASS,ethnic-element.myshopify.com,IN / INR,meta.json: Karnataka,4/4 found,2/2 found,instagram.com/ethnicelements,source meta_json,meta:200 home:200 contact:200 info:200 privacy:200,,,
22,frek.in,PASS,PASS,PASS,PASS,PASS,PASS,PASS,i8ebar-ub.myshopify.com,IN / INR,meta.json: West Bengal,3/3 found,3/3 found,instagram.com/frekenterprises,source meta_json,meta:200 home:200 contact:200 info:200 privacy:200,,,
23,indclues.com,PASS,PASS,PASS,PASS,PASS,PASS,PASS,indclues.myshopify.com,IN / INR,meta.json: West Bengal,1/1 found,1/1 found,instagram.com/indclues.app,source meta_json,meta:200 home:200 contact:404 info:200 privacy:200,,,
24,mywestern.in,PASS,PASS,PASS,PASS,PASS,PASS,PASS,kqd4xy-dm.myshopify.com,IN / INR,meta.json: Gujarat,2/2 found,2/2 found,instagram.com/mywesterns,source meta_json,meta:200 home:200 contact:200 info:200 privacy:200,,,
25,rasayanam.in,PASS,PASS,PASS,PASS,PASS,PASS,PASS,rasayanam.myshopify.com,IN / INR,meta.json: Haryana,3/3 found,2/2 found,instagram.com/rasayanam,source meta_json,meta:200 home:200 contact:200 info:404 privacy:200,,,
26,theyellowdwelling.com,PASS,PASS,PASS,PASS,PASS,PASS,PASS,theyellowdwelling.myshopify.com,IN / INR,meta.json: Tamil Nadu,3/3 found,1/1 found,instagram.com/theyellowdwelling,source meta_json,meta:200 home:200 contact:200 info:200 privacy:200,,,
27,dreamjwell.com,PASS,PASS,PASS,PASS,PASS,PASS,PASS,dreamjwell-fashion-jewellry.myshopify.com,IN / INR,meta.json: Karnataka,1/1 found,2/2 found,instagram.com/dreamjwell,source meta_json,meta:200 home:200 contact:200 info:200 privacy:200,,,
28,topperskit.com,PASS,PASS,PASS,PASS,PASS,PASS,PASS,c39b3b-3.myshopify.com,IN / INR,meta.json: Uttar Pradesh,1/1 found,2/2 found,instagram.com/topperskit.tk,source meta_json,meta:200 home:200 contact:200 info:200 privacy:200,,,
29,greenmilkconcepts.in,PASS,PASS,PASS,PASS,PASS,PASS,PASS,361c09-fa.myshopify.com,IN / INR,meta.json: Tamil Nadu,1/1 found,1/1 found,instagram.com/greenmilkconcept,source meta_json,meta:200 home:200 contact:200 info:200 privacy:200,,,
30,kashmirbox.com,PASS,PASS,PASS,PASS,PASS,PASS,PASS,kashmir-box.myshopify.com,IN / INR,meta.json: Jammu and Kashmir,1/1 found,3/3 found,instagram.com/kashmirboxofficial,source meta_json,meta:200 home:200 contact:200 info:200 privacy:200,,,
31,adimanav.com,PASS,PASS,PASS,PASS,PASS,PASS,PASS,enthadm.myshopify.com,IN / INR,meta.json: Maharashtra,1/1 found,1/1 found,instagram.com/adimanavdotcom,source meta_json,meta:200 home:200 contact:200 info:200 privacy:200,,,
32,anandigreens.com,PASS,PASS,PASS,PASS,PASS,PASS,PASS,anandi-greens-site.myshopify.com,IN / INR,meta.json: Madhya Pradesh,2/2 found,2/2 found,instagram.com/anandi_greens,source meta_json,meta:200 home:200 contact:200 info:200 privacy:200,,,
33,9shineslabel.com,PASS,PASS,PASS,PASS,PASS,PASS,PASS,9shine.myshopify.com,IN / INR,meta.json: Karnataka,1/1 found,1/1 found,instagram.com/9shineslabel,source meta_json,meta:200 home:200 contact:200 info:200 privacy:200,,,
34,saffronthreadsclothing.com,PASS,PASS,PASS,PASS,PASS,PASS,PASS,saffronthreads01.myshopify.com,IN / INR,meta.json: Maharashtra,2/2 found,2/2 found,instagram.com/saffron_threads,source meta_json,meta:200 home:200 contact:404 info:200 privacy:200,,,
35,scooboo.in,PASS,PASS,PASS,PASS,PASS,PASS,PASS,scooboo-in.myshopify.com,IN / INR,meta.json: Chandigarh,2/2 found,2/2 found,instagram.com/scooboo.in,source meta_json,meta:200 home:200 contact:200 info:200 privacy:200,,,
36,vinodcookware.com,PASS,PASS,PASS,PASS,PASS,PASS,PASS,vinod-cookware.myshopify.com,IN / INR,meta.json: Maharashtra,1/1 found,2/2 found,instagram.com/vinod_cookware,source meta_json,meta:200 home:200 contact:200 info:200 privacy:200,,,
37,xtepindia.com,PASS,PASS,PASS,PASS,PASS,PASS,PASS,xtep-ufc.myshopify.com,IN / INR,meta.json: Karnataka,3/3 found,1/1 found,instagram.com/xtepindiaofficial,source meta_json,meta:200 home:200 contact:200 info:200 privacy:200,,,
38,hoophello.com,PASS,PASS,PASS,PASS,PASS,PASS,PASS,hedso-in.myshopify.com,IN / INR,meta.json: Delhi,1/1 found,1/1 found,instagram.com/hoop.hello,source meta_json,meta:200 home:200 contact:200 info:blocked by robots.txt privacy:blocked by robots.txt,,,
39,jaipurfabric.com,PASS,PASS,PASS,PASS,PASS,PASS,PASS,9b7da0-8c.myshopify.com,IN / INR,meta.json: Rajasthan,2/2 found,2/2 found,instagram.com/jaipur_fabric,source meta_json,meta:200 home:200 contact:200 info:200 privacy:200,,,
40,touch925.com,PASS,PASS,PASS,PASS,PASS,PASS,PASS,touch-925.myshopify.com,IN / INR,meta.json: Delhi,1/1 found,3/3 found,instagram.com/touch_925,source meta_json,meta:200 home:200 contact:200 info:200 privacy:200,,,
41,brownliving.in,PASS,PASS,PASS,PASS,PASS,PASS,PASS,brownliving-in.myshopify.com,IN / INR,meta.json: Maharashtra,1/1 found,1/1 found,instagram.com/brownlivingindia,source meta_json,meta:200 home:200 contact:200 info:200 privacy:200,,,
42,thinkrobotics.com,PASS,PASS,PASS,PASS,PASS,PASS,PASS,thinkrobotics-in.myshopify.com,IN / INR,meta.json: Delhi,1/1 found,2/2 found,instagram.com/thinkrobotics_,source meta_json,meta:200 home:200 contact:404 info:200 privacy:200,,,
43,comeagain.co.in,PASS,PASS,PASS,PASS,PASS,PASS,PASS,vueek9-hp.myshopify.com,IN / INR,meta.json: Delhi,2/2 found,1/1 found,instagram.com/comeagain.co.in,source meta_json,meta:200 home:200 contact:200 info:200 privacy:200,,,
44,blubein.com,PASS,PASS,PASS,PASS,PASS,PASS,PASS,8e0c7f-3.myshopify.com,IN / INR,meta.json: Tamil Nadu,1/1 found,2/2 found,instagram.com/blubein,source meta_json,meta:200 home:200 contact:200 info:200 privacy:200,,,
45,dopeheadstores.com,PASS,PASS,PASS,PASS,PASS,PASS,PASS,bd8079-f3.myshopify.com,IN / INR,meta.json: Maharashtra,1/1 found,1/1 found,instagram.com/dopeheadstores,source meta_json,meta:200 home:200 contact:404 info:200 privacy:200,,,
46,pitshirts.in,PASS,PASS,PASS,PASS,PASS,PASS,PASS,pitshirts-774.myshopify.com,IN / INR,meta.json: Tamil Nadu,2/2 found,2/2 found,instagram.com/pitshirtss,source meta_description,meta:200 home:200 contact:200 info:200 privacy:200,,,
47,thedeconstruct.in,PASS,PASS,PASS,PASS,PASS,PASS,PASS,thedeconstruct.myshopify.com,IN / INR,meta.json: Karnataka,2/2 found,2/2 found,instagram.com/deconstruct_skincare,source meta_json,meta:200 home:200 contact:200 info:blocked by robots.txt privacy:blocked by robots.txt,,,
48,sutisancha.com,PASS,PASS,PASS,PASS,PASS,PASS,PASS,suti-sancha.myshopify.com,IN / INR,meta.json: Gujarat,1/1 found,2/2 found,instagram.com/suti_sancha,source meta_json,meta:200 home:200 contact:404 info:200 privacy:200,,,
49,kalyansilks.com,PASS,PASS,PASS,PASS,PASS,PASS,PASS,kalyansilks.myshopify.com,IN / INR,meta.json: Kerala,1/1 found,3/3 found,instagram.com/kalyansilks,source meta_json,meta:200 home:200 contact:200 info:200 privacy:200,,,
50,100ampere.com,PASS,PASS,PASS,PASS,PASS,PASS,PASS,x6yvp7-nn.myshopify.com,IN / INR,meta.json: Haryana,2/2 found,2/2 found,instagram.com/100ampereofficial,source meta_description,meta:200 home:200 contact:200 info:200 privacy:200,,,
51,caratbazaar.in,PASS,PASS,PASS,PASS,PASS,PASS,PASS,caratbazaar.myshopify.com,IN / INR,meta.json: Delhi,2/2 found,3/3 found,instagram.com/caratbazaar2.0,source meta_json,meta:200 home:200 contact:404 info:200 privacy:200,,,
52,melblok.com,PASS,PASS,PASS,PASS,PASS,PASS,PASS,melblok.myshopify.com,IN / INR,meta.json: Delhi,2/2 found,1/1 found,instagram.com/melblok,source meta_json,meta:200 home:200 contact:404 info:200 privacy:200,,,
53,miranajewels.com,PASS,PASS,PASS,PASS,PASS,PASS,PASS,mirana1.myshopify.com,IN / INR,meta.json: Rajasthan,2/2 found,1/1 found,instagram.com/miranabymegha,source meta_json,meta:200 home:200 contact:200 info:200 privacy:200,,,
54,nayajaisa.com,PASS,PASS,PASS,PASS,PASS,PASS,PASS,gmqc2p-ff.myshopify.com,IN / INR,meta.json: Maharashtra,3/3 found,3/3 found,instagram.com/nayajaisa,source meta_json,meta:200 home:200 contact:200 info:blocked by robots.txt privacy:blocked by robots.txt,,,
55,ornatejewels.com,PASS,PASS,PASS,PASS,PASS,PASS,PASS,ornatejewel.myshopify.com,IN / INR,meta.json: Rajasthan,2/2 found,2/2 found,instagram.com/ornatejewels,source meta_json,meta:200 home:200 contact:200 info:200 privacy:200,,,
56,paragonfootwear.com,PASS,PASS,PASS,PASS,PASS,PASS,PASS,paragonfootwear.myshopify.com,IN / INR,meta.json: Karnataka,2/2 found,2/2 found,instagram.com/paragonfootwear,source about_paragraph,meta:200 home:200 contact:200 info:200 privacy:200,,,
57,karmikh.com,PASS,PASS,PASS,PASS,PASS,PASS,PASS,karmikh.myshopify.com,IN / INR,meta.json: Karnataka,2/2 found,1/1 found,instagram.com/karmikh_official,source meta_json,meta:200 home:200 contact:200 info:200 privacy:200,,,
58,motogeniusstore.com,PASS,PASS,PASS,PASS,PASS,PASS,PASS,n9101p-rt.myshopify.com,IN / INR,meta.json: Delhi,3/3 found,1/1 found,instagram.com/moto_genius,source meta_json,meta:200 home:200 contact:200 info:200 privacy:200,,,
59,beejwala.com,PASS,PASS,PASS,PASS,PASS,PASS,PASS,beejwala-com.myshopify.com,IN / INR,meta.json: Uttar Pradesh,1/1 found,1/1 found,instagram.com/beejwalaindia,source meta_json,meta:200 home:200 contact:200 info:200 privacy:200,,,
60,ptal.in,PASS,PASS,PASS,PASS,PASS,PASS,PASS,p-talin.myshopify.com,IN / INR,meta.json: Haryana,1/1 found,3/3 found,instagram.com/ptal.in,source meta_json,meta:200 home:200 contact:200 info:200 privacy:200,,,
61,diamopure.com,PASS,PASS,PASS,PASS,PASS,PASS,PASS,e8eux1-yt.myshopify.com,IN / INR,meta.json: Gujarat,1/1 found,1/1 found,instagram.com/diamo.pure,source meta_json,meta:200 home:200 contact:200 info:200 privacy:200,,,
62,paksha.in,PASS,PASS,PASS,PASS,PASS,PASS,PASS,paksha-in.myshopify.com,IN / INR,meta.json: West Bengal,2/2 found,2/2 found,instagram.com/shoppaksha,source meta_json,meta:200 home:200 contact:200 info:200 privacy:200,,,
63,itisaaj.in,PASS,PASS,PASS,PASS,PASS,PASS,PASS,cb4fd5-8d.myshopify.com,IN / INR,meta.json: Maharashtra,2/2 found,1/1 found,instagram.com/itisaaj.in,source meta_json,meta:200 home:200 contact:200 info:200 privacy:200,,,
64,priyafoods.com,PASS,PASS,PASS,PASS,PASS,PASS,PASS,priyafoods.myshopify.com,IN / INR,meta.json: Telangana,1/1 found,1/1 found,instagram.com/priyafoodsofficial,source meta_json,meta:200 home:200 contact:200 info:200 privacy:200,,,
65,indianterrain.com,PASS,PASS,PASS,PASS,PASS,PASS,PASS,indianterrainwebstore.myshopify.com,IN / INR,meta.json: Tamil Nadu,2/2 found,1/1 found,instagram.com/indianterrainofficial,source meta_json,meta:200 home:200 contact:200 info:200 privacy:200,,,
66,babyforest.in,PASS,PASS,PASS,PASS,PASS,PASS,PASS,babyforest-in.myshopify.com,IN / INR,meta.json: Uttar Pradesh,2/2 found,1/1 found,instagram.com/babyforestayurveda,source meta_json,meta:200 home:200 contact:200 info:blocked by robots.txt privacy:blocked by robots.txt,,,
67,devastram.com,PASS,PASS,PASS,PASS,PASS,PASS,PASS,thefestiveshades.myshopify.com,IN / INR,meta.json: Haryana,1/1 found,1/1 found,instagram.com/devastram.india,source meta_json,meta:200 home:200 contact:200 info:404 privacy:200,,,
68,saundh.com,PASS,PASS,PASS,PASS,PASS,PASS,PASS,saundh-india.myshopify.com,IN / INR,meta.json: Gujarat,3/3 found,3/3 found,instagram.com/saundhindia,source meta_json,meta:200 home:200 contact:200 info:404 privacy:200,,,
69,karissakart.com,PASS,PASS,PASS,PASS,PASS,PASS,PASS,karissakart-9900.myshopify.com,IN / INR,meta.json: Rajasthan,3/3 found,2/2 found,instagram.com/karissakart,source meta_json,meta:200 home:200 contact:200 info:200 privacy:200,,,
70,kffindia.com,PASS,PASS,PASS,PASS,PASS,PASS,PASS,kelkar-foods-and-fragrances.myshopify.com,IN / INR,meta.json: Maharashtra,1/1 found,2/2 found,instagram.com/kelkar_fragrances,source meta_json,meta:200 home:200 contact:200 info:200 privacy:200,,,
71,sprinklez.in,PASS,PASS,PASS,PASS,PASS,PASS,PASS,sprinklez-boutique-in.myshopify.com,IN / INR,meta.json: Tamil Nadu,3/3 found,1/1 found,instagram.com/sprinklez_boutique741,source meta_json,meta:200 home:200 contact:200 info:200 privacy:200,,,
72,mannatjewelz.in,PASS,PASS,PASS,PASS,PASS,PASS,PASS,42bf76-4e.myshopify.com,IN / INR,meta.json: Kerala,1/1 found,1/1 found,instagram.com/mannat.jewelz,source meta_json,meta:200 home:200 contact:200 info:200 privacy:200,,,
73,legendoftoys.com,PASS,PASS,PASS,PASS,PASS,PASS,PASS,ed7e3f-cf.myshopify.com,IN / INR,meta.json: Karnataka,1/1 found,1/1 found,instagram.com/legendoftoys,source meta_json,meta:200 home:200 contact:404 info:200 privacy:200,,,
74,akaiindia.in,PASS,PASS,PASS,PASS,PASS,PASS,PASS,pfvyzn-ds.myshopify.com,IN / INR,meta.json: Punjab,2/2 found,3/3 found,instagram.com/akai.india,source meta_json,meta:200 home:200 contact:200 info:200 privacy:200,,,
75,housenama.com,PASS,PASS,PASS,PASS,PASS,PASS,PASS,housenama-store.myshopify.com,IN / INR,meta.json: Maharashtra,2/2 found,1/1 found,instagram.com/_housenama,source meta_json,meta:200 home:200 contact:404 info:200 privacy:200,,,
76,arirotoys.com,PASS,PASS,PASS,PASS,PASS,PASS,PASS,ariro-toys.myshopify.com,IN / INR,meta.json: Tamil Nadu,3/3 found,3/3 found,instagram.com/arirotoys,source meta_json,meta:200 home:200 contact:404 info:200 privacy:200,,,
77,diamondlady.in,PASS,PASS,PASS,PASS,PASS,PASS,PASS,ceo-diamondlady.myshopify.com,IN / INR,meta.json: Delhi,3/3 found,1/1 found,instagram.com/diamondlady.in,source meta_json,meta:200 home:200 contact:404 info:200 privacy:200,,,
78,neverowned.in,PASS,PASS,PASS,PASS,PASS,PASS,PASS,neverowned.myshopify.com,IN / INR,meta.json: Delhi,1/1 found,1/1 found,instagram.com/neverowned.in,source meta_json,meta:200 home:200 contact:200 info:200 privacy:200,,,
79,effilo.com,PASS,PASS,PASS,PASS,PASS,PASS,PASS,effiloclothing.myshopify.com,IN / INR,meta.json: Tamil Nadu,2/2 found,1/1 found,instagram.com/effilodotcom,source meta_json,meta:200 home:200 contact:200 info:200 privacy:200,,,
80,armima.com,PASS,PASS,PASS,PASS,PASS,PASS,PASS,armima.myshopify.com,IN / INR,meta.json: Gujarat,1/1 found,1/1 found,instagram.com/armimaofficial,source meta_json,meta:200 home:200 contact:404 info:200 privacy:200,,,
81,basaka.in,PASS,PASS,PASS,PASS,PASS,PASS,PASS,basaka-9659.myshopify.com,IN / INR,meta.json: Tamil Nadu,1/1 found,1/1 found,instagram.com/basaka.in,source meta_json,meta:200 home:200 contact:200 info:200 privacy:200,,,
82,forgals.in,PASS,PASS,PASS,PASS,PASS,PASS,PASS,205ae7-83.myshopify.com,IN / INR,meta.json: Delhi,2/2 found,1/1 found,instagram.com/forgals.in,source meta_json,meta:200 home:200 contact:200 info:200 privacy:200,,,
83,fazyo.com,PASS,PASS,PASS,PASS,PASS,PASS,PASS,0ri1ay-c4.myshopify.com,IN / INR,meta.json: Kerala,1/1 found,2/2 found,instagram.com/fazyofashion,source meta_json,meta:200 home:200 contact:200 info:200 privacy:200,,,
84,highsparksilver.com,PASS,PASS,PASS,PASS,PASS,PASS,PASS,highspark-in.myshopify.com,IN / INR,meta.json: Maharashtra,3/3 found,2/2 found,instagram.com/highsparksilver,source meta_json,meta:200 home:200 contact:200 info:200 privacy:200,,,
85,amitaggarwal.com,PASS,PASS,PASS,PASS,PASS,PASS,PASS,6be0ad.myshopify.com,IN / INR,meta.json: Uttar Pradesh,5/5 found,2/2 found,instagram.com/amitaggarwalofficial,source meta_json,meta:200 home:200 contact:200 info:200 privacy:200,,,
86,singhanias.in,PASS,PASS,PASS,PASS,PASS,PASS,PASS,singhaniasstage.myshopify.com,IN / INR,meta.json: Telangana,2/2 found,3/3 found,instagram.com/singhanias_official,source meta_json,meta:200 home:200 contact:404 info:200 privacy:200,,,
87,barsanamagic.com,PASS,PASS,PASS,PASS,PASS,PASS,PASS,h1n0nf-wi.myshopify.com,IN / INR,meta.json: Uttarakhand,2/2 found,3/3 found,instagram.com/barsanamagic,source about_meta_description,meta:200 home:200 contact:200 info:200 privacy:200,,,
88,chowkhat.com,PASS,PASS,PASS,PASS,PASS,PASS,PASS,chowkhat.myshopify.com,IN / INR,meta.json: Uttar Pradesh,1/1 found,1/1 found,instagram.com/chowkhat,source meta_json,meta:200 home:200 contact:200 info:200 privacy:200,,,
89,ayurblends.in,PASS,PASS,PASS,PASS,PASS,PASS,PASS,gfz8hq-y8.myshopify.com,IN / INR,meta.json: Tamil Nadu,1/1 found,1/1 found,instagram.com/ayurblends_natural_care,source about_paragraph,meta:200 home:200 contact:200 info:200 privacy:200,,,
90,ev2charger.in,PASS,PASS,PASS,PASS,PASS,PASS,PASS,cf8bf2-3.myshopify.com,IN / INR,meta.json: Uttar Pradesh,1/1 found,1/1 found,instagram.com/ev2charger,source meta_json,meta:200 home:200 contact:200 info:200 privacy:200,,,
91,elra.in,PASS,PASS,PASS,PASS,PASS,PASS,PASS,6dqey3-q1.myshopify.com,IN / INR,meta.json: Maharashtra,1/1 found,1/1 found,instagram.com/elraworld,source meta_json,meta:200 home:200 contact:200 info:200 privacy:200,,,
92,artgatha.com,PASS,PASS,PASS,PASS,PASS,PASS,PASS,artgatha.myshopify.com,IN / INR,meta.json: Jharkhand,1/1 found,1/1 found,instagram.com/artgatha.official,source meta_json,meta:200 home:200 contact:200 info:200 privacy:200,,,
93,booksandyou.in,PASS,PASS,PASS,PASS,PASS,PASS,PASS,f220aa-3.myshopify.com,IN / INR,meta.json: Telangana,1/1 found,3/3 found,instagram.com/booksandyou_ind,source meta_json,meta:200 home:200 contact:200 info:200 privacy:200,,,
94,herbspro.in,PASS,PASS,PASS,PASS,PASS,PASS,PASS,herbsproin.myshopify.com,IN / INR,meta.json: Telangana,2/2 found,1/1 found,instagram.com/herbspro.in,source meta_json,meta:200 home:200 contact:200 info:200 privacy:200,,,
95,honeyandspice.in,PASS,PASS,PASS,PASS,PASS,PASS,PASS,honey-and-spice-2023.myshopify.com,IN / INR,meta.json: Karnataka,2/2 found,2/2 found,instagram.com/honeyandspiceindia,source meta_json,meta:200 home:200 contact:200 info:200 privacy:200,,,
96,apexel.in,PASS,PASS,PASS,PASS,PASS,PASS,PASS,apexelin.myshopify.com,IN / INR,meta.json: Puducherry,2/2 found,1/1 found,instagram.com/apexel.in,source meta_json,meta:200 home:200 contact:200 info:200 privacy:200,,,
97,geonix.in,PASS,PASS,PASS,PASS,PASS,PASS,PASS,0ktzpn-wq.myshopify.com,IN / INR,meta.json: Delhi,2/2 found,1/1 found,instagram.com/geonix.in,source about_meta_description,meta:200 home:200 contact:200 info:404 privacy:200,,,
98,onlinemantra.in,PASS,PASS,PASS,PASS,PASS,PASS,PASS,onlinemantrastore.myshopify.com,IN / INR,meta.json: Maharashtra,2/2 found,3/3 found,instagram.com/onlinemantraindia,source meta_json,meta:200 home:200 contact:404 info:200 privacy:200,,,
99,mipatex.in,PASS,PASS,PASS,PASS,PASS,PASS,PASS,mipatex.myshopify.com,IN / INR,meta.json: Maharashtra,3/3 found,3/3 found,instagram.com/mipaindustries,source meta_json,meta:200 home:200 contact:404 info:200 privacy:200,,,
100,justintime.in,PASS,PASS,PASS,PASS,PASS,PASS,PASS,just-in-time-webstore.myshopify.com,IN / INR,meta.json: Maharashtra,2/2 found,1/1 found,instagram.com/justintime.watches,source meta_json,meta:200 home:200 contact:200 info:200 privacy:200,,,
101,refitglobal.com,PASS,PASS,PASS,PASS,PASS,PASS,PASS,b5f862-47.myshopify.com,IN / INR,meta.json: Uttar Pradesh,2/2 found,3/3 found,instagram.com/refitglobal,source meta_json,meta:200 home:200 contact:200 info:blocked by robots.txt privacy:blocked by robots.txt,,,
102,avimeeherbal.com,PASS,PASS,PASS,PASS,PASS,PASS,PASS,avimeeherbal.myshopify.com,IN / INR,meta.json: Gujarat,4/4 found,1/1 found,instagram.com/avimeeherbal,source meta_json,meta:200 home:200 contact:200 info:blocked by robots.txt privacy:blocked by robots.txt,,,
103,kimti.in,PASS,PASS,PASS,PASS,PASS,PASS,PASS,aaab62-3.myshopify.com,IN / INR,meta.json: Maharashtra,2/2 found,2/2 found,instagram.com/mykimti,source meta_json,meta:200 home:200 contact:200 info:200 privacy:200,,,
104,newjaisa.com,PASS,PASS,PASS,PASS,PASS,PASS,PASS,newjaisa.myshopify.com,IN / INR,meta.json: Karnataka,3/3 found,3/3 found,instagram.com/newjaisa,source meta_json,meta:200 home:200 contact:200 info:200 privacy:200,,,
105,relaxofootwear.com,PASS,PASS,PASS,PASS,PASS,PASS,PASS,relaxo-footwear-ind.myshopify.com,IN / INR,meta.json: Delhi,2/2 found,1/1 found,instagram.com/official_relaxofootwearindia,source meta_json,meta:200 home:200 contact:200 info:404 privacy:200,,,
106,organicbazar.net,PASS,PASS,PASS,PASS,PASS,PASS,PASS,caed65-3.myshopify.com,IN / INR,meta.json: Madhya Pradesh,1/1 found,1/1 found,instagram.com/organicbazarofficial,source meta_json,meta:200 home:200 contact:404 info:200 privacy:200,,,
107,walkaroo.in,PASS,PASS,PASS,PASS,PASS,PASS,PASS,walkaroo-in.myshopify.com,IN / INR,meta.json: Tamil Nadu,1/1 found,1/1 found,instagram.com/walkarooin,source meta_json,meta:200 home:200 contact:404 info:200 privacy:200,,,
108,estailofashion.com,PASS,PASS,PASS,PASS,PASS,PASS,PASS,estailofashion.myshopify.com,IN / INR,meta.json: Haryana,1/1 found,1/1 found,instagram.com/estailo.official,source meta_json,meta:200 home:200 contact:200 info:blocked by robots.txt privacy:blocked by robots.txt,,,
109,wonderchef.com,PASS,PASS,PASS,PASS,PASS,PASS,PASS,wonderchefind.myshopify.com,IN / INR,meta.json: Maharashtra,1/1 found,3/3 found,instagram.com/wondercheflife,source meta_json,meta:200 home:200 contact:404 info:200 privacy:200,,,
110,axorhelmets.com,PASS,PASS,PASS,PASS,PASS,PASS,PASS,vinay-ea37.myshopify.com,IN / INR,meta.json: Karnataka,1/1 found,1/1 found,instagram.com/axorhelmet,source meta_json,meta:200 home:200 contact:200 info:200 privacy:200,,,
111,ugaoo.com,PASS,PASS,PASS,PASS,PASS,PASS,PASS,ugaoo-store.myshopify.com,IN / INR,meta.json: Maharashtra,1/1 found,2/2 found,instagram.com/ugaoo,source meta_json,meta:200 home:200 contact:404 info:blocked by robots.txt privacy:blocked by robots.txt,,,
112,arihantbooks.com,PASS,PASS,PASS,PASS,PASS,PASS,PASS,arihantbooks.myshopify.com,IN / INR,meta.json: Uttar Pradesh,5/5 found,3/3 found,instagram.com/arihantpub,source meta_json,meta:200 home:200 contact:200 info:404 privacy:200,,,
113,fetchnbuy.in,PASS,PASS,PASS,PASS,PASS,PASS,PASS,fetch-n-buy.myshopify.com,IN / INR,meta.json: Haryana,1/1 found,1/1 found,instagram.com/fetchnbuy,source meta_json,meta:200 home:200 contact:404 info:blocked by robots.txt privacy:blocked by robots.txt,,,
114,marscosmetics.in,PASS,PASS,PASS,PASS,PASS,PASS,PASS,reached-mars.myshopify.com,IN / INR,meta.json: Delhi,3/3 found,2/2 found,instagram.com/reachedmars,source meta_json,meta:200 home:200 contact:404 info:200 privacy:200,,,
115,vishalperipherals.com,PASS,PASS,PASS,PASS,PASS,PASS,PASS,3b21b8-3e.myshopify.com,IN / INR,meta.json: Telangana,3/3 found,1/1 found,instagram.com/vishalperipherals,source meta_json,meta:200 home:200 contact:200 info:200 privacy:200,,,
116,aadyaa.com,PASS,PASS,PASS,PASS,PASS,PASS,PASS,aadyaa-originals-pvt-ltd.myshopify.com,IN / INR,meta.json: Maharashtra,1/1 found,3/3 found,instagram.com/houseofaadyaa,source meta_json,meta:200 home:200 contact:200 info:200 privacy:200,,,
117,beesplantshub.com,PASS,PASS,PASS,PASS,PASS,PASS,PASS,prqmmh-0s.myshopify.com,IN / INR,meta.json: Kerala,1/1 found,1/1 found,instagram.com/beesplantshub_com,source meta_json,meta:200 home:200 contact:404 info:200 privacy:200,,,
118,elinorjewels.com,PASS,PASS,PASS,PASS,PASS,PASS,PASS,elinor-jewels.myshopify.com,IN / INR,meta.json: Gujarat,2/2 found,3/3 found,instagram.com/elinor_jewels_,source about_meta_description,meta:200 home:200 contact:200 info:200 privacy:200,,,
119,filohevis.in,PASS,PASS,PASS,PASS,PASS,PASS,PASS,rghudk-fk.myshopify.com,IN / INR,meta.json: Delhi,1/1 found,1/1 found,instagram.com/filohevis,source meta_json,meta:200 home:200 contact:404 info:200 privacy:200,,,
120,himalayarudraksh.online,PASS,PASS,PASS,PASS,PASS,PASS,PASS,himalaya-rudraksh-anusandhan-kendra.myshopify.com,IN / INR,meta.json: Uttarakhand,2/2 found,1/1 found,instagram.com/himalaya_rudraksha,source meta_json,meta:200 home:200 contact:404 info:200 privacy:200,,,
121,monrow.in,PASS,PASS,PASS,PASS,PASS,PASS,PASS,monrowshoesindia.myshopify.com,IN / INR,meta.json: Karnataka,1/1 found,2/2 found,instagram.com/monrowworld,source meta_json,meta:200 home:200 contact:404 info:200 privacy:200,,,
122,mysmartbazaar.com,PASS,PASS,PASS,PASS,PASS,PASS,PASS,my-smart-bazaar-web.myshopify.com,IN / INR,meta.json: Delhi,1/1 found,3/3 found,instagram.com/mysmartbazaar,source meta_json,meta:200 home:200 contact:200 info:200 privacy:200,,,
123,underratedclub.com,PASS,PASS,PASS,PASS,PASS,PASS,PASS,underratedclub.myshopify.com,IN / INR,meta.json: Maharashtra,1/1 found,1/1 found,instagram.com/underratedclub_official,source meta_json,meta:200 home:200 contact:200 info:blocked by robots.txt privacy:blocked by robots.txt,,,
124,bhavanahandlooms.in,PASS,PASS,PASS,PASS,PASS,PASS,PASS,bhavana-handlooms.myshopify.com,IN / INR,meta.json: Andhra Pradesh,1/1 found,1/1 found,instagram.com/mana.handloomsarees,source meta_json,meta:200 home:200 contact:200 info:200 privacy:200,,,
125,cottonculture.co.in,PASS,PASS,PASS,PASS,PASS,PASS,PASS,0e8462-1d.myshopify.com,IN / INR,meta.json: Maharashtra,2/2 found,2/2 found,instagram.com/cottonculture.co.in,source meta_json,meta:200 home:200 contact:200 info:200 privacy:200,,,
126,eatopiaworld.com,PASS,PASS,PASS,PASS,PASS,PASS,PASS,eatopia-1.myshopify.com,IN / INR,meta.json: Maharashtra,2/2 found,1/1 found,instagram.com/eatopiaworld,source meta_json,meta:200 home:200 contact:200 info:200 privacy:200,,,
127,hammeronline.in,PASS,PASS,PASS,PASS,PASS,PASS,PASS,hammer-audio.myshopify.com,IN / INR,meta.json: Haryana,1/1 found,1/1 found,instagram.com/hammerlifestyle_,source meta_json,meta:200 home:200 contact:404 info:429 privacy:200,,,
128,ministerwhite.com,PASS,PASS,PASS,PASS,PASS,PASS,PASS,ottostore-com.myshopify.com,IN / INR,meta.json: Tamil Nadu,1/1 found,2/2 found,instagram.com/ministerwhiteofficial,source meta_json,meta:200 home:200 contact:404 info:429 privacy:200,,,
129,bhimajewellery.com,PASS,PASS,PASS,PASS,PASS,PASS,PASS,f0a486-rn.myshopify.com,IN / INR,meta.json: Kerala,2/2 found,3/3 found,instagram.com/bhimajewelleryofficial,source meta_json,meta:200 home:200 contact:429 info:200 privacy:200,,,
130,bongmade.com,PASS,PASS,PASS,PASS,PASS,PASS,PASS,bong-made.myshopify.com,IN / INR,meta.json: West Bengal,1/1 found,1/1 found,instagram.com/bongmadecollection,source meta_json,meta:200 home:200 contact:429 info:200 privacy:200,,,
131,kalpraag.com,PASS,PASS,PASS,PASS,PASS,PASS,PASS,kalpraag.myshopify.com,IN / INR,meta.json: Delhi,1/1 found,2/2 found,instagram.com/kalpraag,source meta_json,meta:200 home:200 contact:429 info:200 privacy:200,,,
132,newinsub.com,PASS,PASS,PASS,PASS,PASS,PASS,PASS,66c5b2-30.myshopify.com,IN / INR,meta.json: Gujarat,2/2 found,1/1 found,instagram.com/newinsub,source about_meta_description,meta:200 home:200 contact:429 info:200 privacy:200,,,
133,teenbaan.com,PASS,PASS,PASS,PASS,PASS,PASS,PASS,uxh0ec-un.myshopify.com,IN / INR,meta.json: Karnataka,3/3 found,1/1 found,instagram.com/teenbaan_shopping,source meta_json,meta:200 home:429 contact:200 info:200 privacy:200,,,
137,bunaiwala.com,PASS,PASS,PASS,PASS,PASS,PASS,PASS,bunaiwalaa.myshopify.com,IN / INR,meta.json: Rajasthan,2/2 found,1/1 found,instagram.com/bunaiiwala,source meta_json,meta:200 home:200 contact:200 info:200 privacy:200,,,
138,maxzoneclothing.com,PASS,PASS,PASS,PASS,PASS,PASS,PASS,9ffc55.myshopify.com,IN / INR,meta.json: Tamil Nadu,1/1 found,1/1 found,instagram.com/maxzoneclothing,source meta_json,meta:200 home:200 contact:200 info:blocked by robots.txt privacy:blocked by robots.txt,,,
139,stryderbikes.com,PASS,PASS,PASS,PASS,PASS,PASS,PASS,stryder-bikes-til.myshopify.com,IN / INR,meta.json: Punjab,2/2 found,1/1 found,instagram.com/stryderbikes,source meta_json,meta:200 home:200 contact:200 info:404 privacy:200,,,
140,threadsandblocks.com,PASS,PASS,PASS,PASS,PASS,PASS,PASS,threadsandblocks.myshopify.com,IN / INR,meta.json: Rajasthan,1/1 found,1/1 found,instagram.com/threads_and_blocks,source meta_json,meta:200 home:200 contact:404 info:200 privacy:200,,,
141,dulhanjewels.com,PASS,PASS,PASS,PASS,PASS,PASS,PASS,9d292b-2.myshopify.com,IN / INR,meta.json: Telangana,1/1 found,1/1 found,instagram.com/_dulhanjewels,source meta_json,meta:200 home:200 contact:200 info:blocked by robots.txt privacy:blocked by robots.txt,,,
143,greypottery.com,PASS,PASS,PASS,PASS,PASS,PASS,PASS,53b9ee-2.myshopify.com,IN / INR,meta.json: Uttar Pradesh,3/3 found,1/1 found,instagram.com/greypotteryapp,source home_title,meta:200 home:200 contact:200 info:200 privacy:200,,,
144,sheopals.com,PASS,PASS,PASS,PASS,PASS,PASS,PASS,972808.myshopify.com,IN / INR,meta.json: Delhi,1/1 found,1/1 found,instagram.com/thesheopals,source meta_json,meta:200 home:200 contact:200 info:blocked by robots.txt privacy:blocked by robots.txt,,,
145,ateonlineshop.com,PASS,PASS,PASS,PASS,PASS,PASS,PASS,ateonlineshop.myshopify.com,IN / INR,meta.json: Uttar Pradesh,2/2 found,2/2 found,instagram.com/ate_onlineshop,source meta_json,meta:200 home:200 contact:200 info:200 privacy:200,,,
146,dharishahayurveda.com,PASS,PASS,PASS,PASS,PASS,PASS,PASS,dff598-2.myshopify.com,IN / INR,meta.json: Haryana,1/1 found,1/1 found,instagram.com/dharishah.ayurveda,source meta_json,meta:200 home:200 contact:200 info:200 privacy:200,,,
147,krishnawatch.com,PASS,PASS,PASS,PASS,PASS,PASS,PASS,3b8fe7.myshopify.com,IN / INR,meta.json: Uttar Pradesh,1/1 found,2/2 found,instagram.com/krishnawatchcompany,source meta_json,meta:200 home:200 contact:200 info:200 privacy:200,,,
148,benekleed.com,PASS,PASS,PASS,PASS,PASS,PASS,PASS,dbf8aa-2.myshopify.com,IN / INR,meta.json: Karnataka,1/1 found,2/2 found,instagram.com/benekleed_official,source meta_json,meta:200 home:200 contact:200 info:200 privacy:200,,,
149,nariyal.co.in,PASS,PASS,PASS,PASS,PASS,PASS,PASS,nariyal-cosmetics.myshopify.com,IN / INR,meta.json: Maharashtra,1/1 found,1/1 found,instagram.com/nariyalcosmetics,source meta_json,meta:200 home:200 contact:404 info:200 privacy:200,,,
150,mecnex.com,PASS,PASS,PASS,PASS,PASS,PASS,PASS,031d42-2.myshopify.com,IN / INR,meta.json: Delhi,1/1 found,1/1 found,instagram.com/mecnex,source about_meta_description,meta:200 home:200 contact:404 info:200 privacy:200,,,
151,theformalclub.in,PASS,PASS,PASS,PASS,PASS,PASS,PASS,theformalclub.myshopify.com,IN / INR,meta.json: Chandigarh,1/1 found,3/3 found,instagram.com/theformalclubofficial,source meta_json,meta:200 home:200 contact:200 info:200 privacy:200,,,
152,bighello.in,PASS,PASS,PASS,PASS,PASS,PASS,PASS,99f73d.myshopify.com,IN / INR,meta.json: Karnataka,1/1 found,1/1 found,instagram.com/bighello_,source meta_json,meta:200 home:200 contact:200 info:200 privacy:200,,,
153,aurabenaras.com,PASS,PASS,PASS,PASS,PASS,PASS,PASS,aurabenaras10.myshopify.com,IN / INR,meta.json: Uttar Pradesh,1/1 found,3/3 found,instagram.com/aura_benaras,source meta_json,meta:200 home:200 contact:404 info:200 privacy:200,,,
154,gharaana.in,PASS,PASS,PASS,PASS,PASS,PASS,PASS,gurvj2-ws.myshopify.com,IN / INR,meta.json: Rajasthan,1/1 found,1/1 found,instagram.com/gharaana.in,source meta_json,meta:200 home:200 contact:200 info:200 privacy:200,,,
155,zevana.co,PASS,PASS,PASS,PASS,PASS,PASS,PASS,bfmane-kv.myshopify.com,IN / INR,meta.json: Uttar Pradesh,1/1 found,2/2 found,instagram.com/shopzevana,source meta_json,meta:200 home:200 contact:200 info:200 privacy:200,,,
156,mrjewels.in,PASS,PASS,PASS,PASS,PASS,PASS,PASS,cff88d-cb.myshopify.com,IN / INR,meta.json: Karnataka,2/2 found,2/2 found,instagram.com/mrjewels100,source meta_json,meta:200 home:200 contact:200 info:200 privacy:200,,,
157,oracura.in,PASS,PASS,PASS,PASS,PASS,PASS,PASS,oracura.myshopify.com,IN / INR,meta.json: Maharashtra,1/1 found,2/2 found,instagram.com/oracura.in,source meta_json,meta:200 home:200 contact:200 info:200 privacy:200,,,
158,suvasa.in,PASS,PASS,PASS,PASS,PASS,PASS,PASS,the-suvasa.myshopify.com,IN / INR,meta.json: Rajasthan,1/1 found,3/3 found,instagram.com/suvasa.india,source about_paragraph,meta:200 home:200 contact:200 info:404 privacy:200,,,
159,sourceitright.com,PASS,PASS,PASS,PASS,PASS,PASS,PASS,source-it-right.myshopify.com,IN / INR,meta.json: Tamil Nadu,1/1 found,1/1 found,instagram.com/sourceitright,source meta_json,meta:200 home:200 contact:404 info:404 privacy:200,,,
160,uniqkart.in,PASS,PASS,PASS,PASS,PASS,PASS,PASS,feefdf.myshopify.com,IN / INR,meta.json: Tamil Nadu,1/1 found,1/1 found,instagram.com/uniqkart_in,source about_meta_description,meta:200 home:200 contact:404 info:200 privacy:200,,,
161,thegiftstudio.com,PASS,PASS,PASS,PASS,PASS,PASS,PASS,tgs-revamp.myshopify.com,IN / INR,meta.json: West Bengal,2/2 found,3/3 found,instagram.com/thegiftstudioofficial,source meta_json,meta:200 home:200 contact:200 info:200 privacy:200,,,
162,freemen.in,PASS,PASS,PASS,PASS,PASS,PASS,PASS,freemenindia.myshopify.com,IN / INR,meta.json: Gujarat,2/2 found,1/1 found,instagram.com/freemen.in,source meta_json,meta:200 home:200 contact:404 info:200 privacy:200,,,
163,goodgudi.com,PASS,PASS,PASS,PASS,PASS,PASS,PASS,2d9260-4.myshopify.com,IN / INR,meta.json: Karnataka,1/1 found,1/1 found,instagram.com/goodgudi.official,source meta_json,meta:200 home:200 contact:200 info:200 privacy:200,,,
164,watchfactory.in,PASS,PASS,PASS,PASS,PASS,PASS,PASS,twf-india.myshopify.com,IN / INR,meta.json: Rajasthan,2/2 found,3/3 found,instagram.com/thewatchfactory_official,source meta_json,meta:200 home:200 contact:404 info:200 privacy:200,,,
165,uniqbuy.in,PASS,PASS,PASS,PASS,PASS,PASS,PASS,006429-3.myshopify.com,IN / INR,meta.json: Tamil Nadu,1/1 found,1/1 found,instagram.com/uniqbuy.in,source about_meta_description,meta:200 home:200 contact:200 info:blocked by robots.txt privacy:blocked by robots.txt,,,
166,nitori.co.in,PASS,PASS,PASS,PASS,PASS,PASS,PASS,45c3c5-0f.myshopify.com,IN / INR,meta.json: Maharashtra,1/1 found,1/1 found,instagram.com/nitoriindia,source meta_json,meta:200 home:200 contact:404 info:200 privacy:200,,,
167,troost.in,PASS,PASS,PASS,PASS,PASS,PASS,PASS,0aae7b.myshopify.com,IN / INR,meta.json: Haryana,1/1 found,1/1 found,instagram.com/troostofficial,source meta_json,meta:200 home:200 contact:200 info:200 privacy:200,,,
168,indianhobbycenter.com,PASS,PASS,PASS,PASS,PASS,PASS,PASS,indian-9171.myshopify.com,IN / INR,meta.json: Odisha,2/2 found,2/2 found,instagram.com/indianhobbycenter,source meta_json,meta:200 home:200 contact:200 info:200 privacy:200,,,
169,attirebyayaana.com,PASS,PASS,PASS,PASS,PASS,PASS,PASS,e63a59-2.myshopify.com,IN / INR,meta.json: Rajasthan,2/2 found,3/3 found,instagram.com/attire_by_ayaana,source about_meta_description,meta:200 home:200 contact:200 info:200 privacy:200,,,
170,furper.com,PASS,PASS,PASS,PASS,PASS,PASS,PASS,furper.myshopify.com,IN / INR,meta.json: Haryana,2/2 found,1/1 found,instagram.com/thefurper,source meta_json,meta:200 home:200 contact:404 info:404 privacy:200,,,
171,inkhub.in,PASS,PASS,PASS,PASS,PASS,PASS,PASS,ink7.myshopify.com,IN / INR,meta.json: Jharkhand,3/3 found,1/1 found,instagram.com/inkhub_,source meta_json,meta:200 home:200 contact:404 info:200 privacy:200,,,
172,carriall.com,PASS,PASS,PASS,PASS,PASS,PASS,PASS,b83884.myshopify.com,IN / INR,meta.json: Maharashtra,2/2 found,2/2 found,instagram.com/thecarriallco,source meta_json,meta:200 home:200 contact:200 info:blocked by robots.txt privacy:blocked by robots.txt,,,
173,blaupunktaudio.in,PASS,PASS,PASS,PASS,PASS,PASS,PASS,blaupunkt-india.myshopify.com,IN / INR,meta.json: Haryana,2/2 found,1/1 found,instagram.com/blaupunktaudioindia,source meta_json,meta:200 home:200 contact:404 info:200 privacy:200,,,
174,flyo.shoes,PASS,PASS,PASS,PASS,PASS,PASS,PASS,prem-12351.myshopify.com,IN / INR,meta.json: Haryana,1/1 found,2/2 found,instagram.com/flyoshoes,source meta_json,meta:200 home:200 contact:200 info:200 privacy:200,,,
175,grytt.in,PASS,PASS,PASS,PASS,PASS,PASS,PASS,bec991-bb.myshopify.com,IN / INR,meta.json: Madhya Pradesh,1/1 found,1/1 found,instagram.com/grytt.in,source meta_json,meta:200 home:200 contact:404 info:404 privacy:200,,,
176,aesthesy.com,PASS,PASS,PASS,PASS,PASS,PASS,PASS,aesthesythestore.myshopify.com,IN / INR,meta.json: Uttarakhand,1/1 found,3/3 found,instagram.com/aesthesydotcom,source meta_json,meta:200 home:200 contact:200 info:200 privacy:200,,,
177,ethnusvilla.com,PASS,PASS,PASS,PASS,PASS,PASS,PASS,ethnusvilla.myshopify.com,IN / INR,meta.json: Gujarat,2/2 found,1/1 found,instagram.com/ethnus_villa,source meta_json,meta:200 home:200 contact:200 info:200 privacy:200,,,
178,iblamebeads.com,PASS,PASS,PASS,PASS,PASS,PASS,PASS,i-blame-beads-23.myshopify.com,IN / INR,meta.json: Maharashtra,1/1 found,1/1 found,instagram.com/iblamebeads,source about_meta_description,meta:200 home:200 contact:404 info:404 privacy:200,,,
179,goodtimesbysaicreations.com,PASS,PASS,PASS,PASS,PASS,PASS,PASS,goodtimesbysaicreations.myshopify.com,IN / INR,meta.json: Uttar Pradesh,1/1 found,2/2 found,instagram.com/saicreationswatchesofficial,source about_paragraph,meta:200 home:200 contact:200 info:blocked by robots.txt privacy:blocked by robots.txt,,,
180,iberiaskinbrands.in,PASS,PASS,PASS,PASS,PASS,PASS,PASS,iberiaskinbrands.myshopify.com,IN / INR,meta.json: Delhi,3/3 found,2/2 found,instagram.com/iberiaskinbrandsindia,source meta_json,meta:200 home:200 contact:200 info:200 privacy:200,,,
181,ariser.co.in,PASS,PASS,PASS,PASS,PASS,PASS,PASS,ariser-brand.myshopify.com,IN / INR,meta.json: Tamil Nadu,1/1 found,1/1 found,instagram.com/ariserindia,source meta_json,meta:200 home:200 contact:200 info:blocked by robots.txt privacy:blocked by robots.txt,,,
182,confidentialcouture.com,PASS,PASS,PASS,PASS,PASS,PASS,PASS,5b9ce1-4a.myshopify.com,IN / INR,meta.json: Delhi,5/5 found,3/3 found,instagram.com/confidentialcoutureofficial,source meta_json,meta:200 home:200 contact:200 info:200 privacy:200,,,
183,hektor.in,PASS,PASS,PASS,PASS,PASS,PASS,PASS,e5e29e-e6.myshopify.com,IN / INR,meta.json: Gujarat,1/1 found,1/1 found,instagram.com/hektorindia,source meta_json,meta:200 home:200 contact:200 info:404 privacy:200,,,
184,houseofceramics.in,PASS,PASS,PASS,PASS,PASS,PASS,PASS,tci1gr-aa.myshopify.com,IN / INR,meta.json: Haryana,2/2 found,2/2 found,instagram.com/houseofceramics.in,source meta_json,meta:200 home:200 contact:404 info:200 privacy:200,,,
185,aurawill.in,PASS,PASS,PASS,PASS,PASS,PASS,PASS,wai3xr-hj.myshopify.com,IN / INR,meta.json: Tamil Nadu,1/1 found,1/1 found,instagram.com/aurawill_health_mix,source meta_description,meta:200 home:200 contact:404 info:200 privacy:200,,,
186,bigbearfarms.in,PASS,PASS,PASS,PASS,PASS,PASS,PASS,big-bear-farms.myshopify.com,IN / INR,meta.json: Himachal Pradesh,2/2 found,2/2 found,instagram.com/bigbearfarms,source meta_json,meta:200 home:200 contact:200 info:200 privacy:200,,,
187,techcommerce.in,PASS,PASS,PASS,PASS,PASS,PASS,PASS,kv1tf0-8v.myshopify.com,IN / INR,meta.json: Delhi,2/2 found,2/2 found,instagram.com/techcommerce.in,source meta_json,meta:200 home:200 contact:200 info:200 privacy:200,,,
188,bharatvedica.com,PASS,PASS,PASS,PASS,PASS,PASS,PASS,bharatvedica.myshopify.com,IN / INR,meta.json: Gujarat,1/1 found,1/1 found,instagram.com/bharatvedicaorganics,source meta_json,meta:200 home:200 contact:200 info:blocked by robots.txt privacy:blocked by robots.txt,,,
189,anuroop.co.in,PASS,PASS,PASS,PASS,PASS,PASS,PASS,wadhwanirashmi11.myshopify.com,IN / INR,meta.json: Maharashtra,2/2 found,2/2 found,instagram.com/anuroop.co.in,source meta_json,meta:200 home:200 contact:200 info:200 privacy:200,,,
190,angrakhaa.com,PASS,PASS,PASS,PASS,PASS,PASS,PASS,angrakhaa-com.myshopify.com,IN / INR,meta.json: Delhi,1/1 found,1/1 found,instagram.com/angrakhaa,source meta_json,meta:200 home:200 contact:404 info:200 privacy:200,,,
191,aranyamperfumes.com,PASS,PASS,PASS,PASS,PASS,PASS,PASS,1eef83-f8.myshopify.com,IN / INR,meta.json: Maharashtra,2/2 found,1/1 found,instagram.com/aranyamperfumes,source meta_json,meta:200 home:200 contact:200 info:200 privacy:200,,,
192,aishwaryamoils.com,PASS,PASS,PASS,PASS,PASS,PASS,PASS,aishwaryamoils.myshopify.com,IN / INR,meta.json: Tamil Nadu,1/1 found,1/1 found,instagram.com/aishwaryamoils,source meta_json,meta:200 home:200 contact:200 info:200 privacy:200,,,
193,geeklane.in,PASS,PASS,PASS,PASS,PASS,PASS,PASS,f2cc6b-4.myshopify.com,IN / INR,meta.json: Delhi,2/2 found,3/3 found,instagram.com/geeklane.in,source meta_json,meta:200 home:200 contact:404 info:200 privacy:200,,,
194,palmonas.com,PASS,PASS,PASS,PASS,PASS,PASS,PASS,palmonas.myshopify.com,IN / INR,meta.json: Maharashtra,5/5 found,1/1 found,instagram.com/palmonas_official,source meta_json,meta:200 home:200 contact:200 info:blocked by robots.txt privacy:blocked by robots.txt,,,
195,discoverpilgrim.com,PASS,PASS,PASS,PASS,PASS,PASS,PASS,discoverpilgrim.myshopify.com,IN / INR,meta.json: Haryana,2/2 found,1/1 found,instagram.com/discover.pilgrim,source meta_json,meta:200 home:200 contact:200 info:blocked by robots.txt privacy:blocked by robots.txt,,,
196,itokri.com,PASS,PASS,PASS,PASS,PASS,PASS,PASS,itokri.myshopify.com,IN / INR,meta.json: Madhya Pradesh,1/1 found,3/3 found,instagram.com/itokri,source meta_json,meta:200 home:200 contact:200 info:blocked by robots.txt privacy:blocked by robots.txt,,,
197,vastrado.com,PASS,PASS,PASS,PASS,PASS,PASS,PASS,vastradoin.myshopify.com,IN / INR,meta.json: Maharashtra,1/1 found,1/1 found,instagram.com/vastrado,source meta_json,meta:200 home:200 contact:200 info:blocked by robots.txt privacy:blocked by robots.txt,,,
198,reisemoto.com,PASS,PASS,PASS,PASS,PASS,PASS,PASS,reise-moto.myshopify.com,IN / INR,meta.json: Maharashtra,1/1 found,2/2 found,instagram.com/reise_moto,source meta_json,meta:200 home:200 contact:404 info:200 privacy:200,,,
199,bananaclub.co.in,PASS,PASS,PASS,PASS,PASS,PASS,PASS,bananaclub-3.myshopify.com,IN / INR,meta.json: Karnataka,1/1 found,1/1 found,instagram.com/_banana_club,source meta_json,meta:200 home:200 contact:200 info:200 privacy:200,,,
200,mydesignation.com,PASS,PASS,PASS,PASS,PASS,PASS,PASS,mydesignation-store.myshopify.com,IN / INR,meta.json: Kerala,2/2 found,3/3 found,instagram.com/mydesignationofficial,source meta_json,meta:200 home:200 contact:200 info:200 privacy:200,,,
201,bellavitaorganic.com,PASS,PASS,PASS,PASS,PASS,PASS,PASS,bellavita1.myshopify.com,IN / INR,meta.json: Haryana,1/1 found,2/2 found,instagram.com/bellavita.official,source meta_json,meta:200 home:200 contact:404 info:blocked by robots.txt privacy:blocked by robots.txt,,,
202,krishnaayurved.com,PASS,PASS,PASS,PASS,PASS,PASS,PASS,krishnaayurved.myshopify.com,IN / INR,meta.json: Rajasthan,1/1 found,1/1 found,instagram.com/krishna_ayurved_official,source meta_json,meta:200 home:200 contact:404 info:200 privacy:200,,,
203,nilkamalfurniture.com,PASS,PASS,PASS,PASS,PASS,PASS,PASS,nilkamalfurniture.myshopify.com,IN / INR,meta.json: Maharashtra,2/2 found,1/1 found,instagram.com/nilkamal_ltd,source meta_json,meta:200 home:200 contact:404 info:200 privacy:200,,,
204,reneecosmetics.in,PASS,PASS,PASS,PASS,PASS,PASS,PASS,reneeofficial.myshopify.com,IN / INR,meta.json: Gujarat,1/1 found,1/1 found,instagram.com/reneeofficial,source meta_json,meta:200 home:200 contact:200 info:200 privacy:200,,,
206,traya.health,PASS,PASS,PASS,PASS,PASS,PASS,PASS,tatvahealth.myshopify.com,IN / INR,meta.json: Maharashtra,2/2 found,1/1 found,instagram.com/traya.health,source meta_json,meta:200 home:200 contact:404 info:200 privacy:200,,,
207,ayushakti.com,PASS,PASS,PASS,PASS,PASS,PASS,PASS,297cd9-5a.myshopify.com,IN / INR,meta.json: Maharashtra,1/1 found,1/1 found,instagram.com/ayushakti,source meta_json,meta:200 home:200 contact:404 info:blocked by robots.txt privacy:blocked by robots.txt,,,
208,lajreedesigner.com,PASS,PASS,PASS,PASS,PASS,PASS,PASS,lajree-designer.myshopify.com,IN / INR,meta.json: Gujarat,1/1 found,1/1 found,instagram.com/lajreedesigner,source meta_json,meta:200 home:200 contact:404 info:200 privacy:200,,,
209,pcchandraindia.com,PASS,PASS,PASS,PASS,PASS,PASS,PASS,pcchandraindia.myshopify.com,IN / INR,meta.json: West Bengal,1/1 found,2/2 found,instagram.com/p.c.chandrajewellers,source meta_json,meta:200 home:200 contact:200 info:blocked by robots.txt privacy:blocked by robots.txt,,,
210,prao.com,PASS,PASS,PASS,PASS,PASS,PASS,PASS,maashjewelry.myshopify.com,IN / INR,meta.json: Delhi,2/2 found,1/1 found,instagram.com/praojewellery,source meta_json,meta:200 home:200 contact:200 info:200 privacy:200,,,
211,stylejaipur.com,PASS,PASS,PASS,PASS,PASS,PASS,PASS,5b1638-4.myshopify.com,IN / INR,meta.json: Rajasthan,1/1 found,1/1 found,instagram.com/stylejaipurclothing,source meta_json,meta:200 home:200 contact:200 info:200 privacy:200,,,
212,thelotusfab.in,PASS,PASS,PASS,PASS,PASS,PASS,PASS,thelotusfab.myshopify.com,IN / INR,meta.json: Gujarat,2/2 found,1/1 found,instagram.com/thelotusfabhub,source meta_json,meta:200 home:200 contact:200 info:200 privacy:200,,,
213,moxiebeauty.in,PASS,PASS,PASS,PASS,PASS,PASS,PASS,moxiebeauty-haircare.myshopify.com,IN / INR,meta.json: Delhi,2/2 found,1/1 found,instagram.com/moxiebeautyofficial,source meta_json,meta:200 home:200 contact:200 info:200 privacy:200,,,
214,thedrchoice.com,PASS,PASS,PASS,PASS,PASS,PASS,PASS,dcdoctorchoice.myshopify.com,IN / INR,meta.json: Haryana,1/1 found,2/2 found,instagram.com/thedrchoice,source about_meta_description,meta:200 home:200 contact:200 info:200 privacy:200,,,
215,argoswatch.in,PASS,PASS,PASS,PASS,PASS,PASS,PASS,argos-watches-india.myshopify.com,IN / INR,meta.json: Gujarat,1/1 found,2/2 found,instagram.com/argoswatch,source meta_json,meta:200 home:200 contact:200 info:blocked by robots.txt privacy:blocked by robots.txt,,,
216,peachmode.com,PASS,PASS,PASS,PASS,PASS,PASS,PASS,peachm.myshopify.com,IN / INR,meta.json: Maharashtra,3/3 found,2/2 found,instagram.com/peachmodeinsta,source meta_json,meta:200 home:200 contact:200 info:200 privacy:200,,,
217,crossword.in,PASS,PASS,PASS,PASS,PASS,PASS,PASS,crosswordonline.myshopify.com,IN / INR,meta.json: Maharashtra,1/1 found,1/1 found,instagram.com/crosswordbookstores,source meta_json,meta:200 home:200 contact:200 info:blocked by robots.txt privacy:blocked by robots.txt,,,
218,asitisnutrition.com,PASS,PASS,PASS,PASS,PASS,PASS,PASS,asitis.myshopify.com,IN / INR,meta.json: Karnataka,2/2 found,3/3 found,instagram.com/asitisnutrition,source meta_json,meta:200 home:200 contact:200 info:200 privacy:200,,,
219,jackjones.in,PASS,PASS,PASS,PASS,PASS,PASS,PASS,jackjones-india.myshopify.com,IN / INR,meta.json: Maharashtra,1/1 found,1/1 found,instagram.com/jackjonesindia,source meta_json,meta:200 home:200 contact:200 info:blocked by robots.txt privacy:blocked by robots.txt,,,
220,unniyarcha.com,PASS,PASS,PASS,PASS,PASS,PASS,PASS,theunniyarcha.myshopify.com,IN / INR,meta.json: Haryana,1/1 found,3/3 found,instagram.com/unniyarchajewelry,source meta_json,meta:200 home:200 contact:404 info:200 privacy:200,,,
221,gocolors.com,PASS,PASS,PASS,PASS,PASS,PASS,PASS,go-colors-india.myshopify.com,IN / INR,meta.json: Tamil Nadu,1/1 found,3/3 found,instagram.com/gocolors,source meta_json,meta:200 home:200 contact:200 info:200 privacy:200,,,
222,veromoda.in,PASS,PASS,PASS,PASS,PASS,PASS,PASS,veromoda-india.myshopify.com,IN / INR,meta.json: Maharashtra,1/1 found,2/2 found,instagram.com/veromodaindia,source meta_json,meta:200 home:200 contact:200 info:blocked by robots.txt privacy:blocked by robots.txt,,,
223,thebearhouse.com,PASS,PASS,PASS,PASS,PASS,PASS,PASS,thebearhouseindia.myshopify.com,IN / INR,meta.json: Karnataka,1/1 found,3/3 found,instagram.com/bearhouseindia,source meta_json,meta:200 home:200 contact:200 info:blocked by robots.txt privacy:blocked by robots.txt,,,
224,bullionknot.com,PASS,PASS,PASS,PASS,PASS,PASS,PASS,bullionknot.myshopify.com,IN / INR,meta.json: Gujarat,2/2 found,3/3 found,instagram.com/bullion_knot,source meta_json,meta:200 home:200 contact:200 info:200 privacy:200,,,
226,suroskie.com,PASS,PASS,PASS,PASS,PASS,PASS,PASS,prsuroski.myshopify.com,IN / INR,meta.json: Uttar Pradesh,3/3 found,3/3 found,instagram.com/suroskiebeauty,source meta_json,meta:200 home:200 contact:200 info:200 privacy:200,,,
227,ambraneindia.com,PASS,PASS,PASS,PASS,PASS,PASS,PASS,ambrane.myshopify.com,IN / INR,meta.json: Haryana,2/2 found,1/1 found,instagram.com/ambraneindia,source meta_json,meta:200 home:200 contact:404 info:200 privacy:200,,,
228,blabliblulife.com,PASS,PASS,PASS,PASS,PASS,PASS,PASS,pypyyn-d1.myshopify.com,IN / INR,meta.json: Haryana,1/1 found,1/1 found,instagram.com/blabliblu.official,source meta_json,meta:200 home:200 contact:200 info:blocked by robots.txt privacy:blocked by robots.txt,,,
229,albertotorresi.com,PASS,PASS,PASS,PASS,PASS,PASS,PASS,alberto-torresi-2.myshopify.com,IN / INR,meta.json: Uttar Pradesh,1/1 found,3/3 found,instagram.com/albertotorresi,source meta_json,meta:200 home:200 contact:404 info:404 privacy:200,,,
230,clarks.in,PASS,PASS,PASS,PASS,PASS,PASS,PASS,clarks-india.myshopify.com,IN / INR,meta.json: Maharashtra,4/4 found,1/1 found,instagram.com/clarks_india,source meta_json,meta:200 home:200 contact:200 info:200 privacy:200,,,
231,eumeworld.com,PASS,PASS,PASS,PASS,PASS,PASS,PASS,eumeworld-com.myshopify.com,IN / INR,meta.json: Maharashtra,1/1 found,3/3 found,instagram.com/eumeworld,source meta_json,meta:200 home:200 contact:200 info:200 privacy:200,,,
232,fitflop.in,PASS,PASS,PASS,PASS,PASS,PASS,PASS,fitflopindia.myshopify.com,IN / INR,meta.json: Maharashtra,4/4 found,1/1 found,instagram.com/fitflop.in,source meta_json,meta:200 home:200 contact:200 info:200 privacy:200,,,
233,ikoho.in,PASS,PASS,PASS,PASS,PASS,PASS,PASS,204888.myshopify.com,IN / INR,meta.json: Uttar Pradesh,2/2 found,1/1 found,instagram.com/ik0h0,source meta_json,meta:200 home:200 contact:200 info:200 privacy:200,,,
234,ivanajewels.com,PASS,PASS,PASS,PASS,PASS,PASS,PASS,01a4af-aa.myshopify.com,IN / INR,meta.json: Gujarat,1/1 found,1/1 found,instagram.com/ivanabyjindal,source meta_json,meta:200 home:200 contact:200 info:200 privacy:200,,,
235,kazo.com,PASS,PASS,PASS,PASS,PASS,PASS,PASS,kazo-fashion.myshopify.com,IN / INR,meta.json: Uttar Pradesh,1/1 found,1/1 found,instagram.com/kazowoman,source meta_json,meta:200 home:200 contact:404 info:200 privacy:200,,,
236,koranm.com,PASS,PASS,PASS,PASS,PASS,PASS,PASS,koranm.myshopify.com,IN / INR,meta.json: Maharashtra,1/1 found,1/1 found,instagram.com/korabynm,source meta_json,meta:200 home:200 contact:200 info:blocked by robots.txt privacy:blocked by robots.txt,,,
237,kymee.in,PASS,PASS,PASS,PASS,PASS,PASS,PASS,kymee-jewellery.myshopify.com,IN / INR,meta.json: Gujarat,1/1 found,3/3 found,instagram.com/kymee.in,source meta_json,meta:200 home:200 contact:200 info:200 privacy:200,,,
238,lostmybuds.com,PASS,PASS,PASS,PASS,PASS,PASS,PASS,zqkgv8-8x.myshopify.com,IN / INR,meta.json: Uttar Pradesh,3/3 found,3/3 found,instagram.com/lostmybuds,source meta_json,meta:200 home:200 contact:200 info:200 privacy:200,,,
239,psrsilks.com,PASS,PASS,PASS,PASS,PASS,PASS,PASS,customercare-995.myshopify.com,IN / INR,meta.json: Tamil Nadu,1/1 found,1/1 found,instagram.com/psr_silks,source meta_json,meta:200 home:200 contact:200 info:200 privacy:200,,,
240,thestrokesgallery.com,PASS,PASS,PASS,PASS,PASS,PASS,PASS,strokes-by-namrata-mehta.myshopify.com,IN / INR,meta.json: Maharashtra,1/1 found,1/1 found,instagram.com/the_strokes_gallery,source meta_json,meta:200 home:200 contact:404 info:blocked by robots.txt privacy:blocked by robots.txt,,,
241,uppercase.co.in,PASS,PASS,PASS,PASS,PASS,PASS,PASS,uppercase-india.myshopify.com,IN / INR,meta.json: Maharashtra,1/1 found,1/1 found,instagram.com/uppercase_ecobags,source meta_json,meta:200 home:200 contact:200 info:blocked by robots.txt privacy:blocked by robots.txt,,,
242,frenchcuff.in,PASS,PASS,PASS,PASS,PASS,PASS,PASS,t41vxc-hu.myshopify.com,IN / INR,meta.json: Uttar Pradesh,1/1 found,1/1 found,instagram.com/frenchcuffofficial,source meta_json,meta:200 home:200 contact:200 info:200 privacy:200,,,
243,pinkjelly.in,PASS,PASS,PASS,PASS,PASS,PASS,PASS,qagj37-ib.myshopify.com,IN / INR,meta.json: Gujarat,2/2 found,2/2 found,instagram.com/pinkjelly.india,source og_description,meta:200 home:200 contact:200 info:200 privacy:200,,,
244,prdgy.in,PASS,PASS,PASS,PASS,PASS,PASS,PASS,prodigycart.myshopify.com,IN / INR,meta.json: Chhattisgarh,1/1 found,1/1 found,instagram.com/prdgy.in,source meta_json,meta:200 home:200 contact:404 info:200 privacy:200,,,
245,wondrdiamonds.com,PASS,PASS,PASS,PASS,PASS,PASS,PASS,agt-wondrdiamonds.myshopify.com,IN / INR,meta.json: Tamil Nadu,3/3 found,1/1 found,instagram.com/wondrdiamonds,source meta_json,meta:200 home:200 contact:200 info:200 privacy:200,,,
246,heritageofficial.com,PASS,PASS,PASS,PASS,PASS,PASS,PASS,indianheritage-store.myshopify.com,IN / INR,meta.json: Uttar Pradesh,2/2 found,1/1 found,instagram.com/heritage_india,source meta_json,meta:200 home:200 contact:404 info:200 privacy:200,,,
247,nangaliaruchira.com,PASS,PASS,PASS,PASS,PASS,PASS,PASS,nruchira.myshopify.com,IN / INR,meta.json: Rajasthan,1/1 found,1/1 found,instagram.com/nangaliaruchira,source meta_json,meta:200 home:200 contact:200 info:200 privacy:200,,,
248,neurogumindia.com,PASS,PASS,PASS,PASS,PASS,PASS,PASS,neurogum-india.myshopify.com,IN / INR,meta.json: Haryana,1/1 found,1/1 found,instagram.com/neurogumindia,source meta_json,meta:200 home:200 contact:200 info:blocked by robots.txt privacy:blocked by robots.txt,,,
249,nutristar.in,PASS,PASS,PASS,PASS,PASS,PASS,PASS,7e2377-6b.myshopify.com,IN / INR,meta.json: Delhi,1/1 found,2/2 found,instagram.com/nutristar,source meta_json,meta:200 home:200 contact:200 info:blocked by robots.txt privacy:blocked by robots.txt,,,
250,ottostore.com,PASS,PASS,PASS,PASS,PASS,PASS,PASS,ministerwhite.myshopify.com,IN / INR,meta.json: Tamil Nadu,1/1 found,1/1 found,instagram.com/ottoclothingofficial,source meta_json,meta:200 home:200 contact:404 info:200 privacy:200,,,
251,pairietales.com,PASS,PASS,PASS,PASS,PASS,PASS,PASS,pair-ie-tales.myshopify.com,IN / INR,meta.json: Haryana,4/4 found,2/2 found,instagram.com/pairietales,source meta_json,meta:200 home:200 contact:200 info:200 privacy:200,,,
252,tresmode.com,PASS,PASS,PASS,PASS,PASS,PASS,PASS,tresmode1.myshopify.com,IN / INR,meta.json: Maharashtra,1/1 found,1/1 found,instagram.com/tresmode,source meta_json,meta:200 home:200 contact:404 info:blocked by robots.txt privacy:blocked by robots.txt,,,
253,amama.in,PASS,PASS,PASS,PASS,PASS,PASS,PASS,ammamma.myshopify.com,IN / INR,meta.json: Uttar Pradesh,1/1 found,1/1 found,instagram.com/amamajewels,source meta_json,meta:200 home:200 contact:404 info:200 privacy:200,,,
254,assemblytravel.com,PASS,PASS,PASS,PASS,PASS,PASS,PASS,theassemblyworkshop.myshopify.com,IN / INR,meta.json: Haryana,1/1 found,3/3 found,instagram.com/assembly.travel,source meta_json,meta:200 home:200 contact:404 info:200 privacy:200,,,
255,boxupgifting.com,PASS,PASS,PASS,PASS,PASS,PASS,PASS,boxupgifting.myshopify.com,IN / INR,meta.json: Karnataka,3/3 found,2/2 found,instagram.com/boxup_luxury_gifting,source meta_json,meta:200 home:200 contact:200 info:200 privacy:200,,,
256,emori.in,PASS,PASS,PASS,PASS,PASS,PASS,PASS,emorionline.myshopify.com,IN / INR,meta.json: Haryana,2/2 found,3/3 found,instagram.com/emori.in,source meta_json,meta:200 home:200 contact:200 info:404 privacy:200,,,
257,fyva.in,PASS,PASS,PASS,PASS,PASS,PASS,PASS,197cc9-2.myshopify.com,IN / INR,meta.json: Karnataka,1/1 found,1/1 found,instagram.com/fyva_in,source meta_json,meta:200 home:200 contact:404 info:200 privacy:200,,,
258,mohsintextiles.com,PASS,PASS,PASS,PASS,PASS,PASS,PASS,mohsintextiles.myshopify.com,IN / INR,meta.json: Uttar Pradesh,1/1 found,2/2 found,instagram.com/mohsin_textile,source meta_json,meta:200 home:200 contact:404 info:200 privacy:200,,,
259,selectedhomme.in,PASS,PASS,PASS,PASS,PASS,PASS,PASS,selected-homme.myshopify.com,IN / INR,meta.json: Maharashtra,1/1 found,1/1 found,instagram.com/selectedindia,source meta_json,meta:200 home:200 contact:200 info:blocked by robots.txt privacy:blocked by robots.txt,,,
260,thegooddoll.in,PASS,PASS,PASS,PASS,PASS,PASS,PASS,theshopgoodgift.myshopify.com,IN / INR,meta.json: Tamil Nadu,2/2 found,2/2 found,instagram.com/the.good.doll,source meta_json,meta:200 home:200 contact:200 info:200 privacy:200,,,
261,voylla.com,PASS,PASS,PASS,PASS,PASS,PASS,PASS,thelabellife-voylla.myshopify.com,IN / INR,meta.json: Rajasthan,2/2 found,2/2 found,instagram.com/voylla,source meta_json,meta:200 home:200 contact:200 info:200 privacy:200,,,
262,faithandpatience.co.in,PASS,PASS,PASS,PASS,PASS,PASS,PASS,fpbadhalia.myshopify.com,IN / INR,meta.json: Rajasthan,1/1 found,2/2 found,instagram.com/meeoow_club,source meta_json,meta:200 home:200 contact:404 info:404 privacy:200,,,
263,houseofbeautyindia.com,PASS,PASS,PASS,PASS,PASS,PASS,PASS,houseofbeautyindia.myshopify.com,IN / INR,meta.json: Haryana,2/2 found,3/3 found,instagram.com/houseofbeautyindia,source meta_json,meta:200 home:200 contact:200 info:200 privacy:200,,,
264,napchief.com,PASS,PASS,PASS,PASS,PASS,PASS,PASS,nap-chief.myshopify.com,IN / INR,meta.json: Tamil Nadu,2/2 found,1/1 found,instagram.com/napchief_official,source meta_json,meta:200 home:200 contact:404 info:404 privacy:200,,,
265,only.in,PASS,PASS,PASS,PASS,PASS,PASS,PASS,only-ind.myshopify.com,IN / INR,meta.json: Maharashtra,1/1 found,3/3 found,instagram.com/onlyindia,source meta_json,meta:200 home:200 contact:200 info:blocked by robots.txt privacy:blocked by robots.txt,,,
266,pixies.in,PASS,PASS,PASS,PASS,PASS,PASS,PASS,wkgjxb-zp.myshopify.com,IN / INR,meta.json: Tamil Nadu,1/1 found,3/3 found,instagram.com/pixiesbeautyshop,source meta_json,meta:200 home:200 contact:200 info:200 privacy:200,,,
267,sweetkaramcoffee.in,PASS,PASS,PASS,PASS,PASS,PASS,PASS,sweet-karam-coffeee.myshopify.com,IN / INR,meta.json: Tamil Nadu,2/2 found,1/1 found,instagram.com/sweetkaramcoffee_india,source meta_json,meta:200 home:200 contact:404 info:200 privacy:200,,,
268,vegaauto.com,PASS,PASS,PASS,PASS,PASS,PASS,PASS,2qpmbj-1v.myshopify.com,IN / INR,meta.json: Karnataka,2/2 found,1/1 found,instagram.com/vegahelmets,source about_paragraph,meta:200 home:200 contact:200 info:404 privacy:200,,,
269,chidiyaa.com,PASS,PASS,PASS,PASS,PASS,PASS,PASS,chidiyaa1.myshopify.com,IN / INR,meta.json: Maharashtra,1/1 found,1/1 found,instagram.com/chidiyaaonline,source meta_json,meta:200 home:200 contact:200 info:200 privacy:200,,,
270,thenaturalwash.com,PASS,PASS,PASS,PASS,PASS,PASS,PASS,the-natural-wash.myshopify.com,IN / INR,meta.json: Delhi,3/3 found,2/2 found,instagram.com/thenaturalwash,source meta_json,meta:200 home:200 contact:200 info:404 privacy:200,,,
271,thomasscott.in,PASS,PASS,PASS,PASS,PASS,PASS,PASS,thomasscott-store.myshopify.com,IN / INR,meta.json: Maharashtra,1/1 found,1/1 found,instagram.com/thomasscott.in,source meta_json,meta:200 home:200 contact:404 info:200 privacy:200,,,
272,etiquetteapparel.com,PASS,PASS,PASS,PASS,PASS,PASS,PASS,etiquette-apparel-com.myshopify.com,IN / INR,meta.json: Madhya Pradesh,2/2 found,2/2 found,instagram.com/etiquetteapparel,source meta_json,meta:200 home:200 contact:200 info:200 privacy:200,,,
273,killerjeans.com,PASS,PASS,PASS,PASS,PASS,PASS,PASS,killerjeansstore.myshopify.com,IN / INR,meta.json: Maharashtra,1/1 found,3/3 found,instagram.com/killerjeansofficial,source meta_json,meta:200 home:200 contact:200 info:404 privacy:200,,,
274,krishnapearls.com,PASS,PASS,PASS,PASS,PASS,PASS,PASS,krishna-pearls-bc2024.myshopify.com,IN / INR,meta.json: Telangana,4/4 found,1/1 found,instagram.com/krishna.pearls.hyderabad,source meta_json,meta:200 home:200 contact:200 info:200 privacy:200,,,
275,sassafras.in,PASS,PASS,PASS,PASS,PASS,PASS,PASS,sassafras-fashion.myshopify.com,IN / INR,meta.json: Haryana,2/2 found,1/1 found,instagram.com/sassafrasindia,source meta_json,meta:200 home:200 contact:200 info:200 privacy:200,,,
276,aykaa.in,PASS,PASS,PASS,PASS,PASS,PASS,PASS,aykaastore.myshopify.com,IN / INR,meta.json: Rajasthan,1/1 found,2/2 found,instagram.com/aykaa_jpr,source meta_description,meta:200 home:200 contact:200 info:200 privacy:200,,,
277,diademstore.com,PASS,PASS,PASS,PASS,PASS,PASS,PASS,shop-diadem.myshopify.com,IN / INR,meta.json: Tamil Nadu,1/1 found,1/1 found,instagram.com/diademstore.in,source meta_json,meta:200 home:200 contact:200 info:200 privacy:200,,,
278,forever52.in,PASS,PASS,PASS,PASS,PASS,PASS,PASS,dailylifeforever52.myshopify.com,IN / INR,meta.json: Punjab,1/1 found,1/1 found,instagram.com/forever52india,source meta_json,meta:200 home:200 contact:404 info:blocked by robots.txt privacy:blocked by robots.txt,,,
279,kavyastyleplus.com,PASS,PASS,PASS,PASS,PASS,PASS,PASS,969543-2.myshopify.com,IN / INR,meta.json: Gujarat,1/1 found,3/3 found,instagram.com/kspwholesale,source meta_json,meta:200 home:200 contact:200 info:200 privacy:200,,,
280,mybageecha.com,PASS,PASS,PASS,PASS,PASS,PASS,PASS,mybagicha.myshopify.com,IN / INR,meta.json: Gujarat,1/1 found,1/1 found,instagram.com/mybageecha,source meta_json,meta:200 home:200 contact:200 info:blocked by robots.txt privacy:blocked by robots.txt,,,
281,myhealinghands.in,PASS,PASS,PASS,PASS,PASS,PASS,PASS,myhealinghands.myshopify.com,IN / INR,meta.json: Maharashtra,3/3 found,2/2 found,instagram.com/myhealinghands.in,source meta_json,meta:200 home:200 contact:200 info:200 privacy:200,,,
282,offlimits.co.in,PASS,PASS,PASS,PASS,PASS,PASS,PASS,offlimits-gh.myshopify.com,IN / INR,meta.json: Haryana,1/1 found,1/1 found,instagram.com/offlimits_tribe,source meta_json,meta:200 home:200 contact:200 info:blocked by robots.txt privacy:blocked by robots.txt,,,
283,zarkan.co,PASS,PASS,PASS,PASS,PASS,PASS,PASS,zarkanstore.myshopify.com,IN / INR,meta.json: Delhi,1/1 found,2/2 found,instagram.com/zarkan.co,source about_meta_description,meta:200 home:200 contact:200 info:200 privacy:200,,,
284,zeroharm.in,PASS,PASS,PASS,PASS,PASS,PASS,PASS,zero-harm.myshopify.com,IN / INR,meta.json: Telangana,1/1 found,1/1 found,instagram.com/zeroharm_sciences,source meta_json,meta:200 home:200 contact:200 info:blocked by robots.txt privacy:blocked by robots.txt,,,
285,consciouschemist.com,PASS,PASS,PASS,PASS,PASS,PASS,PASS,conscious-chemist.myshopify.com,IN / INR,meta.json: Haryana,1/1 found,1/1 found,instagram.com/consciouschemistindia,source meta_json,meta:200 home:200 contact:404 info:200 privacy:200,,,
287,farmdidi.com,PASS,PASS,PASS,PASS,PASS,PASS,PASS,farmdidi-mystore-com.myshopify.com,IN / INR,meta.json: Maharashtra,3/3 found,2/2 found,instagram.com/farmdidi,source meta_json,meta:200 home:200 contact:200 info:blocked by robots.txt privacy:blocked by robots.txt,,,
288,galioindia.com,PASS,PASS,PASS,PASS,PASS,PASS,PASS,cd0230-cb.myshopify.com,IN / INR,meta.json: Haryana,1/1 found,1/1 found,instagram.com/galioautomotive,source meta_json,meta:200 home:200 contact:200 info:429 privacy:200,,,
289,mirabellecosmetics.in,PASS,PASS,PASS,PASS,PASS,PASS,PASS,mirabelle1.myshopify.com,IN / INR,meta.json: Tamil Nadu,3/3 found,1/1 found,instagram.com/mirabellekorea,source meta_json,meta:200 home:200 contact:200 info:429 privacy:200,,,
290,rajnigandha.com,PASS,PASS,PASS,PASS,PASS,PASS,PASS,rajnigandhain.myshopify.com,IN / INR,meta.json: Uttar Pradesh,3/3 found,3/3 found,instagram.com/rajnigandha_pm,source meta_json,meta:200 home:200 contact:200 info:blocked by robots.txt privacy:blocked by robots.txt,,,
292,beinghumanclothing.com,PASS,PASS,PASS,PASS,PASS,PASS,PASS,beinghuman-clothing.myshopify.com,IN / INR,meta.json: Maharashtra,2/2 found,1/1 found,instagram.com/beinghumanclothing,source meta_json,meta:200 home:200 contact:200 info:200 privacy:200,,,
293,jvlclassicware.com,PASS,PASS,PASS,PASS,PASS,PASS,PASS,v2hcxf-0a.myshopify.com,IN / INR,meta.json: Tamil Nadu,3/3 found,2/2 found,instagram.com/jvlclassicwarellp,source meta_json,meta:200 home:429 contact:200 info:404 privacy:200,,,
297,zebronics.com,PASS,PASS,PASS,PASS,PASS,PASS,PASS,zebronics-india.myshopify.com,IN / INR,meta.json: Tamil Nadu,2/2 found,2/2 found,instagram.com/zebronics,source meta_json,meta:200 home:200 contact:404 info:404 privacy:200,,,
298,myratna.com,PASS,PASS,PASS,PASS,PASS,PASS,PASS,un834j-a2.myshopify.com,IN / INR,meta.json: Rajasthan,1/1 found,1/1 found,instagram.com/myratnaindia,source meta_json,meta:200 home:200 contact:200 info:blocked by robots.txt privacy:blocked by robots.txt,,,
299,baidyanath.com,PASS,PASS,PASS,PASS,PASS,PASS,PASS,220cea.myshopify.com,IN / INR,meta.json: West Bengal,1/1 found,2/2 found,instagram.com/baidyanath_100yrsofcaring,source meta_json,meta:200 home:200 contact:200 info:200 privacy:200,,,
300,glam21.in,PASS,PASS,PASS,PASS,PASS,PASS,PASS,glam21-di.myshopify.com,IN / INR,meta.json: Delhi,3/3 found,1/1 found,instagram.com/glam21cosmetic,source meta_json,meta:200 home:200 contact:200 info:200 privacy:200,,,
301,myalmari.in,PASS,PASS,PASS,PASS,PASS,PASS,PASS,my-almari-india.myshopify.com,IN / INR,meta.json: Maharashtra,1/1 found,2/2 found,instagram.com/myalmari_,source meta_json,meta:200 home:200 contact:200 info:200 privacy:200,,,
302,neerus.com,PASS,PASS,PASS,PASS,PASS,PASS,PASS,neerus-india.myshopify.com,IN / INR,meta.json: Telangana,1/1 found,1/1 found,instagram.com/neerusindia,source meta_json,meta:200 home:200 contact:404 info:200 privacy:200,,,
303,organictattva.com,PASS,PASS,PASS,PASS,PASS,PASS,PASS,otdemo.myshopify.com,IN / INR,meta.json: Uttar Pradesh,3/3 found,1/1 found,instagram.com/organictattva,source meta_json,meta:200 home:200 contact:200 info:200 privacy:200,,,
304,vaidban.com,PASS,PASS,PASS,PASS,PASS,PASS,PASS,vaidbanayurvedbhawan.myshopify.com,IN / INR,meta.json: Chandigarh,2/2 found,3/3 found,instagram.com/subhashgoyalhealthshow,source meta_json,meta:200 home:200 contact:200 info:200 privacy:200,,,
305,talktocrystals.com,PASS,PASS,PASS,PASS,PASS,PASS,PASS,talk-to-crystals.myshopify.com,IN / INR,meta.json: Haryana,1/1 found,1/1 found,instagram.com/talktocrystals,source meta_json,meta:200 home:200 contact:404 info:404 privacy:200,,,
306,babyorgano.com,PASS,PASS,PASS,PASS,PASS,PASS,PASS,babyorgano1102.myshopify.com,IN / INR,meta.json: Gujarat,2/2 found,2/2 found,instagram.com/babyorgano,source meta_json,meta:200 home:200 contact:200 info:200 privacy:200,,,
307,clapstoretoys.com,PASS,PASS,PASS,PASS,PASS,PASS,PASS,619f4a-2.myshopify.com,IN / INR,meta.json: Maharashtra,1/1 found,2/2 found,instagram.com/clapstoretoysofficial,source meta_json,meta:200 home:200 contact:200 info:200 privacy:200,,,
308,elegantautoretail.com,PASS,PASS,PASS,PASS,PASS,PASS,PASS,elegant-auto-retail.myshopify.com,IN / INR,meta.json: Uttar Pradesh,1/1 found,1/1 found,instagram.com/elegant_auto,source meta_json,meta:200 home:200 contact:404 info:blocked by robots.txt privacy:blocked by robots.txt,,,
309,glamzei.com,PASS,PASS,PASS,PASS,PASS,PASS,PASS,glamzei.myshopify.com,IN / INR,meta.json: Gujarat,1/1 found,1/1 found,instagram.com/glamzei,source meta_json,meta:200 home:200 contact:200 info:404 privacy:200,,,
310,neofaa.com,PASS,PASS,PASS,PASS,PASS,PASS,PASS,neofaa-com.myshopify.com,IN / INR,meta.json: Gujarat,1/1 found,1/1 found,instagram.com/neofaaofficial,source meta_json,meta:200 home:200 contact:200 info:404 privacy:200,,,
311,tucokids.com,PASS,PASS,PASS,PASS,PASS,PASS,PASS,greenspecialities.myshopify.com,IN / INR,meta.json: Karnataka,1/1 found,1/1 found,instagram.com/tuco__kids,source meta_json,meta:200 home:200 contact:200 info:blocked by robots.txt privacy:blocked by robots.txt,,,
312,azga.in,PASS,PASS,PASS,PASS,PASS,PASS,PASS,azga.myshopify.com,IN / INR,meta.json: Rajasthan,2/2 found,1/1 found,instagram.com/azgaofficial,source meta_json,meta:200 home:200 contact:404 info:429 privacy:200,,,
313,theartment.com,PASS,PASS,PASS,PASS,PASS,PASS,PASS,decorstorein.myshopify.com,IN / INR,meta.json: Delhi,1/1 found,1/1 found,instagram.com/theartment,source meta_json,meta:200 home:200 contact:404 info:429 privacy:200,,,
314,managramasethu.in,PASS,PASS,PASS,PASS,PASS,PASS,PASS,mana-grama-sethu.myshopify.com,IN / INR,meta.json: Andhra Pradesh,2/2 found,1/1 found,instagram.com/managramasethu,source meta_json,meta:200 home:200 contact:200 info:404 privacy:200,,,
318,rusticart.in,PASS,PASS,PASS,PASS,PASS,PASS,PASS,rusticartstore.myshopify.com,IN / INR,meta.json: Maharashtra,1/1 found,2/2 found,instagram.com/rusticart,source meta_json,meta:200 home:429 contact:200 info:200 privacy:200,,,
320,thriveco.in,PASS,PASS,PASS,PASS,PASS,PASS,PASS,thriveco-in.myshopify.com,IN / INR,meta.json: Haryana,1/1 found,1/1 found,instagram.com/thrivecotalks,source meta_json,meta:200 home:429 contact:404 info:200 privacy:200,,,
322,chicnutrix.com,PASS,PASS,PASS,PASS,PASS,PASS,PASS,chicnutrix-in.myshopify.com,IN / INR,meta.json: Maharashtra,1/1 found,1/1 found,instagram.com/chicnutrix,source meta_json,meta:200 home:200 contact:200 info:200 privacy:200,,,
323,hausandkinder.com,PASS,PASS,PASS,PASS,PASS,PASS,PASS,haus-kinder.myshopify.com,IN / INR,meta.json: Maharashtra,1/1 found,1/1 found,instagram.com/hausandkinder,source meta_json,meta:200 home:200 contact:200 info:200 privacy:200,,,
324,khadinatural.com,PASS,PASS,PASS,PASS,PASS,PASS,PASS,shop-khadi-naturals.myshopify.com,IN / INR,meta.json: Haryana,1/1 found,1/1 found,instagram.com/khadinatural,source meta_json,meta:200 home:200 contact:200 info:200 privacy:200,,,
325,maishalifestyle.com,PASS,PASS,PASS,PASS,PASS,PASS,PASS,maishalifestyle.myshopify.com,IN / INR,meta.json: Gujarat,1/1 found,2/2 found,instagram.com/maishabyesha,source meta_json,meta:200 home:200 contact:404 info:200 privacy:200,,,
326,nurepublic.co,PASS,PASS,PASS,PASS,PASS,PASS,PASS,04821a.myshopify.com,IN / INR,meta.json: Delhi,1/1 found,1/1 found,instagram.com/nu.republic,source meta_json,meta:200 home:200 contact:200 info:200 privacy:200,,,
327,yesbabu.in,PASS,PASS,PASS,PASS,PASS,PASS,PASS,yesbabu-7624.myshopify.com,IN / INR,meta.json: West Bengal,1/1 found,2/2 found,instagram.com/yesbabu.sweetu,source meta_json,meta:200 home:200 contact:200 info:200 privacy:200,,,
328,thedesigncart.com,PASS,PASS,PASS,PASS,PASS,PASS,PASS,fusionbeads.myshopify.com,IN / INR,meta.json: Delhi,1/1 found,1/1 found,instagram.com/thedesigncart,source meta_json,meta:200 home:200 contact:404 info:blocked by robots.txt privacy:blocked by robots.txt,,,
329,utkarshagro.com,PASS,PASS,PASS,PASS,PASS,PASS,PASS,utkarsh-agrochem-pvt-ltd.myshopify.com,IN / INR,meta.json: Gujarat,1/1 found,3/3 found,instagram.com/utkarshagrochem,source meta_json,meta:200 home:200 contact:200 info:200 privacy:200,,,
330,zeelretail.com,PASS,PASS,PASS,PASS,PASS,PASS,PASS,zeelretails.myshopify.com,IN / INR,meta.json: Maharashtra,2/2 found,3/3 found,instagram.com/zeelclimateclothing,source meta_json,meta:200 home:200 contact:200 info:200 privacy:200,,,
331,earthrhythm.com,PASS,PASS,PASS,PASS,PASS,PASS,PASS,earth-rhythm-v1.myshopify.com,IN / INR,meta.json: Haryana,2/2 found,2/2 found,instagram.com/theearthrhythm,source meta_json,meta:200 home:200 contact:200 info:200 privacy:200,,,
332,intex.in,PASS,PASS,PASS,PASS,PASS,PASS,PASS,intextechnologies.myshopify.com,IN / INR,meta.json: Delhi,2/2 found,3/3 found,instagram.com/intextechnologies,source meta_json,meta:200 home:200 contact:200 info:404 privacy:200,,,
333,shop4shops.in,PASS,PASS,PASS,PASS,PASS,PASS,PASS,shop4shops-webzplot.myshopify.com,IN / INR,meta.json: Tamil Nadu,1/1 found,3/3 found,instagram.com/shop4shops.in,source meta_json,meta:200 home:200 contact:200 info:blocked by robots.txt privacy:blocked by robots.txt,,,
334,troovyfoods.com,PASS,PASS,PASS,PASS,PASS,PASS,PASS,troovy-1170.myshopify.com,IN / INR,meta.json: Haryana,5/5 found,3/3 found,instagram.com/troovyfoods,source meta_json,meta:200 home:200 contact:200 info:200 privacy:200,,,
335,divinehindu.in,PASS,PASS,PASS,PASS,PASS,PASS,PASS,6ce139.myshopify.com,IN / INR,meta.json: Haryana,4/4 found,3/3 found,instagram.com/divinehindu.in,source meta_json,meta:200 home:200 contact:200 info:200 privacy:200,,,
336,leefordortho.in,PASS,PASS,PASS,PASS,PASS,PASS,PASS,hjyp94-yk.myshopify.com,IN / INR,meta.json: Punjab,1/1 found,1/1 found,instagram.com/leefordortho,source meta_json,meta:200 home:200 contact:404 info:blocked by robots.txt privacy:blocked by robots.txt,,,
337,mysleepyhead.com,PASS,PASS,PASS,PASS,PASS,PASS,PASS,sleepyhead-prod.myshopify.com,IN / INR,meta.json: Karnataka,2/2 found,2/2 found,instagram.com/sleepyheadhq,source meta_json,meta:200 home:200 contact:200 info:blocked by robots.txt privacy:blocked by robots.txt,,,
339,waidon.com,PASS,PASS,PASS,PASS,PASS,PASS,PASS,adonhaircare.myshopify.com,IN / INR,meta.json: Maharashtra,2/2 found,1/1 found,instagram.com/waidonofficial,source meta_json,meta:200 home:200 contact:200 info:200 privacy:200,,,
340,baybee.co.in,PASS,PASS,PASS,PASS,PASS,PASS,PASS,baybee-kids.myshopify.com,IN / INR,meta.json: Tamil Nadu,4/4 found,2/2 found,instagram.com/baybee.india,source meta_json,meta:200 home:200 contact:200 info:200 privacy:200,,,
341,gro.club,PASS,PASS,PASS,PASS,PASS,PASS,PASS,groclub.myshopify.com,IN / INR,meta.json: Karnataka,1/1 found,1/1 found,instagram.com/mygroclub,source meta_json,meta:200 home:200 contact:200 info:200 privacy:200,,,
342,thrillerrr.in,PASS,PASS,PASS,PASS,PASS,PASS,PASS,thrillerrr.myshopify.com,IN / INR,meta.json: Delhi,1/1 found,2/2 found,instagram.com/thrillerrr.in,source meta_json,meta:200 home:200 contact:200 info:404 privacy:200,,,
343,gkpublications.com,PASS,PASS,PASS,PASS,PASS,PASS,PASS,gkpublications.myshopify.com,IN / INR,meta.json: Delhi,2/2 found,1/1 found,instagram.com/gkponline,source meta_json,meta:200 home:200 contact:200 info:200 privacy:200,,,
344,amrutam.co.in,PASS,PASS,PASS,PASS,PASS,PASS,PASS,amrutam3.myshopify.com,IN / INR,meta.json: Madhya Pradesh,1/1 found,1/1 found,instagram.com/amrutamofficial,source meta_json,meta:200 home:200 contact:404 info:200 privacy:200,,,
345,steadfastnutrition.in,PASS,PASS,PASS,PASS,PASS,PASS,PASS,steadfastnutrition.myshopify.com,IN / INR,meta.json: Uttar Pradesh,1/1 found,1/1 found,instagram.com/steadfastnutrition,source meta_json,meta:200 home:200 contact:404 info:200 privacy:200,,,
346,atlanticbooks.com,PASS,PASS,PASS,PASS,PASS,PASS,PASS,wcenvi-rh.myshopify.com,IN / INR,meta.json: Delhi,3/3 found,3/3 found,instagram.com/atlanticbookworld,source meta_json,meta:200 home:200 contact:200 info:200 privacy:200,,,
347,pokonut.com,PASS,PASS,PASS,PASS,PASS,PASS,PASS,pokonut.myshopify.com,IN / INR,meta.json: Karnataka,4/4 found,2/2 found,instagram.com/pokonutindia,source meta_json,meta:200 home:200 contact:200 info:200 privacy:200,,,
348,lavosperformance.com,PASS,PASS,PASS,PASS,PASS,PASS,PASS,lavos-performance.myshopify.com,IN / INR,meta.json: Tamil Nadu,2/2 found,1/1 found,instagram.com/lavosindia,source meta_json,meta:200 home:200 contact:404 info:200 privacy:200,,,
349,aromamagic.com,PASS,PASS,PASS,PASS,PASS,PASS,PASS,elemental-retail.myshopify.com,IN / INR,meta.json: Delhi,1/1 found,1/1 found,instagram.com/aromamagicindia,source meta_json,meta:200 home:200 contact:404 info:200 privacy:200,,,
350,ananthamsilks.com,PASS,PASS,PASS,PASS,PASS,PASS,PASS,anantham-silks-store.myshopify.com,IN / INR,meta.json: Tamil Nadu,1/1 found,3/3 found,instagram.com/ananthamsilks,source meta_json,meta:200 home:200 contact:200 info:200 privacy:200,,,
351,artzolo.com,PASS,PASS,PASS,PASS,PASS,PASS,PASS,artzolo-india.myshopify.com,IN / INR,meta.json: Maharashtra,2/2 found,1/1 found,instagram.com/artzolo,source meta_json,meta:200 home:200 contact:200 info:200 privacy:200,,,
352,aseemshakti.com,PASS,PASS,PASS,PASS,PASS,PASS,PASS,aseem-shakti.myshopify.com,IN / INR,meta.json: Maharashtra,2/2 found,2/2 found,instagram.com/aseembyaseemshakti,source meta_json,meta:200 home:200 contact:200 info:200 privacy:200,,,
353,banarassilks.com,PASS,PASS,PASS,PASS,PASS,PASS,PASS,banarassilksarees.myshopify.com,IN / INR,meta.json: Uttar Pradesh,1/1 found,2/2 found,instagram.com/banarassilksarees,source meta_json,meta:200 home:200 contact:200 info:200 privacy:200,,,
354,cuneiindia.com,PASS,PASS,PASS,PASS,PASS,PASS,PASS,cunei.myshopify.com,IN / INR,meta.json: Maharashtra,1/1 found,1/1 found,instagram.com/cunei.india,source meta_json,meta:200 home:200 contact:200 info:blocked by robots.txt privacy:blocked by robots.txt,,,
355,goenkajewellers.com,PASS,PASS,PASS,PASS,PASS,PASS,PASS,goenkajewellers.myshopify.com,IN / INR,meta.json: West Bengal,2/2 found,2/2 found,instagram.com/goenkajewellers,source meta_json,meta:200 home:200 contact:200 info:404 privacy:200,,,
356,goonjasa.in,PASS,PASS,PASS,PASS,PASS,PASS,PASS,nvhr8a-ts.myshopify.com,IN / INR,meta.json: Gujarat,3/3 found,2/2 found,instagram.com/goonjasa,source meta_json,meta:200 home:200 contact:404 info:200 privacy:200,,,
357,regalshoes.in,PASS,PASS,PASS,PASS,PASS,PASS,PASS,regalshoes-ecom.myshopify.com,IN / INR,meta.json: Maharashtra,1/1 found,1/1 found,instagram.com/regalshoes.in,source meta_json,meta:200 home:200 contact:200 info:blocked by robots.txt privacy:blocked by robots.txt,,,
358,glamgait.in,PASS,PASS,PASS,PASS,PASS,PASS,PASS,m2tw81-1s.myshopify.com,IN / INR,meta.json: Gujarat,1/1 found,1/1 found,instagram.com/glamgait_india,source meta_json,meta:200 home:200 contact:404 info:200 privacy:200,,,
359,hugaplant.com,PASS,PASS,PASS,PASS,PASS,PASS,PASS,ehugaplant.myshopify.com,IN / INR,meta.json: Kerala,2/2 found,2/2 found,instagram.com/hug_a_plant,source meta_json,meta:200 home:200 contact:200 info:200 privacy:200,,,
360,hyara.in,PASS,PASS,PASS,PASS,PASS,PASS,PASS,hyara-in.myshopify.com,IN / INR,meta.json: Tamil Nadu,4/4 found,2/2 found,instagram.com/hyara.in,source meta_json,meta:200 home:200 contact:404 info:200 privacy:200,,,
361,11cart.com,PASS,PASS,PASS,PASS,PASS,PASS,PASS,passsawa.myshopify.com,IN / INR,meta.json: Gujarat,1/1 found,2/2 found,instagram.com/11_cart,source meta_json,meta:200 home:200 contact:404 info:404 privacy:200,,,
362,ddassstore.com,PASS,PASS,PASS,PASS,PASS,PASS,PASS,ddassstore.myshopify.com,IN / INR,meta.json: Rajasthan,2/2 found,1/1 found,instagram.com/ddassstore,source meta_json,meta:200 home:200 contact:200 info:200 privacy:200,,,
363,hayatslucknowi.com,PASS,PASS,PASS,PASS,PASS,PASS,PASS,b91b13.myshopify.com,IN / INR,meta.json: Rajasthan,1/1 found,1/1 found,instagram.com/hayatslucknowi,source meta_json,meta:200 home:200 contact:200 info:200 privacy:200,,,
364,gemsroot.com,PASS,PASS,PASS,PASS,PASS,PASS,PASS,gemsroot-5969.myshopify.com,IN / INR,meta.json: Haryana,1/1 found,2/2 found,instagram.com/gemsroot_official,source meta_json,meta:200 home:200 contact:404 info:200 privacy:200,,,
365,veeba.in,PASS,PASS,PASS,PASS,PASS,PASS,PASS,veeba-sauces.myshopify.com,IN / INR,meta.json: Haryana,3/3 found,1/1 found,instagram.com/veeba_in,source meta_json,meta:200 home:200 contact:200 info:404 privacy:200,,,
366,abanahomes.com,PASS,PASS,PASS,PASS,PASS,PASS,PASS,j4bwzp-7c.myshopify.com,IN / INR,meta.json: Uttar Pradesh,3/3 found,2/2 found,instagram.com/abanahomesindia,source meta_json,meta:200 home:200 contact:200 info:200 privacy:200,,,
367,alayabystage3.com,PASS,PASS,PASS,PASS,PASS,PASS,PASS,alayathelabel.myshopify.com,IN / INR,meta.json: Haryana,2/2 found,1/1 found,instagram.com/alayabystage3,source meta_json,meta:200 home:200 contact:404 info:200 privacy:200,,,
368,amounee.com,PASS,PASS,PASS,PASS,PASS,PASS,PASS,amounee-store.myshopify.com,IN / INR,meta.json: Gujarat,2/2 found,1/1 found,instagram.com/_amounee_,source meta_json,meta:200 home:200 contact:200 info:200 privacy:200,,,
369,herbalmax.in,PASS,PASS,PASS,PASS,PASS,PASS,PASS,herbalstoreshop.myshopify.com,IN / INR,meta.json: Haryana,1/1 found,2/2 found,instagram.com/herbalmax_india,source meta_json,meta:200 home:200 contact:200 info:200 privacy:200,,,
370,ascfashionstore.com,PASS,PASS,PASS,PASS,PASS,PASS,PASS,shifascollections.myshopify.com,IN / INR,meta.json: Maharashtra,1/1 found,1/1 found,instagram.com/ascfashionstore,source about_meta_description,meta:200 home:200 contact:200 info:200 privacy:200,,,
371,drityajewelry.com,PASS,PASS,PASS,PASS,PASS,PASS,PASS,eba6fc-b0.myshopify.com,IN / INR,meta.json: Andhra Pradesh,5/5 found,2/2 found,instagram.com/drityajewelry,source meta_json,meta:200 home:200 contact:200 info:200 privacy:200,,,
372,iconicindia.com,PASS,PASS,PASS,PASS,PASS,PASS,PASS,iconic-india.myshopify.com,IN / INR,meta.json: Haryana,2/2 found,1/1 found,instagram.com/iconicfashionindia,source meta_json,meta:200 home:200 contact:200 info:404 privacy:404,,,
373,ajantashoes.com,PASS,PASS,PASS,PASS,PASS,PASS,PASS,3152f4-34.myshopify.com,IN / INR,meta.json: West Bengal,3/3 found,3/3 found,instagram.com/ajanta_footcare,source meta_json,meta:200 home:200 contact:200 info:404 privacy:200,,,
374,baaori.com,PASS,PASS,PASS,PASS,PASS,PASS,PASS,baaori.myshopify.com,IN / INR,meta.json: Rajasthan,2/2 found,1/1 found,instagram.com/baaoribazaar,source meta_json,meta:200 home:200 contact:200 info:200 privacy:200,,,
375,bindassbooks.in,PASS,PASS,PASS,PASS,PASS,PASS,PASS,e87d50-2.myshopify.com,IN / INR,meta.json: Delhi,1/1 found,3/3 found,instagram.com/bindassbooks,source meta_json,meta:200 home:200 contact:200 info:200 privacy:200,,,
376,deepayurveda.in,PASS,PASS,PASS,PASS,PASS,PASS,PASS,deep-ayurved.myshopify.com,IN / INR,meta.json: Punjab,1/1 found,2/2 found,instagram.com/deepayurvedaofficial,source meta_json,meta:200 home:200 contact:200 info:200 privacy:200,,,
377,embroiderymaterial.com,PASS,PASS,PASS,PASS,PASS,PASS,PASS,309632-c0.myshopify.com,IN / INR,meta.json: Uttar Pradesh,1/1 found,2/2 found,instagram.com/embroiderymaterial_official,source meta_json,meta:200 home:200 contact:200 info:blocked by robots.txt privacy:blocked by robots.txt,,,
378,gwayurvedic.com,PASS,PASS,PASS,PASS,PASS,PASS,PASS,68aab3-f6.myshopify.com,IN / INR,meta.json: West Bengal,1/1 found,1/1 found,instagram.com/gwayurvedic,source meta_json,meta:200 home:200 contact:200 info:404 privacy:200,,,
379,areoveda.in,PASS,PASS,PASS,PASS,PASS,PASS,PASS,1zz7rb-id.myshopify.com,IN / INR,meta.json: Tamil Nadu,1/1 found,1/1 found,instagram.com/areoveda,source meta_json,meta:200 home:200 contact:404 info:blocked by robots.txt privacy:blocked by robots.txt,,,
380,autoengina.com,PASS,PASS,PASS,PASS,PASS,PASS,PASS,auto-engina-pune.myshopify.com,IN / INR,meta.json: Maharashtra,1/1 found,1/1 found,instagram.com/autoengina,source meta_json,meta:200 home:200 contact:404 info:200 privacy:200,,,
382,haridarshan.com,PASS,PASS,PASS,PASS,PASS,PASS,PASS,haridarshanindia.myshopify.com,IN / INR,meta.json: Delhi,4/4 found,1/1 found,instagram.com/haridarshanindia,source meta_json,meta:200 home:200 contact:404 info:404 privacy:200,,,
384,discovaccessories.com,PASS,PASS,PASS,PASS,PASS,PASS,PASS,discovaccessories.myshopify.com,IN / INR,meta.json: West Bengal,1/1 found,1/1 found,instagram.com/shop.discov,source meta_json,meta:200 home:200 contact:200 info:200 privacy:200,,,
385,heliosindia.com,PASS,PASS,PASS,PASS,PASS,PASS,PASS,helios-india.myshopify.com,IN / INR,meta.json: Haryana,2/2 found,2/2 found,instagram.com/heliosindia,source meta_json,meta:200 home:200 contact:404 info:200 privacy:200,,,
386,bikeexperts.in,PASS,PASS,PASS,PASS,PASS,PASS,PASS,xau5in-wj.myshopify.com,IN / INR,meta.json: Puducherry,2/2 found,1/1 found,instagram.com/bikeexpertspondy,source meta_json,meta:200 home:200 contact:200 info:200 privacy:200,,,
387,bobogears.com,PASS,PASS,PASS,PASS,PASS,PASS,PASS,wgccgm-za.myshopify.com,IN / INR,meta.json: Karnataka,5/5 found,1/1 found,instagram.com/_bobogears,source meta_json,meta:200 home:200 contact:404 info:200 privacy:200,,,
388,charactr.in,PASS,PASS,PASS,PASS,PASS,PASS,PASS,8ee3d9-93.myshopify.com,IN / INR,meta.json: Maharashtra,2/2 found,1/1 found,instagram.com/charactr.co.in,source meta_json,meta:200 home:200 contact:200 info:200 privacy:200,,,
389,espanshe.com,PASS,PASS,PASS,PASS,PASS,PASS,PASS,espanshe-online.myshopify.com,IN / INR,meta.json: Kerala,1/1 found,2/2 found,instagram.com/espanshe_,source meta_json,meta:200 home:200 contact:200 info:200 privacy:200,,,
390,grandpitstop.com,PASS,PASS,PASS,PASS,PASS,PASS,PASS,grand-pit-stop.myshopify.com,IN / INR,meta.json: Rajasthan,2/2 found,2/2 found,instagram.com/grandpitstop,source meta_json,meta:200 home:200 contact:200 info:404 privacy:200,,,
391,carrypro.in,PASS,PASS,PASS,PASS,PASS,PASS,PASS,carrypro-shop.myshopify.com,IN / INR,meta.json: Uttar Pradesh,1/1 found,1/1 found,instagram.com/carrypro,source meta_json,meta:200 home:200 contact:200 info:200 privacy:200,,,
392,curatcart.com,PASS,PASS,PASS,PASS,PASS,PASS,PASS,78yx4h-uf.myshopify.com,IN / INR,meta.json: Maharashtra,1/1 found,1/1 found,instagram.com/curatcart,source meta_json,meta:200 home:200 contact:200 info:200 privacy:200,,,
393,aminu.life,PASS,PASS,PASS,PASS,PASS,PASS,PASS,aminu-life.myshopify.com,IN / INR,meta.json: Maharashtra,4/4 found,3/3 found,instagram.com/aminu.life,source meta_json,meta:200 home:200 contact:200 info:200 privacy:200,,,
394,aulilifestyle.com,PASS,PASS,PASS,PASS,PASS,PASS,PASS,aulilifestyle-com.myshopify.com,IN / INR,meta.json: West Bengal,1/1 found,2/2 found,instagram.com/auliglow,source meta_json,meta:200 home:200 contact:200 info:200 privacy:200,,,
395,buya1chips.com,PASS,PASS,PASS,PASS,PASS,PASS,PASS,buya1chips.myshopify.com,IN / INR,meta.json: Tamil Nadu,1/1 found,1/1 found,instagram.com/a1_chips,source meta_json,meta:200 home:200 contact:404 info:200 privacy:200,,,
396,dninesports.com,PASS,PASS,PASS,PASS,PASS,PASS,PASS,itabuv-75.myshopify.com,IN / INR,meta.json: Uttar Pradesh,2/2 found,2/2 found,instagram.com/dninesports,source meta_json,meta:200 home:200 contact:200 info:404 privacy:200,,,
397,gatim.in,PASS,PASS,PASS,PASS,PASS,PASS,PASS,gatim-1803.myshopify.com,IN / INR,meta.json: West Bengal,5/5 found,2/2 found,instagram.com/gatimfashion,source meta_json,meta:200 home:200 contact:200 info:200 privacy:200,,,
398,anmasa.com,PASS,PASS,PASS,PASS,PASS,PASS,PASS,anmasa-store.myshopify.com,IN / INR,meta.json: Haryana,2/2 found,1/1 found,instagram.com/anmasa.shop,source meta_json,meta:200 home:200 contact:200 info:200 privacy:200,,,
399,15chawalwala.com,PASS,PASS,PASS,PASS,PASS,PASS,PASS,d9fd37-ff.myshopify.com,IN / INR,meta.json: Delhi,2/2 found,1/1 found,instagram.com/15no.chawalwala,source meta_json,meta:200 home:200 contact:200 info:200 privacy:200,,,
400,ibdmaphouse.com,PASS,PASS,PASS,PASS,PASS,PASS,PASS,indian-book-depot-map-house.myshopify.com,IN / INR,meta.json: Delhi,1/1 found,2/2 found,instagram.com/indianbookdepot,source meta_json,meta:200 home:200 contact:404 info:404 privacy:200,,,
401,blocktobox.com,PASS,PASS,PASS,PASS,PASS,PASS,PASS,blocktobox.myshopify.com,IN / INR,meta.json: Tamil Nadu,1/1 found,1/1 found,instagram.com/blocktobox,source meta_json,meta:200 home:200 contact:200 info:200 privacy:200,,,
402,cbdstore.in,PASS,PASS,PASS,PASS,PASS,PASS,PASS,cbdindia.myshopify.com,IN / INR,meta.json: Maharashtra,3/3 found,3/3 found,instagram.com/cbdstoreindia,source meta_json,meta:200 home:200 contact:200 info:200 privacy:200,,,
403,helloedc.com,PASS,PASS,PASS,PASS,PASS,PASS,PASS,ed73de.myshopify.com,IN / INR,meta.json: Maharashtra,2/2 found,1/1 found,instagram.com/hello_edc,source meta_json,meta:200 home:200 contact:200 info:200 privacy:200,,,
404,homedekar.com,PASS,PASS,PASS,PASS,PASS,PASS,PASS,homedekar.myshopify.com,IN / INR,meta.json: Tamil Nadu,1/1 found,1/1 found,instagram.com/homedekar,source meta_json,meta:200 home:200 contact:404 info:200 privacy:200,,,
405,eourmart.com,PASS,PASS,PASS,PASS,PASS,PASS,PASS,eourmart-com.myshopify.com,IN / INR,meta.json: Delhi,2/2 found,3/3 found,instagram.com/eourmart,source meta_json,meta:200 home:200 contact:200 info:200 privacy:200,,,
406,saubhagyavati.in,PASS,PASS,PASS,PASS,PASS,PASS,PASS,saubhagyavati.myshopify.com,IN / INR,meta.json: Maharashtra,2/2 found,1/1 found,instagram.com/saubhagyavati.in,source meta_json,meta:200 home:200 contact:200 info:200 privacy:200,,,
407,bharatwholesales.in,PASS,PASS,PASS,PASS,PASS,PASS,PASS,bharat-wholesales.myshopify.com,IN / INR,meta.json: Delhi,1/1 found,2/2 found,instagram.com/bharatwholesales.in,source meta_json,meta:200 home:200 contact:404 info:200 privacy:200,,,
408,boxnube.in,PASS,PASS,PASS,PASS,PASS,PASS,PASS,85d058-14.myshopify.com,IN / INR,meta.json: Haryana,1/1 found,2/2 found,instagram.com/globalsourcinggurgaon,source about_meta_description,meta:200 home:200 contact:200 info:200 privacy:200,,,
409,pngjewellers.com,PASS,PASS,PASS,PASS,PASS,PASS,PASS,png-jewellers.myshopify.com,IN / INR,meta.json: Maharashtra,3/3 found,1/1 found,instagram.com/pngjewellers,source meta_json,meta:200 home:200 contact:200 info:200 privacy:200,,,
410,pothys.com,PASS,PASS,PASS,PASS,PASS,PASS,PASS,theshoppothys.myshopify.com,IN / INR,meta.json: Tamil Nadu,2/2 found,2/2 found,instagram.com/pothysofficial,source meta_json,meta:200 home:200 contact:200 info:200 privacy:200,,,
411,ssptex.com,PASS,PASS,PASS,PASS,PASS,PASS,PASS,b1ttac-6g.myshopify.com,IN / INR,meta.json: Tamil Nadu,4/4 found,3/3 found,instagram.com/sri_sakthi_pugazh_tex,source meta_json,meta:200 home:200 contact:200 info:200 privacy:200,,,
412,tigc.in,PASS,PASS,PASS,PASS,PASS,PASS,PASS,the-indian-garage.myshopify.com,IN / INR,meta.json: Karnataka,1/1 found,2/2 found,instagram.com/theindiangarageco_,source meta_json,meta:200 home:200 contact:200 info:200 privacy:200,,,
413,powerlook.in,PASS,PASS,PASS,PASS,PASS,PASS,PASS,powerlook-apparels.myshopify.com,IN / INR,meta.json: Maharashtra,1/1 found,1/1 found,instagram.com/powerlookofficial,source meta_description,meta:200 home:200 contact:200 info:blocked by robots.txt privacy:blocked by robots.txt,,,
414,aukerajewellery.com,PASS,PASS,PASS,PASS,PASS,PASS,PASS,aukerastore.myshopify.com,IN / INR,meta.json: Karnataka,2/2 found,1/1 found,instagram.com/aukera_jewellery,source meta_json,meta:200 home:200 contact:200 info:200 privacy:200,,,
415,blackberrys.com,PASS,PASS,PASS,PASS,PASS,PASS,PASS,blackberrys-clothing.myshopify.com,IN / INR,meta.json: Haryana,1/1 found,2/2 found,instagram.com/blackberrysmenswear,source meta_json,meta:200 home:200 contact:404 info:blocked by robots.txt privacy:blocked by robots.txt,,,
416,triveniworld.com,PASS,PASS,PASS,PASS,PASS,PASS,PASS,triveniworld.myshopify.com,IN / INR,meta.json: Delhi,1/1 found,1/1 found,instagram.com/triveniworldmobile,source meta_json,meta:200 home:200 contact:200 info:200 privacy:200,,,
417,prabhatex.com,PASS,PASS,PASS,PASS,PASS,PASS,PASS,prabhatex.myshopify.com,IN / INR,meta.json: Tamil Nadu,2/2 found,3/3 found,instagram.com/prabha_tex_elampillai,source meta_json,meta:200 home:200 contact:200 info:200 privacy:200,,,
418,sreeleathers.com,PASS,PASS,PASS,PASS,PASS,PASS,PASS,sreeleathers-ltd.myshopify.com,IN / INR,meta.json: West Bengal,1/1 found,3/3 found,instagram.com/sreeleathersofficial,source meta_json,meta:200 home:200 contact:404 info:200 privacy:200,,,
419,warriorworld.in,PASS,PASS,PASS,PASS,PASS,PASS,PASS,9abd67-92.myshopify.com,IN / INR,meta.json: Gujarat,1/1 found,2/2 found,instagram.com/warriorworldstore,source meta_json,meta:200 home:200 contact:200 info:blocked by robots.txt privacy:blocked by robots.txt,,,
420,myborosil.com,PASS,PASS,PASS,PASS,PASS,PASS,PASS,my-borosil.myshopify.com,IN / INR,meta.json: Maharashtra,1/1 found,3/3 found,instagram.com/borosilandyou,source meta_json,meta:200 home:200 contact:404 info:blocked by robots.txt privacy:blocked by robots.txt,,,
421,kushals.com,PASS,PASS,PASS,PASS,PASS,PASS,PASS,kushalsonline-com.myshopify.com,IN / INR,meta.json: Karnataka,1/1 found,1/1 found,instagram.com/kushalsfashionjewellery,source meta_json,meta:200 home:200 contact:404 info:blocked by robots.txt privacy:blocked by robots.txt,,,
422,makerbazar.in,PASS,PASS,PASS,PASS,PASS,PASS,PASS,makershala.myshopify.com,IN / INR,meta.json: Haryana,2/2 found,1/1 found,instagram.com/makerbazar,source meta_json,meta:200 home:200 contact:404 info:200 privacy:200,,,
424,onlinebandhej.com,PASS,PASS,PASS,PASS,PASS,PASS,PASS,kcpc-bandhani.myshopify.com,IN / INR,meta.json: Rajasthan,3/3 found,1/1 found,instagram.com/kcpcbandhani,source meta_json,meta:200 home:200 contact:404 info:200 privacy:200,,,
425,uspoloassn.in,PASS,PASS,PASS,PASS,PASS,PASS,PASS,u-s-polo-assn-india.myshopify.com,IN / INR,meta.json: Karnataka,1/1 found,1/1 found,instagram.com/uspoloassnindia,source meta_json,meta:200 home:200 contact:200 info:blocked by robots.txt privacy:blocked by robots.txt,,,
426,portronics.com,PASS,PASS,PASS,PASS,PASS,PASS,PASS,portronicsindia.myshopify.com,IN / INR,meta.json: Delhi,1/1 found,1/1 found,instagram.com/portronics.india,source meta_json,meta:200 home:200 contact:200 info:200 privacy:200,,,
427,cforcover.com,PASS,PASS,PASS,PASS,PASS,PASS,PASS,coverpe.myshopify.com,IN / INR,meta.json: Gujarat,1/1 found,2/2 found,instagram.com/cfc_cforcover,source meta_json,meta:200 home:200 contact:200 info:blocked by robots.txt privacy:blocked by robots.txt,,,
428,filohevis.com,PASS,PASS,PASS,PASS,PASS,PASS,PASS,89b3cb-1a.myshopify.com,IN / INR,meta.json: Delhi,1/1 found,1/1 found,instagram.com/filohevis,source meta_json,meta:200 home:200 contact:200 info:blocked by robots.txt privacy:blocked by robots.txt,,,
429,gemsmantra.com,PASS,PASS,PASS,PASS,PASS,PASS,PASS,gemsmantra.myshopify.com,IN / INR,meta.json: Uttar Pradesh,3/3 found,3/3 found,instagram.com/gemsmantra_,source meta_json,meta:200 home:200 contact:404 info:200 privacy:200,,,
430,tecsox.com,PASS,PASS,PASS,PASS,PASS,PASS,PASS,0190a9-17.myshopify.com,IN / INR,meta.json: Haryana,1/1 found,1/1 found,instagram.com/tecsox,source meta_json,meta:200 home:200 contact:200 info:200 privacy:200,,,
431,amalfa.in,PASS,PASS,PASS,PASS,PASS,PASS,PASS,e9ffa3.myshopify.com,IN / INR,meta.json: Haryana,1/1 found,2/2 found,instagram.com/amalfa.in,source meta_json,meta:200 home:200 contact:200 info:200 privacy:200,,,
433,fixderma.com,PASS,PASS,PASS,PASS,PASS,PASS,PASS,fixderma-skincare.myshopify.com,IN / INR,meta.json: Haryana,1/1 found,1/1 found,instagram.com/fixderma.skincare,source meta_json,meta:200 home:200 contact:404 info:blocked by robots.txt privacy:blocked by robots.txt,,,
434,insightcosmetics.in,PASS,PASS,PASS,PASS,PASS,PASS,PASS,insightcosmetics.myshopify.com,IN / INR,meta.json: Maharashtra,4/4 found,1/1 found,instagram.com/insightcosmetic,source meta_json,meta:200 home:200 contact:200 info:200 privacy:200,,,
436,stickitup.xyz,PASS,PASS,PASS,PASS,PASS,PASS,PASS,stickit-up.myshopify.com,IN / INR,meta.json: Maharashtra,1/1 found,1/1 found,instagram.com/stickitup.xyz,source meta_json,meta:200 home:200 contact:429 info:200 privacy:200,,,
437,digitek.net.in,PASS,PASS,PASS,PASS,PASS,PASS,PASS,digitek-project.myshopify.com,IN / INR,meta.json: Delhi,2/2 found,3/3 found,instagram.com/digitekofficial,source meta_json,meta:200 home:200 contact:429 info:200 privacy:200,,,
438,faridagupta.com,PASS,PASS,PASS,PASS,PASS,PASS,PASS,farida-gupta-india.myshopify.com,IN / INR,meta.json: Delhi,2/2 found,1/1 found,instagram.com/faridagupta,source meta_json,meta:200 home:200 contact:429 info:200 privacy:200,,,
439,glenindia.com,PASS,PASS,PASS,PASS,PASS,PASS,PASS,glen-india.myshopify.com,IN / INR,meta.json: Haryana,2/2 found,3/3 found,instagram.com/glenindia,source meta_json,meta:200 home:200 contact:429 info:404 privacy:200,,,
440,sparify.co,PASS,PASS,PASS,PASS,PASS,PASS,PASS,sparify-7191.myshopify.com,IN / INR,meta.json: Karnataka,3/3 found,1/1 found,instagram.com/sparify_,source meta_json,meta:200 home:200 contact:429 info:200 privacy:200,,,
443,bajaao.com,PASS,PASS,PASS,PASS,PASS,PASS,PASS,bajaao.myshopify.com,IN / INR,meta.json: Maharashtra,2/2 found,1/1 found,instagram.com/bajaao,source meta_json,meta:200 home:200 contact:404 info:200 privacy:200,,,
444,himalayawellness.in,PASS,PASS,PASS,PASS,PASS,PASS,PASS,himalaya-wellness-india.myshopify.com,IN / INR,meta.json: Karnataka,2/2 found,1/1 found,instagram.com/himalayapersonalcare,source meta_json,meta:200 home:200 contact:404 info:200 privacy:200,,,
445,abrosshoes.com,PASS,PASS,PASS,PASS,PASS,PASS,PASS,abros-shoes.myshopify.com,IN / INR,meta.json: Haryana,1/1 found,1/1 found,instagram.com/abrossports,source meta_json,meta:200 home:200 contact:200 info:200 privacy:200,,,
446,aryacreation.in,PASS,PASS,PASS,PASS,PASS,PASS,PASS,j2ciiw-pd.myshopify.com,IN / INR,meta.json: Gujarat,1/1 found,1/1 found,instagram.com/aryacreation_1,source about_meta_description,meta:200 home:200 contact:200 info:200 privacy:200,,,
447,bloomica.in,PASS,PASS,PASS,PASS,PASS,PASS,PASS,k4nt1i-bi.myshopify.com,IN / INR,meta.json: Tamil Nadu,2/2 found,1/1 found,instagram.com/bloomica.in,source meta_json,meta:200 home:200 contact:200 info:200 privacy:200,,,
448,cottonking.com,PASS,PASS,PASS,PASS,PASS,PASS,PASS,cottonkingstore.myshopify.com,IN / INR,meta.json: Maharashtra,2/2 found,2/2 found,instagram.com/cottonking_official,source meta_json,meta:200 home:200 contact:200 info:200 privacy:200,,,
449,desisitara.com,PASS,PASS,PASS,PASS,PASS,PASS,PASS,sai-silks-india.myshopify.com,IN / INR,meta.json: Telangana,2/2 found,1/1 found,instagram.com/desisitara,source meta_json,meta:200 home:200 contact:200 info:200 privacy:200,,,
450,doctorextrasoft.com,PASS,PASS,PASS,PASS,PASS,PASS,PASS,doctorextrasoft.myshopify.com,IN / INR,meta.json: Maharashtra,3/3 found,2/2 found,instagram.com/doctorextrasoft,source meta_json,meta:200 home:200 contact:200 info:200 privacy:200,,,
451,fashiondream.co.in,PASS,PASS,PASS,PASS,PASS,PASS,PASS,fashion-dream-com.myshopify.com,IN / INR,meta.json: Gujarat,2/2 found,1/1 found,instagram.com/fashiondream.co.in,source meta_json,meta:200 home:200 contact:200 info:200 privacy:429,,,
452,fgear.in,PASS,PASS,PASS,PASS,PASS,PASS,PASS,fgear-in.myshopify.com,IN / INR,meta.json: Karnataka,1/1 found,1/1 found,instagram.com/fgear.in,source meta_json,meta:200 home:200 contact:404 info:200 privacy:429,,,
453,fuelshoes.com,PASS,PASS,PASS,PASS,PASS,PASS,PASS,fuelshoes.myshopify.com,IN / INR,meta.json: Haryana,1/1 found,1/1 found,instagram.com/fuelshoes,source meta_json,meta:200 home:200 contact:404 info:200 privacy:429,,,
454,gochk.co,PASS,PASS,PASS,PASS,PASS,PASS,PASS,gochk.myshopify.com,IN / INR,meta.json: Tamil Nadu,2/2 found,1/1 found,instagram.com/gochk.co,source meta_json,meta:200 home:200 contact:429 info:404 privacy:200,,,
455,idcult.com,PASS,PASS,PASS,PASS,PASS,PASS,PASS,idshoesonline.myshopify.com,IN / INR,meta.json: Uttar Pradesh,1/1 found,1/1 found,instagram.com/theidcult,source meta_json,meta:200 home:200 contact:429 info:200 privacy:200,,,
456,indiclub.shop,PASS,PASS,PASS,PASS,PASS,PASS,PASS,indiclub-shop.myshopify.com,IN / INR,meta.json: Gujarat,2/2 found,1/1 found,instagram.com/indiclub.shop,source meta_json,meta:200 home:200 contact:429 info:200 privacy:200,,,
457,jaipurkurti.com,PASS,PASS,PASS,PASS,PASS,PASS,PASS,jaipurkurtiin.myshopify.com,IN / INR,meta.json: Rajasthan,1/1 found,3/3 found,instagram.com/jaipurkurti,source meta_json,meta:200 home:429 contact:200 info:404 privacy:200,,,
458,kalamandir.com,PASS,PASS,PASS,PASS,PASS,PASS,PASS,jaan82-u1.myshopify.com,IN / INR,meta.json: Telangana,3/3 found,2/2 found,instagram.com/kalamandirfashions,source about_meta_description,meta:200 home:200 contact:200 info:404 privacy:200,,,
461,londoncotton.in,PASS,PASS,PASS,PASS,PASS,PASS,PASS,keuvzb-pi.myshopify.com,IN / INR,meta.json: Delhi,1/1 found,1/1 found,instagram.com/lc_londoncotton,source meta_json,meta:200 home:200 contact:200 info:200 privacy:200,,,
462,lukson.co,PASS,PASS,PASS,PASS,PASS,PASS,PASS,luksonjewel.myshopify.com,IN / INR,meta.json: Maharashtra,2/2 found,1/1 found,instagram.com/lukson.official,source meta_json,meta:200 home:200 contact:200 info:404 privacy:200,,,
463,mytrident.com,PASS,PASS,PASS,PASS,PASS,PASS,PASS,trident-india-store.myshopify.com,IN / INR,meta.json: Punjab,1/1 found,2/2 found,instagram.com/mytridenthome,source meta_json,meta:200 home:200 contact:200 info:200 privacy:200,,,
464,niluscollection.com,PASS,PASS,PASS,PASS,PASS,PASS,PASS,niluscollection-com-567e.myshopify.com,IN / INR,meta.json: Telangana,1/1 found,1/1 found,instagram.com/niluscollection_official,source meta_json,meta:200 home:200 contact:200 info:200 privacy:200,,,
465,numerounojeanswear.com,PASS,PASS,PASS,PASS,PASS,PASS,PASS,numerounojeanswear.myshopify.com,IN / INR,meta.json: Haryana,1/1 found,2/2 found,instagram.com/numerounojeanswear,source meta_json,meta:200 home:200 contact:200 info:blocked by robots.txt privacy:blocked by robots.txt,,,
466,orangesugar.in,PASS,PASS,PASS,PASS,PASS,PASS,PASS,orangesugar.myshopify.com,IN / INR,meta.json: Tamil Nadu,1/1 found,1/1 found,instagram.com/orangesugar.in,source meta_json,meta:200 home:200 contact:200 info:200 privacy:200,,,
467,panjavarnam.com,PASS,PASS,PASS,PASS,PASS,PASS,PASS,panjavarnam.myshopify.com,IN / INR,meta.json: Tamil Nadu,1/1 found,1/1 found,instagram.com/panjavarnamsilks,source meta_json,meta:200 home:200 contact:200 info:200 privacy:200,,,
468,pierrecardinindia.com,PASS,PASS,PASS,PASS,PASS,PASS,PASS,pierre-cardin-di.myshopify.com,IN / INR,meta.json: Delhi,2/2 found,1/1 found,instagram.com/pierrecardinshoe,source meta_json,meta:200 home:200 contact:200 info:200 privacy:200,,,
469,provogue.com,PASS,PASS,PASS,PASS,PASS,PASS,PASS,provogue-india.myshopify.com,IN / INR,meta.json: Maharashtra,1/1 found,1/1 found,instagram.com/provogue.official,source meta_json,meta:200 home:200 contact:200 info:200 privacy:200,,,
470,rayglow.in,PASS,PASS,PASS,PASS,PASS,PASS,PASS,3a11ef-3.myshopify.com,IN / INR,meta.json: Karnataka,1/1 found,3/3 found,instagram.com/rayglow_skin_whitening_cream,source meta_json,meta:200 home:200 contact:200 info:200 privacy:200,,,
471,shopjbr.com,PASS,PASS,PASS,PASS,PASS,PASS,PASS,joules-by-radhika-6905.myshopify.com,IN / INR,meta.json: Maharashtra,1/1 found,2/2 found,instagram.com/joulesbyradhika,source meta_json,meta:200 home:200 contact:200 info:blocked by robots.txt privacy:blocked by robots.txt,,,
473,silverfied.in,PASS,PASS,PASS,PASS,PASS,PASS,PASS,silverfied925shop.myshopify.com,IN / INR,meta.json: Delhi,1/1 found,1/1 found,instagram.com/silverfied,source meta_json,meta:200 home:200 contact:404 info:200 privacy:200,,,
474,silvertarakaya.com,PASS,PASS,PASS,PASS,PASS,PASS,PASS,tarakayasilver.myshopify.com,IN / INR,meta.json: Jharkhand,1/1 found,2/2 found,instagram.com/silver_tarakaya925,source meta_json,meta:200 home:200 contact:404 info:200 privacy:200,,,
475,spiffers.in,PASS,PASS,PASS,PASS,PASS,PASS,PASS,spiffers-in.myshopify.com,IN / INR,meta.json: Punjab,2/2 found,1/1 found,instagram.com/spiffers.in,source meta_json,meta:200 home:200 contact:404 info:200 privacy:200,,,
476,taruni.in,PASS,PASS,PASS,PASS,PASS,PASS,PASS,taruni-clothing.myshopify.com,IN / INR,meta.json: Telangana,1/1 found,1/1 found,instagram.com/taruni.official,source meta_json,meta:200 home:200 contact:200 info:blocked by robots.txt privacy:blocked by robots.txt,,,
477,therajlaxmijewellers.in,PASS,PASS,PASS,PASS,PASS,PASS,PASS,a15f52-79.myshopify.com,IN / INR,meta.json: West Bengal,2/2 found,1/1 found,instagram.com/therajlaxmijewellers,source meta_json,meta:200 home:200 contact:200 info:200 privacy:200,,,
479,vastrang.in,PASS,PASS,PASS,PASS,PASS,PASS,PASS,vastrang-in.myshopify.com,IN / INR,meta.json: Gujarat,1/1 found,1/1 found,instagram.com/vastrang.in,source meta_json,meta:200 home:200 contact:200 info:200 privacy:200,,,
480,walusha.in,PASS,PASS,PASS,PASS,PASS,PASS,PASS,walusha.myshopify.com,IN / INR,meta.json: Gujarat,1/1 found,1/1 found,instagram.com/walusha_in,source about_meta_description,meta:200 home:200 contact:200 info:200 privacy:200,,,
481,yanchi.in,PASS,PASS,PASS,PASS,PASS,PASS,PASS,0a7d0b-3.myshopify.com,IN / INR,meta.json: Haryana,1/1 found,3/3 found,instagram.com/yanchistudio,source meta_json,meta:200 home:200 contact:200 info:200 privacy:200,,,
482,dakshis.com,PASS,PASS,PASS,PASS,PASS,PASS,PASS,f4a6e0-2.myshopify.com,IN / INR,meta.json: Gujarat,1/1 found,1/1 found,instagram.com/dakshis.com_,source meta_json,meta:200 home:200 contact:200 info:200 privacy:200,,,
483,ekanalabel.com,PASS,PASS,PASS,PASS,PASS,PASS,PASS,ekanasstore.myshopify.com,IN / INR,meta.json: Gujarat,1/1 found,1/1 found,instagram.com/ekana.label,source meta_json,meta:200 home:200 contact:404 info:200 privacy:200,,,
484,fytika.com,PASS,PASS,PASS,PASS,PASS,PASS,PASS,fytikahealthcareproducts.myshopify.com,IN / INR,meta.json: Uttar Pradesh,2/2 found,1/1 found,instagram.com/fytika.official,source meta_json,meta:200 home:200 contact:200 info:200 privacy:200,,,
485,jisora.com,PASS,PASS,PASS,PASS,PASS,PASS,PASS,jisora-india.myshopify.com,IN / INR,meta.json: Rajasthan,2/2 found,1/1 found,instagram.com/jisorajaipur,source meta_json,meta:200 home:200 contact:200 info:200 privacy:200,,,
486,johnellies.in,PASS,PASS,PASS,PASS,PASS,PASS,PASS,john-ellies.myshopify.com,IN / INR,meta.json: Gujarat,1/1 found,1/1 found,instagram.com/johnellies_india,source meta_json,meta:200 home:200 contact:200 info:200 privacy:200,,,
487,jompers.com,PASS,PASS,PASS,PASS,PASS,PASS,PASS,jompers.myshopify.com,IN / INR,meta.json: Delhi,1/1 found,2/2 found,instagram.com/jompers_fashion,source meta_json,meta:200 home:200 contact:404 info:200 privacy:200,,,
488,maizic.com,PASS,PASS,PASS,PASS,PASS,PASS,PASS,lootllo.myshopify.com,IN / INR,meta.json: Uttar Pradesh,1/1 found,1/1 found,instagram.com/maizic,source meta_json,meta:200 home:200 contact:200 info:blocked by robots.txt privacy:blocked by robots.txt,,,
489,rangita.com,PASS,PASS,PASS,PASS,PASS,PASS,PASS,8458f7-d5.myshopify.com,IN / INR,meta.json: Haryana,1/1 found,1/1 found,instagram.com/rangita_ethnic,source meta_json,meta:200 home:200 contact:200 info:blocked by robots.txt privacy:blocked by robots.txt,,,
490,swtantra.com,PASS,PASS,PASS,PASS,PASS,PASS,PASS,uncomplicated-clothing.myshopify.com,IN / INR,meta.json: Delhi,1/1 found,1/1 found,instagram.com/swtantraofficial,source meta_json,meta:200 home:200 contact:404 info:200 privacy:200,,,
491,uare.co,PASS,PASS,PASS,PASS,PASS,PASS,PASS,uare2508.myshopify.com,IN / INR,meta.json: Maharashtra,1/1 found,1/1 found,instagram.com/uare.co,source meta_json,meta:200 home:200 contact:200 info:blocked by robots.txt privacy:blocked by robots.txt,,,
492,zivamoms.com,PASS,PASS,PASS,PASS,PASS,PASS,PASS,zivamoms-store.myshopify.com,IN / INR,meta.json: Kerala,1/1 found,2/2 found,instagram.com/ziva_maternity_wear,source meta_json,meta:200 home:200 contact:200 info:200 privacy:200,,,
493,blackmambajewellery.com,PASS,PASS,PASS,PASS,PASS,PASS,PASS,black-mamba-jewellery.myshopify.com,IN / INR,meta.json: Maharashtra,1/1 found,1/1 found,instagram.com/blackmamba_jewellery,source meta_json,meta:200 home:200 contact:404 info:200 privacy:200,,,
494,dctclothing.store,PASS,PASS,PASS,PASS,PASS,PASS,PASS,dct-dream-comes-true.myshopify.com,IN / INR,meta.json: Kerala,1/1 found,2/2 found,instagram.com/dreamcomestrueboutique,source meta_json,meta:200 home:200 contact:200 info:404 privacy:404,,,
495,huesfab.com,PASS,PASS,PASS,PASS,PASS,PASS,PASS,10feda-hh.myshopify.com,IN / INR,meta.json: Rajasthan,2/2 found,3/3 found,instagram.com/huesfab,source meta_json,meta:200 home:200 contact:200 info:200 privacy:200,,,
496,ibisfab.com,PASS,PASS,PASS,PASS,PASS,PASS,PASS,ibis-fab.myshopify.com,IN / INR,meta.json: Gujarat,1/1 found,1/1 found,instagram.com/ibis.fab,source meta_json,meta:200 home:200 contact:404 info:blocked by robots.txt privacy:blocked by robots.txt,,,
497,lavieworld.com,PASS,PASS,PASS,PASS,PASS,PASS,PASS,lavie-world.myshopify.com,IN / INR,meta.json: Maharashtra,3/3 found,1/1 found,instagram.com/lavieworld,source meta_json,meta:200 home:200 contact:200 info:404 privacy:200,,,
498,laxmipati.com,PASS,PASS,PASS,PASS,PASS,PASS,PASS,laxmipaticlothing.myshopify.com,IN / INR,meta.json: Gujarat,2/2 found,3/3 found,instagram.com/houseoflaxmipati,source meta_json,meta:200 home:200 contact:200 info:200 privacy:200,,,
499,macsjewelry.com,PASS,PASS,PASS,PASS,PASS,PASS,PASS,macsjewelry.myshopify.com,IN / INR,meta.json: Kerala,3/3 found,1/1 found,instagram.com/macsjewelry,source meta_json,meta:200 home:200 contact:200 info:404 privacy:200,,,
500,parakkatjewels.com,PASS,PASS,PASS,PASS,PASS,PASS,PASS,666ef0-2.myshopify.com,IN / INR,meta.json: Kerala,1/1 found,1/1 found,instagram.com/parakkat_jewels,source meta_json,meta:200 home:200 contact:200 info:200 privacy:200,,,
501,jhajistore.com,PASS,PASS,PASS,PASS,PASS,PASS,PASS,jha-ji-a-taste-of-mithila.myshopify.com,IN / INR,meta.json: Bihar,2/2 found,1/1 found,instagram.com/jhajistore,source meta_json,meta:200 home:200 contact:404 info:404 privacy:200,,,
502,aashirs.com,PASS,PASS,PASS,PASS,PASS,PASS,PASS,aashirsfashions.myshopify.com,IN / INR,meta.json: Karnataka,1/1 found,2/2 found,instagram.com/aashirsstores,source meta_json,meta:200 home:200 contact:404 info:blocked by robots.txt privacy:blocked by robots.txt,,,
503,babli.in,PASS,PASS,PASS,PASS,PASS,PASS,PASS,986f2c.myshopify.com,IN / INR,meta.json: Gujarat,1/1 found,1/1 found,instagram.com/babli.in,source meta_json,meta:200 home:200 contact:200 info:blocked by robots.txt privacy:blocked by robots.txt,,,
504,chapter2drip.com,PASS,PASS,PASS,PASS,PASS,PASS,PASS,e36949-b3.myshopify.com,IN / INR,meta.json: Maharashtra,2/2 found,1/1 found,instagram.com/chapter2drip,source meta_json,meta:200 home:200 contact:404 info:200 privacy:200,,,
505,clazzey.com,PASS,PASS,PASS,PASS,PASS,PASS,PASS,s17xgd-zn.myshopify.com,IN / INR,meta.json: Uttar Pradesh,2/2 found,1/1 found,instagram.com/clazzey.official,source meta_json,meta:200 home:200 contact:200 info:200 privacy:200,,,
506,curiouscub.in,PASS,PASS,PASS,PASS,PASS,PASS,PASS,curiouscubb.myshopify.com,IN / INR,meta.json: Haryana,2/2 found,1/1 found,instagram.com/curiouscub.in,source meta_json,meta:200 home:200 contact:404 info:200 privacy:200,,,
507,invoguish.in,PASS,PASS,PASS,PASS,PASS,PASS,PASS,invoguishindia.myshopify.com,IN / INR,meta.json: Gujarat,4/4 found,1/1 found,instagram.com/in_voguish_india,source meta_json,meta:200 home:200 contact:200 info:200 privacy:200,,,
508,kaftanize.com,PASS,PASS,PASS,PASS,PASS,PASS,PASS,kaftanizeit.myshopify.com,IN / INR,meta.json: Maharashtra,2/2 found,3/3 found,instagram.com/kaftanize_clothing,source meta_json,meta:200 home:200 contact:200 info:200 privacy:200,,,
509,mamansh.com,PASS,PASS,PASS,PASS,PASS,PASS,PASS,mamansh.myshopify.com,IN / INR,meta.json: Delhi,1/1 found,1/1 found,instagram.com/mamansh.co,source meta_json,meta:200 home:200 contact:200 info:404 privacy:200,,,
510,nostrumfashion.com,PASS,PASS,PASS,PASS,PASS,PASS,PASS,mystore-4791.myshopify.com,IN / INR,meta.json: Maharashtra,1/1 found,1/1 found,instagram.com/nostrumfashion,source meta_json,meta:200 home:200 contact:404 info:200 privacy:200,,,
511,outcasts.in,PASS,PASS,PASS,PASS,PASS,PASS,PASS,outca-tt.myshopify.com,IN / INR,meta.json: Uttar Pradesh,1/1 found,2/2 found,instagram.com/outcast_india,source meta_json,meta:200 home:200 contact:200 info:blocked by robots.txt privacy:blocked by robots.txt,,,
512,perch.co.in,PASS,PASS,PASS,PASS,PASS,PASS,PASS,e05796-6c.myshopify.com,IN / INR,meta.json: Delhi,2/2 found,1/1 found,instagram.com/perch.co.in,source meta_json,meta:200 home:200 contact:200 info:200 privacy:200,,,
513,rclub.in,PASS,PASS,PASS,PASS,PASS,PASS,PASS,rclubstore.myshopify.com,IN / INR,meta.json: Uttar Pradesh,1/1 found,1/1 found,instagram.com/rclub_india,source meta_json,meta:200 home:200 contact:200 info:blocked by robots.txt privacy:blocked by robots.txt,,,
514,rimli.in,PASS,PASS,PASS,PASS,PASS,PASS,PASS,pixaflorimli.myshopify.com,IN / INR,meta.json: Tamil Nadu,1/1 found,1/1 found,instagram.com/rimliboutique,source meta_json,meta:200 home:200 contact:200 info:200 privacy:200,,,
515,rmkv.com,PASS,PASS,PASS,PASS,PASS,PASS,PASS,rmkv1.myshopify.com,IN / INR,meta.json: Tamil Nadu,1/1 found,1/1 found,instagram.com/rmkv_silks,source meta_json,meta:200 home:200 contact:200 info:blocked by robots.txt privacy:blocked by robots.txt,,,
516,rossobrunello.com,PASS,PASS,PASS,PASS,PASS,PASS,PASS,rosso-brunello-new.myshopify.com,IN / INR,meta.json: Delhi,4/4 found,2/2 found,instagram.com/rossobrunelloofficial,source meta_json,meta:200 home:200 contact:200 info:200 privacy:200,,,
517,sabhyataclothing.com,PASS,PASS,PASS,PASS,PASS,PASS,PASS,sabhyataclothing.myshopify.com,IN / INR,meta.json: Uttar Pradesh,2/2 found,2/2 found,instagram.com/sabhyataclothing,source meta_json,meta:200 home:200 contact:200 info:200 privacy:200,,,
518,shriandsam.com,PASS,PASS,PASS,PASS,PASS,PASS,PASS,shriandsam.myshopify.com,IN / INR,meta.json: Haryana,1/1 found,1/1 found,instagram.com/shriandsam,source meta_json,meta:200 home:200 contact:404 info:404 privacy:200,,,
519,thevallisilks.com,PASS,PASS,PASS,PASS,PASS,PASS,PASS,pzhxsw-nf.myshopify.com,IN / INR,meta.json: Telangana,1/1 found,1/1 found,instagram.com/thevallisilks.ecommerce,source meta_json,meta:200 home:200 contact:200 info:404 privacy:200,,,
520,zodiaconline.com,PASS,PASS,PASS,PASS,PASS,PASS,PASS,yuqe0m-xr.myshopify.com,IN / INR,meta.json: Maharashtra,4/4 found,2/2 found,instagram.com/zodiacclothing,source meta_json,meta:200 home:200 contact:200 info:200 privacy:200,,,
521,lightyearshealth.com,PASS,PASS,PASS,PASS,PASS,PASS,PASS,a9b71c-0a.myshopify.com,IN / INR,meta.json: Haryana,2/2 found,2/2 found,instagram.com/lightyearshealth,source meta_json,meta:200 home:200 contact:200 info:200 privacy:200,,,
522,basantikekapde.com,PASS,PASS,PASS,PASS,PASS,PASS,PASS,basanti-kapde-aur-koffee.myshopify.com,IN / INR,meta.json: Delhi,1/1 found,2/2 found,instagram.com/basanti_kapdeaurkoffee,source meta_json,meta:200 home:200 contact:404 info:200 privacy:200,,,
523,drvaidyas.com,PASS,PASS,PASS,PASS,PASS,PASS,PASS,dr-vaidya.myshopify.com,IN / INR,meta.json: Maharashtra,1/1 found,1/1 found,instagram.com/dr.vaidyas,source meta_json,meta:200 home:200 contact:404 info:404 privacy:200,,,
524,estele.co,PASS,PASS,PASS,PASS,PASS,PASS,PASS,nitya-for-estelle.myshopify.com,IN / INR,meta.json: Telangana,1/1 found,1/1 found,instagram.com/estele.co,source meta_json,meta:200 home:200 contact:200 info:404 privacy:200,,,
525,fancydresswale.com,PASS,PASS,PASS,PASS,PASS,PASS,PASS,fancydresswale-com.myshopify.com,IN / INR,meta.json: Uttar Pradesh,1/1 found,1/1 found,instagram.com/fancydresswale,source meta_json,meta:200 home:200 contact:404 info:404 privacy:200,,,
526,justwowfactory.com,PASS,PASS,PASS,PASS,PASS,PASS,PASS,jwfactory.myshopify.com,IN / INR,meta.json: Uttar Pradesh,1/1 found,2/2 found,instagram.com/justwowfactory,source meta_json,meta:200 home:200 contact:200 info:200 privacy:200,,,
527,meerasplussizestore.com,PASS,PASS,PASS,PASS,PASS,PASS,PASS,aanchal4.myshopify.com,IN / INR,meta.json: Rajasthan,1/1 found,1/1 found,instagram.com/theplussizestore,source meta_json,meta:200 home:200 contact:404 info:200 privacy:200,,,
528,numour.com,PASS,PASS,PASS,PASS,PASS,PASS,PASS,201d65.myshopify.com,IN / INR,meta.json: Delhi,3/3 found,1/1 found,instagram.com/numour_official,source meta_json,meta:200 home:200 contact:200 info:200 privacy:200,,,
530,aachifoods.com,PASS,PASS,PASS,PASS,PASS,PASS,PASS,aachifoods.myshopify.com,IN / INR,meta.json: Tamil Nadu,1/1 found,3/3 found,instagram.com/aachi_foods,source meta_json,meta:200 home:200 contact:200 info:blocked by robots.txt privacy:blocked by robots.txt,,,
531,arata.in,PASS,PASS,PASS,PASS,PASS,PASS,PASS,arata-zero-chemicals.myshopify.com,IN / INR,meta.json: Delhi,4/4 found,1/1 found,instagram.com/arata.in,source meta_json,meta:200 home:200 contact:200 info:404 privacy:200,,,
532,bigbananaonline.com,PASS,PASS,PASS,PASS,PASS,PASS,PASS,bigbanana-online.myshopify.com,IN / INR,meta.json: Uttar Pradesh,1/1 found,1/1 found,instagram.com/ourbigbanana,source meta_json,meta:200 home:200 contact:404 info:404 privacy:200,,,
533,cottoncottageindia.com,PASS,PASS,PASS,PASS,PASS,PASS,PASS,7c1863.myshopify.com,IN / INR,meta.json: Maharashtra,4/4 found,2/2 found,instagram.com/cottoncottageindia,source meta_json,meta:200 home:200 contact:200 info:200 privacy:200,,,
534,cradiac.com,PASS,PASS,PASS,PASS,PASS,PASS,PASS,lilfoot-kids.myshopify.com,IN / INR,meta.json: Punjab,1/1 found,1/1 found,instagram.com/cradiacbikes,source meta_json,meta:200 home:200 contact:200 info:200 privacy:200,,,
535,earthful.me,PASS,PASS,PASS,PASS,PASS,PASS,PASS,kenzen-ventures.myshopify.com,IN / INR,meta.json: Telangana,1/1 found,2/2 found,instagram.com/earthful.me,source meta_json,meta:200 home:200 contact:200 info:404 privacy:200,,,
536,impexstore.com,PASS,PASS,PASS,PASS,PASS,PASS,PASS,impexappliances.myshopify.com,IN / INR,meta.json: Kerala,5/5 found,1/1 found,instagram.com/impexhome,source meta_json,meta:200 home:200 contact:404 info:200 privacy:200,,,
537,lagorii.com,PASS,PASS,PASS,PASS,PASS,PASS,PASS,lagorii-kids.myshopify.com,IN / INR,meta.json: Karnataka,1/1 found,1/1 found,instagram.com/lagorii_kids,source meta_json,meta:200 home:200 contact:200 info:200 privacy:200,,,
538,lakshita.com,PASS,PASS,PASS,PASS,PASS,PASS,PASS,lakshitaonline.myshopify.com,IN / INR,meta.json: Uttar Pradesh,1/1 found,2/2 found,instagram.com/lakshitafashions,source meta_json,meta:200 home:200 contact:404 info:blocked by robots.txt privacy:blocked by robots.txt,,,
539,mechitrakar.com,PASS,PASS,PASS,PASS,PASS,PASS,PASS,me-chitrakar.myshopify.com,IN / INR,meta.json: Maharashtra,2/2 found,2/2 found,instagram.com/mechitrakar,source meta_json,meta:200 home:200 contact:200 info:200 privacy:200,,,
540,meenabazaar.shop,PASS,PASS,PASS,PASS,PASS,PASS,PASS,meenabazaar-shop.myshopify.com,IN / INR,meta.json: Haryana,1/1 found,1/1 found,instagram.com/meenabazaar_official,source meta_json,meta:200 home:200 contact:200 info:200 privacy:200,,,
541,mokshaaworld.com,PASS,PASS,PASS,PASS,PASS,PASS,PASS,mokshaaworld.myshopify.com,IN / INR,meta.json: Tamil Nadu,3/3 found,2/2 found,instagram.com/mokshaa_chennai,source meta_json,meta:200 home:200 contact:200 info:blocked by robots.txt privacy:blocked by robots.txt,,,
542,obeetee.in,PASS,PASS,PASS,PASS,PASS,PASS,PASS,obeetee-india.myshopify.com,IN / INR,meta.json: Uttar Pradesh,1/1 found,1/1 found,instagram.com/obeetee,source meta_json,meta:200 home:200 contact:404 info:200 privacy:200,,,
543,odhni.com,PASS,PASS,PASS,PASS,PASS,PASS,PASS,odhni-world.myshopify.com,IN / INR,meta.json: Delhi,2/2 found,3/3 found,instagram.com/odhniworld,source meta_json,meta:200 home:200 contact:200 info:200 privacy:200,,,
544,princenprincess.in,PASS,PASS,PASS,PASS,PASS,PASS,PASS,prince-n-princess-5042.myshopify.com,IN / INR,meta.json: Tamil Nadu,1/1 found,3/3 found,instagram.com/princenprincess.in,source meta_json,meta:200 home:200 contact:200 info:200 privacy:200,,,
545,raajraani.com,PASS,PASS,PASS,PASS,PASS,PASS,PASS,raajraani-jewels.myshopify.com,IN / INR,meta.json: Delhi,2/2 found,3/3 found,instagram.com/raajraanijewels,source meta_json,meta:200 home:200 contact:404 info:200 privacy:200,,,
546,rosadababy.com,PASS,PASS,PASS,PASS,PASS,PASS,PASS,rosada-baby-express.myshopify.com,IN / INR,meta.json: West Bengal,1/1 found,1/1 found,instagram.com/rosada_baby,source meta_json,meta:200 home:200 contact:200 info:200 privacy:200,,,
547,rustorange.com,PASS,PASS,PASS,PASS,PASS,PASS,PASS,rust-orange-demo.myshopify.com,IN / INR,meta.json: Uttar Pradesh,1/1 found,1/1 found,instagram.com/rustorangedotcom,source meta_json,meta:200 home:200 contact:404 info:200 privacy:200,,,
548,sayalirajadhyakshasarees.com,PASS,PASS,PASS,PASS,PASS,PASS,PASS,sayalirajadhyakshasarees.myshopify.com,IN / INR,meta.json: Maharashtra,2/2 found,2/2 found,instagram.com/sayalirajadhyakshasarees,source meta_json,meta:200 home:200 contact:404 info:200 privacy:200,,,
549,securement.in,PASS,PASS,PASS,PASS,PASS,PASS,PASS,securement-packaging-private-limited.myshopify.com,IN / INR,meta.json: Gujarat,1/1 found,1/1 found,instagram.com/securementpackaging,source meta_json,meta:200 home:200 contact:200 info:200 privacy:200,,,
550,skinkraft.com,PASS,PASS,PASS,PASS,PASS,PASS,PASS,skin-identity.myshopify.com,IN / INR,meta.json: Telangana,1/1 found,1/1 found,instagram.com/skinkraftofficial,source meta_json,meta:200 home:200 contact:404 info:blocked by robots.txt privacy:blocked by robots.txt,,,
551,tarinika.in,PASS,PASS,PASS,PASS,PASS,PASS,PASS,tarinika.myshopify.com,IN / INR,meta.json: West Bengal,2/2 found,2/2 found,instagram.com/shoptarinika,source meta_json,meta:200 home:200 contact:404 info:404 privacy:200,,,
552,tecmarx.com,PASS,PASS,PASS,PASS,PASS,PASS,PASS,34d135-4.myshopify.com,IN / INR,meta.json: Haryana,1/1 found,1/1 found,instagram.com/tec.marx,source meta_json,meta:200 home:200 contact:200 info:200 privacy:200,,,
554,trymoody.com,PASS,PASS,PASS,PASS,PASS,PASS,PASS,ras-luxury-oils-123.myshopify.com,IN / INR,meta.json: Chhattisgarh,1/1 found,1/1 found,instagram.com/try.moody,source meta_json,meta:200 home:200 contact:200 info:200 privacy:200,,,
555,aham.store,PASS,PASS,PASS,PASS,PASS,PASS,PASS,the-round-kick.myshopify.com,IN / INR,meta.json: Kerala,2/2 found,1/1 found,instagram.com/ahamboutique,source meta_json,meta:200 home:200 contact:404 info:200 privacy:200,,,
556,baftic.com,PASS,PASS,PASS,PASS,PASS,PASS,PASS,r0v38n-ww.myshopify.com,IN / INR,meta.json: Maharashtra,2/2 found,1/1 found,instagram.com/baftic_,source meta_json,meta:200 home:200 contact:200 info:200 privacy:200,,,
557,bergnerhome.in,PASS,PASS,PASS,PASS,PASS,PASS,PASS,bergnerhome.myshopify.com,IN / INR,meta.json: Maharashtra,3/3 found,2/2 found,instagram.com/bergnerindia,source meta_json,meta:200 home:200 contact:200 info:200 privacy:200,,,
558,bluer.co.in,PASS,PASS,PASS,PASS,PASS,PASS,PASS,bluer-co-in.myshopify.com,IN / INR,meta.json: Maharashtra,1/1 found,1/1 found,instagram.com/bluer.co.in,source meta_json,meta:200 home:200 contact:200 info:200 privacy:200,,,
559,myadira.com,PASS,PASS,PASS,PASS,PASS,PASS,PASS,myadira.myshopify.com,IN / INR,meta.json: Andhra Pradesh,3/3 found,1/1 found,instagram.com/adira4u,source meta_json,meta:200 home:200 contact:404 info:200 privacy:200,,,
560,saralhome.com,PASS,PASS,PASS,PASS,PASS,PASS,PASS,saral-homes.myshopify.com,IN / INR,meta.json: Haryana,2/2 found,1/1 found,instagram.com/home_saral,source meta_json,meta:200 home:200 contact:404 info:404 privacy:200,,,
561,shahnaz.in,PASS,PASS,PASS,PASS,PASS,PASS,PASS,shahnaz-in.myshopify.com,IN / INR,meta.json: Delhi,1/1 found,2/2 found,instagram.com/shahnazhusain_official,source meta_json,meta:200 home:200 contact:200 info:200 privacy:200,,,
562,tastynibbles.in,PASS,PASS,PASS,PASS,PASS,PASS,PASS,tastynibbles.myshopify.com,IN / INR,meta.json: Kerala,2/2 found,2/2 found,instagram.com/tastynibblesfoods,source about_meta_description,meta:200 home:200 contact:404 info:404 privacy:200,,,
563,theaudiostore.in,PASS,PASS,PASS,PASS,PASS,PASS,PASS,theaudiostore-in.myshopify.com,IN / INR,meta.json: Maharashtra,1/1 found,1/1 found,instagram.com/theaudiostoreofficial,source meta_json,meta:200 home:200 contact:404 info:200 privacy:200,,,
564,wedtree.com,PASS,PASS,PASS,PASS,PASS,PASS,PASS,wedtreeind.myshopify.com,IN / INR,meta.json: Tamil Nadu,2/2 found,1/1 found,instagram.com/wedtreegifts,source meta_json,meta:200 home:200 contact:404 info:200 privacy:200,,,
565,arayurveda.shop,PASS,PASS,PASS,PASS,PASS,PASS,PASS,6e12f7-8e.myshopify.com,IN / INR,meta.json: Gujarat,2/2 found,2/2 found,instagram.com/arayurveda.shop,source meta_json,meta:200 home:200 contact:200 info:200 privacy:200,,,
566,aromacares.com,PASS,PASS,PASS,PASS,PASS,PASS,PASS,748e9b.myshopify.com,IN / INR,meta.json: Andhra Pradesh,2/2 found,1/1 found,instagram.com/aromacares,source meta_json,meta:200 home:200 contact:200 info:200 privacy:200,,,
567,chosenstore.in,PASS,PASS,PASS,PASS,PASS,PASS,PASS,chosenstore-in.myshopify.com,IN / INR,meta.json: Tamil Nadu,3/3 found,1/1 found,instagram.com/chosen_by_dermatology,source meta_json,meta:200 home:200 contact:404 info:200 privacy:200,,,
568,desinoor.com,PASS,PASS,PASS,PASS,PASS,PASS,PASS,desinoor-in.myshopify.com,IN / INR,meta.json: Delhi,1/1 found,1/1 found,instagram.com/desinoorfashion,source meta_json,meta:200 home:200 contact:404 info:200 privacy:200,,,
569,krausjeans.com,PASS,PASS,PASS,PASS,PASS,PASS,PASS,www-krausjeans-com.myshopify.com,IN / INR,meta.json: Maharashtra,3/3 found,1/1 found,instagram.com/kraus_jeans,source meta_json,meta:200 home:200 contact:200 info:404 privacy:200,,,
570,leaclothingco.com,PASS,PASS,PASS,PASS,PASS,PASS,PASS,lea-clothing-co.myshopify.com,IN / INR,meta.json: Uttar Pradesh,1/1 found,1/1 found,instagram.com/leaclothingco,source meta_json,meta:200 home:200 contact:404 info:200 privacy:200,,,
571,mumkins.in,PASS,PASS,PASS,PASS,PASS,PASS,PASS,mumkins-kids-wear.myshopify.com,IN / INR,meta.json: Rajasthan,2/2 found,1/1 found,instagram.com/mumkins.in,source meta_json,meta:200 home:200 contact:404 info:200 privacy:200,,,
573,prakrithibyramya.com,PASS,PASS,PASS,PASS,PASS,PASS,PASS,w290va-ex.myshopify.com,IN / INR,meta.json: Kerala,2/2 found,2/2 found,instagram.com/prakrithi_by_ramya,source meta_json,meta:200 home:200 contact:200 info:200 privacy:200,,,
574,rosierfoods.com,PASS,PASS,PASS,PASS,PASS,PASS,PASS,rosier-foods-store.myshopify.com,IN / INR,meta.json: Uttar Pradesh,1/1 found,2/2 found,instagram.com/rosier.foods,source meta_json,meta:200 home:200 contact:200 info:200 privacy:200,,,
575,shopatsc.com,PASS,PASS,PASS,PASS,PASS,PASS,PASS,sonyindia.myshopify.com,IN / INR,meta.json: Maharashtra,2/2 found,2/2 found,instagram.com/sonyindiaofficial,source meta_json,meta:200 home:200 contact:404 info:200 privacy:200,,,
576,stylishwodrobe.com,PASS,PASS,PASS,PASS,PASS,PASS,PASS,stylish-wodrobe-india.myshopify.com,IN / INR,meta.json: Maharashtra,2/2 found,2/2 found,instagram.com/stylish__wodrobe,source meta_json,meta:200 home:200 contact:200 info:200 privacy:200,,,
577,underattackapparel.com,PASS,PASS,PASS,PASS,PASS,PASS,PASS,es0wtv-pc.myshopify.com,IN / INR,meta.json: Delhi,1/1 found,2/2 found,instagram.com/underattackofficial,source about_meta_description,meta:200 home:200 contact:200 info:200 privacy:200,,,
578,verymiss.in,PASS,PASS,PASS,PASS,PASS,PASS,PASS,8c8c96.myshopify.com,IN / INR,meta.json: Maharashtra,2/2 found,2/2 found,instagram.com/verymiss.cosmetics,source about_meta_description,meta:200 home:200 contact:200 info:200 privacy:200,,,
579,femmella.com,PASS,PASS,PASS,PASS,PASS,PASS,PASS,femella-in.myshopify.com,IN / INR,meta.json: Haryana,1/1 found,2/2 found,instagram.com/femmellaofficial,source meta_json,meta:200 home:200 contact:404 info:blocked by robots.txt privacy:blocked by robots.txt,,,
580,healeo.in,PASS,PASS,PASS,PASS,PASS,PASS,PASS,marketing-9996.myshopify.com,IN / INR,meta.json: Karnataka,2/2 found,2/2 found,instagram.com/healeo.in,source meta_json,meta:200 home:200 contact:200 info:200 privacy:200,,,
581,kattam.in,PASS,PASS,PASS,PASS,PASS,PASS,PASS,rustic-kandangi.myshopify.com,IN / INR,meta.json: Tamil Nadu,2/2 found,1/1 found,instagram.com/kattam.in,source meta_json,meta:200 home:200 contact:200 info:200 privacy:200,,,
582,languageshoes.com,PASS,PASS,PASS,PASS,PASS,PASS,PASS,language-footwear-accessories.myshopify.com,IN / INR,meta.json: Tamil Nadu,2/2 found,1/1 found,instagram.com/language.shoes,source meta_json,meta:200 home:200 contact:404 info:404 privacy:200,,,
583,lovebeautyandplanet.in,PASS,PASS,PASS,PASS,PASS,PASS,PASS,lovebeautyandplanetindia.myshopify.com,IN / INR,meta.json: Maharashtra,2/2 found,2/2 found,instagram.com/lovebeautyandplanet_in,source meta_json,meta:200 home:200 contact:404 info:200 privacy:200,,,
584,momshome.in,PASS,PASS,PASS,PASS,PASS,PASS,PASS,momshome-in.myshopify.com,IN / INR,meta.json: Rajasthan,2/2 found,3/3 found,instagram.com/momshomeorganic,source meta_json,meta:200 home:200 contact:200 info:200 privacy:200,,,
586,sparkyjeans.in,PASS,PASS,PASS,PASS,PASS,PASS,PASS,sparkyjeans.myshopify.com,IN / INR,meta.json: Uttar Pradesh,2/2 found,1/1 found,instagram.com/sparkyjeans,source meta_json,meta:200 home:200 contact:200 info:200 privacy:200,,,
587,thetrouserlab.com,PASS,PASS,PASS,PASS,PASS,PASS,PASS,82wmwu-2a.myshopify.com,IN / INR,meta.json: Gujarat,1/1 found,1/1 found,instagram.com/thetrouserlab,source meta_json,meta:200 home:200 contact:200 info:200 privacy:200,,,
588,trendize.in,PASS,PASS,PASS,PASS,PASS,PASS,PASS,trendize-in.myshopify.com,IN / INR,meta.json: Delhi,2/2 found,3/3 found,instagram.com/trendize.decor,source meta_json,meta:200 home:200 contact:404 info:200 privacy:200,,,
589,ivorynatural.com,PASS,PASS,PASS,PASS,PASS,PASS,PASS,639b4b-4.myshopify.com,IN / INR,meta.json: Uttar Pradesh,2/2 found,2/2 found,instagram.com/ivorynaturalwellness,source meta_json,meta:200 home:200 contact:200 info:200 privacy:200,,,
590,kiddikind.com,PASS,PASS,PASS,PASS,PASS,PASS,PASS,30eb5d-00.myshopify.com,IN / INR,meta.json: Tamil Nadu,1/1 found,1/1 found,instagram.com/kiddikindmilletmiracles,source meta_json,meta:200 home:200 contact:200 info:404 privacy:404,,,
591,adro.in,PASS,PASS,PASS,PASS,PASS,PASS,PASS,adro-fashion.myshopify.com,IN / INR,meta.json: Karnataka,2/2 found,1/1 found,instagram.com/adroindia,source meta_json,meta:200 home:200 contact:200 info:200 privacy:200,,,
592,anandsweets.in,PASS,PASS,PASS,PASS,PASS,PASS,PASS,anandsweet.myshopify.com,IN / INR,meta.json: Karnataka,1/1 found,3/3 found,instagram.com/anandsweetsindia,source meta_json,meta:200 home:200 contact:200 info:blocked by robots.txt privacy:blocked by robots.txt,,,
593,girorganic.com,PASS,PASS,PASS,PASS,PASS,PASS,PASS,girorganic-com.myshopify.com,IN / INR,meta.json: Gujarat,1/1 found,1/1 found,instagram.com/girorganic.farm,source meta_json,meta:200 home:200 contact:200 info:200 privacy:200,,,
594,hayagrivassilkhouse.com,PASS,PASS,PASS,PASS,PASS,PASS,PASS,sreenivas-silk-house.myshopify.com,IN / INR,meta.json: Tamil Nadu,2/2 found,2/2 found,instagram.com/hayagrivas_silkhouse,source meta_json,meta:200 home:200 contact:200 info:200 privacy:200,,,
595,houseofmakeup.com,PASS,PASS,PASS,PASS,PASS,PASS,PASS,housofmakeupstore.myshopify.com,IN / INR,meta.json: Maharashtra,1/1 found,1/1 found,instagram.com/houseofmakeupofficial,source meta_json,meta:200 home:200 contact:200 info:200 privacy:200,,,
596,manmandir.com,PASS,PASS,PASS,PASS,PASS,PASS,PASS,man-mandironline.myshopify.com,IN / INR,meta.json: Tamil Nadu,1/1 found,2/2 found,instagram.com/man_mandir_saris,source about_meta_description,meta:200 home:200 contact:200 info:200 privacy:200,,,
597,natriel.com,PASS,PASS,PASS,PASS,PASS,PASS,PASS,44206b-28.myshopify.com,IN / INR,meta.json: Rajasthan,1/1 found,1/1 found,instagram.com/natrielonline,source meta_json,meta:200 home:200 contact:200 info:200 privacy:200,,,
598,onesciencenutrition.in,PASS,PASS,PASS,PASS,PASS,PASS,PASS,uguf0k-86.myshopify.com,IN / INR,meta.json: Delhi,1/1 found,1/1 found,instagram.com/one.science.nutrition.in,source meta_json,meta:200 home:200 contact:200 info:200 privacy:200,,,
599,saicreationswatches.com,PASS,PASS,PASS,PASS,PASS,PASS,PASS,8aea0b.myshopify.com,IN / INR,meta.json: Uttar Pradesh,2/2 found,1/1 found,instagram.com/saicreations.watches,source meta_json,meta:200 home:200 contact:200 info:200 privacy:200,,,
600,stahlkitchens.com,PASS,PASS,PASS,PASS,PASS,PASS,PASS,stahl-kitchens.myshopify.com,IN / INR,meta.json: Maharashtra,2/2 found,1/1 found,instagram.com/stahl_india,source meta_json,meta:200 home:200 contact:200 info:404 privacy:200,,,
601,thebakingtools.com,PASS,PASS,PASS,PASS,PASS,PASS,PASS,3a8623-3.myshopify.com,IN / INR,meta.json: Maharashtra,2/2 found,1/1 found,instagram.com/thebakingtoolsofficial,source meta_json,meta:200 home:200 contact:200 info:blocked by robots.txt privacy:blocked by robots.txt,,,
602,urbanspacestore.in,PASS,PASS,PASS,PASS,PASS,PASS,PASS,urban-space-home-furnishing-store.myshopify.com,IN / INR,meta.json: Gujarat,2/2 found,1/1 found,instagram.com/urbanspacestore.in,source meta_json,meta:200 home:200 contact:404 info:200 privacy:200,,,
603,skininspired.in,PASS,PASS,PASS,PASS,PASS,PASS,PASS,skin-inspired.myshopify.com,IN / INR,meta.json: Rajasthan,2/2 found,1/1 found,instagram.com/skininspired.in,source meta_json,meta:200 home:200 contact:200 info:200 privacy:200,,,
604,arihantcreations.co.in,PASS,PASS,PASS,PASS,PASS,PASS,PASS,mywscv-k5.myshopify.com,IN / INR,meta.json: Gujarat,1/1 found,1/1 found,instagram.com/arihant.creations.st,source meta_json,meta:200 home:200 contact:200 info:blocked by robots.txt privacy:blocked by robots.txt,,,
605,barvaskintherapie.com,PASS,PASS,PASS,PASS,PASS,PASS,PASS,barva-skin-therapie.myshopify.com,IN / INR,meta.json: Maharashtra,1/1 found,2/2 found,instagram.com/barvaskintherapie,source meta_json,meta:200 home:200 contact:200 info:200 privacy:200,,,
606,bluorng.com,PASS,PASS,PASS,PASS,PASS,PASS,PASS,bluorng.myshopify.com,IN / INR,meta.json: Delhi,3/3 found,3/3 found,instagram.com/bluorng,source meta_json,meta:200 home:200 contact:404 info:200 privacy:200,,,
607,cinnamon.kitchen,PASS,PASS,PASS,PASS,PASS,PASS,PASS,cinnamonkitchen.myshopify.com,IN / INR,meta.json: Uttar Pradesh,1/1 found,2/2 found,instagram.com/cinnamonkitchenindia,source meta_json,meta:200 home:200 contact:200 info:200 privacy:200,,,
608,forevernew.co.in,PASS,PASS,PASS,PASS,PASS,PASS,PASS,forevernewindia.myshopify.com,IN / INR,meta.json: Haryana,3/3 found,2/2 found,instagram.com/forevernew_india,source meta_json,meta:200 home:200 contact:200 info:404 privacy:200,,,
609,jagdishfarshan.com,PASS,PASS,PASS,PASS,PASS,PASS,PASS,jagdishfarshan.myshopify.com,IN / INR,meta.json: Gujarat,3/3 found,1/1 found,instagram.com/jagdishfarshan,source meta_json,meta:200 home:200 contact:200 info:200 privacy:200,,,
610,onefridayworld.com,PASS,PASS,PASS,PASS,PASS,PASS,PASS,onefriday-world.myshopify.com,IN / INR,meta.json: Uttar Pradesh,1/1 found,1/1 found,instagram.com/onefridayworld,source meta_json,meta:200 home:200 contact:200 info:200 privacy:200,,,
611,saltattire.com,PASS,PASS,PASS,PASS,PASS,PASS,PASS,salt-attire.myshopify.com,IN / INR,meta.json: Haryana,1/1 found,3/3 found,instagram.com/saltattire,source meta_json,meta:200 home:200 contact:200 info:200 privacy:200,,,
612,typsybeauty.com,PASS,PASS,PASS,PASS,PASS,PASS,PASS,typsy-beauty.myshopify.com,IN / INR,meta.json: Haryana,1/1 found,2/2 found,instagram.com/typsybeauty,source meta_json,meta:200 home:200 contact:200 info:blocked by robots.txt privacy:blocked by robots.txt,,,
613,keyaseth.com,PASS,PASS,PASS,PASS,PASS,PASS,PASS,keyasethexclusive.myshopify.com,IN / INR,meta.json: West Bengal,3/3 found,2/2 found,instagram.com/keyaseth.aromatherapy,source meta_json,meta:200 home:200 contact:404 info:200 privacy:200,,,
614,clara.in,PASS,PASS,PASS,PASS,PASS,PASS,PASS,clarajewellery.myshopify.com,IN / INR,meta.json: Delhi,1/1 found,2/2 found,instagram.com/clara.in,source meta_json,meta:200 home:200 contact:404 info:200 privacy:200,,,
615,damilano.com,PASS,PASS,PASS,PASS,PASS,PASS,PASS,damilano-di.myshopify.com,IN / INR,meta.json: Delhi,2/2 found,1/1 found,instagram.com/damilanoitalia,source about_paragraph,meta:200 home:200 contact:200 info:200 privacy:200,,,
616,greathappy.in,PASS,PASS,PASS,PASS,PASS,PASS,PASS,great-happy-in.myshopify.com,IN / INR,meta.json: West Bengal,2/2 found,2/2 found,instagram.com/info.greathappy,source meta_json,meta:200 home:200 contact:404 info:200 privacy:200,,,
617,kitsguru.com,PASS,PASS,PASS,PASS,PASS,PASS,PASS,kitsguru.myshopify.com,IN / INR,meta.json: Uttar Pradesh,2/2 found,1/1 found,instagram.com/labsguru,source meta_json,meta:200 home:200 contact:404 info:404 privacy:200,,,
618,krishnasaree.in,PASS,PASS,PASS,PASS,PASS,PASS,PASS,458900-3.myshopify.com,IN / INR,meta.json: Rajasthan,2/2 found,1/1 found,instagram.com/krishnasaree001,source meta_json,meta:200 home:200 contact:200 info:200 privacy:200,,,
619,sparkleandglow.co.in,PASS,PASS,PASS,PASS,PASS,PASS,PASS,shopsparkleandglow.myshopify.com,IN / INR,meta.json: Karnataka,1/1 found,1/1 found,instagram.com/sparklesbyarchana,source meta_json,meta:200 home:200 contact:200 info:blocked by robots.txt privacy:blocked by robots.txt,,,
620,prinjal.com,PASS,PASS,PASS,PASS,PASS,PASS,PASS,prinjal-jewellers.myshopify.com,IN / INR,meta.json: Gujarat,1/1 found,1/1 found,instagram.com/prinjal.official,source meta_json,meta:200 home:200 contact:200 info:blocked by robots.txt privacy:blocked by robots.txt,,,
621,trunativ.co,PASS,PASS,PASS,PASS,PASS,PASS,PASS,trunative.myshopify.com,IN / INR,meta.json: Maharashtra,2/2 found,2/2 found,instagram.com/trunativ,source meta_json,meta:200 home:200 contact:200 info:blocked by robots.txt privacy:blocked by robots.txt,,,
622,balajiwafers.com,PASS,PASS,PASS,PASS,PASS,PASS,PASS,balaji-wafers-ting.myshopify.com,IN / INR,meta.json: Gujarat,1/1 found,3/3 found,instagram.com/balajiwafers,source meta_json,meta:200 home:200 contact:200 info:blocked by robots.txt privacy:blocked by robots.txt,,,
623,bkhorganics.in,PASS,PASS,PASS,PASS,PASS,PASS,PASS,zyiq5n-xe.myshopify.com,IN / INR,meta.json: Tamil Nadu,1/1 found,3/3 found,instagram.com/bkhorganics,source meta_json,meta:200 home:200 contact:200 info:200 privacy:200,,,
624,janasya.com,PASS,PASS,PASS,PASS,PASS,PASS,PASS,janasya-india.myshopify.com,IN / INR,meta.json: Gujarat,2/2 found,2/2 found,instagram.com/janasyaclothing,source meta_json,meta:200 home:200 contact:404 info:200 privacy:200,,,
625,nutrabox.in,PASS,PASS,PASS,PASS,PASS,PASS,PASS,nutrabox-india.myshopify.com,IN / INR,meta.json: Gujarat,2/2 found,2/2 found,instagram.com/nutraboxindia,source meta_json,meta:200 home:200 contact:200 info:200 privacy:200,,,
626,simplynam.com,PASS,PASS,PASS,PASS,PASS,PASS,PASS,simply-nam.myshopify.com,IN / INR,meta.json: Maharashtra,2/2 found,1/1 found,instagram.com/simplynam.beauty,source meta_json,meta:200 home:200 contact:404 info:200 privacy:200,,,
627,skillotoys.com,PASS,PASS,PASS,PASS,PASS,PASS,PASS,skillotoys.myshopify.com,IN / INR,meta.json: Karnataka,1/1 found,1/1 found,instagram.com/skillotoys,source meta_json,meta:200 home:200 contact:200 info:200 privacy:200,,,
628,skinbae.in,PASS,PASS,PASS,PASS,PASS,PASS,PASS,skinbae-in.myshopify.com,IN / INR,meta.json: Telangana,1/1 found,1/1 found,instagram.com/skinbae.in,source meta_json,meta:200 home:200 contact:404 info:blocked by robots.txt privacy:blocked by robots.txt,,,
629,sotrue.in,PASS,PASS,PASS,PASS,PASS,PASS,PASS,sotrue-store.myshopify.com,IN / INR,meta.json: Uttar Pradesh,1/1 found,1/1 found,instagram.com/sotrue.beauty,source meta_json,meta:200 home:200 contact:200 info:200 privacy:200,,,
630,srivarahafoods.com,PASS,PASS,PASS,PASS,PASS,PASS,PASS,nhtzmu-bb.myshopify.com,IN / INR,meta.json: Tamil Nadu,2/2 found,3/3 found,instagram.com/srivaraha_foods,source meta_json,meta:200 home:200 contact:200 info:200 privacy:200,,,
631,sugandhlok.com,PASS,PASS,PASS,PASS,PASS,PASS,PASS,sungandh-lok.myshopify.com,IN / INR,meta.json: Karnataka,1/1 found,1/1 found,instagram.com/sugandhlokindia,source meta_json,meta:200 home:200 contact:200 info:200 privacy:200,,,
632,theknotcompany.in,PASS,PASS,PASS,PASS,PASS,PASS,PASS,d7a8f4.myshopify.com,IN / INR,meta.json: Rajasthan,2/2 found,1/1 found,instagram.com/theknotcompany.in,source meta_json,meta:200 home:200 contact:200 info:200 privacy:200,,,
633,urturms.com,PASS,PASS,PASS,PASS,PASS,PASS,PASS,turms.myshopify.com,IN / INR,meta.json: Karnataka,1/1 found,1/1 found,instagram.com/turms_intelligent_apparel,source meta_json,meta:200 home:200 contact:200 info:200 privacy:200,,,
634,birdsofparadyes.com,PASS,PASS,PASS,PASS,PASS,PASS,PASS,birds-of-paradyes.myshopify.com,IN / INR,meta.json: Gujarat,1/1 found,1/1 found,instagram.com/birdsofparadyes,source meta_json,meta:200 home:200 contact:200 info:200 privacy:200,,,
635,beautygarage.com,PASS,PASS,PASS,PASS,PASS,PASS,PASS,cdvy91-nw.myshopify.com,IN / INR,meta.json: Maharashtra,2/2 found,2/2 found,instagram.com/beautygarageofficial,source about_paragraph,meta:200 home:200 contact:200 info:200 privacy:200,,,
636,houseofmasaba.com,PASS,PASS,PASS,PASS,PASS,PASS,PASS,house-of-masaba.myshopify.com,IN / INR,meta.json: Maharashtra,3/3 found,1/1 found,instagram.com/houseofmasaba,source meta_json,meta:200 home:200 contact:404 info:404 privacy:200,,,
637,indygood.com,PASS,PASS,PASS,PASS,PASS,PASS,PASS,fud2de-5w.myshopify.com,IN / INR,meta.json: Maharashtra,1/1 found,2/2 found,instagram.com/thestateplateofficial,source meta_json,meta:200 home:200 contact:200 info:200 privacy:200,,,
638,pachaiyappas.in,PASS,PASS,PASS,PASS,PASS,PASS,PASS,pachiyappassilks.myshopify.com,IN / INR,meta.json: Tamil Nadu,2/2 found,3/3 found,instagram.com/pachaiyappas_silks,source about_paragraph,meta:200 home:200 contact:200 info:200 privacy:200,,,
639,purenutrition.in,PASS,PASS,PASS,PASS,PASS,PASS,PASS,herbs-nutriproducts-private-limited.myshopify.com,IN / INR,meta.json: Maharashtra,2/2 found,3/3 found,instagram.com/purenutrition_in,source meta_json,meta:200 home:200 contact:200 info:200 privacy:200,,,
640,rasluxuryoils.com,PASS,PASS,PASS,PASS,PASS,PASS,PASS,ras-luxury-oils-india.myshopify.com,IN / INR,meta.json: Chhattisgarh,1/1 found,2/2 found,instagram.com/rasluxuryoils,source meta_json,meta:200 home:200 contact:404 info:200 privacy:200,,,
641,spigen.in,PASS,PASS,PASS,PASS,PASS,PASS,PASS,starke-admin.myshopify.com,IN / INR,meta.json: Uttar Pradesh,2/2 found,2/2 found,instagram.com/spigen.india,source meta_json,meta:200 home:200 contact:200 info:200 privacy:200,,,
642,spykar.com,PASS,PASS,PASS,PASS,PASS,PASS,PASS,spykar-lifestyles.myshopify.com,IN / INR,meta.json: Maharashtra,1/1 found,1/1 found,instagram.com/spykarofficial,source meta_json,meta:200 home:200 contact:200 info:200 privacy:200,,,
643,tanotis.com,PASS,PASS,PASS,PASS,PASS,PASS,PASS,tanotis.myshopify.com,IN / INR,meta.json: Karnataka,3/3 found,2/2 found,instagram.com/tanotis,source meta_json,meta:200 home:200 contact:200 info:404 privacy:200,,,
644,cantabilshop.com,PASS,PASS,PASS,PASS,PASS,PASS,PASS,blue-wake-india.myshopify.com,IN / INR,meta.json: Delhi,1/1 found,1/1 found,instagram.com/cantabilindia,source meta_json,meta:200 home:200 contact:200 info:200 privacy:200,,,
645,dukeindia.com,PASS,PASS,PASS,PASS,PASS,PASS,PASS,duke-india.myshopify.com,IN / INR,meta.json: Punjab,1/1 found,2/2 found,instagram.com/dukefashions,source meta_json,meta:200 home:200 contact:200 info:404 privacy:200,,,
646,muffynn.com,PASS,PASS,PASS,PASS,PASS,PASS,PASS,muffynn.myshopify.com,IN / INR,meta.json: Maharashtra,2/2 found,3/3 found,instagram.com/muffynnofficial,source meta_json,meta:200 home:200 contact:200 info:200 privacy:200,,,
647,sprig.store,PASS,PASS,PASS,PASS,PASS,PASS,PASS,sprigstore-com.myshopify.com,IN / INR,meta.json: Karnataka,1/1 found,1/1 found,instagram.com/sprig.store,source meta_json,meta:200 home:200 contact:404 info:blocked by robots.txt privacy:blocked by robots.txt,,,
648,thekkgroups.in,PASS,PASS,PASS,PASS,PASS,PASS,PASS,kkgroupsofficials.myshopify.com,IN / INR,meta.json: Rajasthan,3/3 found,2/2 found,instagram.com/thekkgroups.in,source meta_json,meta:200 home:200 contact:200 info:200 privacy:200,,,
649,yourlibaas.com,PASS,PASS,PASS,PASS,PASS,PASS,PASS,yourlibaas.myshopify.com,IN / INR,meta.json: Delhi,1/1 found,1/1 found,instagram.com/yourlibaas,source meta_json,meta:200 home:200 contact:404 info:200 privacy:200,,,
650,hmrhandlooms.com,PASS,PASS,PASS,PASS,PASS,PASS,PASS,hmr-handlooms.myshopify.com,IN / INR,meta.json: Uttar Pradesh,2/2 found,3/3 found,instagram.com/hmr.handlooms,source meta_json,meta:200 home:200 contact:200 info:200 privacy:200,,,
651,houseofraadhvi.com,PASS,PASS,PASS,PASS,PASS,PASS,PASS,house-of-raadhya.myshopify.com,IN / INR,meta.json: Karnataka,1/1 found,2/2 found,instagram.com/houseof.raadhya_sarees,source meta_json,meta:200 home:200 contact:200 info:404 privacy:200,,,
652,lovechild.in,PASS,PASS,PASS,PASS,PASS,PASS,PASS,love-child-official.myshopify.com,IN / INR,meta.json: Maharashtra,3/3 found,3/3 found,instagram.com/lovechildbymasaba,source meta_json,meta:200 home:200 contact:200 info:200 privacy:200,,,
653,motocentral.in,PASS,PASS,PASS,PASS,PASS,PASS,PASS,motocentral.myshopify.com,IN / INR,meta.json: Maharashtra,1/1 found,1/1 found,instagram.com/motocentralindia,source meta_json,meta:200 home:200 contact:404 info:200 privacy:200,,,
654,atomicpharmacy.in,PASS,PASS,PASS,PASS,PASS,PASS,PASS,27af08-2.myshopify.com,IN / INR,meta.json: Uttar Pradesh,1/1 found,1/1 found,instagram.com/atomicpharmacy,source meta_json,meta:200 home:200 contact:200 info:blocked by robots.txt privacy:blocked by robots.txt,,,
655,bowlfulstore.com,PASS,PASS,PASS,PASS,PASS,PASS,PASS,bowlful-foods.myshopify.com,IN / INR,meta.json: Gujarat,2/2 found,2/2 found,instagram.com/bowlful.store,source meta_json,meta:200 home:200 contact:200 info:200 privacy:200,,,
656,getmymettle.com,PASS,PASS,PASS,PASS,PASS,PASS,PASS,getmymettle.myshopify.com,IN / INR,meta.json: Delhi,1/1 found,1/1 found,instagram.com/getmymettle,source meta_json,meta:200 home:200 contact:404 info:blocked by robots.txt privacy:blocked by robots.txt,,,
657,pureus.in,PASS,PASS,PASS,PASS,PASS,PASS,PASS,734be7-fa.myshopify.com,IN / INR,meta.json: Delhi,3/3 found,1/1 found,instagram.com/pureusofficial,source about_meta_description,meta:200 home:200 contact:200 info:200 privacy:200,,,
658,slvsales.in,PASS,PASS,PASS,PASS,PASS,PASS,PASS,x7kany-zz.myshopify.com,IN / INR,meta.json: Punjab,2/2 found,1/1 found,instagram.com/slvsales,source meta_json,meta:200 home:200 contact:200 info:200 privacy:200,,,
659,motovolt.co,PASS,PASS,PASS,PASS,PASS,PASS,PASS,motovoltstore.myshopify.com,IN / INR,meta.json: West Bengal,1/1 found,3/3 found,instagram.com/worldofmotovolt,source meta_json,meta:200 home:200 contact:404 info:404 privacy:200,,,
660,fullyfilmy.in,PASS,PASS,PASS,PASS,PASS,PASS,PASS,fully-filmy.myshopify.com,IN / INR,meta.json: Tamil Nadu,1/1 found,1/1 found,instagram.com/fullyfilmy,source meta_json,meta:200 home:200 contact:404 info:404 privacy:200,,,
661,iffcourbangardens.com,PASS,PASS,PASS,PASS,PASS,PASS,PASS,iffco-urban-garden.myshopify.com,IN / INR,meta.json: Haryana,3/3 found,3/3 found,instagram.com/iffcourbangardens,source meta_json,meta:200 home:200 contact:404 info:200 privacy:200,,,
662,mlada.in,PASS,PASS,PASS,PASS,PASS,PASS,PASS,mlada-clothing.myshopify.com,IN / INR,meta.json: Punjab,1/1 found,1/1 found,instagram.com/mlada.in,source meta_json,meta:200 home:200 contact:200 info:200 privacy:200,,,
663,theprink.in,PASS,PASS,PASS,PASS,PASS,PASS,PASS,prink-in.myshopify.com,IN / INR,meta.json: Tamil Nadu,1/1 found,1/1 found,instagram.com/theprink.in,source meta_json,meta:200 home:200 contact:404 info:200 privacy:200,,,
664,bhatnbhat.in,PASS,PASS,PASS,PASS,PASS,PASS,PASS,5bc05d-c2.myshopify.com,IN / INR,meta.json: Kerala,2/2 found,1/1 found,instagram.com/bhatnbhat98,source meta_json,meta:200 home:200 contact:404 info:200 privacy:200,,,
665,cheesewalk.co,PASS,PASS,PASS,PASS,PASS,PASS,PASS,e1vjmp-0s.myshopify.com,IN / INR,meta.json: Maharashtra,1/1 found,1/1 found,instagram.com/cheesewalkco,source meta_json,meta:200 home:200 contact:200 info:404 privacy:200,,,
666,kenstar.in,PASS,PASS,PASS,PASS,PASS,PASS,PASS,kenstar-store.myshopify.com,IN / INR,meta.json: Haryana,1/1 found,3/3 found,instagram.com/kenstarindia,source meta_json,meta:200 home:200 contact:200 info:200 privacy:200,,,
667,peesafe.com,PASS,PASS,PASS,PASS,PASS,PASS,PASS,pee-safe.myshopify.com,IN / INR,meta.json: Haryana,3/3 found,2/2 found,instagram.com/peesafe,source meta_json,meta:200 home:200 contact:404 info:404 privacy:200,,,
668,bangalorewatchco.in,PASS,PASS,PASS,PASS,PASS,PASS,PASS,bangalore-watch-company.myshopify.com,IN / INR,meta.json: Karnataka,3/3 found,1/1 found,instagram.com/bangalorewatchco,source meta_json,meta:200 home:200 contact:200 info:blocked by robots.txt privacy:blocked by robots.txt,,,
669,balgopalcollection.com,PASS,PASS,PASS,PASS,PASS,PASS,PASS,950b2b-e8.myshopify.com,IN / INR,meta.json: Haryana,2/2 found,1/1 found,instagram.com/ladoo_gopal_collection_,source meta_json,meta:200 home:200 contact:200 info:200 privacy:200,,,
670,soulflower.in,PASS,PASS,PASS,PASS,PASS,PASS,PASS,soulflower-bc21.myshopify.com,IN / INR,meta.json: Maharashtra,4/4 found,1/1 found,instagram.com/soulflowerindia,source meta_json,meta:200 home:200 contact:200 info:200 privacy:200,,,
671,wellbi.in,PASS,PASS,PASS,PASS,PASS,PASS,PASS,wellbi-india.myshopify.com,IN / INR,meta.json: Karnataka,1/1 found,1/1 found,instagram.com/wellbi.in,source meta_json,meta:200 home:200 contact:404 info:200 privacy:200,,,
672,casegear.in,PASS,PASS,PASS,PASS,PASS,PASS,PASS,casegea.myshopify.com,IN / INR,meta.json: Haryana,2/2 found,2/2 found,instagram.com/casegear.in,source meta_json,meta:200 home:200 contact:200 info:200 privacy:200,,,
673,jaimantoys.com,PASS,PASS,PASS,PASS,PASS,PASS,PASS,99829d-f4.myshopify.com,IN / INR,meta.json: Delhi,1/1 found,2/2 found,instagram.com/jaimantoys,source meta_json,meta:200 home:200 contact:404 info:200 privacy:200,,,
674,woodentwist.com,PASS,PASS,PASS,PASS,PASS,PASS,PASS,woodentwist.myshopify.com,IN / INR,meta.json: Uttar Pradesh,1/1 found,2/2 found,instagram.com/woodentwist,source meta_json,meta:200 home:200 contact:404 info:200 privacy:200,,,
675,amicikart.com,PASS,PASS,PASS,PASS,PASS,PASS,PASS,c0tmiz-hs.myshopify.com,IN / INR,meta.json: Uttar Pradesh,2/2 found,1/1 found,instagram.com/amicikart,source meta_json,meta:200 home:200 contact:404 info:200 privacy:200,,,
676,divisastore.com,PASS,PASS,PASS,PASS,PASS,PASS,PASS,divisa-store.myshopify.com,IN / INR,meta.json: Haryana,1/1 found,2/2 found,instagram.com/divisaonlinestore,source meta_json,meta:200 home:200 contact:200 info:200 privacy:200,,,
677,hashtageyewears.com,PASS,PASS,PASS,PASS,PASS,PASS,PASS,c6c623-3.myshopify.com,IN / INR,meta.json: Delhi,1/1 found,3/3 found,instagram.com/hashtageyewears,source meta_json,meta:200 home:200 contact:200 info:blocked by robots.txt privacy:blocked by robots.txt,,,
678,theaudio.co,PASS,PASS,PASS,PASS,PASS,PASS,PASS,blingizmo.myshopify.com,IN / INR,meta.json: Haryana,1/1 found,1/1 found,instagram.com/theaudio.co,source meta_json,meta:200 home:200 contact:200 info:blocked by robots.txt privacy:blocked by robots.txt,,,
679,involveyoursenses.com,PASS,PASS,PASS,PASS,PASS,PASS,PASS,store-involve-your-senses.myshopify.com,IN / INR,meta.json: Maharashtra,3/3 found,2/2 found,instagram.com/involveyoursenses,source meta_json,meta:200 home:200 contact:200 info:200 privacy:200,,,
680,onyxaqua.com,PASS,PASS,PASS,PASS,PASS,PASS,PASS,onyxaqua.myshopify.com,IN / INR,meta.json: Kerala,2/2 found,2/2 found,instagram.com/onyxaquafarm,source meta_json,meta:200 home:200 contact:200 info:200 privacy:200,,,
681,threesixty.life,PASS,PASS,PASS,PASS,PASS,PASS,PASS,three-sixty-leather.myshopify.com,IN / INR,meta.json: Haryana,3/3 found,3/3 found,instagram.com/threesixty.leather,source meta_json,meta:200 home:200 contact:200 info:200 privacy:200,,,
682,uniseoul.in,PASS,PASS,PASS,PASS,PASS,PASS,PASS,8e375d-2.myshopify.com,IN / INR,meta.json: Maharashtra,1/1 found,1/1 found,instagram.com/uni.seoul,source meta_json,meta:200 home:200 contact:200 info:200 privacy:200,,,
683,jpttools.com,PASS,PASS,PASS,PASS,PASS,PASS,PASS,jpt-tool.myshopify.com,IN / INR,meta.json: Madhya Pradesh,1/1 found,1/1 found,instagram.com/jpttools,source meta_json,meta:200 home:200 contact:404 info:200 privacy:200,,,
684,hasthip.com,PASS,PASS,PASS,PASS,PASS,PASS,PASS,hasthip-3427.myshopify.com,IN / INR,meta.json: Delhi,1/1 found,2/2 found,instagram.com/hasthipindia,source meta_json,meta:200 home:200 contact:200 info:200 privacy:200,,,
685,1970store.com,PASS,PASS,PASS,PASS,PASS,PASS,PASS,online-bhawar-com.myshopify.com,IN / INR,meta.json: Tamil Nadu,1/1 found,1/1 found,instagram.com/the1970.store,source meta_json,meta:200 home:200 contact:404 info:200 privacy:200,,,
686,adiakshoy.com,PASS,PASS,PASS,PASS,PASS,PASS,PASS,5dfc68-ec.myshopify.com,IN / INR,meta.json: West Bengal,2/2 found,2/2 found,instagram.com/adi.akshoy,source meta_json,meta:200 home:200 contact:200 info:200 privacy:200,,,
687,amaltaas.com,PASS,PASS,PASS,PASS,PASS,PASS,PASS,amaltaas.myshopify.com,IN / INR,meta.json: Haryana,1/1 found,1/1 found,instagram.com/amaltaasjewellery,source meta_json,meta:200 home:200 contact:404 info:blocked by robots.txt privacy:blocked by robots.txt,,,
688,bugattishoes.in,PASS,PASS,PASS,PASS,PASS,PASS,PASS,bugatti-shoes-ind.myshopify.com,IN / INR,meta.json: Maharashtra,3/3 found,1/1 found,instagram.com/bugattishoes.in,source meta_json,meta:200 home:200 contact:200 info:200 privacy:200,,,
689,earthlyjewels.co,PASS,PASS,PASS,PASS,PASS,PASS,PASS,y7srws-f4.myshopify.com,IN / INR,meta.json: Maharashtra,2/2 found,1/1 found,instagram.com/earthlyjewels.co,source meta_json,meta:200 home:200 contact:200 info:200 privacy:200,,,
690,fabunora.com,PASS,PASS,PASS,PASS,PASS,PASS,PASS,glowcent.myshopify.com,IN / INR,meta.json: Rajasthan,1/1 found,1/1 found,instagram.com/fabunora.com_,source meta_json,meta:200 home:200 contact:404 info:200 privacy:200,,,
691,fns.co.in,PASS,PASS,PASS,PASS,PASS,PASS,PASS,fnsss.myshopify.com,IN / INR,meta.json: Delhi,2/2 found,3/3 found,instagram.com/fnsinternational,source meta_json,meta:200 home:200 contact:200 info:200 privacy:200,,,
692,heelsindia.com,PASS,PASS,PASS,PASS,PASS,PASS,PASS,the-heels-india.myshopify.com,IN / INR,meta.json: Delhi,1/1 found,3/3 found,instagram.com/theheels.india,source meta_json,meta:200 home:200 contact:404 info:200 privacy:200,,,
693,houseofpanchhi.com,PASS,PASS,PASS,PASS,PASS,PASS,PASS,houseofpanchhi.myshopify.com,IN / INR,meta.json: Gujarat,3/3 found,2/2 found,instagram.com/houseofpanchhi,source meta_json,meta:200 home:200 contact:200 info:200 privacy:200,,,
694,aflairza.com,PASS,PASS,PASS,PASS,PASS,PASS,PASS,aflairza.myshopify.com,IN / INR,meta.json: Gujarat,1/1 found,1/1 found,instagram.com/aflairza,source meta_json,meta:200 home:200 contact:200 info:200 privacy:200,,,
695,amrahwholesale.com,PASS,PASS,PASS,PASS,PASS,PASS,PASS,amrahwholesale.myshopify.com,IN / INR,meta.json: Gujarat,1/1 found,1/1 found,instagram.com/amrahwholesale,source meta_json,meta:200 home:200 contact:200 info:blocked by robots.txt privacy:blocked by robots.txt,,,
696,bookstech.in,PASS,PASS,PASS,PASS,PASS,PASS,PASS,bookstech-live.myshopify.com,IN / INR,meta.json: Delhi,2/2 found,2/2 found,instagram.com/bookstech.in,source meta_json,meta:200 home:200 contact:200 info:200 privacy:200,,,
697,caialifestylejewellery.com,PASS,PASS,PASS,PASS,PASS,PASS,PASS,caia-in.myshopify.com,IN / INR,meta.json: Karnataka,1/1 found,2/2 found,instagram.com/caialifestylejewellery,source meta_json,meta:200 home:200 contact:200 info:blocked by robots.txt privacy:blocked by robots.txt,,,
698,chhajedgarden.com,PASS,PASS,PASS,PASS,PASS,PASS,PASS,cgaspl.myshopify.com,IN / INR,meta.json: Maharashtra,2/2 found,1/1 found,instagram.com/chhajedgardens,source meta_json,meta:200 home:200 contact:404 info:404 privacy:200,,,
699,chinayabanaras.com,PASS,PASS,PASS,PASS,PASS,PASS,PASS,chinaya-banaras.myshopify.com,IN / INR,meta.json: Uttar Pradesh,1/1 found,1/1 found,instagram.com/chinayabanaras,source meta_json,meta:200 home:200 contact:200 info:200 privacy:200,,,
700,farak.co,PASS,PASS,PASS,PASS,PASS,PASS,PASS,farakwear.myshopify.com,IN / INR,meta.json: Rajasthan,4/4 found,3/3 found,instagram.com/farakwear,source meta_json,meta:200 home:200 contact:200 info:200 privacy:200,,,
701,blackzone.in,PASS,PASS,PASS,PASS,PASS,PASS,PASS,theblackzone.myshopify.com,IN / INR,meta.json: Delhi,1/1 found,3/3 found,instagram.com/blackzonemobiles,source meta_json,meta:200 home:200 contact:200 info:200 privacy:200,,,
702,chatterboxlabels.com,PASS,PASS,PASS,PASS,PASS,PASS,PASS,chatterbox-labels.myshopify.com,IN / INR,meta.json: Maharashtra,2/2 found,1/1 found,instagram.com/chatterboxlabels,source meta_json,meta:200 home:200 contact:404 info:200 privacy:200,,,
703,ergonstyle.com,PASS,PASS,PASS,PASS,PASS,PASS,PASS,ergons.myshopify.com,IN / INR,meta.json: Uttar Pradesh,1/1 found,1/1 found,instagram.com/ergonstyle,source meta_json,meta:200 home:200 contact:200 info:404 privacy:200,,,
705,hazelkitchenware.com,PASS,PASS,PASS,PASS,PASS,PASS,PASS,hazelkitchenware.myshopify.com,IN / INR,meta.json: Maharashtra,2/2 found,1/1 found,instagram.com/hazelkitchenware,source meta_json,meta:200 home:200 contact:200 info:200 privacy:200,,,
707,anuvas.com,PASS,PASS,PASS,PASS,PASS,PASS,PASS,myanuvas.myshopify.com,IN / INR,meta.json: Rajasthan,1/1 found,1/1 found,instagram.com/anuvasofficial,source meta_json,meta:200 home:200 contact:404 info:200 privacy:429,,,
708,bowandsquare.com,PASS,PASS,PASS,PASS,PASS,PASS,PASS,bowandsquare.myshopify.com,IN / INR,meta.json: Uttarakhand,2/2 found,1/1 found,instagram.com/bowandsquareindia,source meta_json,meta:200 home:200 contact:404 info:404 privacy:429,,,
709,chikankaar.com,PASS,PASS,PASS,PASS,PASS,PASS,PASS,chikankaar-3397.myshopify.com,IN / INR,meta.json: Uttar Pradesh,1/1 found,2/2 found,instagram.com/chikankaar.com_,source meta_json,meta:200 home:200 contact:200 info:blocked by robots.txt privacy:blocked by robots.txt,,,
712,cricketershop.com,PASS,PASS,PASS,PASS,PASS,PASS,PASS,cricketerstore.myshopify.com,IN / INR,meta.json: Punjab,1/1 found,1/1 found,instagram.com/cricketershop,source meta_json,meta:200 home:429 contact:200 info:blocked by robots.txt privacy:blocked by robots.txt,,,
714,cottonsjaipur.com,PASS,PASS,PASS,PASS,PASS,PASS,PASS,cottons-jaipur.myshopify.com,IN / INR,meta.json: Rajasthan,2/2 found,2/2 found,instagram.com/cottonsjaipur,source meta_json,meta:200 home:200 contact:404 info:200 privacy:200,,,
716,bodycareapparels.com,PASS,PASS,PASS,PASS,PASS,PASS,PASS,bodycareapparels.myshopify.com,IN / INR,meta.json: Uttar Pradesh,1/1 found,1/1 found,instagram.com/bodycareapparels,source meta_json,meta:200 home:200 contact:404 info:200 privacy:200,,,
717,colorsofearth.in,PASS,PASS,PASS,PASS,PASS,PASS,PASS,colors-ofearth.myshopify.com,IN / INR,meta.json: Gujarat,2/2 found,1/1 found,instagram.com/colorsofearth.in,source meta_json,meta:200 home:200 contact:200 info:200 privacy:200,,,
718,houseofmachines.in,PASS,PASS,PASS,PASS,PASS,PASS,PASS,fke28d-b8.myshopify.com,IN / INR,meta.json: Karnataka,1/1 found,3/3 found,instagram.com/h.o.m_india,source meta_json,meta:200 home:200 contact:404 info:404 privacy:200,,,
719,havein.in,PASS,PASS,PASS,PASS,PASS,PASS,PASS,pviral3667-1292.myshopify.com,IN / INR,meta.json: Gujarat,2/2 found,1/1 found,instagram.com/haveinworld,source meta_json,meta:200 home:200 contact:200 info:200 privacy:200,,,
720,ayazperfume.com,PASS,PASS,PASS,PASS,PASS,PASS,PASS,86391c-7d.myshopify.com,IN / INR,meta.json: Delhi,1/1 found,1/1 found,instagram.com/ayazperfume,source meta_json,meta:200 home:200 contact:200 info:200 privacy:200,,,
721,denzournutrition.com,PASS,PASS,PASS,PASS,PASS,PASS,PASS,denzournutrition.myshopify.com,IN / INR,meta.json: Uttar Pradesh,2/2 found,2/2 found,instagram.com/denzournutrition,source meta_json,meta:200 home:200 contact:200 info:200 privacy:200,,,
722,edusparktoys.com,PASS,PASS,PASS,PASS,PASS,PASS,PASS,eduspark.myshopify.com,IN / INR,meta.json: Maharashtra,3/3 found,3/3 found,instagram.com/edusparktoys,source meta_json,meta:200 home:200 contact:404 info:200 privacy:200,,,
723,gn1917.com,PASS,PASS,PASS,PASS,PASS,PASS,PASS,yadnqp-yu.myshopify.com,IN / INR,meta.json: Tamil Nadu,2/2 found,2/2 found,instagram.com/gn1917official,source meta_json,meta:200 home:200 contact:200 info:200 privacy:200,,,
724,aziot.life,PASS,PASS,PASS,PASS,PASS,PASS,PASS,22225b-72.myshopify.com,IN / INR,meta.json: Telangana,1/1 found,3/3 found,instagram.com/aziot.life,source meta_json,meta:200 home:200 contact:200 info:200 privacy:200,,,
725,eridani.in,PASS,PASS,PASS,PASS,PASS,PASS,PASS,eridanistore.myshopify.com,IN / INR,meta.json: Maharashtra,1/1 found,1/1 found,instagram.com/eridani.in,source meta_json,meta:200 home:200 contact:404 info:blocked by robots.txt privacy:blocked by robots.txt,,,
726,bloomingfloret.in,PASS,PASS,PASS,PASS,PASS,PASS,PASS,blooming-floret-store.myshopify.com,IN / INR,meta.json: Delhi,1/1 found,1/1 found,instagram.com/bloomingfloret.co,source meta_json,meta:200 home:200 contact:200 info:200 privacy:200,,,
727,7daysnatural.in,PASS,PASS,PASS,PASS,PASS,PASS,PASS,3ad9bb.myshopify.com,IN / INR,meta.json: Haryana,1/1 found,1/1 found,instagram.com/7daysnatural,source meta_json,meta:200 home:200 contact:200 info:200 privacy:200,,,
728,aimilpharma.life,PASS,PASS,PASS,PASS,PASS,PASS,PASS,bgr-34-life.myshopify.com,IN / INR,meta.json: Delhi,1/1 found,1/1 found,instagram.com/aimil_pharma.life,source meta_json,meta:200 home:200 contact:404 info:200 privacy:200,,,
729,buytestseries.in,PASS,PASS,PASS,PASS,PASS,PASS,PASS,buytestseries.myshopify.com,IN / INR,meta.json: Maharashtra,2/2 found,3/3 found,instagram.com/buytestseries,source meta_json,meta:200 home:200 contact:200 info:200 privacy:200,,,
730,adornsilver.co,PASS,PASS,PASS,PASS,PASS,PASS,PASS,anupam-silver.myshopify.com,IN / INR,meta.json: Maharashtra,2/2 found,2/2 found,instagram.com/adornsilver.co,source meta_json,meta:200 home:200 contact:200 info:404 privacy:200,,,
731,anayadesignerstudio.com,PASS,PASS,PASS,PASS,PASS,PASS,PASS,24690e-9c.myshopify.com,IN / INR,meta.json: Gujarat,1/1 found,1/1 found,instagram.com/anayadesignerstudio,source meta_json,meta:200 home:200 contact:200 info:blocked by robots.txt privacy:blocked by robots.txt,,,
732,angelandrocket.in,PASS,PASS,PASS,PASS,PASS,PASS,PASS,angel-rocket-india.myshopify.com,IN / INR,meta.json: Tamil Nadu,1/1 found,1/1 found,instagram.com/angelandrocket.in,source meta_json,meta:200 home:200 contact:404 info:blocked by robots.txt privacy:blocked by robots.txt,,,
733,crimzonworld.com,PASS,PASS,PASS,PASS,PASS,PASS,PASS,crimzonworld.myshopify.com,IN / INR,meta.json: Maharashtra,3/3 found,2/2 found,instagram.com/crimzonworld,source meta_json,meta:200 home:200 contact:200 info:200 privacy:200,,,
734,globalrepublic.in,PASS,PASS,PASS,PASS,PASS,PASS,PASS,globalrepublic.myshopify.com,IN / INR,meta.json: Delhi,1/1 found,2/2 found,instagram.com/globalrepublicfashions,source meta_json,meta:200 home:200 contact:404 info:200 privacy:200,,,
735,originnutrition.in,PASS,PASS,PASS,PASS,PASS,PASS,PASS,originnutrition.myshopify.com,IN / INR,meta.json: Tamil Nadu,2/2 found,2/2 found,instagram.com/originprotein,source meta_json,meta:200 home:200 contact:200 info:200 privacy:200,,,
736,celgenbiotech.com,PASS,PASS,PASS,PASS,PASS,PASS,PASS,7a86d5-9e.myshopify.com,IN / INR,meta.json: Madhya Pradesh,1/1 found,3/3 found,instagram.com/celgenbiotech,source meta_json,meta:200 home:200 contact:200 info:200 privacy:200,,,
737,colorbarcosmetics.com,PASS,PASS,PASS,PASS,PASS,PASS,PASS,1gaguk-zv.myshopify.com,IN / INR,meta.json: Delhi,3/3 found,3/3 found,instagram.com/lovecolorbar,source meta_json,meta:200 home:200 contact:200 info:404 privacy:200,,,
738,androidfixcell.com,PASS,PASS,PASS,PASS,PASS,PASS,PASS,androidfixcell.myshopify.com,IN / INR,meta.json: West Bengal,3/3 found,3/3 found,instagram.com/android_fixcell,source meta_json,meta:200 home:200 contact:200 info:200 privacy:200,,,
739,ecentric.in,PASS,PASS,PASS,PASS,PASS,PASS,PASS,ecentric-6029.myshopify.com,IN / INR,meta.json: Karnataka,1/1 found,1/1 found,instagram.com/ecentric_india,source meta_json,meta:200 home:200 contact:200 info:200 privacy:200,,,
741,herolectro.com,PASS,PASS,PASS,PASS,PASS,PASS,PASS,herolectro-store.myshopify.com,IN / INR,meta.json: Haryana,2/2 found,1/1 found,instagram.com/herolectro,source meta_description,meta:200 home:200 contact:200 info:404 privacy:200,,,
742,bambinopasta.in,PASS,PASS,PASS,PASS,PASS,PASS,PASS,5267d1-d0.myshopify.com,IN / INR,meta.json: Telangana,2/2 found,1/1 found,instagram.com/bambinopastafoods,source meta_json,meta:200 home:200 contact:200 info:200 privacy:200,,,
743,boddactive.com,PASS,PASS,PASS,PASS,PASS,PASS,PASS,boddactive-com.myshopify.com,IN / INR,meta.json: Maharashtra,3/3 found,1/1 found,instagram.com/boddactive,source meta_json,meta:200 home:200 contact:200 info:200 privacy:200,,,
744,cothas.com,PASS,PASS,PASS,PASS,PASS,PASS,PASS,cothas-coffee-co.myshopify.com,IN / INR,meta.json: Karnataka,1/1 found,1/1 found,instagram.com/cothas_coffee,source meta_json,meta:200 home:200 contact:404 info:404 privacy:200,,,
745,egate-world.com,PASS,PASS,PASS,PASS,PASS,PASS,PASS,egate-infotel-private-limited.myshopify.com,IN / INR,meta.json: Uttar Pradesh,5/5 found,2/2 found,instagram.com/egate_world,source meta_json,meta:200 home:200 contact:200 info:200 privacy:200,,,
746,estaasweets.com,PASS,PASS,PASS,PASS,PASS,PASS,PASS,estaa-sweets.myshopify.com,IN / INR,meta.json: Karnataka,1/1 found,3/3 found,instagram.com/estaasweetsindia,source meta_json,meta:200 home:200 contact:200 info:200 privacy:200,,,
747,case24x7.com,PASS,PASS,PASS,PASS,PASS,PASS,PASS,case24x7.myshopify.com,IN / INR,meta.json: Maharashtra,1/1 found,1/1 found,instagram.com/case24x7,source meta_json,meta:200 home:200 contact:404 info:404 privacy:404,,,
748,astroscience.com,PASS,PASS,PASS,PASS,PASS,PASS,PASS,astroscience-gurudev.myshopify.com,IN / INR,meta.json: Delhi,1/1 found,3/3 found,instagram.com/astrosciencetechnologies,source meta_json,meta:200 home:200 contact:200 info:200 privacy:200,,,
749,blix.in,PASS,PASS,PASS,PASS,PASS,PASS,PASS,d1b8a9-3.myshopify.com,IN / INR,meta.json: Maharashtra,1/1 found,3/3 found,instagram.com/blix.robotix,source meta_json,meta:200 home:200 contact:200 info:blocked by robots.txt privacy:blocked by robots.txt,,,
750,hankpets.com,PASS,PASS,PASS,PASS,PASS,PASS,PASS,fzfgtc-6e.myshopify.com,IN / INR,meta.json: Punjab,1/1 found,1/1 found,instagram.com/hank_pets,source meta_json,meta:200 home:200 contact:200 info:200 privacy:200,,,
751,houseofekam.com,PASS,PASS,PASS,PASS,PASS,PASS,PASS,houseofekam.myshopify.com,IN / INR,meta.json: Maharashtra,1/1 found,1/1 found,instagram.com/houseofekam,source meta_json,meta:200 home:200 contact:404 info:blocked by robots.txt privacy:blocked by robots.txt,,,
752,charak.com,PASS,PASS,PASS,PASS,PASS,PASS,PASS,charakayurvedic.myshopify.com,IN / INR,meta.json: Maharashtra,3/3 found,3/3 found,instagram.com/charakpharma,source about_meta_description,meta:200 home:200 contact:200 info:200 privacy:200,,,
753,agromech.com,PASS,PASS,PASS,PASS,PASS,PASS,PASS,agromech.myshopify.com,IN / INR,meta.json: Telangana,1/1 found,2/2 found,instagram.com/agromechindustries,source meta_json,meta:200 home:200 contact:200 info:blocked by robots.txt privacy:blocked by robots.txt,,,
755,barksandwags.in,PASS,PASS,PASS,PASS,PASS,PASS,PASS,barks-wags.myshopify.com,IN / INR,meta.json: Haryana,1/1 found,1/1 found,instagram.com/barksnwags,source meta_json,meta:200 home:200 contact:404 info:200 privacy:429,,,
756,bjainbooks.com,PASS,PASS,PASS,PASS,PASS,PASS,PASS,aeb7f1-0d.myshopify.com,IN / INR,meta.json: Uttar Pradesh,1/1 found,2/2 found,instagram.com/bjainbooks,source meta_json,meta:200 home:200 contact:200 info:429 privacy:200,,,
757,givea.in,PASS,PASS,PASS,PASS,PASS,PASS,PASS,vjwsyb-pw.myshopify.com,IN / INR,meta.json: Haryana,1/1 found,1/1 found,instagram.com/givea.official,source meta_json,meta:200 home:200 contact:200 info:429 privacy:200,,,
758,hairdramacompany.com,PASS,PASS,PASS,PASS,PASS,PASS,PASS,hairdramaa.myshopify.com,IN / INR,meta.json: Gujarat,1/1 found,1/1 found,instagram.com/hairdramaco,source meta_json,meta:200 home:200 contact:404 info:429 privacy:200,,,
759,miraggiolife.com,PASS,PASS,PASS,PASS,PASS,PASS,PASS,miraggio-life.myshopify.com,IN / INR,meta.json: Haryana,2/2 found,1/1 found,instagram.com/miraggiolife,source meta_json,meta:200 home:200 contact:404 info:429 privacy:200,,,
761,dermatouch.com,PASS,PASS,PASS,PASS,PASS,PASS,PASS,dermatouch-com.myshopify.com,IN / INR,meta.json: Gujarat,1/1 found,1/1 found,instagram.com/dermatouchskincare,source meta_json,meta:200 home:200 contact:429 info:200 privacy:200,,,
763,emma-sleep.in,PASS,PASS,PASS,PASS,PASS,PASS,PASS,emma-sleep-india.myshopify.com,IN / INR,meta.json: Haryana,3/3 found,3/3 found,instagram.com/emma.mattress_india,source meta_json,meta:200 home:200 contact:404 info:200 privacy:200,,,
766,japam.in,PASS,PASS,PASS,PASS,PASS,PASS,PASS,japam-in.myshopify.com,IN / INR,meta.json: Punjab,1/1 found,1/1 found,instagram.com/japam.in,source about_meta_description,meta:200 home:200 contact:200 info:blocked by robots.txt privacy:blocked by robots.txt,,,
767,thesleepcompany.in,PASS,PASS,PASS,PASS,PASS,PASS,PASS,thesleepcompanystore.myshopify.com,IN / INR,meta.json: Maharashtra,2/2 found,1/1 found,instagram.com/thesleepcompany_official,source meta_json,meta:200 home:200 contact:200 info:200 privacy:200,,,
768,mywishcare.com,PASS,PASS,PASS,PASS,PASS,PASS,PASS,mywishcare.myshopify.com,IN / INR,meta.json: West Bengal,1/1 found,1/1 found,instagram.com/mywishcare,source meta_json,meta:200 home:200 contact:404 info:200 privacy:200,,,
769,homeessentials.in,PASS,PASS,PASS,PASS,PASS,PASS,PASS,9d46c2-4d.myshopify.com,IN / INR,meta.json: Madhya Pradesh,2/2 found,3/3 found,instagram.com/homeessentials.insta,source meta_json,meta:200 home:200 contact:200 info:200 privacy:200,,,
770,goblunt.com,PASS,PASS,PASS,PASS,PASS,PASS,PASS,b1afc5-a1.myshopify.com,IN / INR,meta.json: Haryana,2/2 found,1/1 found,instagram.com/buyblunt,source meta_json,meta:200 home:200 contact:200 info:200 privacy:200,,,
771,libertyshoesonline.com,PASS,PASS,PASS,PASS,PASS,PASS,PASS,libertyshoes-online.myshopify.com,IN / INR,meta.json: Haryana,4/4 found,3/3 found,instagram.com/libertyshoesltd,source meta_json,meta:200 home:200 contact:200 info:blocked by robots.txt privacy:blocked by robots.txt,,,
772,onlinepng.com,PASS,PASS,PASS,PASS,PASS,PASS,PASS,shop-onlinepng.myshopify.com,IN / INR,meta.json: Maharashtra,1/1 found,1/1 found,instagram.com/pngadgilandsons,source meta_json,meta:200 home:200 contact:200 info:200 privacy:200,,,
773,superkicks.in,PASS,PASS,PASS,PASS,PASS,PASS,PASS,superkicks-store-in.myshopify.com,IN / INR,meta.json: Rajasthan,2/2 found,3/3 found,instagram.com/superkicksindia,source meta_json,meta:200 home:200 contact:200 info:blocked by robots.txt privacy:blocked by robots.txt,,,
774,swashaa.com,PASS,PASS,PASS,PASS,PASS,PASS,PASS,swashaa.myshopify.com,IN / INR,meta.json: Gujarat,2/2 found,1/1 found,instagram.com/swashaaindia,source meta_json,meta:200 home:200 contact:404 info:200 privacy:200,,,
775,inc5shop.com,PASS,PASS,PASS,PASS,PASS,PASS,PASS,inc5shoesonline.myshopify.com,IN / INR,meta.json: Maharashtra,1/1 found,1/1 found,instagram.com/inc5official,source meta_json,meta:200 home:200 contact:404 info:200 privacy:200,,,
776,wtflex.in,PASS,PASS,PASS,PASS,PASS,PASS,PASS,what-the-flex.myshopify.com,IN / INR,meta.json: Maharashtra,1/1 found,2/2 found,instagram.com/wtflex.in,source meta_json,meta:200 home:200 contact:200 info:200 privacy:200,,,
777,hamercop.com,PASS,PASS,PASS,PASS,PASS,PASS,PASS,hamercopstore.myshopify.com,IN / INR,meta.json: Gujarat,1/1 found,1/1 found,instagram.com/hamercop_shirts,source meta_json,meta:200 home:200 contact:404 info:200 privacy:200,,,
778,joypersonalcare.com,PASS,PASS,PASS,PASS,PASS,PASS,PASS,joypersonalcare.myshopify.com,IN / INR,meta.json: West Bengal,1/1 found,1/1 found,instagram.com/joy_beautifulbynature,source about_paragraph,meta:200 home:200 contact:200 info:200 privacy:200,,,
779,myfitness.in,PASS,PASS,PASS,PASS,PASS,PASS,PASS,myfitness-official-store.myshopify.com,IN / INR,meta.json: Dadra and Nagar Haveli,2/2 found,1/1 found,instagram.com/myfitness,source meta_json,meta:200 home:200 contact:404 info:200 privacy:200,,,
780,mysorepattu.com,PASS,PASS,PASS,PASS,PASS,PASS,PASS,232913-e7.myshopify.com,IN / INR,meta.json: Gujarat,2/2 found,2/2 found,instagram.com/mysore.pattu,source meta_json,meta:200 home:200 contact:200 info:200 privacy:200,,,
781,rareism.com,PASS,PASS,PASS,PASS,PASS,PASS,PASS,shop-rareism.myshopify.com,IN / INR,meta.json: Karnataka,3/3 found,2/2 found,instagram.com/rareism_in,source meta_json,meta:200 home:200 contact:200 info:200 privacy:200,,,
782,crepdogcrew.com,PASS,PASS,PASS,PASS,PASS,PASS,PASS,crepdogcrew.myshopify.com,IN / INR,meta.json: Delhi,3/3 found,1/1 found,instagram.com/crepdogcrew,source meta_json,meta:200 home:200 contact:200 info:200 privacy:200,,,
783,fabb6.com,PASS,PASS,PASS,PASS,PASS,PASS,PASS,158818-2.myshopify.com,IN / INR,meta.json: Karnataka,1/1 found,2/2 found,instagram.com/fabb6_,source meta_json,meta:200 home:200 contact:200 info:200 privacy:200,,,
784,naturaltein.in,PASS,PASS,PASS,PASS,PASS,PASS,PASS,naturaltein.myshopify.com,IN / INR,meta.json: Chandigarh,1/1 found,1/1 found,instagram.com/naturaltein_india,source meta_json,meta:200 home:200 contact:200 info:404 privacy:200,,,
786,sheetalbatra.com,PASS,PASS,PASS,PASS,PASS,PASS,PASS,sheetalbatraindia.myshopify.com,IN / INR,meta.json: Delhi,4/4 found,3/3 found,instagram.com/sheetalbatra,source meta_json,meta:200 home:200 contact:200 info:blocked by robots.txt privacy:blocked by robots.txt,,,
787,nalli.com,PASS,PASS,PASS,PASS,PASS,PASS,PASS,shopnalli.myshopify.com,IN / INR,meta.json: Tamil Nadu,1/1 found,2/2 found,instagram.com/nallisilksarees,source meta_json,meta:200 home:200 contact:200 info:blocked by robots.txt privacy:blocked by robots.txt,,,
788,clayco.in,PASS,PASS,PASS,PASS,PASS,PASS,PASS,clayco-com.myshopify.com,IN / INR,meta.json: Maharashtra,4/4 found,2/2 found,instagram.com/claycobeauty,source meta_json,meta:200 home:200 contact:200 info:200 privacy:200,,,
789,fuaark.com,PASS,PASS,PASS,PASS,PASS,PASS,PASS,fuaarkindia.myshopify.com,IN / INR,meta.json: Gujarat,1/1 found,1/1 found,instagram.com/fuaarkofficial,source meta_json,meta:200 home:200 contact:200 info:blocked by robots.txt privacy:blocked by robots.txt,,,
790,organicindia.com,PASS,PASS,PASS,PASS,PASS,PASS,PASS,organic-india-delhi.myshopify.com,IN / INR,meta.json: Uttar Pradesh,5/5 found,3/3 found,instagram.com/organicindiaofficial,source meta_json,meta:200 home:200 contact:200 info:200 privacy:200,,,
792,birkenstock.in,PASS,PASS,PASS,PASS,PASS,PASS,PASS,birkenstock-india.myshopify.com,IN / INR,meta.json: Maharashtra,1/1 found,1/1 found,instagram.com/birkenstockin,source meta_json,meta:200 home:200 contact:200 info:blocked by robots.txt privacy:blocked by robots.txt,,,
793,aina.in,PASS,PASS,PASS,PASS,PASS,PASS,PASS,aina-india.myshopify.com,IN / INR,meta.json: Kerala,1/1 found,1/1 found,instagram.com/aina.india,source meta_json,meta:200 home:200 contact:200 info:200 privacy:200,,,
794,bappamoryastores.com,PASS,PASS,PASS,PASS,PASS,PASS,PASS,hihdnj-kg.myshopify.com,IN / INR,meta.json: Maharashtra,1/1 found,3/3 found,instagram.com/bappamoryastores,source meta_json,meta:200 home:200 contact:200 info:200 privacy:200,,,
795,bersache.com,PASS,PASS,PASS,PASS,PASS,PASS,PASS,persacheshoes.myshopify.com,IN / INR,meta.json: Delhi,2/2 found,3/3 found,instagram.com/bersache.shoes,source meta_json,meta:200 home:200 contact:200 info:200 privacy:200,,,
796,bevoguish.in,PASS,PASS,PASS,PASS,PASS,PASS,PASS,beevoguish.myshopify.com,IN / INR,meta.json: Uttar Pradesh,2/2 found,3/3 found,instagram.com/be_voguish.in,source meta_json,meta:200 home:200 contact:404 info:200 privacy:200,,,
797,ecartse.com,PASS,PASS,PASS,PASS,PASS,PASS,PASS,duj37c-ib.myshopify.com,IN / INR,meta.json: Delhi,1/1 found,2/2 found,instagram.com/ecartse.insta,source about_meta_description,meta:200 home:200 contact:200 info:200 privacy:200,,,
798,elcytec.com,PASS,PASS,PASS,PASS,PASS,PASS,PASS,05v3ac-cu.myshopify.com,IN / INR,meta.json: Delhi,3/3 found,1/1 found,instagram.com/elcytec,source meta_json,meta:200 home:200 contact:200 info:200 privacy:200,,,
799,electroniksindia.com,PASS,PASS,PASS,PASS,PASS,PASS,PASS,electroniksindia.myshopify.com,IN / INR,meta.json: Punjab,1/1 found,2/2 found,instagram.com/electroniksind,source meta_json,meta:200 home:200 contact:404 info:blocked by robots.txt privacy:blocked by robots.txt,,,
800,fabpersona.com,PASS,PASS,PASS,PASS,PASS,PASS,PASS,fab-persona.myshopify.com,IN / INR,meta.json: Rajasthan,2/2 found,1/1 found,instagram.com/fabpersona,source meta_json,meta:200 home:200 contact:200 info:200 privacy:200,,,
801,genietravel.com,PASS,PASS,PASS,PASS,PASS,PASS,PASS,genie-bags.myshopify.com,IN / INR,meta.json: Maharashtra,2/2 found,2/2 found,instagram.com/geniebags.in,source meta_json,meta:200 home:200 contact:200 info:200 privacy:200,,,
802,getriggr.com,PASS,PASS,PASS,PASS,PASS,PASS,PASS,pickupik.myshopify.com,IN / INR,meta.json: Uttar Pradesh,3/3 found,1/1 found,instagram.com/getriggr,source meta_json,meta:200 home:200 contact:200 info:404 privacy:404,,,
803,jumkey.com,PASS,PASS,PASS,PASS,PASS,PASS,PASS,jumkey.myshopify.com,IN / INR,meta.json: Karnataka,2/2 found,1/1 found,instagram.com/jumkeyclub,source meta_json,meta:200 home:200 contact:404 info:200 privacy:200,,,
804,mykaladhar.com,PASS,PASS,PASS,PASS,PASS,PASS,PASS,kaladharstore.myshopify.com,IN / INR,meta.json: Telangana,1/1 found,3/3 found,instagram.com/kaladharfabrics,source meta_json,meta:200 home:200 contact:200 info:200 privacy:200,,,
805,safaribags.com,PASS,PASS,PASS,PASS,PASS,PASS,PASS,safari-bags.myshopify.com,IN / INR,meta.json: Maharashtra,1/1 found,1/1 found,instagram.com/safaribags,source meta_json,meta:200 home:200 contact:200 info:blocked by robots.txt privacy:blocked by robots.txt,,,
806,saintg.in,PASS,PASS,PASS,PASS,PASS,PASS,PASS,saintgshoes.myshopify.com,IN / INR,meta.json: Haryana,3/3 found,1/1 found,instagram.com/saintgworld,source meta_json,meta:200 home:200 contact:404 info:200 privacy:200,,,
807,sasitrends.com,PASS,PASS,PASS,PASS,PASS,PASS,PASS,sasitrends.myshopify.com,IN / INR,meta.json: Tamil Nadu,1/1 found,2/2 found,instagram.com/sasitrends,source meta_json,meta:200 home:200 contact:404 info:200 privacy:200,,,
808,sojanya.com,PASS,PASS,PASS,PASS,PASS,PASS,PASS,e0ab6c-e9.myshopify.com,IN / INR,meta.json: Delhi,1/1 found,1/1 found,instagram.com/sojanya1958,source meta_json,meta:200 home:200 contact:200 info:200 privacy:200,,,
809,suryasilksonline.com,PASS,PASS,PASS,PASS,PASS,PASS,PASS,suryasilksonline.myshopify.com,IN / INR,meta.json: Kerala,3/3 found,2/2 found,instagram.com/surya_silk,source meta_json,meta:200 home:200 contact:404 info:200 privacy:200,,,
810,theethniclabel.com,PASS,PASS,PASS,PASS,PASS,PASS,PASS,theethniclabelcompany.myshopify.com,IN / INR,meta.json: Rajasthan,1/1 found,1/1 found,instagram.com/theethniclabel,source meta_json,meta:200 home:200 contact:404 info:200 privacy:200,,,
811,truediamond.in,PASS,PASS,PASS,PASS,PASS,PASS,PASS,true-diamond-in.myshopify.com,IN / INR,meta.json: Maharashtra,1/1 found,3/3 found,instagram.com/truediamond.official,source meta_json,meta:200 home:200 contact:200 info:blocked by robots.txt privacy:blocked by robots.txt,,,
812,trulysma.com,PASS,PASS,PASS,PASS,PASS,PASS,PASS,truly-sma.myshopify.com,IN / INR,meta.json: Gujarat,1/1 found,1/1 found,instagram.com/truly.sma,source meta_json,meta:200 home:200 contact:200 info:404 privacy:200,,,
813,crazymonk.in,PASS,PASS,PASS,PASS,PASS,PASS,PASS,4262d6-b5.myshopify.com,IN / INR,meta.json: Tamil Nadu,1/1 found,1/1 found,instagram.com/crazymonkofficial,source meta_json,meta:200 home:200 contact:200 info:200 privacy:200,,,
814,labelflavia.com,PASS,PASS,PASS,PASS,PASS,PASS,PASS,the-social-times.myshopify.com,IN / INR,meta.json: Rajasthan,1/1 found,2/2 found,instagram.com/labelflavia,source meta_json,meta:200 home:200 contact:200 info:200 privacy:200,,,
815,maybellindia.com,PASS,PASS,PASS,PASS,PASS,PASS,PASS,maybell-womens-fashion.myshopify.com,IN / INR,meta.json: Tamil Nadu,1/1 found,1/1 found,instagram.com/maybell_india,source meta_json,meta:200 home:200 contact:404 info:200 privacy:200,,,
816,meenabazaar.com,PASS,PASS,PASS,PASS,PASS,PASS,PASS,meena-bazaar-official.myshopify.com,IN / INR,meta.json: Delhi,1/1 found,2/2 found,instagram.com/meenabazaar,source meta_json,meta:200 home:200 contact:200 info:200 privacy:200,,,
817,pazhassigarden.in,PASS,PASS,PASS,PASS,PASS,PASS,PASS,pazhassigarden.myshopify.com,IN / INR,meta.json: Kerala,2/2 found,2/2 found,instagram.com/gardenpazhassi,source meta_json,meta:200 home:200 contact:200 info:200 privacy:200,,,
818,pinkfort.co,PASS,PASS,PASS,PASS,PASS,PASS,PASS,fablestreet-iw.myshopify.com,IN / INR,meta.json: Haryana,2/2 found,1/1 found,instagram.com/pinkfort.co,source meta_json,meta:200 home:200 contact:200 info:404 privacy:200,,,
819,pspeaches.com,PASS,PASS,PASS,PASS,PASS,PASS,PASS,ps-peaches.myshopify.com,IN / INR,meta.json: Uttar Pradesh,1/1 found,1/1 found,instagram.com/pspeaches,source meta_json,meta:200 home:200 contact:200 info:blocked by robots.txt privacy:blocked by robots.txt,,,
820,sindhidryfruits.live,PASS,PASS,PASS,PASS,PASS,PASS,PASS,sindhi-dry-fruits-3951.myshopify.com,IN / INR,meta.json: Delhi,1/1 found,1/1 found,instagram.com/sindhidryfruits,source meta_json,meta:200 home:200 contact:200 info:blocked by robots.txt privacy:blocked by robots.txt,,,
821,taractara.com,PASS,PASS,PASS,PASS,PASS,PASS,PASS,taractaraindia.myshopify.com,IN / INR,meta.json: Rajasthan,3/3 found,1/1 found,instagram.com/tara_c_tara,source meta_json,meta:200 home:200 contact:200 info:200 privacy:200,,,
822,varanga.in,PASS,PASS,PASS,PASS,PASS,PASS,PASS,varangaofficial.myshopify.com,IN / INR,meta.json: Gujarat,1/1 found,2/2 found,instagram.com/varanga_official,source meta_json,meta:200 home:200 contact:200 info:blocked by robots.txt privacy:blocked by robots.txt,,,
823,vasansi.com,PASS,PASS,PASS,PASS,PASS,PASS,PASS,vasansi-jaipur.myshopify.com,IN / INR,meta.json: Rajasthan,3/3 found,1/1 found,instagram.com/vasansi_jaipur,source meta_json,meta:200 home:200 contact:404 info:200 privacy:200,,,
824,vishalprints.in,PASS,PASS,PASS,PASS,PASS,PASS,PASS,vishal-overseas.myshopify.com,IN / INR,meta.json: Gujarat,1/1 found,1/1 found,instagram.com/vishalprints,source meta_json,meta:200 home:200 contact:200 info:200 privacy:200,,,
825,be-clinical.com,PASS,PASS,PASS,PASS,PASS,PASS,PASS,botnal.myshopify.com,IN / INR,meta.json: Delhi,1/1 found,1/1 found,instagram.com/be.clinical,source meta_json,meta:200 home:200 contact:404 info:200 privacy:200,,,
826,amarisjewels.com,PASS,PASS,PASS,PASS,PASS,PASS,PASS,amaris-prerna.myshopify.com,IN / INR,meta.json: Delhi,1/1 found,3/3 found,instagram.com/amarisjewelsofficial,source meta_json,meta:200 home:200 contact:200 info:200 privacy:200,,,
827,anayna.com,PASS,PASS,PASS,PASS,PASS,PASS,PASS,anayna-india.myshopify.com,IN / INR,meta.json: Rajasthan,2/2 found,1/1 found,instagram.com/anaynaclothing,source meta_json,meta:200 home:200 contact:200 info:404 privacy:200,,,
828,healthyhey.com,PASS,PASS,PASS,PASS,PASS,PASS,PASS,healthy-hey.myshopify.com,IN / INR,meta.json: Maharashtra,1/1 found,1/1 found,instagram.com/healthyheynutrition,source about_meta_description,meta:200 home:200 contact:200 info:200 privacy:200,,,
829,heritagehuesbyritika.com,PASS,PASS,PASS,PASS,PASS,PASS,PASS,sz2fpi-wm.myshopify.com,IN / INR,meta.json: Haryana,3/3 found,2/2 found,instagram.com/heritagehuesbyritika,source about_meta_description,meta:200 home:200 contact:200 info:404 privacy:200,,,
830,jaipuristitch.com,PASS,PASS,PASS,PASS,PASS,PASS,PASS,jaipuri-stitch.myshopify.com,IN / INR,meta.json: Rajasthan,1/1 found,1/1 found,instagram.com/jaipuristitch,source about_meta_description,meta:200 home:200 contact:200 info:200 privacy:200,,,
831,kollercut.com,PASS,PASS,PASS,PASS,PASS,PASS,PASS,kollercut-1.myshopify.com,IN / INR,meta.json: Gujarat,2/2 found,3/3 found,instagram.com/kollercut,source meta_json,meta:200 home:200 contact:404 info:200 privacy:200,,,
832,metroactiv.com,PASS,PASS,PASS,PASS,PASS,PASS,PASS,metroactiv.myshopify.com,IN / INR,meta.json: Maharashtra,1/1 found,1/1 found,instagram.com/metroactiv,source meta_json,meta:200 home:200 contact:200 info:200 privacy:200,,,
833,priganindia.com,PASS,PASS,PASS,PASS,PASS,PASS,PASS,vd1bau-nd.myshopify.com,IN / INR,meta.json: Delhi,1/1 found,1/1 found,instagram.com/priganindia,source meta_json,meta:200 home:200 contact:404 info:200 privacy:200,,,
834,reidandtaylor.in,PASS,PASS,PASS,PASS,PASS,PASS,PASS,reidntaylor.myshopify.com,IN / INR,meta.json: Maharashtra,1/1 found,2/2 found,instagram.com/reidandtaylorapparel,source meta_json,meta:200 home:200 contact:200 info:blocked by robots.txt privacy:blocked by robots.txt,,,
836,wearetto.com,PASS,PASS,PASS,PASS,PASS,PASS,PASS,wearetto.myshopify.com,IN / INR,meta.json: Maharashtra,3/3 found,1/1 found,instagram.com/wearettodotcom,source meta_json,meta:200 home:200 contact:200 info:404 privacy:200,,,
837,hayclothing.in,PASS,PASS,PASS,PASS,PASS,PASS,PASS,hay-clothing-india.myshopify.com,IN / INR,meta.json: Tamil Nadu,1/1 found,1/1 found,instagram.com/hayclothing,source meta_json,meta:200 home:200 contact:200 info:200 privacy:200,,,
838,modernseries.in,PASS,PASS,PASS,PASS,PASS,PASS,PASS,modernseries.myshopify.com,IN / INR,meta.json: Gujarat,2/2 found,2/2 found,instagram.com/modernseriesindia,source about_meta_description,meta:200 home:200 contact:404 info:200 privacy:200,,,
839,nutrelanutrition.com,PASS,PASS,PASS,PASS,PASS,PASS,PASS,gy5ec1-jx.myshopify.com,IN / INR,meta.json: Uttar Pradesh,1/1 found,2/2 found,instagram.com/nutrelanutrition,source meta_json,meta:200 home:200 contact:200 info:200 privacy:200,,,
840,purpleunited.com,PASS,PASS,PASS,PASS,PASS,PASS,PASS,jxesrw-tj.myshopify.com,IN / INR,meta.json: Delhi,3/3 found,1/1 found,instagram.com/purpleunited15,source meta_json,meta:200 home:200 contact:200 info:blocked by robots.txt privacy:blocked by robots.txt,,,
841,therevolverclub.com,PASS,PASS,PASS,PASS,PASS,PASS,PASS,the-revolver-club.myshopify.com,IN / INR,meta.json: Maharashtra,1/1 found,1/1 found,instagram.com/therevolverclub,source meta_json,meta:200 home:200 contact:404 info:404 privacy:200,,,
842,weaveanddecor.com,PASS,PASS,PASS,PASS,PASS,PASS,PASS,csv-retails.myshopify.com,IN / INR,meta.json: Haryana,1/1 found,3/3 found,instagram.com/weaveanddecor,source meta_json,meta:200 home:200 contact:404 info:200 privacy:200,,,
843,yera.com,PASS,PASS,PASS,PASS,PASS,PASS,PASS,gvrexu-bt.myshopify.com,IN / INR,meta.json: Gujarat,1/1 found,3/3 found,instagram.com/yera.glassware,source meta_json,meta:200 home:200 contact:200 info:404 privacy:200,,,
844,acwo.com,PASS,PASS,PASS,PASS,PASS,PASS,PASS,acwo.myshopify.com,IN / INR,meta.json: Maharashtra,1/1 found,1/1 found,instagram.com/acwolyf,source meta_json,meta:200 home:200 contact:200 info:200 privacy:200,,,
845,dekorcompany.com,PASS,PASS,PASS,PASS,PASS,PASS,PASS,thedekorcompany.myshopify.com,IN / INR,meta.json: Delhi,1/1 found,3/3 found,instagram.com/thedekorcompany,source meta_json,meta:200 home:200 contact:200 info:404 privacy:200,,,
846,kaavyam.in,PASS,PASS,PASS,PASS,PASS,PASS,PASS,03375a-2.myshopify.com,IN / INR,meta.json: Kerala,1/1 found,1/1 found,instagram.com/kaavyam.in,source meta_json,meta:200 home:200 contact:200 info:200 privacy:200,,,
848,mapro.com,PASS,PASS,PASS,PASS,PASS,PASS,PASS,mapro-online.myshopify.com,IN / INR,meta.json: Maharashtra,1/1 found,1/1 found,instagram.com/maprofoods,source meta_json,meta:200 home:200 contact:200 info:blocked by robots.txt privacy:blocked by robots.txt,,,
849,nazranachikan.com,PASS,PASS,PASS,PASS,PASS,PASS,PASS,nazranachikan.myshopify.com,IN / INR,meta.json: Uttar Pradesh,1/1 found,2/2 found,instagram.com/nazranachikan,source meta_json,meta:200 home:200 contact:200 info:200 privacy:200,,,
850,peorajewellery.com,PASS,PASS,PASS,PASS,PASS,PASS,PASS,peora-india.myshopify.com,IN / INR,meta.json: Maharashtra,3/3 found,1/1 found,instagram.com/peorajewelleryindia,source meta_json,meta:200 home:200 contact:200 info:200 privacy:200,,,
851,ristoss.com,PASS,PASS,PASS,PASS,PASS,PASS,PASS,d47fb9-51.myshopify.com,IN / INR,meta.json: Gujarat,1/1 found,1/1 found,instagram.com/ristossbags,source about_meta_description,meta:200 home:200 contact:200 info:200 privacy:200,,,
852,servdharm.com,PASS,PASS,PASS,PASS,PASS,PASS,PASS,servdharm.myshopify.com,IN / INR,meta.json: Delhi,3/3 found,2/2 found,instagram.com/servdharm,source meta_json,meta:200 home:200 contact:200 info:200 privacy:200,,,
853,shopmulmul.com,PASS,PASS,PASS,PASS,PASS,PASS,PASS,shopmulmul.myshopify.com,IN / INR,meta.json: Delhi,1/1 found,1/1 found,instagram.com/shopmulmul,source meta_json,meta:200 home:200 contact:404 info:404 privacy:200,,,
854,shopwithpraylady.com,PASS,PASS,PASS,PASS,PASS,PASS,PASS,pray-lady.myshopify.com,IN / INR,meta.json: Tamil Nadu,2/2 found,3/3 found,instagram.com/prayladybrand,source meta_json,meta:200 home:200 contact:200 info:200 privacy:200,,,
855,vahro.in,PASS,PASS,PASS,PASS,PASS,PASS,PASS,vahro.myshopify.com,IN / INR,meta.json: Maharashtra,3/3 found,1/1 found,instagram.com/vahro.official,source meta_json,meta:200 home:200 contact:200 info:200 privacy:200,,,
856,zarfstudios.com,PASS,PASS,PASS,PASS,PASS,PASS,PASS,zarfstudios.myshopify.com,IN / INR,meta.json: Haryana,1/1 found,1/1 found,instagram.com/zarfstudios,source meta_json,meta:200 home:200 contact:200 info:200 privacy:200,,,
857,budhshiv.com,PASS,PASS,PASS,PASS,PASS,PASS,PASS,arjunmhjn1.myshopify.com,IN / INR,meta.json: Delhi,1/1 found,1/1 found,instagram.com/budhshiv,source meta_json,meta:200 home:200 contact:200 info:404 privacy:200,,,
858,jovees.com,PASS,PASS,PASS,PASS,PASS,PASS,PASS,jovees-herbal-2.myshopify.com,IN / INR,meta.json: Uttar Pradesh,2/2 found,1/1 found,instagram.com/joveesherbal,source meta_json,meta:200 home:200 contact:200 info:200 privacy:200,,,
859,livingshapes.in,PASS,PASS,PASS,PASS,PASS,PASS,PASS,livingshapes-store.myshopify.com,IN / INR,meta.json: Rajasthan,4/4 found,3/3 found,instagram.com/thelivingshapes,source meta_json,meta:200 home:200 contact:200 info:blocked by robots.txt privacy:blocked by robots.txt,,,
860,revlon.co.in,PASS,PASS,PASS,PASS,PASS,PASS,PASS,revlon-co-in.myshopify.com,IN / INR,meta.json: Delhi,1/1 found,2/2 found,instagram.com/revlon_india,source meta_json,meta:200 home:200 contact:200 info:200 privacy:200,,,
861,sagebymala.com,PASS,PASS,PASS,PASS,PASS,PASS,PASS,b9d625-2.myshopify.com,IN / INR,meta.json: Haryana,5/5 found,1/1 found,instagram.com/sagebymala,source meta_json,meta:200 home:200 contact:200 info:200 privacy:200,,,
862,thesagacity.in,PASS,PASS,PASS,PASS,PASS,PASS,PASS,sagacity-9181.myshopify.com,IN / INR,meta.json: Delhi,2/2 found,1/1 found,instagram.com/sagacityofficial,source about_meta_description,meta:200 home:200 contact:200 info:200 privacy:200,,,
863,bicyclekart.com,PASS,PASS,PASS,PASS,PASS,PASS,PASS,bicycle-kart.myshopify.com,IN / INR,meta.json: Kerala,1/1 found,3/3 found,instagram.com/bicyclekartcom,source meta_json,meta:200 home:200 contact:200 info:200 privacy:200,,,
864,chasehaul.com,PASS,PASS,PASS,PASS,PASS,PASS,PASS,chase-haul.myshopify.com,IN / INR,meta.json: West Bengal,1/1 found,1/1 found,instagram.com/chasehaulofficial,source meta_json,meta:200 home:200 contact:200 info:blocked by robots.txt privacy:blocked by robots.txt,,,
865,fikn.com,PASS,PASS,PASS,PASS,PASS,PASS,PASS,gztmkm-eg.myshopify.com,IN / INR,meta.json: Haryana,1/1 found,1/1 found,instagram.com/get.fikn,source meta_json,meta:200 home:200 contact:200 info:404 privacy:200,,,
866,jmlooks.com,PASS,PASS,PASS,PASS,PASS,PASS,PASS,b03304.myshopify.com,IN / INR,meta.json: Delhi,1/1 found,1/1 found,instagram.com/jmlooks.official,source meta_json,meta:200 home:200 contact:404 info:blocked by robots.txt privacy:blocked by robots.txt,,,
867,krishnajewellers.com,PASS,PASS,PASS,PASS,PASS,PASS,PASS,krishna-jewellers-ajd22.myshopify.com,IN / INR,meta.json: Telangana,2/2 found,2/2 found,instagram.com/krishna.jewellers.jubileehills,source meta_json,meta:200 home:200 contact:200 info:200 privacy:200,,,
868,novology.com,PASS,PASS,PASS,PASS,PASS,PASS,PASS,novologyindia.myshopify.com,IN / INR,meta.json: Karnataka,2/2 found,1/1 found,instagram.com/novologyofficial,source meta_json,meta:200 home:200 contact:200 info:200 privacy:200,,,
869,priveeparis.in,PASS,PASS,PASS,PASS,PASS,PASS,PASS,privee-paris-india.myshopify.com,IN / INR,meta.json: Uttar Pradesh,2/2 found,1/1 found,instagram.com/priveeparis,source meta_json,meta:200 home:200 contact:404 info:200 privacy:200,,,
870,slovic.com,PASS,PASS,PASS,PASS,PASS,PASS,PASS,slovicfitness.myshopify.com,IN / INR,meta.json: Haryana,2/2 found,2/2 found,instagram.com/slovicfitness,source meta_json,meta:200 home:200 contact:200 info:200 privacy:200,,,
871,royalboxshop.com,PASS,PASS,PASS,PASS,PASS,PASS,PASS,royal-box-shop.myshopify.com,IN / INR,meta.json: Delhi,1/1 found,1/1 found,instagram.com/royalboxshop,source meta_json,meta:200 home:200 contact:404 info:200 privacy:200,,,
872,prokicksports.com,PASS,PASS,PASS,PASS,PASS,PASS,PASS,prokicksports.myshopify.com,IN / INR,meta.json: Karnataka,1/1 found,2/2 found,instagram.com/prokicksportsstudio,source meta_json,meta:200 home:200 contact:404 info:blocked by robots.txt privacy:blocked by robots.txt,,,
874,bibinjohn.com,PASS,PASS,PASS,PASS,PASS,PASS,PASS,bibinjohn.myshopify.com,IN / INR,meta.json: Kerala,2/2 found,2/2 found,instagram.com/bibinjohn.store,source meta_json,meta:200 home:200 contact:200 info:404 privacy:200,,,
875,freedomtree.in,PASS,PASS,PASS,PASS,PASS,PASS,PASS,freedomtree-staging.myshopify.com,IN / INR,meta.json: Maharashtra,2/2 found,1/1 found,instagram.com/freedomtreehome,source meta_json,meta:200 home:200 contact:404 info:404 privacy:429,,,
876,groovee.in,PASS,PASS,PASS,PASS,PASS,PASS,PASS,2dce50-98.myshopify.com,IN / INR,meta.json: Haryana,2/2 found,3/3 found,instagram.com/cncptgroove,source meta_json,meta:200 home:200 contact:200 info:200 privacy:200,,,
877,mypoojabox.in,PASS,PASS,PASS,PASS,PASS,PASS,PASS,my-pooja-box.myshopify.com,IN / INR,meta.json: Delhi,1/1 found,2/2 found,instagram.com/mypoojabox,source meta_json,meta:200 home:200 contact:404 info:blocked by robots.txt privacy:blocked by robots.txt,,,
878,preityssilks.com,PASS,PASS,PASS,PASS,PASS,PASS,PASS,by17b5-yv.myshopify.com,IN / INR,meta.json: Karnataka,2/2 found,2/2 found,instagram.com/preitys.silks,source about_meta_description,meta:200 home:200 contact:200 info:200 privacy:200,,,
879,richfeelnaturals.com,PASS,PASS,PASS,PASS,PASS,PASS,PASS,richfeelnaturals-com.myshopify.com,IN / INR,meta.json: Maharashtra,1/1 found,1/1 found,instagram.com/richfeelpersonalcare,source meta_json,meta:200 home:200 contact:429 info:200 privacy:200,,,
881,thepeppystore.in,PASS,PASS,PASS,PASS,PASS,PASS,PASS,thepeppystore.myshopify.com,IN / INR,meta.json: Maharashtra,3/3 found,2/2 found,instagram.com/thepeppystore.in,source meta_json,meta:200 home:200 contact:429 info:404 privacy:200,,,
882,haribadairyfarm.com,PASS,PASS,PASS,PASS,PASS,PASS,PASS,haribadairyfarm.myshopify.com,IN / INR,meta.json: Gujarat,1/1 found,3/3 found,instagram.com/haribadairyfarm,source meta_json,meta:200 home:429 contact:200 info:200 privacy:200,,,
885,gargtrader.com,PASS,PASS,PASS,PASS,PASS,PASS,PASS,jaaq4m-i0.myshopify.com,IN / INR,meta.json: Punjab,2/2 found,1/1 found,instagram.com/gargtradersludhiana,source about_paragraph,meta:200 home:200 contact:200 info:200 privacy:200,,,
886,kyari.co,PASS,PASS,PASS,PASS,PASS,PASS,PASS,kyari-co.myshopify.com,IN / INR,meta.json: Maharashtra,3/3 found,3/3 found,instagram.com/try_kyari,source meta_json,meta:200 home:200 contact:200 info:200 privacy:200,,,
887,needledust.com,PASS,PASS,PASS,PASS,PASS,PASS,PASS,needledustbyshirin.myshopify.com,IN / INR,meta.json: Haryana,1/1 found,1/1 found,instagram.com/needledust,source meta_json,meta:200 home:200 contact:404 info:200 privacy:200,,,
888,omobikes.com,PASS,PASS,PASS,PASS,PASS,PASS,PASS,omobikes.myshopify.com,IN / INR,meta.json: Haryana,2/2 found,2/2 found,instagram.com/omobikes,source meta_json,meta:200 home:200 contact:404 info:200 privacy:200,,,
889,toycra.com,PASS,PASS,PASS,PASS,PASS,PASS,PASS,toycra-toys.myshopify.com,IN / INR,meta.json: Gujarat,3/3 found,2/2 found,instagram.com/toycra,source meta_json,meta:200 home:200 contact:404 info:200 privacy:200,,,
890,neidhal.com,PASS,PASS,PASS,PASS,PASS,PASS,PASS,dg0z12-gi.myshopify.com,IN / INR,meta.json: Tamil Nadu,1/1 found,1/1 found,instagram.com/neidhalonline,source meta_json,meta:200 home:200 contact:200 info:blocked by robots.txt privacy:blocked by robots.txt,,,
891,animeal.in,PASS,PASS,PASS,PASS,PASS,PASS,PASS,animeal-store.myshopify.com,IN / INR,meta.json: Maharashtra,2/2 found,2/2 found,instagram.com/animeal.in,source meta_json,meta:200 home:200 contact:200 info:200 privacy:200,,,
892,beautywise.in,PASS,PASS,PASS,PASS,PASS,PASS,PASS,beautywiseshop.myshopify.com,IN / INR,meta.json: Delhi,1/1 found,1/1 found,instagram.com/beautywiseskinfood,source meta_json,meta:200 home:200 contact:200 info:200 privacy:200,,,
893,bownbee.com,PASS,PASS,PASS,PASS,PASS,PASS,PASS,dot-n-ditto.myshopify.com,IN / INR,meta.json: Haryana,2/2 found,1/1 found,instagram.com/bownbee,source meta_json,meta:200 home:200 contact:404 info:200 privacy:200,,,
894,ivalinmabia.com,PASS,PASS,PASS,PASS,PASS,PASS,PASS,ivalinmabia.myshopify.com,IN / INR,meta.json: Tamil Nadu,2/2 found,3/3 found,instagram.com/ivalinmabia,source meta_json,meta:200 home:200 contact:200 info:200 privacy:200,,,
895,luvlap.com,PASS,PASS,PASS,PASS,PASS,PASS,PASS,luvlap-store.myshopify.com,IN / INR,meta.json: West Bengal,1/1 found,1/1 found,instagram.com/luvlap.in,source meta_json,meta:200 home:200 contact:200 info:200 privacy:200,,,
896,wondergifts.in,PASS,PASS,PASS,PASS,PASS,PASS,PASS,wd-india.myshopify.com,IN / INR,meta.json: Delhi,2/2 found,1/1 found,instagram.com/wondergifts.india,source meta_json,meta:200 home:200 contact:200 info:200 privacy:200,,,
897,kalyanastrogems.com,PASS,PASS,PASS,PASS,PASS,PASS,PASS,kalyanastrogems.myshopify.com,IN / INR,meta.json: Uttar Pradesh,1/1 found,3/3 found,instagram.com/kalyanastrogems,source meta_json,meta:200 home:200 contact:404 info:200 privacy:200,,,
898,aathilife.com,PASS,PASS,PASS,PASS,PASS,PASS,PASS,jwdhbh-pd.myshopify.com,IN / INR,meta.json: Tamil Nadu,2/2 found,1/1 found,instagram.com/aathi_life,source meta_description,meta:200 home:200 contact:200 info:200 privacy:200,,,
899,budsnblush.com,PASS,PASS,PASS,PASS,PASS,PASS,PASS,budsblush.myshopify.com,IN / INR,meta.json: Uttar Pradesh,3/3 found,3/3 found,instagram.com/budsnblush,source meta_json,meta:200 home:200 contact:200 info:200 privacy:200,,,
900,hashboosh.com,PASS,PASS,PASS,PASS,PASS,PASS,PASS,hashboosh-com.myshopify.com,IN / INR,meta.json: Kerala,2/2 found,1/1 found,instagram.com/hashboosh,source meta_json,meta:200 home:200 contact:404 info:200 privacy:200,,,
901,mahetri.in,PASS,PASS,PASS,PASS,PASS,PASS,PASS,mahetriin.myshopify.com,IN / INR,meta.json: Rajasthan,1/1 found,1/1 found,instagram.com/mahetristudio,source meta_json,meta:200 home:200 contact:404 info:200 privacy:200,,,
902,maniaclife.com,PASS,PASS,PASS,PASS,PASS,PASS,PASS,maniaclife-com.myshopify.com,IN / INR,meta.json: Tamil Nadu,2/2 found,1/1 found,instagram.com/maniaclifeclothing,source meta_json,meta:200 home:200 contact:404 info:200 privacy:200,,,
903,snehalayaasilks.com,PASS,PASS,PASS,PASS,PASS,PASS,PASS,snehalayaa.myshopify.com,IN / INR,meta.json: Tamil Nadu,1/1 found,1/1 found,instagram.com/snehalayaasilks,source meta_json,meta:200 home:200 contact:200 info:blocked by robots.txt privacy:blocked by robots.txt,,,
904,theindianethnicco.com,PASS,PASS,PASS,PASS,PASS,PASS,PASS,the-indian-ethnic-company.myshopify.com,IN / INR,meta.json: Maharashtra,2/2 found,3/3 found,instagram.com/theindianethnicco,source meta_json,meta:200 home:200 contact:404 info:200 privacy:200,,,
905,zonealpha.in,PASS,PASS,PASS,PASS,PASS,PASS,PASS,3f046f-4.myshopify.com,IN / INR,meta.json: Maharashtra,2/2 found,2/2 found,instagram.com/zone.alpha07,source meta_json,meta:200 home:200 contact:200 info:200 privacy:200,,,
906,letscurlup.com,PASS,PASS,PASS,PASS,PASS,PASS,PASS,curlupp.myshopify.com,IN / INR,meta.json: Karnataka,2/2 found,1/1 found,instagram.com/letscurlupdotcom,source meta_json,meta:200 home:200 contact:404 info:200 privacy:200,,,
907,attrangi.in,PASS,PASS,PASS,PASS,PASS,PASS,PASS,attrangi1.myshopify.com,IN / INR,meta.json: Maharashtra,1/1 found,1/1 found,instagram.com/attrangi_designs,source meta_json,meta:200 home:200 contact:404 info:200 privacy:200,,,
908,coveandlane.in,PASS,PASS,PASS,PASS,PASS,PASS,PASS,cove-and-lane.myshopify.com,IN / INR,meta.json: Karnataka,1/1 found,1/1 found,instagram.com/coveandlane.in,source meta_json,meta:200 home:200 contact:200 info:200 privacy:200,,,
909,cuminco.com,PASS,PASS,PASS,PASS,PASS,PASS,PASS,bddef5-66.myshopify.com,IN / INR,meta.json: Haryana,1/1 found,1/1 found,instagram.com/cuminco_india,source meta_json,meta:200 home:200 contact:200 info:blocked by robots.txt privacy:blocked by robots.txt,,,
910,evierose.in,PASS,PASS,PASS,PASS,PASS,PASS,PASS,evierose-in.myshopify.com,IN / INR,meta.json: Delhi,1/1 found,1/1 found,instagram.com/evierose.in,source meta_json,meta:200 home:200 contact:200 info:200 privacy:200,,,
911,fmpl.in,PASS,PASS,PASS,PASS,PASS,PASS,PASS,16bca3-7e.myshopify.com,IN / INR,meta.json: Delhi,2/2 found,3/3 found,instagram.com/fullmarksofficial,source meta_json,meta:200 home:200 contact:200 info:200 privacy:200,,,
912,goamen.com,PASS,PASS,PASS,PASS,PASS,PASS,PASS,goamen.myshopify.com,IN / INR,meta.json: Gujarat,1/1 found,1/1 found,instagram.com/shop_goamen,source meta_json,meta:200 home:200 contact:200 info:200 privacy:200,,,
913,helmetwala.com,PASS,PASS,PASS,PASS,PASS,PASS,PASS,helmetwala-com.myshopify.com,IN / INR,meta.json: Delhi,1/1 found,1/1 found,instagram.com/helmet.wala,source meta_json,meta:200 home:200 contact:200 info:200 privacy:200,,,
914,label-s4u.com,PASS,PASS,PASS,PASS,PASS,PASS,PASS,label-s4u.myshopify.com,IN / INR,meta.json: Gujarat,2/2 found,1/1 found,instagram.com/label_s4u,source meta_json,meta:200 home:200 contact:200 info:200 privacy:200,,,
915,lakmesalon.in,PASS,PASS,PASS,PASS,PASS,PASS,PASS,lakme-salon.myshopify.com,IN / INR,meta.json: Maharashtra,2/2 found,1/1 found,instagram.com/lakmesalon,source meta_json,meta:200 home:200 contact:404 info:blocked by robots.txt privacy:blocked by robots.txt,,,
916,miraahe.com,PASS,PASS,PASS,PASS,PASS,PASS,PASS,148b16-5b.myshopify.com,IN / INR,meta.json: Haryana,1/1 found,1/1 found,instagram.com/themiraahe,source meta_json,meta:200 home:200 contact:200 info:200 privacy:200,,,
917,thejaipurstudio.com,PASS,PASS,PASS,PASS,PASS,PASS,PASS,the-jaipur-studio-12.myshopify.com,IN / INR,meta.json: Telangana,1/1 found,1/1 found,instagram.com/thejaipurstudio,source meta_json,meta:200 home:200 contact:200 info:200 privacy:200,,,
918,trancehomelinen.in,PASS,PASS,PASS,PASS,PASS,PASS,PASS,trancehomelinen.myshopify.com,IN / INR,meta.json: Karnataka,1/1 found,3/3 found,instagram.com/trancehomelinen,source meta_json,meta:200 home:200 contact:404 info:200 privacy:200,,,
919,twinklechoice.com,PASS,PASS,PASS,PASS,PASS,PASS,PASS,twinklechoiceerode.myshopify.com,IN / INR,meta.json: Tamil Nadu,3/3 found,1/1 found,instagram.com/twinkle_choice_bridal_jewell,source about_meta_description,meta:200 home:200 contact:200 info:404 privacy:200,,,
920,glutone.in,PASS,PASS,PASS,PASS,PASS,PASS,PASS,glutone.myshopify.com,IN / INR,meta.json: Maharashtra,1/1 found,1/1 found,instagram.com/glutone_india,source meta_json,meta:200 home:200 contact:200 info:404 privacy:200,,,
921,armafperfume.com,PASS,PASS,PASS,PASS,PASS,PASS,PASS,armaf-perfume.myshopify.com,IN / INR,meta.json: Maharashtra,1/1 found,1/1 found,instagram.com/armafindiaofficial,source meta_json,meta:200 home:200 contact:404 info:200 privacy:200,,,
922,cobbitaly.com,PASS,PASS,PASS,PASS,PASS,PASS,PASS,cobbitalyofficial.myshopify.com,IN / INR,meta.json: Delhi,1/1 found,2/2 found,instagram.com/cobbfashion,source meta_json,meta:200 home:200 contact:200 info:200 privacy:200,,,
923,makezmia.com,PASS,PASS,PASS,PASS,PASS,PASS,PASS,4x3kk1-a1.myshopify.com,IN / INR,meta.json: Gujarat,1/1 found,1/1 found,instagram.com/makezmia,source about_meta_description,meta:200 home:200 contact:200 info:404 privacy:200,,,
924,padmam.com,PASS,PASS,PASS,PASS,PASS,PASS,PASS,090n4u-u8.myshopify.com,IN / INR,meta.json: Andhra Pradesh,2/2 found,1/1 found,instagram.com/_padmam,source meta_json,meta:200 home:200 contact:200 info:200 privacy:200,,,
925,thegoodbug.com,PASS,PASS,PASS,PASS,PASS,PASS,PASS,thegoodbug.myshopify.com,IN / INR,meta.json: Maharashtra,1/1 found,2/2 found,instagram.com/thegoodbug_,source meta_json,meta:200 home:200 contact:200 info:200 privacy:200,,,
926,yuvistyle.com,PASS,PASS,PASS,PASS,PASS,PASS,PASS,yuvi-style.myshopify.com,IN / INR,meta.json: Rajasthan,2/2 found,2/2 found,instagram.com/yuvii_style,source meta_json,meta:200 home:200 contact:404 info:404 privacy:200,,,
927,instacuppastore.com,PASS,PASS,PASS,PASS,PASS,PASS,PASS,instacuppa-store.myshopify.com,IN / INR,meta.json: Andhra Pradesh,1/1 found,1/1 found,instagram.com/instacuppa1,source meta_json,meta:200 home:200 contact:200 info:200 privacy:200,,,
928,arogyamshop.com,PASS,PASS,PASS,PASS,PASS,PASS,PASS,store-arogyamayurveda.myshopify.com,IN / INR,meta.json: Punjab,2/2 found,2/2 found,instagram.com/arogyam_ayurveda_store,source meta_json,meta:200 home:200 contact:200 info:200 privacy:200,,,
929,chaayos.com,PASS,PASS,PASS,PASS,PASS,PASS,PASS,bazaar-chaayos.myshopify.com,IN / INR,meta.json: Haryana,2/2 found,1/1 found,instagram.com/chaayos,source meta_json,meta:200 home:200 contact:404 info:404 privacy:200,,,
930,drivestylish.com,PASS,PASS,PASS,PASS,PASS,PASS,PASS,zngrks-ii.myshopify.com,IN / INR,meta.json: Delhi,1/1 found,1/1 found,instagram.com/drive_stylish,source meta_json,meta:200 home:200 contact:200 info:200 privacy:200,,,
931,etchcraftemporium.in,PASS,PASS,PASS,PASS,PASS,PASS,PASS,sociorush.myshopify.com,IN / INR,meta.json: Delhi,2/2 found,1/1 found,instagram.com/etchcraftemporium.in,source meta_json,meta:200 home:200 contact:200 info:404 privacy:200,,,
932,jnorss.in,PASS,PASS,PASS,PASS,PASS,PASS,PASS,mvhp3i-a3.myshopify.com,IN / INR,meta.json: Punjab,1/1 found,2/2 found,instagram.com/jnorsslife,source meta_json,meta:200 home:200 contact:200 info:200 privacy:200,,,
933,menmaifabrics.com,PASS,PASS,PASS,PASS,PASS,PASS,PASS,bwnnfk-gw.myshopify.com,IN / INR,meta.json: Tamil Nadu,2/2 found,1/1 found,instagram.com/menmai.fabrics,source about_meta_description,meta:200 home:200 contact:200 info:200 privacy:200,,,
934,shivcrafts.com,PASS,PASS,PASS,PASS,PASS,PASS,PASS,shivacrafts.myshopify.com,IN / INR,meta.json: Gujarat,3/3 found,2/2 found,instagram.com/shivcraftsofficial,source meta_json,meta:200 home:200 contact:200 info:200 privacy:200,,,
935,thefashioncapital.in,PASS,PASS,PASS,PASS,PASS,PASS,PASS,y1g7nt-gz.myshopify.com,IN / INR,meta.json: Rajasthan,2/2 found,2/2 found,instagram.com/fashioncapital.in_,source meta_json,meta:200 home:200 contact:200 info:200 privacy:200,,,
936,zivanche.com,PASS,PASS,PASS,PASS,PASS,PASS,PASS,zivanche.myshopify.com,IN / INR,meta.json: Punjab,2/2 found,2/2 found,instagram.com/zivanche,source meta_json,meta:200 home:200 contact:200 info:404 privacy:200,,,
937,auravedic.com,PASS,PASS,PASS,PASS,PASS,PASS,PASS,auravedic-22.myshopify.com,IN / INR,meta.json: Maharashtra,1/1 found,1/1 found,instagram.com/auravedic_beauty,source meta_json,meta:200 home:200 contact:200 info:200 privacy:200,,,
938,suprememobiles.in,PASS,PASS,PASS,PASS,PASS,PASS,PASS,supreme-mobiles.myshopify.com,IN / INR,meta.json: Tamil Nadu,1/1 found,1/1 found,instagram.com/suprememobiles,source meta_json,meta:200 home:200 contact:200 info:blocked by robots.txt privacy:blocked by robots.txt,,,
939,pureaura.in,PASS,PASS,PASS,PASS,PASS,PASS,PASS,pura-auraveda.myshopify.com,IN / INR,meta.json: Haryana,4/4 found,1/1 found,instagram.com/pureaura.baby,source meta_json,meta:200 home:200 contact:200 info:200 privacy:200,,,
940,ayurkart.com,PASS,PASS,PASS,PASS,PASS,PASS,PASS,ayur-kart.myshopify.com,IN / INR,meta.json: Tamil Nadu,1/1 found,1/1 found,instagram.com/ayurkart_in,source meta_json,meta:200 home:200 contact:200 info:200 privacy:429,,,
941,dishacreationz.com,PASS,PASS,PASS,PASS,PASS,PASS,PASS,dishacreationz.myshopify.com,IN / INR,meta.json: Kerala,1/1 found,3/3 found,instagram.com/disha_creationz,source about_paragraph,meta:200 home:200 contact:200 info:200 privacy:429,,,
942,fabk.in,PASS,PASS,PASS,PASS,PASS,PASS,PASS,fabk-in.myshopify.com,IN / INR,meta.json: Tamil Nadu,2/2 found,2/2 found,instagram.com/fabkestore,source meta_json,meta:200 home:200 contact:200 info:200 privacy:200,,,
943,fabricroot.com,PASS,PASS,PASS,PASS,PASS,PASS,PASS,fabricroots.myshopify.com,IN / INR,meta.json: Delhi,2/2 found,1/1 found,instagram.com/fabricroot.designerfabrics,source meta_json,meta:200 home:200 contact:404 info:429 privacy:200,,,
944,kitchenmart.co.in,PASS,PASS,PASS,PASS,PASS,PASS,PASS,kitchenmart-co-in.myshopify.com,IN / INR,meta.json: Karnataka,2/2 found,3/3 found,instagram.com/kitchenmart2,source meta_json,meta:200 home:200 contact:429 info:200 privacy:200,,,
945,lovegen.com,PASS,PASS,PASS,PASS,PASS,PASS,PASS,0f363a-2.myshopify.com,IN / INR,meta.json: Haryana,1/1 found,1/1 found,instagram.com/lovegen_india,source meta_json,meta:200 home:200 contact:429 info:200 privacy:200,,,
946,qua.clothing,PASS,PASS,PASS,PASS,PASS,PASS,PASS,quaclothing.myshopify.com,IN / INR,meta.json: Delhi,1/1 found,1/1 found,instagram.com/qua.clothing,source meta_json,meta:200 home:200 contact:429 info:200 privacy:200,,,
947,roshcookwares.in,PASS,PASS,PASS,PASS,PASS,PASS,PASS,roshcookwares2.myshopify.com,IN / INR,meta.json: Tamil Nadu,2/2 found,1/1 found,instagram.com/roshcookware,source meta_json,meta:200 home:200 contact:429 info:200 privacy:200,,,
948,tilfi.com,PASS,PASS,PASS,PASS,PASS,PASS,PASS,tilfi.myshopify.com,IN / INR,meta.json: Uttar Pradesh,1/1 found,1/1 found,instagram.com/tilfi_banaras,source meta_json,meta:200 home:429 contact:404 info:404 privacy:200,,,
949,travelstorycollectives.com,PASS,PASS,PASS,PASS,PASS,PASS,PASS,492a04-93.myshopify.com,IN / INR,meta.json: Tamil Nadu,3/3 found,1/1 found,instagram.com/sareestorywithshanmugapriya,source meta_json,meta:200 home:429 contact:200 info:200 privacy:200,,,
951,rwdy.in,PASS,PASS,PASS,PASS,PASS,PASS,PASS,gk11c6-50.myshopify.com,IN / INR,meta.json: Telangana,3/3 found,1/1 found,instagram.com/rwdyclub,source meta_json,meta:200 home:200 contact:200 info:200 privacy:200,,,
952,akiiko.com,PASS,PASS,PASS,PASS,PASS,PASS,PASS,akiiko-6765.myshopify.com,IN / INR,meta.json: Tamil Nadu,3/3 found,3/3 found,instagram.com/akiiko_india,source meta_json,meta:200 home:200 contact:200 info:200 privacy:200,,,
953,arks.club,PASS,PASS,PASS,PASS,PASS,PASS,PASS,g261ku-jx.myshopify.com,IN / INR,meta.json: Maharashtra,1/1 found,1/1 found,instagram.com/arks,source meta_json,meta:200 home:200 contact:200 info:404 privacy:200,,,
954,atpu.in,PASS,PASS,PASS,PASS,PASS,PASS,PASS,atreyapuramputharekulu.myshopify.com,IN / INR,meta.json: Andhra Pradesh,2/2 found,3/3 found,instagram.com/atpu.in,source meta_json,meta:200 home:200 contact:200 info:200 privacy:200,,,
955,bookmycostume.com,PASS,PASS,PASS,PASS,PASS,PASS,PASS,bookmycostume.myshopify.com,IN / INR,meta.json: Delhi,1/1 found,1/1 found,instagram.com/bookmycostume,source meta_json,meta:200 home:200 contact:404 info:404 privacy:200,,,
956,chkokko.com,PASS,PASS,PASS,PASS,PASS,PASS,PASS,chkokkostore.myshopify.com,IN / INR,meta.json: Punjab,1/1 found,1/1 found,instagram.com/chkokko,source meta_json,meta:200 home:200 contact:200 info:200 privacy:200,,,
957,hokmakeup.com,PASS,PASS,PASS,PASS,PASS,PASS,PASS,devlhok.myshopify.com,IN / INR,meta.json: Delhi,2/2 found,1/1 found,instagram.com/hokmakeup,source meta_json,meta:200 home:200 contact:200 info:200 privacy:200,,,
958,lavanyathelabel.com,PASS,PASS,PASS,PASS,PASS,PASS,PASS,lavanyathelabel.myshopify.com,IN / INR,meta.json: Rajasthan,2/2 found,1/1 found,instagram.com/lavanyathelabel,source meta_json,meta:200 home:200 contact:200 info:blocked by robots.txt privacy:blocked by robots.txt,,,
959,rippedupnutrition.com,PASS,PASS,PASS,PASS,PASS,PASS,PASS,ripped-up-nutritio.myshopify.com,IN / INR,meta.json: Himachal Pradesh,1/1 found,3/3 found,instagram.com/rippedupnutrition,source meta_json,meta:200 home:200 contact:200 info:200 privacy:200,,,
960,sportsun.in,PASS,PASS,PASS,PASS,PASS,PASS,PASS,sportssun-in.myshopify.com,IN / INR,meta.json: Delhi,4/4 found,2/2 found,instagram.com/sportsunindia,source meta_json,meta:200 home:200 contact:200 info:404 privacy:200,,,
961,hirafragrances.com,PASS,PASS,PASS,PASS,PASS,PASS,PASS,hiraperfume.myshopify.com,IN / INR,meta.json: Karnataka,1/1 found,1/1 found,instagram.com/hira.fragrances,source meta_json,meta:200 home:200 contact:200 info:404 privacy:200,,,
962,flickacosmetics.com,PASS,PASS,PASS,PASS,PASS,PASS,PASS,flicka-cosmetics-india.myshopify.com,IN / INR,meta.json: Maharashtra,4/4 found,2/2 found,instagram.com/flickacosmetics,source meta_json,meta:200 home:200 contact:200 info:200 privacy:200,,,
965,hittersports.in,PASS,PASS,PASS,PASS,PASS,PASS,PASS,745fed-fc.myshopify.com,IN / INR,meta.json: Gujarat,1/1 found,2/2 found,instagram.com/hitterbat,source meta_json,meta:200 home:200 contact:200 info:429 privacy:200,,,
966,mahajanelectronics.com,PASS,PASS,PASS,PASS,PASS,PASS,PASS,mahajanelectronics.myshopify.com,IN / INR,meta.json: Delhi,2/2 found,3/3 found,instagram.com/mahajan.electronics,source meta_json,meta:200 home:200 contact:404 info:429 privacy:200,,,
967,myop.in,PASS,PASS,PASS,PASS,PASS,PASS,PASS,make-your-own-perfume.myshopify.com,IN / INR,meta.json: Kerala,2/2 found,1/1 found,instagram.com/myopindia,source meta_json,meta:200 home:200 contact:200 info:429 privacy:200,,,
968,myprisma.in,PASS,PASS,PASS,PASS,PASS,PASS,PASS,prismagarments.myshopify.com,IN / INR,meta.json: Tamil Nadu,2/2 found,3/3 found,instagram.com/brandprisma,source meta_json,meta:200 home:429 contact:200 info:200 privacy:200,,,
969,rideadventure.in,PASS,PASS,PASS,PASS,PASS,PASS,PASS,rideadventure.myshopify.com,IN / INR,meta.json: Karnataka,1/1 found,2/2 found,instagram.com/ride_adventure_,source meta_json,meta:200 home:429 contact:200 info:200 privacy:200,,,
970,wacoalindia.com,PASS,PASS,PASS,PASS,PASS,PASS,PASS,wacoal22.myshopify.com,IN / INR,meta.json: Maharashtra,1/1 found,1/1 found,instagram.com/wacoalindia,source meta_json,meta:200 home:429 contact:404 info:200 privacy:200,,,
974,bagruart.com,PASS,PASS,PASS,PASS,PASS,PASS,PASS,casecafe1.myshopify.com,IN / INR,meta.json: Rajasthan,1/1 found,2/2 found,instagram.com/bagru_art,source meta_json,meta:200 home:200 contact:404 info:200 privacy:200,,,
975,bluetokaicoffee.com,PASS,PASS,PASS,PASS,PASS,PASS,PASS,blue-tokai-coffee-roasters.myshopify.com,IN / INR,meta.json: Haryana,2/2 found,1/1 found,instagram.com/bluetokaicoffee,source meta_json,meta:200 home:200 contact:200 info:blocked by robots.txt privacy:blocked by robots.txt,,,
976,bombaysweetshop.com,PASS,PASS,PASS,PASS,PASS,PASS,PASS,bombay-sweet-shop.myshopify.com,IN / INR,meta.json: Maharashtra,1/1 found,1/1 found,instagram.com/bombaysweetshop,source meta_json,meta:200 home:200 contact:200 info:blocked by robots.txt privacy:blocked by robots.txt,,,
977,dealcliq.com,PASS,PASS,PASS,PASS,PASS,PASS,PASS,dealcliqstore.myshopify.com,IN / INR,meta.json: Punjab,2/2 found,1/1 found,instagram.com/dealcliq_india,source meta_json,meta:200 home:200 contact:404 info:200 privacy:200,,,
978,littlemuffet.in,PASS,PASS,PASS,PASS,PASS,PASS,PASS,little-muffet.myshopify.com,IN / INR,meta.json: Maharashtra,1/1 found,1/1 found,instagram.com/little_muffet,source meta_json,meta:200 home:200 contact:200 info:404 privacy:200,,,
979,outdoorgoats.com,PASS,PASS,PASS,PASS,PASS,PASS,PASS,rhy0tf-jc.myshopify.com,IN / INR,meta.json: Maharashtra,2/2 found,3/3 found,instagram.com/outdoorgoatsofficial,source meta_json,meta:200 home:200 contact:200 info:200 privacy:200,,,
980,the1970shop.com,PASS,PASS,PASS,PASS,PASS,PASS,PASS,74e991-4.myshopify.com,IN / INR,meta.json: Delhi,2/2 found,1/1 found,instagram.com/the1970shop,source meta_json,meta:200 home:200 contact:200 info:404 privacy:200,,,
981,cureveda.com,PASS,PASS,PASS,PASS,PASS,PASS,PASS,curevedastore.myshopify.com,IN / INR,meta.json: Maharashtra,1/1 found,1/1 found,instagram.com/curevedaremedies,source meta_json,meta:200 home:200 contact:200 info:blocked by robots.txt privacy:blocked by robots.txt,,,
982,hibiscusmonkey.com,PASS,PASS,PASS,PASS,PASS,PASS,PASS,hibiscusmonkey.myshopify.com,IN / INR,meta.json: Maharashtra,2/2 found,1/1 found,instagram.com/hibiscusmonkey,source meta_json,meta:200 home:200 contact:404 info:200 privacy:200,,,
983,inart.co.in,PASS,PASS,PASS,PASS,PASS,PASS,PASS,inart-studio.myshopify.com,IN / INR,meta.json: Maharashtra,1/1 found,1/1 found,instagram.com/inartindiaofficial,source meta_json,meta:200 home:200 contact:200 info:200 privacy:200,,,
984,indiansnackhouse.com,PASS,PASS,PASS,PASS,PASS,PASS,PASS,66931c.myshopify.com,IN / INR,meta.json: Tamil Nadu,2/2 found,3/3 found,instagram.com/indian.snackhouse,source meta_json,meta:200 home:200 contact:200 info:200 privacy:200,,,
985,skillmatics.in,PASS,PASS,PASS,PASS,PASS,PASS,PASS,skillmaticsindia.myshopify.com,IN / INR,meta.json: Maharashtra,3/3 found,1/1 found,instagram.com/skillmaticsindia,source meta_json,meta:200 home:200 contact:200 info:blocked by robots.txt privacy:blocked by robots.txt,,,
986,studiokook.com,PASS,PASS,PASS,PASS,PASS,PASS,PASS,studiokook.myshopify.com,IN / INR,meta.json: Maharashtra,1/1 found,1/1 found,instagram.com/studiokookdotcom,source meta_json,meta:200 home:200 contact:404 info:blocked by robots.txt privacy:blocked by robots.txt,,,
987,thehorizoncollections.com,PASS,PASS,PASS,PASS,PASS,PASS,PASS,horizoncollections.myshopify.com,IN / INR,meta.json: Andhra Pradesh,2/2 found,1/1 found,instagram.com/thehorizoncollections,source meta_json,meta:200 home:200 contact:200 info:200 privacy:200,,,
988,car101.in,PASS,PASS,PASS,PASS,PASS,PASS,PASS,b790a2.myshopify.com,IN / INR,meta.json: Maharashtra,1/1 found,1/1 found,instagram.com/car101.in,source meta_json,meta:200 home:200 contact:200 info:200 privacy:200,,,
989,ecoflowindia.com,PASS,PASS,PASS,PASS,PASS,PASS,PASS,ecoflow-in.myshopify.com,IN / INR,meta.json: Gujarat,2/2 found,1/1 found,instagram.com/ecoflowindia,source meta_json,meta:200 home:200 contact:200 info:200 privacy:200,,,
990,agriplexindia.com,PASS,PASS,PASS,PASS,PASS,PASS,PASS,agriplexindia.myshopify.com,IN / INR,meta.json: Karnataka,2/2 found,2/2 found,instagram.com/agriplexindia,source meta_json,meta:200 home:200 contact:404 info:200 privacy:200,,,
991,linkcart.in,PASS,PASS,PASS,PASS,PASS,PASS,PASS,usadxh-ua.myshopify.com,IN / INR,meta.json: Uttar Pradesh,2/2 found,1/1 found,instagram.com/linklocksindia,source meta_json,meta:200 home:200 contact:200 info:blocked by robots.txt privacy:blocked by robots.txt,,,
992,lorazzo.com,PASS,PASS,PASS,PASS,PASS,PASS,PASS,lorazzo-fittings.myshopify.com,IN / INR,meta.json: Delhi,1/1 found,1/1 found,instagram.com/lorazzo_india,source meta_json,meta:200 home:200 contact:200 info:blocked by robots.txt privacy:blocked by robots.txt,,,
993,theblackboxco.com,PASS,PASS,PASS,PASS,PASS,PASS,PASS,theblackboxco.myshopify.com,IN / INR,meta.json: Maharashtra,1/1 found,3/3 found,instagram.com/theblackboxco_official,source meta_json,meta:200 home:200 contact:200 info:200 privacy:200,,,
994,wearadhd.com,PASS,PASS,PASS,PASS,PASS,PASS,PASS,b0fjxh-zg.myshopify.com,IN / INR,meta.json: Uttar Pradesh,4/4 found,1/1 found,instagram.com/wearadhd,source meta_json,meta:200 home:200 contact:200 info:200 privacy:200,,,
995,winstonindia.com,PASS,PASS,PASS,PASS,PASS,PASS,PASS,winstonbeauty.myshopify.com,IN / INR,meta.json: Haryana,2/2 found,1/1 found,instagram.com/winstonindia.official,source meta_json,meta:200 home:200 contact:200 info:blocked by robots.txt privacy:blocked by robots.txt,,,
996,wntrtravel.com,PASS,PASS,PASS,PASS,PASS,PASS,PASS,wntrbags.myshopify.com,IN / INR,meta.json: Maharashtra,1/1 found,2/2 found,instagram.com/wntrtravel,source meta_json,meta:200 home:200 contact:404 info:404 privacy:200,,,
997,embarouge.in,PASS,PASS,PASS,PASS,PASS,PASS,PASS,bellavita-nepal.myshopify.com,IN / INR,meta.json: Haryana,1/1 found,1/1 found,instagram.com/embarouge,source meta_json,meta:200 home:200 contact:200 info:200 privacy:200,,,
998,solacegears.com,PASS,PASS,PASS,PASS,PASS,PASS,PASS,qhwnyf-rh.myshopify.com,IN / INR,meta.json: Karnataka,4/4 found,1/1 found,instagram.com/solacegears,source meta_json,meta:200 home:200 contact:200 info:200 privacy:200,,,
999,crafterscorner.in,PASS,PASS,PASS,PASS,PASS,PASS,PASS,crafterscornerstore.myshopify.com,IN / INR,meta.json: Delhi,1/1 found,1/1 found,instagram.com/crafterscornerindia,source meta_description,meta:200 home:200 contact:200 info:200 privacy:404,,,
1000,haappyherbs.com,PASS,PASS,PASS,PASS,PASS,PASS,PASS,haappyherbs.myshopify.com,IN / INR,meta.json: Tamil Nadu,2/2 found,1/1 found,instagram.com/haappyherbs,source about_meta_description,meta:200 home:200 contact:404 info:200 privacy:200,,,
134,thenomadvibes.com,PASS,PASS,PASS,PASS,PASS,PASS,PASS,the-nomad-vibes.myshopify.com,IN / INR,meta.json: Rajasthan,2/2 found,2/2 found,instagram.com/thenomad_vibes_,source meta_json,meta:200 home:200 contact:404 info:200 privacy:200,support@thenomadvibes.com; thenomadvibesshop@gmail.com,+919983859310; +912938401623,2026-09-30 02:20
135,fmcgcart.com,PASS,PASS,PASS,PASS,PASS,PASS,PASS,8caf08-2.myshopify.com,IN / INR,meta.json: Delhi,1/1 found,1/1 found,instagram.com/fmcgcart,source about_meta_description,meta:200 home:200 contact:200 info:blocked by robots.txt privacy:blocked by robots.txt,care@fmcgcart.com,+918595561500,2026-09-30 02:20
136,ibacosmetics.com,PASS,PASS,PASS,PASS,PASS,PASS,PASS,iba-cos.myshopify.com,IN / INR,meta.json: Gujarat,1/1 found,2/2 found,instagram.com/ibacosmetics,source meta_json,meta:200 home:200 contact:200 info:blocked by robots.txt privacy:blocked by robots.txt,consumercare@ibacosmetics.com,+917226026655; +919904994471,2026-09-30 02:20
286,diabexy.com,PASS,PASS,PASS,PASS,PASS,PASS,PASS,diabexy-3796.myshopify.com,IN / INR,meta.json: Rajasthan,3/3 found,2/2 found,instagram.com/diabexy,source meta_json,meta:200 home:200 contact:200 info:200 privacy:200,customercare@diabexy.com; info@diabexy.com; contact@nutroactive.com,+918448952009; +918826054422,2026-09-30 02:20
291,submarinepens.com,PASS,PASS,PASS,PASS,PASS,PASS,PASS,deea06.myshopify.com,IN / INR,meta.json: Maharashtra,2/2 found,2/2 found,instagram.com/submarine_pens,source meta_json,meta:200 home:200 contact:200 info:200 privacy:200,online@submarinepens.co.in; info@submarinepens.com,+919967158178; +919570070809,2026-09-30 02:20
294,neown.in,PASS,PASS,PASS,PASS,PASS,PASS,PASS,5af5d7.myshopify.com,IN / INR,meta.json: Maharashtra,1/1 found,2/2 found,instagram.com/neown.in,source meta_json,meta:200 home:200 contact:200 info:blocked by robots.txt privacy:blocked by robots.txt,contact@neown.in,+919324455972; +919137081640,2026-09-30 02:20
295,twinbirds.co.in,PASS,PASS,PASS,PASS,PASS,PASS,PASS,twin-birds-store.myshopify.com,IN / INR,meta.json: Tamil Nadu,3/3 found,2/2 found,instagram.com/twinbirdsonline,source meta_json,meta:200 home:200 contact:200 info:blocked by robots.txt privacy:blocked by robots.txt,support@twinbirds.co.in; bdmtrade@twinbirds.org; franchise@twinbirds.org,+919003666718; +919894508081,2026-09-30 02:20
296,zanducare.com,PASS,PASS,PASS,PASS,PASS,PASS,PASS,zanducare.myshopify.com,IN / INR,meta.json: West Bengal,1/1 found,1/1 found,instagram.com/zanducareofficial,source meta_json,meta:200 home:200 contact:404 info:404 privacy:200,care@zanducare.com,+9118005728000,2026-09-30 02:20
315,banjaaran.in,PASS,PASS,PASS,PASS,PASS,PASS,PASS,banjaaranindia.myshopify.com,IN / INR,meta.json: Haryana,5/5 found,2/2 found,instagram.com/banjaaran,source meta_json,meta:200 home:200 contact:200 info:200 privacy:200,studio@banjaaran.in; karanveer@banjaaran.in; mehandee@banjaaran.in; meera@banjaaran.in; support@banjaaran.in,+919999474819; +919999947481,2026-09-30 02:20
316,essa.in,PASS,PASS,PASS,PASS,PASS,PASS,PASS,fa7c72-2.myshopify.com,IN / INR,meta.json: Tamil Nadu,2/2 found,3/3 found,instagram.com/essa_garments,source meta_json,meta:200 home:200 contact:200 info:200 privacy:200,customercare@essagarments.com; shopping@essagarments.com,+918925899286; +918925880586; +919500799705,2026-09-30 02:21
317,kaushalyaartjewellery.com,PASS,PASS,PASS,PASS,PASS,PASS,PASS,de5ebb-74.myshopify.com,IN / INR,meta.json: Maharashtra,1/1 found,2/2 found,instagram.com/kaushalya__art__jewellery,source meta_json,meta:200 home:200 contact:200 info:blocked by robots.txt privacy:blocked by robots.txt,support@kaushalyaartjewellery.com,+918850957540; +917208980173,2026-09-30 02:21
319,theuseeshop.com,PASS,PASS,PASS,PASS,PASS,PASS,PASS,usee-shop-app.myshopify.com,IN / INR,meta.json: Uttar Pradesh,1/1 found,2/2 found,instagram.com/theuseeshop,source meta_json,meta:200 home:200 contact:404 info:200 privacy:200,useeshopapp@gmail.com,+919198205557; +918318893022,2026-09-30 02:21
321,buybakson.com,PASS,PASS,PASS,PASS,PASS,PASS,PASS,buy-bakson.myshopify.com,IN / INR,meta.json: Uttarakhand,1/1 found,1/1 found,instagram.com/baksonsofficial,source meta_json,meta:200 home:200 contact:200 info:200 privacy:200,customercare@buybakson.com,+9118002572829,2026-09-30 02:21
338,tonirossi.com,PASS,PASS,PASS,PASS,PASS,PASS,FAIL,toni-rossi.myshopify.com,IN / INR,meta.json: Tamil Nadu,1/1 found,2/2 found,instagram.com/tonirossiofficial,source meta_json,meta:200 home:200 contact:200 info:200 privacy:200,hello@tonirossi.com,+919384040758; +919384040777,2026-09-30 02:21
383,batteryworks.in,PASS,PASS,PASS,PASS,PASS,N/A,PASS,batteryworks-india.myshopify.com,IN / INR,meta.json: Maharashtra,1/1 found,1/1 found,,source meta_json,meta:200 home:200 contact:200 info:200 privacy:200,support@batteryworks.in,+918291369727,2026-09-30 02:21
423,harishprojects.com,PASS,PASS,PASS,PASS,PASS,N/A,PASS,378627-e5.myshopify.com,IN / INR,meta.json: Chhattisgarh,1/1 found,2/2 found,,source meta_json,meta:200 home:200 contact:404 info:200 privacy:200,order@harishprojects.in,+919429694495; +919340874058,2026-09-30 02:21
432,infinixmobiles.in,PASS,PASS,PASS,PASS,PASS,PASS,PASS,infinixmobiles.myshopify.com,IN / INR,meta.json: Delhi,5/5 found,2/2 found,instagram.com/infinixindia,source meta_json,meta:200 home:200 contact:200 info:404 privacy:200,infinix.smd@transsion.com; pr@infinixmobility.com; service@carlcare.com; privacy.gmdpl@transsion.com; rohit.walecha@transsion.com,+9118004190525; +911206650888,2026-09-30 02:21
441,pebblecart.com,PASS,PASS,PASS,PASS,PASS,PASS,PASS,pebblecartstore.myshopify.com,IN / INR,meta.json: Uttar Pradesh,2/2 found,1/1 found,instagram.com/pebbleofficial,source meta_json,meta:200 home:200 contact:200 info:blocked by robots.txt privacy:blocked by robots.txt,support@pebblecart.com; sales@pebblecart.com,+918800271651,2026-09-30 02:21
442,sheshaayurveda.com,PASS,PASS,PASS,PASS,PASS,PASS,PASS,shesha-ayurveda.myshopify.com,IN / INR,meta.json: Telangana,5/5 found,1/1 found,instagram.com/sheshaayurveda,source meta_json,meta:200 home:200 contact:200 info:200 privacy:200,orders@sheshaayurveda.com; contact@sheshaayurveda.com; pr@sheshaayurveda.com; escalations-orders@sheshaayurveda.com; renjianooj@gmail.com,+917907095562,2026-09-30 02:21
459,karagiri.com,PASS,PASS,PASS,PASS,PASS,PASS,PASS,karagiri.myshopify.com,IN / INR,meta.json: Karnataka,1/1 found,2/2 found,instagram.com/karagiri_ethnic,source meta_json,meta:200 home:200 contact:404 info:200 privacy:200,help@karagiri.com,+919311749215; +919611719459,2026-09-30 02:21
460,karizmajewels.in,PASS,PASS,PASS,PASS,PASS,PASS,PASS,karizmajewelsindia.myshopify.com,IN / INR,meta.json: Punjab,3/3 found,2/2 found,instagram.com/karizma_jewels,source meta_json,meta:200 home:200 contact:200 info:200 privacy:200,support@karizmajewels.in; support@karizmajewels.com; karizmajewels@gmail.com,+917814823244; +919815074837,2026-09-30 02:21
472,silkfolks.com,PASS,PASS,PASS,PASS,PASS,N/A,PASS,silkfolks.myshopify.com,IN / INR,meta.json: Gujarat,1/1 found,1/1 found,,source about_meta_description,meta:200 home:200 contact:200 info:200 privacy:200,support@silkfolks.com,+919099846382,2026-09-30 02:21
478,truebrowns.com,FAIL,FAIL,FAIL,PASS,PASS,PASS,UNREACHABLE,meta.json status 404,,,1/1 found,1/1 found,instagram.com/truebrowns,source meta_json,meta:404 home:200 contact:404 info:404 privacy:404,info@truebrowns.com,+918384046951,2026-09-30 02:21
585,saihandabangle.com,PASS,PASS,PASS,PASS,PASS,PASS,FAIL,c7gdjx-rg.myshopify.com,IN / INR,meta.json: Delhi,2/2 found,2/2 found,instagram.com/saihanda_bangles,source meta_json,meta:200 home:200 contact:404 info:200 privacy:200,info@saihandabangle.com; support@saihandabangle.com,+919217572236; +919971316105,2026-09-30 02:22
704,glamwiz.com,PASS,PASS,PASS,PASS,PASS,PASS,PASS,glamwiz-india.myshopify.com,IN / INR,meta.json: Delhi,2/2 found,3/3 found,instagram.com/glamwiz_,source meta_json,meta:200 home:200 contact:200 info:200 privacy:200,info@glamwiz.com; saloni@glamwiz.com,+917303198497; +919990048505; +919990045502,2026-09-30 02:22
706,aegte.in,PASS,PASS,PASS,PASS,PASS,PASS,PASS,aegtes.myshopify.com,IN / INR,meta.json: Haryana,2/2 found,2/2 found,instagram.com/aegteofficial,source meta_json,meta:200 home:200 contact:404 info:200 privacy:200,support@aegte.in; dhiren.sharma@aegte.in,+919311721999; +916490089900,2026-09-30 02:22
710,houseofquadri.com,PASS,PASS,PASS,PASS,PASS,PASS,PASS,houseof-quadri.myshopify.com,IN / INR,meta.json: Maharashtra,1/1 found,3/3 found,instagram.com/house.of.quadri,source meta_json,meta:200 home:200 contact:200 info:200 privacy:200,hello@houseofquadri.com,+919372161575; +918655652053; +918655669168,2026-09-30 02:22
711,gudgum.in,PASS,PASS,PASS,PASS,PASS,PASS,PASS,0531a2.myshopify.com,IN / INR,meta.json: Karnataka,3/3 found,1/1 found,instagram.com/gud.gum,source meta_json,meta:200 home:200 contact:200 info:200 privacy:200,founders@gudgum.in; marketing@gudgum.in; business@gudgum.in,+918867332930,2026-09-30 02:22
713,hungrykoala.in,PASS,PASS,PASS,PASS,PASS,PASS,PASS,hungrykoala-in.myshopify.com,IN / INR,meta.json: Karnataka,1/1 found,2/2 found,instagram.com/hungrykoala.in,source meta_json,meta:200 home:200 contact:200 info:200 privacy:200,aloha@hungrykoala.in,+918068507634; +919886627688,2026-09-30 02:22
715,crunchyfashion.com,PASS,PASS,PASS,PASS,PASS,PASS,PASS,crunchyfashion.myshopify.com,IN / INR,meta.json: Uttar Pradesh,1/1 found,1/1 found,instagram.com/crunchy_fashion,source meta_json,meta:200 home:200 contact:404 info:200 privacy:200,info@crunchyfashion.com,+918700620041,2026-09-30 02:22
740,happilo.com,FAIL,FAIL,FAIL,FAIL,FAIL,FAIL,UNREACHABLE,meta.json status 200,,,"0/2 found; missing care@happilo.com, mailsupport@gmail.com",0/1 found; missing +918884484000,instagram.com/happiloindia,source meta_json,meta:200 home:200 contact:200 info:200 privacy:200,,,2026-09-30 02:22
754,buykharibaoli.com,PASS,PASS,PASS,PASS,PASS,PASS,PASS,buykharibaoli.myshopify.com,IN / INR,meta.json: Delhi,2/2 found,1/1 found,instagram.com/buykharibaoli,source meta_json,meta:200 home:200 contact:200 info:404 privacy:200,info@buykharibaoli.com; support@buykharibaoli.com,+919871365946,2026-09-30 02:22
760,jewelsmars.com,PASS,PASS,PASS,PASS,PASS,PASS,PASS,adae46.myshopify.com,IN / INR,meta.json: Delhi,2/2 found,1/1 found,instagram.com/jewelsmars,source meta_json,meta:200 home:200 contact:200 info:200 privacy:200,wecare@jewelsmars.com; care.jewelsmars@gmail.com,+919643196811,2026-09-30 02:22
762,levi.in,PASS,PASS,PASS,PASS,PASS,PASS,PASS,levis-india-store.myshopify.com,IN / INR,meta.json: Karnataka,2/2 found,2/2 found,instagram.com/levis_in,source meta_json,meta:200 home:200 contact:200 info:blocked by robots.txt privacy:blocked by robots.txt,customercare@levi.in; feedbacklevi@levi.in,+9118001235384; +9118001020501,2026-09-30 02:22
764,letshyphen.com,PASS,PASS,PASS,PASS,PASS,PASS,PASS,hyphen-mcaffeine.myshopify.com,IN / INR,meta.json: Maharashtra,1/1 found,1/1 found,instagram.com/letshyphen,source meta_json,meta:200 home:200 contact:404 info:200 privacy:200,care@letshyphen.com,+919004082257,2026-09-30 02:22
765,drsheths.com,PASS,PASS,PASS,PASS,PASS,PASS,FAIL,dr-sheths.myshopify.com,IN / INR,meta.json: Haryana,1/1 found,1/1 found,instagram.com/drsheths,source meta_json,meta:200 home:200 contact:200 info:200 privacy:200,support@drsheths.com,+914550453232,2026-09-30 02:22
791,oyela.in,PASS,PASS,PASS,PASS,PASS,PASS,FAIL,84494d-fc.myshopify.com,IN / INR,meta.json: Haryana,1/1 found,1/1 found,instagram.com/oyela.in,source about_paragraph,meta:200 home:200 contact:404 info:200 privacy:200,support@oyela.in,+918766278296,2026-09-30 02:22
835,salammalsilks.com,PASS,PASS,PASS,PASS,PASS,N/A,PASS,8c1c68-2.myshopify.com,IN / INR,meta.json: Tamil Nadu,3/3 found,3/3 found,,source meta_json,meta:200 home:200 contact:200 info:200 privacy:200,sales@salammalsilks.com; sales@salammasilks.com; salammalsilks@gmail.com,+914449795128; +917449744989; +919256925684,2026-09-30 02:22
847,krutico.com,PASS,PASS,PASS,PASS,PASS,PASS,PASS,d05898-cb.myshopify.com,IN / INR,meta.json: Rajasthan,2/2 found,3/3 found,instagram.com/_kruti_co,source meta_json,meta:200 home:200 contact:200 info:200 privacy:200,care@krutico.com; prishapparelsprivatelimited@gmail.com,+918905715454; +917375055454; +917357325454,2026-09-30 02:22
873,animemart.in,PASS,PASS,PASS,PASS,PASS,PASS,PASS,bhaukaalstore.myshopify.com,IN / INR,meta.json: Uttar Pradesh,1/1 found,1/1 found,instagram.com/animemart.in,source about_meta_description,meta:200 home:200 contact:200 info:200 privacy:200,support@animemart.in,+919118812445,2026-09-30 02:22
880,storeno6.com,PASS,PASS,PASS,PASS,PASS,PASS,PASS,storeno6.myshopify.com,IN / INR,meta.json: West Bengal,1/1 found,1/1 found,instagram.com/storeno.6,source meta_json,meta:200 home:200 contact:200 info:blocked by robots.txt privacy:blocked by robots.txt,info@storeno6.com,+916291704743,2026-09-30 02:22
883,buyindusvalley.in,PASS,PASS,PASS,PASS,PASS,PASS,PASS,indus-valley2.myshopify.com,IN / INR,meta.json: Haryana,2/2 found,1/1 found,instagram.com/indusvalleyorganicbeauty,source meta_json,meta:200 home:200 contact:404 info:blocked by robots.txt privacy:blocked by robots.txt,hr@indus-valley.com; help@buyindusvalley.com,+919717123456,2026-09-30 02:22
884,creaturesofhabit.in,PASS,PASS,PASS,PASS,PASS,PASS,PASS,creatures-of-habit-india.myshopify.com,IN / INR,meta.json: Maharashtra,1/1 found,1/1 found,instagram.com/creaturesofhabit.in,source meta_json,meta:200 home:200 contact:200 info:blocked by robots.txt privacy:blocked by robots.txt,helpdesk@creaturesofhabit.in,+919321274851,2026-09-30 02:22
950,cultree.in,PASS,PASS,PASS,PASS,PASS,PASS,PASS,5965b3-2.myshopify.com,IN / INR,meta.json: Madhya Pradesh,2/2 found,2/2 found,instagram.com/cultreeindia,source meta_json,meta:200 home:200 contact:200 info:200 privacy:200,customercare@cultree.in; cultreeofficial@gmail.com,+918660979393; +919238642147,2026-09-30 02:22
963,gearguard.in,PASS,PASS,PASS,PASS,PASS,PASS,PASS,gear-gaurd.myshopify.com,IN / INR,meta.json: Uttar Pradesh,1/1 found,1/1 found,instagram.com/thegearguard2,source meta_json,meta:200 home:200 contact:200 info:200 privacy:200,sumit@gearguard.in,+919140888488,2026-09-30 02:22
964,hidesign.com,PASS,PASS,PASS,PASS,PASS,PASS,PASS,hidesignstore.myshopify.com,IN / INR,meta.json: Puducherry,3/3 found,3/3 found,instagram.com/hidesignhq,source meta_json,meta:200 home:200 contact:200 info:200 privacy:200,corporatesales@hidesign.com; customercare@hidesign.com; noreply@hidesign.com,+918031405178; +917338897300; +919444274242,2026-09-30 02:23
971,wellwithlife.com,PASS,PASS,PASS,PASS,PASS,PASS,PASS,livewellwith.myshopify.com,IN / INR,meta.json: Uttar Pradesh,2/2 found,1/1 found,instagram.com/wellwith.official,source meta_json,meta:200 home:200 contact:200 info:blocked by robots.txt privacy:blocked by robots.txt,care@wellwithlife.com; care@wellwith.com,+918040363880,2026-09-30 02:22
972,whimsyindia.com,PASS,PASS,PASS,PASS,PASS,PASS,PASS,whimsy-web.myshopify.com,IN / INR,meta.json: Haryana,1/1 found,1/1 found,instagram.com/whimsyorganics,source meta_json,meta:200 home:200 contact:200 info:200 privacy:200,care@whimsyindia.com,+919650159111,2026-09-30 02:23
973,mishmashnaturals.com,PASS,PASS,PASS,PASS,PASS,PASS,PASS,fe081c-76.myshopify.com,IN / INR,meta.json: Chhattisgarh,1/1 found,2/2 found,instagram.com/mishmash_naturals,source meta_json,meta:200 home:200 contact:200 info:404 privacy:200,customercare@mishmashnaturals.com,+918602060608; +919654955575,2026-09-30 02:23
142,fitfeast.in,PASS,PASS,PASS,PASS,PASS,PASS,PASS,fitfeast1.myshopify.com,IN / INR,meta.json: Delhi,1/1 found,1/1 found,instagram.com/fitfeast.in,source meta_json,meta:200 home:200 contact:200 info:200 privacy:200,contact@fitfeast.in,+918383861058,2026-09-30 02:24
205,supertails.com,PASS,PASS,PASS,PASS,PASS,PASS,PASS,supertail.myshopify.com,IN / INR,meta.json: Karnataka,2/2 found,1/1 found,instagram.com/supertails.official,source meta_json,meta:200 home:200 contact:404 info:200 privacy:200,support@supertails.com; harshlovespets@supertails.com,+919187711456,2026-09-30 02:24
225,limelightdiamonds.com,PASS,PASS,PASS,PASS,PASS,PASS,PASS,limelight-diamond.myshopify.com,IN / INR,meta.json: Maharashtra,2/2 found,2/2 found,instagram.com/limelightdiamonds,source meta_json,meta:200 home:200 contact:200 info:200 privacy:200,contact@limelightdiamonds.com; recruit@limelightdiamonds.com,+919136313988; +918169469023,2026-09-30 02:24
380,chitraapparel.com,PASS,PASS,PASS,PASS,PASS,PASS,PASS,chitrasaree.myshopify.com,IN / INR,meta.json: Rajasthan,1/1 found,2/2 found,instagram.com/chitrafashions2017,source meta_json,meta:200 home:200 contact:200 info:200 privacy:200,info@chitraapparel.com,+918949663773; +919680960449,2026-09-30 02:24
434,redchief.in,PASS,PASS,PASS,PASS,PASS,PASS,PASS,redchief-ind.myshopify.com,IN / INR,meta.json: Uttar Pradesh,2/2 found,2/2 found,instagram.com/redchiefofficial,source meta_json,meta:200 home:200 contact:200 info:404 privacy:200,customercare@redchief.co.in; amit.mishra@redchief.co.in,+9118001200141; +918110066156,2026-09-30 02:24
527,triprindia.com,PASS,PASS,PASS,PASS,PASS,PASS,PASS,tripr.myshopify.com,IN / INR,meta.json: Tamil Nadu,2/2 found,1/1 found,instagram.com/triprindia,source meta_json,meta:200 home:200 contact:404 info:200 privacy:200,queries@triprindia.com; bliveclothingstore@gmail.com,+918031406054,2026-09-30 02:24
551,thecaistore.com,PASS,PASS,PASS,PASS,PASS,PASS,PASS,the-cai-store.myshopify.com,IN / INR,meta.json: Maharashtra,2/2 found,1/1 found,instagram.com/thecaistore,source meta_json,meta:200 home:200 contact:404 info:200 privacy:200,customercare@thecaistore.com; poojarane@thecaistore.com,+912249689513,2026-09-30 02:24
570,onyc.in,PASS,PASS,PASS,PASS,PASS,PASS,PASS,hoppersgoonline.myshopify.com,IN / INR,meta.json: Haryana,2/2 found,2/2 found,instagram.com/onyc.in,source meta_json,meta:200 home:200 contact:404 info:200 privacy:200,care@onyc.in; hello@onyc.in,+918273376777; +912147483647,2026-09-30 02:24
780,scentoria.co.in,PASS,PASS,PASS,PASS,PASS,PASS,PASS,scentoria-india.myshopify.com,IN / INR,meta.json: Maharashtra,2/2 found,1/1 found,instagram.com/scentoria_,source meta_json,meta:200 home:200 contact:200 info:200 privacy:200,info@scentoria.co.in; sales@scentoria.co.in,+919522828952,2026-09-30 02:24
995,vguard.com,PASS,PASS,PASS,PASS,PASS,N/A,PASS,vguard-shop.myshopify.com,IN / INR,meta.json: Kerala,1/1 found,1/1 found,,source meta_json,meta:200 home:200 contact:404 info:200 privacy:200,vg.care@vguard.in,+911204850100,2026-09-30 02:24
996,foreverkidz.in,PASS,PASS,PASS,PASS,PASS,PASS,PASS,foreverkidz1.myshopify.com,IN / INR,meta.json: Uttar Pradesh,1/1 found,1/1 found,instagram.com/foreverkidz_official,source meta_json,meta:200 home:200 contact:404 info:404 privacy:200,support@foreverkidz.in,+918792740079,2026-09-30 02:25
997,mysparemarket.com,PASS,PASS,PASS,PASS,PASS,PASS,PASS,mysparemarket.myshopify.com,IN / INR,meta.json: Maharashtra,2/2 found,2/2 found,instagram.com/mysparemarket,source meta_json,meta:200 home:200 contact:200 info:200 privacy:200,support@mysparemarket.com; mysmmotoparts@gmail.com,+919769004646; +918898683171,2026-09-30 02:24
998,nooe.co,PASS,PASS,PASS,PASS,PASS,PASS,PASS,nooe-india.myshopify.com,IN / INR,meta.json: Delhi,1/1 found,2/2 found,instagram.com/reservenooe,source meta_json,meta:200 home:200 contact:200 info:200 privacy:200,sup@nooe.co,+919205412707; +919667365800,2026-09-30 02:25
999,srisritattva.com,PASS,PASS,PASS,PASS,PASS,PASS,PASS,srisritattva-in.myshopify.com,IN / INR,meta.json: Karnataka,1/1 found,1/1 found,instagram.com/srisritattva,source meta_json,meta:200 home:200 contact:200 info:200 privacy:200,mehul@srisritattva.com,+9118001208030,2026-09-30 02:25
1000,superherotoystore.com,PASS,PASS,PASS,PASS,PASS,PASS,PASS,super-hero-toy-store.myshopify.com,IN / INR,meta.json: Maharashtra,2/2 found,1/1 found,instagram.com/superherotoystore,source meta_json,meta:200 home:200 contact:404 info:200 privacy:200,devesh@superherotoystore.com; deveshc@superherotoystore.com,+917304020923,2026-09-30 02:25
