domain,logo_loads,logo_status,email_domain,email_domain_mx,mx_status
100ampere.com,True,200 image/png,100ampere.com,True,alt1.aspmx.l.google.com
11cart.com,True,200 image/png,11cart.com,True,alt1.aspmx.l.google.com
15chawalwala.com,True,200 image/jpeg,15chawalwala.com,True,alt1.aspmx.l.google.com
1970store.com,True,200 image/svg+xml,1970store.com,True,1970store-com.mail.protection.outlook.com
3tenx.com,True,200 image/png,3tenx.com,True,smtp.google.com
5feet11.com,True,200 image/png,5feet11.com,True,alt1.aspmx.l.google.com
7daysnatural.in,True,200 image/png,7daysnatural.in,True,SMTP.GOOGLE.COM
7man.co.in,True,200 image/png,gmail.com,True,alt1.gmail-smtp-in.l.google.com
99wholesale.com,True,200 image/jpeg,99wholesale.com,True,alt1.aspmx.l.google.com
9shineslabel.com,True,200 image/jpeg,9shineslabel.com,True,mx.zoho.in
a47.in,True,200 image/png,blackwhiteorange.in,True,alt1.aspmx.l.google.com
aachifoods.com,True,200 image/jpeg,aachifoods.com,True,alt1.aspmx.l.google.com
aadyaa.com,True,200 image/png,aadyaa.com,True,aadyaa-com.mail.protection.outlook.com
aafarindryfruits.com,True,200 image/png,gmail.com,True,alt1.gmail-smtp-in.l.google.com
aagrahfinejewels.com,True,200 image/png,gmail.com,True,alt1.gmail-smtp-in.l.google.com
aapkipooja.co.in,True,200 image/png,gmail.com,True,alt1.gmail-smtp-in.l.google.com
aarahboutique.com,True,200 image/png,gmail.com,True,alt1.gmail-smtp-in.l.google.com
aashirs.com,True,200 image/png,aashirs.com,True,us2.mx1.mailhostbox.com
aathilife.com,True,200 image/png,aathilife.com,True,mx1.hostinger.com
aavikazevar.com,True,200 image/png,gmail.com,True,alt1.gmail-smtp-in.l.google.com
aavyaa.com,True,200 image/png,boombump.in,False,domain does not exist
aazol.in,True,200 image/png,aazol.in,True,mailstore1.secureserver.net
ababelperfumes.com,True,200 image/png,gmail.com,True,alt1.gmail-smtp-in.l.google.com
abanahomes.com,True,200 image/png,abanahomes.com,True,alt1.aspmx.l.google.com
abhishekid.com,True,200 image/png,skgraphics.in,True,ALT1.ASPMX.L.GOOGLE.COM
abrosshoes.com,True,200 image/png,abrosshoes.com,True,alt1.aspmx.l.google.com
accessorizelondon.in,False,404 text/html,accessorizelondon.in,True,mx.zoho.in
accessworld.in,True,200 image/png,accessinfoworld.com,True,alt1.aspmx.l.google.com
aceblend.com,True,200 image/svg+xml,aceblend.com,True,alt1.aspmx.l.google.com
acwo.com,True,200 image/jpeg,gmail.com,True,alt1.gmail-smtp-in.l.google.com
adapterkart.com,True,200 image/jpeg,adapterkart.com,True,mailstore1.secureserver.net
adiakshoy.com,True,200 image/png,adiakshoy.com,True,mailstore1.secureserver.net
adimanav.com,True,200 image/png,adimanav.com,True,mx.zoho.com
adorabletrends.in,True,200 image/png,gmail.com,True,alt1.gmail-smtp-in.l.google.com
adornsilver.co,True,200 image/svg+xml,adornsilver.co,True,smtp.google.com
adro.in,True,200 image/png,adro.in,True,alt1.aspmx.l.google.com
adviblouses.com,True,200 image/jpeg,gmail.com,True,alt1.gmail-smtp-in.l.google.com
aegte.in,True,200 image/jpeg,aegte.in,True,mailstore1.secureserver.net
aenak.in,True,200 image/png,gmail.com,True,alt1.gmail-smtp-in.l.google.com
aerodoc.in,False,200 text/html,gmail.com,True,alt1.gmail-smtp-in.l.google.com
aerteksmart.com,True,200 image/png,aerteksmart.com,True,SMTP.GOOGLE.com
aesthesy.com,True,200 image/svg+xml,aesthesy.com,True,alt1.aspmx.l.google.com
aflairza.com,True,200 image/png,aflairza.com,True,alt1.aspmx.l.google.com
agarolifestyle.com,True,200 image/png,agarolifestyle.com,True,mailstore1.secureserver.net
agh92.in,True,200 image/png,gmail.com,True,alt1.gmail-smtp-in.l.google.com
agrashoemart.com,True,200 image/gif,agrashoemart.com,True,alt1.aspmx.l.google.com
agriplexindia.com,True,200 image/png,agriplexindia.com,True,agriplexindia-com.mail.protection.outlook.com
agromech.com,True,200 image/png,agromech.com,True,agromech-com.mail.protection.outlook.com
aham.store,True,200 image/jpeg,aham.store,True,alt1.aspmx.l.google.com
aimilpharma.life,True,200 image/png,aimilpharma.life,True,mailstore1.secureserver.net
aina.in,True,200 image/png,aina.in,True,alt1.aspmx.l.google.com
aishwaryamoils.com,True,200 image/png,aishwaryamoils.com,True,mx.zoho.in
aiwo.com,True,200 image/png,aiwo.com,True,alt1.aspmx.l.google.com
ajantashoes.com,True,200 image/png,ajantashoes.com,True,ajantashoes-com.mail.protection.outlook.com
ajantawatchcompany.com,True,200 image/png,ajantawatchcompany.com,True,alt1.aspmx.l.google.com
ajnaajewels.com,True,200 image/svg+xml,ajnaajewels.com,True,alt1.aspmx.l.google.com
akaiindia.in,True,200 image/png,akaiindia.in,True,akaiindia-in.mail.protection.outlook.com
akiiko.com,True,200 image/png,precisofashion.com,True,alt1.aspmx.l.google.com
akikilondon.com,True,200 image/png,akikilondon.com,True,mx.zoho.com
akshanshpublication.com,True,200 image/jpeg,gmail.com,True,alt1.gmail-smtp-in.l.google.com
akshaygemscrystal.com,False,403 application/xml,gmail.com,True,alt1.gmail-smtp-in.l.google.com
alayabystage3.com,True,200 image/png,alayabystage3.com,True,alt1.aspmx.l.google.com
albertotorresi.com,True,200 image/png,albertotorresi.com,True,aspmx.l.google.com
alittleextra.co.in,True,200 image/png,gmail.com,True,alt1.gmail-smtp-in.l.google.com
allthingsprettybym.in,True,200 image/png,gmail.com,True,alt1.gmail-smtp-in.l.google.com
allurelixir.com,True,200 image/png,gmail.com,True,alt1.gmail-smtp-in.l.google.com
almondhouse.com,True,200 image/png,almondhouse.com,True,alt1.aspmx.l.google.com
aloeandme.com,True,200 image/png,aloeandme.com,True,mx.zoho.in
alonge.in,True,200 image/svg+xml,alonge.in,True,alonge-in.mail.protection.outlook.com
alphatyretools.com,True,200 image/png,gmail.com,True,alt1.gmail-smtp-in.l.google.com
amalfa.in,True,200 image/png,amalfa.in,True,smtp.google.com
amalisalwars.com,True,200 image/png,gmail.com,True,alt1.gmail-smtp-in.l.google.com
amaltaas.com,True,200 image/png,amaltaas.com,True,amaltaas-com.mail.protection.outlook.com
amama.in,True,200 image/png,amama.in,True,amama-in.mail.protection.outlook.com
amanfashion.in,True,200 image/png,gmail.com,True,alt1.gmail-smtp-in.l.google.com
amarisjewels.com,True,200 image/png,amarisjewels.com,True,mx2.emailsrvr.com
amarizindia.com,True,200 image/png,amarizindia.com,True,amarizindia-com.mail.protection.outlook.com
amashaamasala.com,True,200 image/jpeg,amashaamasala.com,True,mailstore1.secureserver.net
ambicaweddingmall.com,True,200 image/png,gmail.com,True,alt1.gmail-smtp-in.l.google.com
ambraneindia.com,True,200 image/svg+xml,ambraneindia.com,True,alt1.aspmx.l.google.com
americantourister.in,True,200 image/png,samsonite.com,True,samsonite-com.mail.protection.outlook.com
amicikart.com,True,200 image/jpeg,amicikart.com,True,amicikart-com.mail.protection.outlook.com
aminu.life,True,200 image/png,aminu.life,True,alt1.aspmx.l.google.com
amitaggarwal.com,True,200 image/png,amitaggarwal.com,True,alt1.aspmx.l.google.com
amounee.com,True,200 image/png,amounee.com,True,alt1.aspmx.l.google.com
amrahwholesale.com,True,200 image/png,amrahwholesale.com,True,alt1.aspmx.l.google.com
amrutam.co.in,True,200 image/png,amrutam.co.in,True,smtp.google.com
amukti.in,True,200 image/png,burntumberfashion.com,True,mail.burntumberfashion.com
amuthamfashions.in,True,200 image/png,gmail.com,True,alt1.gmail-smtp-in.l.google.com
anandigreens.com,True,200 image/jpeg,anandigreens.com,True,mx.zoho.in
anandsweets.in,True,200 image/svg+xml,anandsweets.net,True,ALT1.ASPMX.L.GOOGLE.COM
ananthamsilks.com,True,200 image/png,ananthamsilks.com,True,smtp.google.com
anarkalisuit.in,True,200 image/png,gmail.com,True,alt1.gmail-smtp-in.l.google.com
anastyaoverseas.com,True,200 image/png,anastyaoverseas.com,True,mx.anastyaoverseas.com.cust.b.hostedemail.com
anayadesignerstudio.com,True,200 image/png,anayadesignerstudio.com,True,mailstore1.secureserver.net
anayna.com,True,200 image/png,anayna.com,True,smtp.google.com
anddonehair.com,True,200 image/png,anddonehair.com,True,alt1.aspmx.l.google.com
androidfixcell.com,True,200 image/png,androidfixcell.com,True,route1.mx.cloudflare.net
angelandrocket.in,True,200 image/png,angelandrocket.in,True,angelandrocket-in.mail.protection.outlook.com
angrakhaa.com,True,200 image/jpeg,angrakhaa.com,True,alt1.aspmx.l.google.com
animeal.in,True,200 image/png,animeal.store,True,alt1.aspmx.l.google.com
animemart.in,True,200 image/png,animemart.in,True,alt1.aspmx.l.google.com
anmasa.com,True,200 image/png,anmasa.com,True,alt1.aspmx.l.google.com
annaiaravindhherbals.com,True,200 image/png,aahlimited.com,True,alt1.aspmx.l.google.com
anokherang.com,True,200 image/png,anokherang.com,True,alt1.aspmx.l.google.com
anshutuffysarees.com,True,200 image/png,gmail.com,True,alt1.gmail-smtp-in.l.google.com
anthrilo.com,True,200 image/png,anthrilo.com,True,alt1.aspmx.l.google.com
antling.in,True,200 image/png,antling.in,True,alt1.aspmx.l.google.com
anuroop.co.in,True,200 image/png,anuroop.co.in,True,mx.zoho.in
anuvas.com,True,200 image/png,anuvas.com,True,alt1.aspmx.l.google.com
anvicouture.com,True,200 image/png,anvicouture.com,True,mx.zoho.com
anywearindia.com,True,200 image/png,anywearindia.com,True,alt1.aspmx.l.google.com
apella.in,True,200 image/png,gmail.com,True,alt1.gmail-smtp-in.l.google.com
apexel.in,True,200 image/png,apexel.in,True,mailstore1.secureserver.net
apnidukaan.com,True,200 image/png,apnidukaan.com,True,alt1.aspmx.l.google.com
aquariumproductsindia.in,True,200 image/png,mayurdevaquascaper.com,False,domain does not exist
aqueria.co,True,200 image/svg+xml,thesuprlife.com,True,alt1.aspmx.l.google.com
arabianaroma.in,True,200 image/png,arabianaroma.in,True,mx1.hostinger.in
araiyabyaza.com,False,404 text/html,araiyabyaza.com,True,araiyabyaza-com.mail.protection.outlook.com
aranyamperfumes.com,True,200 image/png,aranyamperfumes.com,True,alt1.aspmx.l.google.com
arata.in,True,200 image/svg+xml,arata.in,True,alt1.aspmx.l.google.com
aravalii.com,True,200 image/jpeg,aravalii.com,True,aravalii-com.mail.protection.outlook.com
arayurveda.shop,True,200 image/png,arayurveda.com,True,mail.alignbpm.in
areoveda.in,True,200 image/png,areoveda.in,True,mx.zoho.in
argoswatch.in,True,200 image/svg+xml,argoswatch.in,True,argoswatch-in.mail.protection.outlook.com
arihantbooks.com,True,200 image/svg+xml,arihantbooks.com,True,us2.mx1.mailhostbox.com
arihantcreations.co.in,True,200 image/png,arihantcreations.co.in,True,us2.mx1.mailhostbox.com
arirotoys.com,True,200 image/png,arirotoys.com,True,mail.arirotoys.com
ariser.co.in,True,200 image/jpeg,ariser.co.in,True,ariser-co-in.mail.protection.outlook.com
aristobrat.in,False,404 text/html,aristobrat.in,True,aristobrat-in.mail.protection.outlook.com
arks.club,True,200 image/png,arks.club,True,arks-club.mail.protection.outlook.com
armadioindia.com,True,200 image/png,armadioindia.com,True,mx.zoho.in
armafperfume.com,True,200 image/png,armafperfume.com,True,alt1.aspmx.l.google.com
armima.com,True,200 image/png,armima.com,True,alt1.aspmx.l.google.com
arogyamshop.com,True,200 image/png,arogyamshop.com,True,alt1.aspmx.l.google.com
aromacares.com,True,200 image/png,aromacares.com,True,alt1.aspmx.l.google.com
aromamagic.com,True,200 image/png,aromamagic.com,True,alt1.aspmx.l.google.com
aromeworld.com,True,200 image/png,arochemratlam.com,True,alt1.aspmx.l.google.com
arrssilks.com,False,404 text/html,arrssilks.com,True,smtp.google.com
artgatha.com,True,200 image/png,artgatha.com,True,SMTP.GOOGLE.com
arthbyemcure.com,True,200 image/png,arthwellness.in,True,mailstore1.secureserver.net
arthjewels.com,True,200 image/png,gmail.com,True,alt1.gmail-smtp-in.l.google.com
arthlife.com,True,200 image/png,arthlife.com,True,mail.arthlife.com
artornate.com,True,200 image/svg+xml,gmail.com,True,alt1.gmail-smtp-in.l.google.com
artzolo.com,True,200 image/jpeg,artzolo.com,True,mail.artzolo.com
aruwafashion.com,True,200 image/png,aruwafashion.com,True,alt1.aspmx.l.google.com
aryacreation.in,True,200 image/png,gmail.com,True,alt1.gmail-smtp-in.l.google.com
asanpublications.com,True,200 image/png,gmail.com,True,alt1.gmail-smtp-in.l.google.com
ascfashionstore.com,True,200 image/png,ascfashionstore.com,True,mailstore1.secureserver.net
aseemshakti.com,True,200 image/png,aseemshakti.com,True,alt1.aspmx.l.google.com
asenne.in,True,200 image/png,gmail.com,True,alt1.gmail-smtp-in.l.google.com
asitisnutrition.com,True,200 image/png,asitisnutrition.com,True,alt1.aspmx.l.google.com
asmcollections.com,True,200 image/png,gmail.com,True,alt1.gmail-smtp-in.l.google.com
assemblytravel.com,True,200 image/png,assemblytravel.com,True,alt1.aspmx.l.google.com
astaberry.com,True,200 image/png,cipla.com,True,cipla-com.mail.protection.outlook.com
astroscience.com,True,200 image/png,astroscience.in,True,alt1.aspmx.l.google.com
asvikastore.com,True,200 image/png,gmail.com,True,alt1.gmail-smtp-in.l.google.com
ateonlineshop.com,True,200 image/png,ateonlineshop.com,True,mx1.hostinger.com
atlanticbooks.com,True,200 image/png,atlanticbooks.com,True,atlanticbooks-com.mail.protection.outlook.com
atomicpharmacy.in,True,200 image/png,atomicpharmacy.in,True,mx1.hostinger.com
atpu.in,True,200 image/png,atpu.in,True,mx.zoho.in
atri.in,True,200 image/png,atri.in,True,smtp.google.com
attirebyayaana.com,True,200 image/png,attirebyayaana.com,True,alt1.aspmx.l.google.com
attrangi.in,True,200 image/png,attrangi.in,True,alt1.aspmx.l.google.com
audiomaxx.in,False,404 text/html,gmail.com,True,alt1.gmail-smtp-in.l.google.com
audiowheels.in,True,200 image/jpeg,audiowheels.in,True,mx1.hostinger.com
aukerajewellery.com,True,200 image/svg+xml,aukerajewellery.in,True,smtp.google.com
aulilifestyle.com,True,200 image/png,aulilifestyle.com,True,alt1.aspmx.l.google.com
auraalooks.com,True,200 image/png,gmail.com,True,alt1.gmail-smtp-in.l.google.com
aurabenaras.com,True,200 image/png,aurabenaras.com,True,mx.aurabenaras.com.cust.b.hostedemail.com
auranic.co,True,200 image/png,gmail.com,True,alt1.gmail-smtp-in.l.google.com
auravedic.com,True,200 image/png,auravedic.com,True,mx.zoho.in
aurawill.in,True,200 image/png,aurawill.in,True,alt1.aspmx.l.google.com
autoengina.com,True,200 image/png,autoengina.com,True,smtp.google.com
autonity.in,True,200 image/png,autonity.in,True,mx.zoho.in
avimeeherbal.com,True,200 image/png,avimeeherbal.com,True,alt1.aspmx.l.google.com
avon.co.in,True,200 image/png,avon.co.in,True,avon-co-in.mail.protection.outlook.com
avshack.in,True,200 image/png,avshop.in,True,route1.mx.cloudflare.net
axorhelmets.com,True,200 image/png,axorhelmets.com,True,alt1.aspmx.l.google.com
ayasalley.com,True,200 image/png,ayasgold.com,True,mx.zoho.com
ayazperfume.com,True,200 image/png,ayazperfume.com,True,mailstore1.secureserver.net
aykaa.in,True,200 image/png,aykaa.in,True,alt1.aspmx.l.google.com
ayudiva.in,True,200 image/png,ayudiva.in,True,mailstore1.secureserver.net
ayurblends.in,True,200 image/png,ayurblends.in,True,smtp.google.com
ayurkart.com,True,200 image/png,ayurkart.com,True,alt1.aspmx.l.google.com
ayushakti.com,True,200 image/png,ayushakti.com,True,alt1.aspmx.l.google.com
azga.in,True,200 image/png,azga.in,True,smtp.google.com
azhaguboutique.com,True,200 image/png,gmail.com,True,alt1.gmail-smtp-in.l.google.com
aziot.life,True,200 image/png,aziot.life,True,alt1.aspmx.l.google.com
azorte.social,True,200 image/svg+xml,envigo.co.uk,True,alt1.aspmx.l.google.com
baaori.com,True,200 image/png,gmail.com,True,alt1.gmail-smtp-in.l.google.com
babli.in,True,200 image/png,babli.in,True,alt1.aspmx.l.google.com
babyamore.in,True,200 image/jpeg,babyamore.in,True,alt1.aspmx.l.google.com
babyforest.in,True,200 image/png,babyforest.in,True,alt1.aspmx.l.google.com
babynmeindia.com,True,200 image/png,gmail.com,True,alt1.gmail-smtp-in.l.google.com
babyorgano.com,True,200 image/gif,babyorgano.com,True,smtp.google.com
babyworksbyswapnil.com,True,200 image/svg+xml,gmail.com,True,alt1.gmail-smtp-in.l.google.com
baccabucci.com,False,404 image/svg+xml,baccabucci.com,True,alt1.aspmx.l.google.com
baershoes.in,True,200 image/png,baershoes.in,True,baershoes-in.mail.protection.outlook.com
baftic.com,True,200 image/png,baftic.com,True,mx1.hostinger.com
baghindia.com,True,200 image/png,baghindia.com,True,alt1.aspmx.l.google.com
bagruart.com,True,200 image/png,bagruart.com,True,alt1.aspmx.l.google.com
bagrufashions.com,True,200 image/png,gmail.com,True,alt1.gmail-smtp-in.l.google.com
bagruhastkala.com,True,200 image/jpeg,gmail.com,True,alt1.gmail-smtp-in.l.google.com
bahaare.com,True,200 image/png,gmail.com,True,alt1.gmail-smtp-in.l.google.com
baidyanath.com,True,200 image/png,baidyanath.com,True,baidyanath-com.mail.protection.outlook.com
bajaao.com,True,200 image/gif,bajaao.com,True,alt1.aspmx.l.google.com
balajihomeessentials.com,True,200 image/png,gmail.com,True,alt1.gmail-smtp-in.l.google.com
balajiwafers.com,True,200 image/svg+xml,balajiwafers.com,True,alt1.aspmx.l.google.com
balaramsaha.com,True,200 image/png,1721ad.com,False,domain does not exist
balgopalcollection.com,True,200 image/png,balgopalcollection.com,True,mx1.hostinger.com
bambinopasta.in,True,200 image/png,bambinopasta.com,True,mail.rediffmailpro.com
bananaclub.co.in,True,200 image/png,bananaclub.co.in,True,alt1.aspmx.l.google.com
banarasbhang.com,True,200 image/gif,banarasbhang.com,True,alt1.aspmx.l.google.com
banarasee.in,True,200 image/png,gmail.com,True,alt1.gmail-smtp-in.l.google.com
banarassilks.com,True,200 image/png,gmail.com,True,alt1.gmail-smtp-in.l.google.com
bandidospitstop.com,True,200 image/png,bandidospitstop.com,True,alt1.aspmx.l.google.com
bangalorewatchco.in,True,200 image/png,bangalorewatchco.in,True,bangalorewatchco-in.mail.protection.outlook.com
banjaaran.in,True,200 image/png,banjaaran.in,True,alt1.aspmx.l.google.com
banjaratrail.com,True,200 image/png,banjaratrail.com,True,smtp.google.com
bappamoryastores.com,True,200 image/png,gmail.com,True,alt1.gmail-smtp-in.l.google.com
barksandwags.in,True,200 image/png,barksandwags.in,True,mailstore1.secureserver.net
barsanamagic.com,True,200 image/png,barsanamagic.com,True,smtp.google.com
barvaskintherapie.com,True,200 image/png,barvaskintherapie.com,True,alt1.aspmx.l.google.com
basaka.in,True,200 image/png,basaka.in,True,mailstore1.secureserver.net
basantikekapde.com,True,200 image/png,basantikekapde.com,True,alt1.aspmx.l.google.com
basata.co.in,True,200 image/png,basata.co.in,True,smtp.google.com
batteryworks.in,True,200 image/png,batteryworks.in,True,SMTP.GOOGLE.COM
baybee.co.in,True,200 image/png,baybee.co.in,True,alt1.aspmx.l.google.com
bbetter.co,True,200 image/png,monksays.co,True,alt1.aspmx.l.google.com
be-clinical.com,True,200 image/png,be-clinical.com,True,mailstore1.secureserver.net
beadsnborders.com,True,200 image/png,gmail.com,True,alt1.gmail-smtp-in.l.google.com
bearclaw.in,True,200 image/png,gmail.com,True,alt1.gmail-smtp-in.l.google.com
beautygarage.com,True,200 image/svg+xml,beautygarage.com,True,alt1.aspmx.l.google.com
beautymatters.in,True,200 image/svg+xml,beautymatters.in,True,beautymatters-in.mail.protection.outlook.com
beautywise.in,True,200 image/png,beautywise.in,True,alt1.aspmx.l.google.com
beejkart.com,True,200 image/png,gmail.com,True,alt1.gmail-smtp-in.l.google.com
beejwala.com,True,200 image/png,gmail.com,True,alt1.gmail-smtp-in.l.google.com
beesplantshub.com,True,200 image/png,beesplantshub.com,True,mailstore1.secureserver.net
begumshop.com,True,200 image/png,begumshop.com,True,mailstore1.secureserver.net
beinghumanclothing.com,True,200 image/png,beinghumanclothing.com,True,cluster2.netcore.co.in
bellavitaorganic.com,True,200 image/png,bellavitaorganic.com,True,alt1.aspmx.l.google.com
bellezajewel.com,True,200 image/png,bellezajewel.com,True,alt1.aspmx.l.google.com
bellezajewels.in,False,404 text/html,bellezajewels.in,True,mailstore1.secureserver.net
belvin.in,False,error ConnectError,belvin.in,True,mailstore1.secureserver.net
benakd.in,True,200 image/png,gmail.com,True,alt1.gmail-smtp-in.l.google.com
benekleed.com,True,200 image/png,benekleed.com,True,mail.benekleed.com
beneude.com,True,200 image/svg+xml,neudeskin.com,True,alt1.aspmx.l.google.com
beom.in,True,200 image/png,beomcommerce.com,True,beomcommerce-com.mail.protection.outlook.com
bergnerhome.in,True,200 image/png,bergner.in,True,bergner-in.mail.protection.outlook.com
bersache.com,True,200 image/png,bersache.com,True,alt1.aspmx.l.google.com
best4pets.in,True,200 image/png,best4pets.in,True,alt1.aspmx.l.google.com
bestfactoryoutlet.com,True,200 image/jpeg,gmail.com,True,alt1.gmail-smtp-in.l.google.com
bestofusedbooks.com,True,200 image/png,gmail.com,True,alt1.gmail-smtp-in.l.google.com
betteralt.in,True,200 image/png,thebetteralt.com,True,alt1.aspmx.l.google.com
betterherbs.co.in,True,200 image/png,betterherbs.co.in,True,alt1.aspmx.l.google.com
bevoguish.in,True,200 image/png,bevoguish.in,True,mailstore1.secureserver.net
bevzilla.co,True,200 image/png,bellavitaorganic.com,True,alt1.aspmx.l.google.com
beyondgifts.com,True,200 image/png,beyondgifts.com,True,alt1.aspmx.l.google.com
bhandaristore.com,True,200 image/png,gmail.com,True,alt1.gmail-smtp-in.l.google.com
bharatvedica.com,True,200 image/png,bharatvedica.com,True,bharatvedica-com.mail.protection.outlook.com
bharatwholesales.in,True,200 image/png,bharatwholesales.in,True,alt1.aspmx.l.google.com
bhatnbhat.in,True,200 image/png,gmail.com,True,alt1.gmail-smtp-in.l.google.com
bhavanahandlooms.in,True,200 image/png,bhavanahandlooms.in,True,bhavanahandlooms-in.mail.protection.outlook.com
bhaviniparis.com,True,200 image/jpeg,gmail.com,True,alt1.gmail-smtp-in.l.google.com
bhimajewellery.com,True,200 image/png,bhimajewellery.com,True,alt1.aspmx.l.google.com
bhojmasale.com,True,200 image/jpeg,rmnfoods.com,True,smtp.google.com
bhramarah.in,True,200 image/png,gmail.com,True,alt1.gmail-smtp-in.l.google.com
bibinjohn.com,True,200 image/png,bibinjohn.com,True,smtp.google.com
bicyclekart.com,True,200 image/png,bicyclekart.com,True,smtp.google.com
bigbananaonline.com,True,200 image/png,bigbananaonline.com,True,alt1.aspmx.l.google.com
bigbearfarms.in,True,200 image/png,bigbearfarms.in,True,alt1.aspmx.l.google.com
bigfeeet.com,True,200 image/svg+xml,vistaarfashion.com,True,smtp.google.com
bigflex.in,True,200 image/png,bigflex.in,True,alt1.aspmx.l.google.com
bighello.in,True,200 image/png,bighello.in,True,mx.zoho.in
bigmusclesnutrition.com,False,404 text/html,bigmusclesnutrition.com,True,alt1.aspmx.l.google.com
bikeexperts.in,True,200 image/png,bikeexperts.in,True,mx.bikeexperts.in.cust.b.hostedemail.com
biker.store,True,200 image/png,biker.store,True,alt1.aspmx.l.google.com
bilberryfurnishing.com,True,200 image/png,bilberryfurnishing.com,False,no MX record
binasarts.com,True,200 image/png,gmail.com,True,alt1.gmail-smtp-in.l.google.com
bindassbooks.in,True,200 image/png,gmail.com,True,alt1.gmail-smtp-in.l.google.com
binni.co.in,True,200 image/png,binniswardrobe.com,True,mx.zoho.com
biobasics.org,True,200 image/png,biobasics.org,True,alt1.aspmx.l.google.com
biocode.co.in,True,200 image/svg+xml,biocode.co.in,True,mail.biocode.co.in
biotique.com,False,404 text/html,biotique.com (for other queries),False,domain does not exist
birdhouse.life,True,200 image/png,birdhouse.life,True,alt1.aspmx.l.google.com
birdsofparadyes.com,True,200 image/png,birdsofparadyes.com,True,alt1.aspmx.l.google.com
birkenstock.in,True,200 image/png,birkenstock.com,True,birkenstock-com.mail.protection.outlook.com
bjainbooks.com,True,200 image/png,bjainbooks.com,True,alt1.aspmx.l.google.com
bkhorganics.in,True,200 image/png,gmail.com,True,alt1.gmail-smtp-in.l.google.com
blabliblulife.com,True,200 image/png,blabliblulife.com,True,alt1.aspmx.l.google.com
blackbeastnutrition.in,True,200 image/png,blackbeastnutrition.in,True,mx.zoho.in
blackberrys.com,True,200 image/png,blackberrys.com,True,blackberrys-com.mail.protection.outlook.com
blackmambajewellery.com,True,200 image/png,blackmambajewellery.com,True,mailstore1.secureserver.net
blackzone.in,True,200 image/png,blackzone.in,True,mailstore1.secureserver.net
blaupunktaudio.in,True,200 image/png,blaupunktaudio.in,True,blaupunktaudio-in.mail.protection.outlook.com
blenditrawapothecary.in,True,200 image/png,blenditrawapothecary.in,True,alt1.aspmx.l.google.com
blingqueen.in,True,200 image/png,blingqueen.in,True,alt1.aspmx.l.google.com
blissclub.com,True,200 image/png,myblissclub.in,True,alt1.aspmx.l.google.com
blix.in,True,200 image/png,blix.in,True,mx.zoho.in
blocktobox.com,True,200 image/png,blocktobox.com,True,alt1.aspmx.l.google.com
bloombysushmita.com,True,200 image/jpeg,gmail.com,True,alt1.gmail-smtp-in.l.google.com
bloome.in,True,200 image/png,gmail.com,True,alt1.gmail-smtp-in.l.google.com
bloomica.in,True,200 image/png,bloomica.in,True,mx1.hostinger.com
bloomingfloret.in,True,200 image/png,bloomingfloret.in,True,mailstore1.secureserver.net
bloomup.in,True,200 image/jpeg,bloomup.in,True,SMTP.GOOGLE.COM
blossominners.com,True,200 image/png,blossomlingerie.in,True,blossomlingerie-in.mail.protection.outlook.com
blouseline.com,True,200 image/png,gmail.com,True,alt1.gmail-smtp-in.l.google.com
blubein.com,True,200 image/svg+xml,blubein.com,True,smtp.google.com
bluebuddha.co.in,True,200 image/png,bluebuddharetail.com,True,bluebuddharetail-com.mail.protection.outlook.com
bluemonkey.in,True,200 image/jpeg,gmail.com,True,alt1.gmail-smtp-in.l.google.com
bluer.co.in,True,200 image/png,bluer.co.in,True,smtp.google.com
bluetokaicoffee.com,True,200 image/png,bluetokaicoffee.com,True,alt1.aspmx.l.google.com
bluorng.com,True,200 image/png,bluorng.com,True,alt1.aspmx.l.google.com
blurgvillage.com,True,200 image/png,blurgvillage.com,True,alt1.aspmx.l.google.com
bnewmobiles.com,True,200 image/svg+xml,bnewmobiles.com,True,bnewmobiles-com.mail.protection.outlook.com
bobogears.com,True,200 image/png,bobogears.com,True,mx1.hostinger.com
boddactive.com,True,200 image/png,boddactive.com,True,boddactive-com.mail.protection.outlook.com
bodycareapparels.com,True,200 image/png,bodycareapparels.com,True,antispam.spectraidc.net
boheco.com,True,200 image/png,boheco.com,True,boheco-com.mail.protection.outlook.com
bohogirl.in,True,200 image/png,bohogirl.in,True,s161.cyberspace.in
bombayselections.in,True,200 image/png,bspl.in,True,alt1.aspmx.l.google.com
bombaysweetshop.com,True,200 image/png,bombaysweetshop.com,True,alt1.aspmx.l.google.com
bonfiction.com,True,200 image/png,bonfiction.com,True,alt1.aspmx.l.google.com
bongmade.com,True,200 image/png,bongmade.com,True,alt1.aspmx.l.google.com
bonjourretail.com,True,200 image/jpeg,bonjourgroup.net,True,alt1.aspmx.l.google.com
bonkerscorner.com,False,404 text/html,bonkerscorner.com,True,smtp.google.com
bookishadda.com,True,200 image/png,bookishadda.com,True,mailstore1.secureserver.net
bookmycostume.com,True,200 image/gif,bookmycostume.com,True,smtp.google.com
booksandyou.in,True,200 image/png,booksandyou.in,True,mx.zoho.in
bookstech.in,True,200 image/png,bookstech.in,True,bookstech-in.mail.protection.outlook.com
botnia.in,True,200 image/png,gmail.com,True,alt1.gmail-smtp-in.l.google.com
bougainvilea.com,True,200 image/png,gmail.com,True,alt1.gmail-smtp-in.l.google.com
bowandsquare.com,True,200 image/png,bowandsquare.com,True,alt1.aspmx.l.google.com
bowlfulstore.com,True,200 image/png,bowlfulstore.com,True,alt1.aspmx.l.google.com
bownbee.com,True,200 image/png,bownbee.com,True,alt1.aspmx.l.google.com
boxnube.in,True,200 image/png,boxnube.in,True,mailstore1.secureserver.net
boxupgifting.com,True,200 image/svg+xml,boxupgifting.com,True,boxupgifting-com.mail.protection.outlook.com
brainybearstore.com,True,200 image/png,brainybearstore.com,True,mail.brainybearstore.com
brillare.co.in,True,200 image/svg+xml,brillarescience.com,True,alt1.aspmx.l.google.com
britishclub.in,True,200 image/png,britishclub.in,True,ALT1.ASPMX.L.GOOGLE.COM
brownliving.in,True,200 image/jpeg,brownliving.in,True,alt1.aspmx.l.google.com
bschannabasappasilksandsarees.com,True,200 image/png,bschannabasappa.com,True,smtp.google.com
budhshiv.com,True,200 image/png,budhshiv.com,True,alt1.aspmx.l.google.com
budsnblush.com,True,200 image/jpeg,budsnblush.com,True,mx.zoho.in
bugattishoes.in,True,200 image/png,bagatt.in,True,mailstore1.secureserver.net
bullionknot.com,True,200 image/png,bullionknot.com,True,alt1.aspmx.l.google.com
bumbokart.com,True,200 image/png,gmail.com,True,alt1.gmail-smtp-in.l.google.com
bunai.com,True,200 image/png,bunaai.com,True,bunaai-com.mail.protection.outlook.com
bunaiwala.com,True,200 image/png,bunaiwala.com,True,mailstore1.secureserver.net
buraqpets.com,True,200 image/png,gmail.com,True,alt1.gmail-smtp-in.l.google.com
burnt-toast.com,True,200 image/png,trent-tata.com,True,trenttata-com01c.mail.protection.outlook.com
buya1chips.com,True,200 image/png,buya1chips.com,True,alt1.aspmx.l.google.com
buybakson.com,True,200 image/png,buybakson.com,True,alt1.aspmx.l.google.com
buybhangonline.com,True,200 image/png,gmail.com,True,alt1.gmail-smtp-in.l.google.com
buydermdoc.com,True,200 image/png,dermdoc.com,False,no MX record
buyfranklord.com,True,200 image/png,gmail.com,True,alt1.gmail-smtp-in.l.google.com
buyindusvalley.in,True,200 image/jpeg,indus-valley.com,True,mail.indus-valley.com
buykharibaoli.com,True,200 image/png,buykharibaoli.com,True,mx.zoho.in
buytestseries.in,True,200 image/png,buytestseries.com,True,us2.mx1.mailhostbox.com
bxxyshoe.in,True,200 image/png,gmail.com,True,alt1.gmail-smtp-in.l.google.com
bymoksh.com,True,200 image/png,gmail.com,True,alt1.gmail-smtp-in.l.google.com
cafeniloufer.com,False,404 text/html,cafeniloufer.com,True,mx.zoho.com
cahoot.in,True,200 image/png,campussutra.com,True,alt1.aspmx.l.google.com
caialifestylejewellery.com,True,200 image/png,caialifestylejewellery.com,True,smtp.google.com
calonge-group.com,True,200 image/png,calonge.in,True,mail.calonge.in
cameraclub.in,True,200 image/svg+xml,cameraclub.in,True,smtp.google.com
cantabilshop.com,True,200 image/png,cantabilshop.com,True,antispam.cantabilshop.com
car101.in,True,200 image/svg+xml,car101.in,True,mailstore1.secureserver.net
caramelly.in,True,200 image/png,caramelly.in,True,alt1.aspmx.l.google.com
caratbazaar.in,True,200 image/svg+xml,caratbazaar.in,True,mx.zoho.in
caratsutra.in,True,200 image/jpeg,gmail.com,True,alt1.gmail-smtp-in.l.google.com
carbontree.com,True,200 image/svg+xml,carbontree.com,True,alt1.aspmx.l.google.com
carloginn.com,True,200 image/png,gmail.com,True,alt1.gmail-smtp-in.l.google.com
carltonlondon.co.in,True,200 image/jpeg,carltonlondon.co,False,domain does not exist
carltonlondonbeauty.com,True,200 image/png,progressivelifestyles.in,True,smtp.google.com
carplus.in,True,200 image/png,gmail.com,True,alt1.gmail-smtp-in.l.google.com
carriall.com,True,200 image/png,carriall.com,True,alt1.aspmx.l.google.com
carryhome.in,True,200 image/png,carryhome.in,True,mailstore1.secureserver.net
carrypro.in,True,200 image/png,carrypro.in,True,alt1.aspmx.l.google.com
cartrends.in,False,404 text/html,cartrends.net,True,smtp.google.com
case24x7.com,True,200 image/png,gmail.com,True,alt1.gmail-smtp-in.l.google.com
casegear.in,True,200 image/jpeg,casegear.in,True,alt1.aspmx.l.google.com
casesnstraps.com,True,200 image/png,gmail.com,True,alt1.gmail-smtp-in.l.google.com
cason.in,False,404 text/html,gmail.com,True,alt1.gmail-smtp-in.l.google.com
cavinkart.com,False,200 text/html,cavinkare.com,True,cavinkare-com.mail.protection.outlook.com
cbdstore.in,True,200 image/png,cbdstore.in,True,alt1.aspmx.l.google.com
celgenbiotech.com,True,200 image/jpeg,celgenbiotech.com,True,mailstore1.secureserver.net
celio.in,True,200 image/png,celio.com,True,ALT1.ASPMX.L.GOOGLE.com
cforcover.com,True,200 image/svg+xml,cforcover.com,True,alt1.aspmx.l.google.com
chaayos.com,True,200 image/jpeg,chaayos.com,True,alt1.aspmx.l.google.com
chainsandcharms.in,True,200 image/png,gmail.com,True,alt1.gmail-smtp-in.l.google.com
champak.in,True,200 image/png,delhipress.in,True,mail.rediffmailpro.com
championskit.in,True,200 image/jpeg,gmail.com,True,alt1.gmail-smtp-in.l.google.com
chandranipearls.in,True,200 image/png,chandranipearls.net,True,chandranipearls-net.mail.protection.outlook.com
chapter2drip.com,True,200 image/svg+xml,chapter2drip.com,True,alt1.aspmx.l.google.com
charactercosmetics.in,True,200 image/png,charactercosmetics.in,True,charactercosmetics-in.mail.protection.outlook.com
charactr.in,True,200 image/png,gmail.com,True,alt1.gmail-smtp-in.l.google.com
charak.com,True,200 image/png,charak.com,True,alt1.aspmx.l.google.com
charmacyworld.com,True,200 image/png,charmacy-india.com,True,charmacyindia-com02b.mail.protection.outlook.com
chasehaul.com,True,200 image/png,chasehaul.com,True,chasehaul-com.mail.protection.outlook.com
chatterboxlabels.com,True,200 image/png,chatterboxlabels.com,True,mx.zoho.in
cheesewalk.co,True,200 image/png,cheesewalk.co,True,alt1.aspmx.l.google.com
chettinadsamayalarai.com,True,200 image/jpeg,gmail.com,True,alt1.gmail-smtp-in.l.google.com
chhabra555.com,True,200 image/jpeg,chhabra555.com,True,chhabra555-com.mail.protection.outlook.com
chhajedgarden.com,True,200 image/png,chhajedgarden.com,True,mailstore1.secureserver.net
chicco.in,True,200 image/png,chicco.in,True,chicco-in.mail.protection.outlook.com
chicnutrix.com,True,200 image/png,chicnutrix.com,True,chicnutrix-com.mail.protection.outlook.com
chidiyaa.com,True,200 image/gif,chidiyaa.com,True,mailstore1.secureserver.net
chikankaar.com,True,200 image/jpeg,gmail.com,True,alt1.gmail-smtp-in.l.google.com
chikankariofficial.in,True,200 image/svg+xml,gmail.com,True,alt1.gmail-smtp-in.l.google.com
chinayabanaras.com,True,200 image/png,gmail.com,True,alt1.gmail-smtp-in.l.google.com
chinmaycreations.com,True,200 image/png,gmail.com,True,alt1.gmail-smtp-in.l.google.com
chitraapparel.com,True,200 image/png,chitraapparel.com,True,mx1.hostinger.in
chkokko.com,True,200 image/jpeg,chkokko.com,True,alt1.aspmx.l.google.com
cholimarket.com,True,200 image/png,gmail.com,True,alt1.gmail-smtp-in.l.google.com
chosenstore.in,True,200 image/svg+xml,chosenstore.in,True,alt1.aspmx.l.google.com
chowkhat.com,True,200 image/png,chowkhat.com,True,alt1.aspmx.l.google.com
chumbak.com,True,200 image/png,chumbak.in,True,chumbak-in.mail.protection.outlook.com
chunmun.in,True,200 image/png,gmail.com,True,alt1.gmail-smtp-in.l.google.com
chuttipattu.com,True,200 image/png,gmail.com,True,alt1.gmail-smtp-in.l.google.com
cielsports.in,True,200 image/png,cielsports.in,True,mx1.hostinger.com
cincinnus.in,False,404 text/html,apascosmotech.com,True,alt1.aspmx.l.google.com
cinnamon.kitchen,True,200 image/png,cinnamon.kitchen,True,alt1.aspmx.l.google.com
citizenactivegear.com,True,200 image/svg+xml,citizenactivegear.com,True,smtp.google.com
clapstoretoys.com,True,200 image/png,clapstoretoys.com,True,alt1.aspmx.l.google.com
clara.in,True,200 image/png,clara.in,True,mx.zohomail.com
clarks.in,True,200 image/jpeg,clarks.in,True,clarks-in.mail.protection.outlook.com
claura.in,True,200 image/jpeg,claura.in,True,alt1.aspmx.l.google.com
clayco.in,True,200 image/png,clayco.in,True,mx.email-messaging.com
claycraftindia.com,True,200 image/png,hotmail.com,True,hotmail-com.olc.protection.outlook.com
clazzey.com,True,200 image/png,clazzey.com,True,alt1.aspmx.l.google.com
cobbitaly.com,True,200 image/png,cobbitaly.com,True,alt1.aspmx.l.google.com
cockatooindia.com,True,200 image/png,gmail.com,True,alt1.gmail-smtp-in.l.google.com
cococart.in,False,404 text/html,cococart.com,True,alt1.aspmx.l.google.com
cocoyaya.in,True,200 image/png,gmail.com,True,alt1.gmail-smtp-in.l.google.com
coffeego.in,True,200 image/jpeg,gmail.com,True,alt1.gmail-smtp-in.l.google.com
coloplaststore.in,True,200 image/png,ndslindia.com,True,mail.mymailservice.in
colorbarcosmetics.com,True,200 image/png,colorbarcosmetics.com,True,d319596a.ess.barracudanetworks.com
colorsofearth.in,True,200 image/jpeg,colorsofearth.in,True,mx.zoho.in
comeagain.co.in,True,200 image/png,comeagain.co.in,True,smtp.google.com
comfortlady.co.in,False,404 text/html,comfortlady.co.in,True,SMTP.GOOGLE.COM
companio.in,True,200 image/png,camexwellness.com,True,alt1.aspmx.l.google.com
confidentialcouture.com,True,200 image/jpeg,confidentialcouture.com,True,alt1.aspmx.l.google.com
consciouschemist.com,True,200 image/png,consciouschemist.com,True,alt1.aspmx.l.google.com
cordstudio.in,True,200 image/png,gmail.com,True,alt1.gmail-smtp-in.l.google.com
coreeat.in,True,200 image/png,gmail.com,True,alt1.gmail-smtp-in.l.google.com
cosdermastore.com,True,200 image/jpeg,gmail.com,True,alt1.gmail-smtp-in.l.google.com
cosmos.diamonds,True,200 image/png,cosmos.diamonds,True,alt1.aspmx.l.google.com
cosmosentials.com,True,200 image/png,cosmosentials.com,True,mx.zoho.in
cosmospaints.com,True,200 image/png,cosmoscolour.com,True,alt1.aspmx.l.google.com
cothas.com,True,200 image/png,cothas.com,True,cothas-com.mail.protection.outlook.com
cotrasworld.com,True,200 image/png,gmail.com,True,alt1.gmail-smtp-in.l.google.com
cotsandcuddles.com,True,200 image/png,gmail.com,True,alt1.gmail-smtp-in.l.google.com
cottivaa.com,True,200 image/svg+xml,gmail.com,True,alt1.gmail-smtp-in.l.google.com
cottonblend.in,True,200 image/png,gmail.com,True,alt1.gmail-smtp-in.l.google.com
cottoncottageindia.com,True,200 image/png,cottoncottageindia.com,True,mx1.hostinger.com
cottonculture.co.in,True,200 image/jpeg,cottonculture.co.in,True,smtp.google.com
cottonfolk.in,True,200 image/svg+xml,gmail.com,True,alt1.gmail-smtp-in.l.google.com
cottonhandicrafts.com,True,200 image/png,gmail.com,True,alt1.gmail-smtp-in.l.google.com
cottonking.com,True,200 image/png,cottonking.com,True,route1.mx.cloudflare.net
cottonsjaipur.com,True,200 image/png,cottonsjaipur.com,True,alt1.aspmx.l.google.com
coveandlane.in,True,200 image/svg+xml,coveandlane.in,True,coveandlane-in.mail.protection.outlook.com
cradiac.com,True,200 image/png,cradiac.com,True,smtp.google.com
craftandglory.in,True,200 image/png,craftandglory.com,True,
crafterscorner.in,True,200 image/png,crafterscorner.in,True,alt1.aspmx.l.google.com
craftsource.in,True,200 image/jpeg,gmail.com,True,alt1.gmail-smtp-in.l.google.com
craftyle.com,True,200 image/jpeg,craftyle.com,True,mailstore1.secureserver.net
crazymonk.in,True,200 image/png,crazymonk.in,True,crazymonk-in.mail.protection.outlook.com
creaturesofhabit.in,True,200 image/jpeg,creaturesofhabit.in,True,creaturesofhabit-in.mail.protection.outlook.com
cremecastle.in,True,200 image/png,cremecastle.in,True,4jbtrqydwkb75mqgw6t4q3wgyp7cqlxmsj3z7s2frj2j6w4dbugq.mx-verification.google.com
crepdogcrew.com,True,200 image/png,crepdogcrew.com,True,alt1.aspmx.l.google.com
cricketershop.com,True,200 image/svg+xml,cricketershop.com,True,alt1.aspmx.l.google.com
cricstudioinc.com,True,200 image/png,cricstudioinc.com,True,alt1.aspmx.l.google.com
crimzonworld.com,True,200 image/png,crimzonworld.com,True,alt1.aspmx.l.google.com
crockerywala.com,True,200 image/png,crockerywala.com,True,alt1.aspmx.l.google.com
crossword.in,True,200 image/svg+xml,crossword.in,True,alt1.aspmx.l.google.com
crowbikes.com,True,200 image/jpeg,crowbike.in,False,no MX record
crunchyfashion.com,True,200 image/png,crunchyfashion.com,True,alt1.aspmx.l.google.com
cstoreclothin.in,True,200 image/png,gmail.com,True,alt1.gmail-smtp-in.l.google.com
ctrl8.in,True,200 image/png,ctrl8.in,True,alt1.aspmx.l.google.com
cultree.in,True,200 image/png,cultree.in,True,mx.zoho.in
cuminco.com,True,200 image/png,cuminco.com,True,alt1.aspmx.l.google.com
cuneiindia.com,True,200 image/png,cuneiindia.com,True,mailstore1.secureserver.net
curatcart.com,True,200 image/png,curatcart.com,True,mailstore1.secureserver.net
cureveda.com,True,200 image/png,cureveda.com,True,alt1.aspmx.l.google.com
curiospot.com,True,200 image/jpeg,gmail.com,True,alt1.gmail-smtp-in.l.google.com
curiouscub.in,True,200 image/png,curiouscub.in,True,alt1.aspmx.l.google.com
daburshop.com,True,200 image/png,daburshop.com,True,daburshop-com.mail.protection.outlook.com
dakshaaacollections.in,True,200 image/png,gmail.com,True,alt1.gmail-smtp-in.l.google.com
dakshis.com,True,200 image/png,dakshis.com,True,mailstore1.secureserver.net
damilano.com,True,200 image/png,damilano.com,True,damilano-com.mail.protection.outlook.com
danielhechter.in,True,200 image/png,brandzstorm.com,True,mail.rediffmailpro.com
dawbu.com,True,200 image/png,dawbu.com,True,alt1.aspmx.l.google.com
dazller.co.in,True,200 image/png,avl.co.in,True,avl-co-in.mail.protection.outlook.com
dctclothing.store,True,200 image/svg+xml,dctclothing.store,True,mx.zoho.in
ddassstore.com,True,200 image/png,ddassstore.com,True,mx.zoho.com
deadbear.in,True,200 image/png,gmail.com,True,alt1.gmail-smtp-in.l.google.com
dealcliq.com,True,200 image/png,dealcliq.com,True,mx.zoho.com
decorgramly.in,True,200 image/png,gmail.com,True,alt1.gmail-smtp-in.l.google.com
decorsmart.in,True,200 image/png,decorsmart.com,False,no MX record
deepakschhabra.com,True,200 image/png,gmail.com,True,alt1.gmail-smtp-in.l.google.com
deepayurveda.in,True,200 image/png,deepayurveda.com,True,alt1.aspmx.l.google.com
deepimpact.in,True,200 image/svg+xml,deepimpact.in,True,ALT1.ASPMX.L.GOOGLE.COM
deepscreation.in,True,200 image/png,yahoo.com,True,mta5.am0.yahoodns.net
dekorcompany.com,True,200 image/jpeg,dekorcompany.com,True,alt1.aspmx.l.google.com
denzournutrition.com,True,200 image/png,denzournutrition.com,True,mx.zoho.in
derbyjeanscommunity.com,True,200 image/png,derbymen.com,True,alt1.aspmx.l.google.com
dermalogica.in,True,200 image/png,dermalogica.in,True,dermalogica-in.mail.protection.outlook.com
dermatouch.com,True,200 image/png,dermatouch.com,True,alt1.aspmx.l.google.com
desikheti.com,True,200 image/png,gmail.com,True,alt1.gmail-smtp-in.l.google.com
desinoor.com,True,200 image/png,desinoor.com,True,alt1.aspmx.l.google.com
desisitara.com,True,200 image/gif,desisitara.com,True,aspmx1.migadu.com
dessineart.com,True,200 image/gif,dessineart.com,True,smtp.google.com
devaastha.com,False,404 text/html,gmail.com,True,alt1.gmail-smtp-in.l.google.com
devastram.com,True,200 image/png,devastram.com,True,alt1.aspmx.l.google.com
devshoppe.com,True,200 image/png,gmail.com,True,alt1.gmail-smtp-in.l.google.com
dhaagalife.com,True,200 image/png,gmail.com,True,alt1.gmail-smtp-in.l.google.com
dharishahayurveda.com,True,200 image/svg+xml,dharishahayurveda.com,True,alt1.aspmx.l.google.com
dharmastatues.com,True,200 image/png,gmail.com,True,alt1.gmail-smtp-in.l.google.com
dheu.in,True,200 image/png,dheu.in,True,mailstore1.secureserver.net
diabexy.com,True,200 image/png,diabexy.com,True,alt1.aspmx.l.google.com
diademstore.com,True,200 image/png,diademstore.com,True,alt1.aspmx.l.google.com
diamondlady.in,True,200 image/png,diamondlady.in,True,alt1.aspmx.l.google.com
diamopure.com,True,200 image/png,diamopure.com,True,smtp.google.com
digitek.net.in,True,200 image/png,digitek.net.in,True,alt1.aspmx.l.google.com
dikasports.com,True,200 image/png,gmail.com,True,alt1.gmail-smtp-in.l.google.com
diruno.com,True,200 image/jpeg,diruno.in,False,no MX record
discovaccessories.com,True,200 image/png,discovaccessories.com,True,smtp.google.com
discoverpilgrim.com,True,200 image/png,discoverpilgrim.com,True,alt1.aspmx.l.google.com
dishacreationz.com,True,200 image/png,dishacreationz.com,True,alt1.aspmx.l.google.com
dithya.in,True,200 image/png,gmail.com,True,alt1.gmail-smtp-in.l.google.com
divanka.in,True,200 image/png,gmail.com,True,alt1.gmail-smtp-in.l.google.com
divenaworld.com,True,200 image/png,gmail.com,True,alt1.gmail-smtp-in.l.google.com
divinehindu.in,True,200 image/png,divinehindu.in,True,alt1.aspmx.l.google.com
divisastore.com,True,200 image/svg+xml,divisastore.com,True,divisastore-com.mail.protection.outlook.com
divyapatthar.com,True,200 image/svg+xml,divyapatthar.com,True,mx.zoho.in
dmodot.com,True,200 image/png,dmodot.com,True,alt1.aspmx.l.google.com
dninesports.com,True,200 image/png,dninesports.com,True,alt1.aspmx.l.google.com
doctorextrasoft.com,True,200 image/png,doctorextrasoft.com,True,mailstore1.secureserver.net
dohful.com,False,404 text/html,dohful.com,True,alt1.aspmx.l.google.com
dopeheadstores.com,True,200 image/png,dopeheadstores.com,True,alt1.aspmx.l.google.com
dorbypanels.com,True,200 image/png,pegasuspanel.in,True,alt1.aspmx.l.google.com
drapedivaa.com,True,200 image/png,gmail.com,True,alt1.gmail-smtp-in.l.google.com
dreamjwell.com,True,200 image/png,dreamjwell.com,True,alt1.aspmx.l.google.com
dreamzhub.in,True,200 image/png,yourwebsite.com,False,no MX record
dressfolk.com,True,200 image/png,dressfolk.com,True,alt1.aspmx.l.google.com
dresslinefashion.com,True,200 image/png,gmail.com,True,alt1.gmail-smtp-in.l.google.com
drityajewelry.com,True,200 image/png,drityajewelry.com,True,smtp.google.com
drivestylish.com,True,200 image/jpeg,drivestylish.com,True,mailstore1.secureserver.net
drsheths.com,True,200 image/png,drsheths.com,True,alt1.aspmx.l.google.com
drsu.in,True,200 image/png,drsu.in,True,alt1.aspmx.l.google.com
drvaidyas.com,True,200 image/png,drvaidyas.com,True,alt1.aspmx.l.google.com
drymfoods.com,True,200 image/png,gmail.com,True,alt1.gmail-smtp-in.l.google.com
duckduckbaby.in,False,404 text/html,duckduckbaby.in,True,duckduckbaby-in.mail.protection.outlook.com
dukeindia.com,True,200 image/png,dukeindia.in,True,ALT1.ASPMX.L.GOOGLE.COM
dulhanjewels.com,True,200 image/jpeg,dulhanjewels.com,True,alt1.aspmx.l.google.com
dynamicsent.com,True,200 image/png,gmail.com,True,alt1.gmail-smtp-in.l.google.com
earthful.me,True,200 image/png,earthful.me,True,alt1.aspmx.l.google.com
earthlyjewels.co,True,200 image/png,earthlyjewels.co,True,mail.earthlyjewels.co
earthrhythm.com,True,200 image/png,earthrhythm.com,True,alt1.aspmx.l.google.com
easyphones.co.in,True,200 image/png,easyphones.co.in,True,alt1.aspmx.l.google.com
eatopiaworld.com,True,200 image/png,mcgillfoods.com,True,mcgillfoods.com
ecartse.com,True,200 image/png,ecartse.com,True,mx1.hostinger.com
ecentric.in,True,200 image/png,ecentric.in,True,alt1.aspmx.l.google.com
ecocarry.co,True,200 image/png,gmail.com,True,alt1.gmail-smtp-in.l.google.com
ecoflowindia.com,True,200 image/png,ecoflowindia.com,True,ecoflowindia-com.mail.protection.outlook.com
ecofynd.com,True,200 image/png,gmail.com,True,alt1.gmail-smtp-in.l.google.com
ecraftindia.com,False,404 text/html,ecraftindia.com,True,mail.ecraftindia.com
edusparktoys.com,True,200 image/png,edusparktoys.com,True,alt1.aspmx.l.google.com
effilo.com,True,200 image/png,effilo.com,True,mx1.hostinger.com
egate-world.com,True,200 image/png,egate-world.com,True,mailstore1.secureserver.net
eilaa.in,True,200 image/png,gmail.com,True,alt1.gmail-smtp-in.l.google.com
ekalooms.com,True,200 image/png,ekalooms.com,True,eforward1.registrar-servers.com
ekanalabel.com,True,200 image/png,ekanalabel.com,True,smtp.google.com
elahe.in,True,200 image/svg+xml,elahe.in,True,alt1.aspmx.l.google.com
elantisaesthetics.com,True,200 image/jpeg,gmail.com,True,alt1.gmail-smtp-in.l.google.com
elcytec.com,True,200 image/png,elcytec.com,True,alt1.aspmx.l.google.com
electronicparadise.in,True,200 image/png,gmail.com,True,alt1.gmail-smtp-in.l.google.com
electroniksindia.com,True,200 image/png,electroniksindia.com,True,electroniksindia-com.mail.protection.outlook.com
elegantautoretail.com,True,200 image/png,elegantautoretail.com,True,alt1.aspmx.l.google.com
elentradesigns.com,False,403 application/xml,gmail.com,True,alt1.gmail-smtp-in.l.google.com
elinorjewels.com,True,200 image/png,elinorjewels.com,True,alt1.aspmx.l.google.com
elra.in,True,200 image/png,elra.in,True,alt1.aspmx.l.google.com
elvisbeauty.com,True,200 image/png,elvisbeauty.com,True,smtp.google.com
elyta.in,True,200 image/png,elyta.in,True,alt1.aspmx.l.google.com
embarouge.in,True,200 image/png,embarouge.in,True,smtp.google.com
embercookware.com,True,200 image/gif,embercookware.com,True,alt1.aspmx.l.google.com
embeyvally.in,True,200 image/jpeg,embeyvally.in,True,mailstore1.secureserver.net
embroiderymaterial.com,True,200 image/png,embroiderymaterial.com,True,smtp.google.com
emma-sleep.in,True,200 image/png,emma-sleep.in,True,emmasleep-in01b.mail.protection.outlook.com
emori.in,True,200 image/png,emori.in,True,mx1.hostinger.com
endurasupplements.com,True,200 image/png,endurasupplements.com,True,alt1.aspmx.l.google.com
engageshop.in,True,200 image/png,itc.in,True,itc-in.mail.protection.outlook.com
enim.in,False,404 text/html,enim.in,True,mx.zoho.in
enjeee.com,True,200 image/png,gmail.com,True,alt1.gmail-smtp-in.l.google.com
enliven-lifestyle.com,True,200 image/png,gmail.com,True,alt1.gmail-smtp-in.l.google.com
entisi.com,True,200 image/png,entisi.com,True,alt1.aspmx.l.google.com
envyfragrances.com,True,200 image/png,vanesa.co.in,True,alt1.aspmx.l.google.com
enzoh.in,True,200 image/png,gmail.com,True,alt1.gmail-smtp-in.l.google.com
eourmart.com,True,200 image/png,gmail.com,True,alt1.gmail-smtp-in.l.google.com
epitight.in,True,200 image/png,epitight.in,True,mail.epitight.in
ergonstyle.com,True,200 image/png,ergonstyle.com,True,mx1-usg2.ppe-hosted.com
eridani.in,True,200 image/png,eridani.in,True,alt1.aspmx.l.google.com
espanshe.com,True,200 image/jpeg,espanshe.com,True,alt1.aspmx.l.google.com
essa.in,True,200 image/png,essagarments.com,True,alt1.aspmx.l.google.com
estaasweets.com,True,200 image/png,gmail.com,True,alt1.gmail-smtp-in.l.google.com
estailofashion.com,True,200 image/svg+xml,estailofashion.com,True,mx1.hostinger.com
estele.co,True,200 image/png,estele.co,True,alt1.aspmx.l.google.com
estudio.shop,True,200 image/jpeg,estudio.shop,True,mx.zoho.in
etchcraftemporium.in,True,200 image/jpeg,etchcraftemporium.in,True,alt1.aspmx.l.google.com
ethenika.com,False,404 text/html,ethenika.com,True,alt1.aspmx.l.google.com
ethnicelement.in,True,200 image/png,ethnicelement.com,True,smtp.google.com
ethnusvilla.com,True,200 image/png,ethnusvilla.com,True,mailstore1.secureserver.net
etiquetteapparel.com,True,200 image/png,etiquetteapparel.com,True,mail.etiquetteapparel.com
eumeworld.com,True,200 image/png,eumeworld.com,True,alt1.aspmx.l.google.com
ev2charger.in,True,200 image/png,ev2charger.in,True,mx.zoho.in
evafashionandcraft.com,True,200 image/png,gmail.com,True,alt1.gmail-smtp-in.l.google.com
evierose.in,True,200 image/png,evierose.in,True,alt1.aspmx.l.google.com
exclusivelane.com,True,200 image/png,me.com,True,mx01.mail.icloud.com
exoticindiaart.in,True,200 image/png,exoticindia.com,True,glacier-relay.mxrouting.net
expomx.in,True,200 image/png,gmail.com,True,alt1.gmail-smtp-in.l.google.com
faayagifting.com,True,200 image/svg+xml,faayagifting.com,True,alt1.aspmx.l.google.com
fabassure.com,True,200 image/png,gmail.com,True,alt1.gmail-smtp-in.l.google.com
fabb6.com,True,200 image/jpeg,fabb6.com,True,alt1.aspmx.l.google.com
fabk.in,True,200 image/jpeg,fabk.in,True,mailstore1.secureserver.net
fabpersona.com,True,200 image/png,fabpersona.com,True,alt1.aspmx.l.google.com
fabricroot.com,True,200 image/png,fabricroot.com,True,alt1.aspmx.l.google.com
fabunora.com,True,200 image/png,fabunora.com,True,alt1.aspmx.l.google.com
fail.co.in,True,200 image/png,fail.co.in,True,alt1.aspmx.l.google.com
faithandpatience.co.in,True,200 image/jpeg,faithandpatience.co.in,True,alt1.aspmx.l.google.com
fancydresswale.com,True,200 image/png,fancydresswale.com,True,alt1.aspmx.l.google.com
farak.co,True,200 image/png,farak.co,True,alt1.aspmx.l.google.com
faridagupta.com,True,200 image/png,faridagupta.com,True,alt1.aspmx.l.google.com
farmdidi.com,True,200 image/gif,farmdidi.com,True,alt1.aspmx.l.google.com
farmmate.in,True,200 image/jpeg,gmail.com,True,alt1.gmail-smtp-in.l.google.com
fashiondream.co.in,True,200 image/gif,fashiondream.co.in,True,alt1.aspmx.l.google.com
fashiontex.in,True,200 image/png,gmail.com,True,alt1.gmail-smtp-in.l.google.com
fashlyclothing.com,True,200 image/png,gmail.com,True,alt1.gmail-smtp-in.l.google.com
fashor.com,True,200 image/svg+xml,fashor.com,True,alt1.aspmx.l.google.com
fazyo.com,True,200 image/jpeg,fazyo.com,True,fazyo-com.mail.protection.outlook.com
fellmonger.in,True,200 image/png,fellmonger.in,True,alt1.aspmx.l.google.com
femmella.com,True,200 image/svg+xml,femmella.com,True,alt1.aspmx.l.google.com
fetchnbuy.in,True,200 image/png,fetchnbuy.in,True,mx0001.neo.space
fgear.in,True,200 image/svg+xml,fgear.in,True,alt1.aspmx.l.google.com
fiama.in,True,200 image/png,itc.in,True,itc-in.mail.protection.outlook.com
fikn.com,True,200 image/png,fikn.com,True,alt1.aspmx.l.google.com
filohevis.com,True,200 image/jpeg,filohevis.com,True,alt1.aspmx.l.google.com
filohevis.in,True,200 image/jpeg,filohevis.com,True,alt1.aspmx.l.google.com
finchcrown.com,True,200 image/png,gmail.com,True,alt1.gmail-smtp-in.l.google.com
fireboltt.com,True,200 image/png,boltt.com,True,alt1.aspmx.l.google.com
fitandfoodtamil.com,True,200 image/png,gmail.com,True,alt1.gmail-smtp-in.l.google.com
fitfeast.in,True,200 image/png,fitfeast.in,True,mx1.hostinger.com
fitflop.in,True,200 image/jpeg,fitflop.in,True,fitflop-in.mail.protection.outlook.com
fixderma.com,True,200 image/svg+xml,fixderma.com,True,alt1.aspmx.l.google.com
fizaperfumes.com,True,200 image/png,gmail.com,True,alt1.gmail-smtp-in.l.google.com
flickacosmetics.com,True,200 image/png,flickacosmetics.com,True,alt1.aspmx.l.google.com
floractive.in,True,200 image/png,floractive.in,True,mailstore1.secureserver.net
floranzafashion.com,True,200 image/png,floranzafashion.com,True,alt1.aspmx.l.google.com
floretonline.in,True,200 image/png,floretonline.in,True,mailstore1.secureserver.net
flyo.shoes,True,200 image/png,flyo.shoes,True,us2.mx1.mailhostbox.com
fmcgcart.com,True,200 image/png,fmcgcart.com,True,mx.zoho.in
fmpl.in,True,200 image/png,fullmarksonline.com,True,alt1.aspmx.l.google.com
fns.co.in,True,200 image/png,fns.co.in,True,fns-co-in.mail.protection.outlook.com
foodonfarmpickles.com,True,200 image/png,gmail.com,True,alt1.gmail-smtp-in.l.google.com
foodstrong.in,True,200 image/png,taramislabs.com,True,alt1.aspmx.l.google.com
forbaxy.com,True,200 image/png,theconnecthub.com,True,alt1.aspmx.l.google.com
forever52.in,True,200 image/png,forever52.in,True,forever52-in.mail.protection.outlook.com
foreverdesi.in,True,200 image/png,foreverdesi.in,True,mx1.privateemail.com
foreverkidz.in,True,200 image/png,foreverkidz.in,True,alt1.aspmx.l.google.com
forevernew.co.in,True,200 image/png,forevernew.in,True,au-smtp-inbound-1.mimecast.com
forgals.in,True,200 image/png,forgals.in,True,mailstore1.secureserver.net
forkids6.in,True,200 image/png,gmail.com,True,alt1.gmail-smtp-in.l.google.com
franklord.in,True,200 image/png,gmail.com,True,alt1.gmail-smtp-in.l.google.com
freakyfun.in,True,200 image/jpeg,gmail.com,True,alt1.gmail-smtp-in.l.google.com
freedomtree.in,True,200 image/png,freedomtreedesign.com,True,freedomtreedesign-com.mail.protection.outlook.com
freedworld.in,True,200 image/png,freedworld.in,True,freedworld-in.mail.protection.outlook.com
freemen.in,True,200 image/png,freemen.in,True,alt1.aspmx.l.google.com
frek.in,True,200 image/png,frek.in,True,mx.zoho.in
frenchcuff.in,True,200 image/png,frenchcuff.in,True,mailstore1.secureserver.net
frontechonline.com,True,200 image/png,frontechlimited.com,True,fallbackmx.spamexperts.eu
frontierbiscuit.com,True,200 image/png,frontierbiscuit.com,True,smtp.google.com
fruittreat.com,True,200 image/jpeg,gmail.com,True,alt1.gmail-smtp-in.l.google.com
fuaark.com,True,200 image/png,fuaark.com,True,alt1.aspmx.l.google.com
fuelshoes.com,True,200 image/png,fuelshoes.com,True,alt1.aspmx.l.google.com
fullyfilmy.in,True,200 image/png,fullyfilmy.in,True,alt1.aspmx.l.google.com
funkybabaji.com,True,200 image/svg+xml,gmail.com,True,alt1.gmail-smtp-in.l.google.com
furnifydesign.com,True,200 image/png,gmail.com,True,alt1.gmail-smtp-in.l.google.com
furper.com,True,200 image/png,furper.com,True,mx00.ionos.com
furr.in,True,200 image/png,peesafe.com,True,alt1.aspmx.l.google.com
fusionprime.in,True,200 image/svg+xml,fusionprime.in,False,no MX record
futurixlabs.com,True,200 image/png,futurixlabs.com,True,SMTP.GOOGLE.com
fytika.com,True,200 image/png,fytika.com,True,alt1.aspmx.l.google.com
fyva.in,True,200 image/png,fyva.in,True,smtp.google.com
gaiacoutures.com,True,200 image/png,gaiacoutures.com,True,alt1.aspmx.l.google.com
gajarai.com,True,200 image/svg+xml,gmail.com,True,alt1.gmail-smtp-in.l.google.com
galioindia.com,True,200 image/png,galioindia.com,True,alt1.aspmx.l.google.com
gandhisugandh.com,True,200 image/jpeg,gandhisugandh.com,True,smtp.google.com
gargtrader.com,True,200 image/png,gargtrader.com,True,alt1.aspmx.l.google.com
gatim.in,True,200 image/png,gatim.in,True,alt1.aspmx.l.google.com
gayathrisarees.com,True,200 image/png,grsilks.com,True,alt1.aspmx.l.google.com
gearguard.in,True,200 image/png,gearguard.in,True,mx.zoho.com
geekaybikes.com,True,200 image/png,geekaybike.com,False,domain does not exist
geeklane.in,True,200 image/png,geeklane.in,True,3wkbcbrdgzn5ib45dvezyt7jotjwi5ozfrug3sy6vek74vwxizda.mx-verification.google.com
gehen.in,True,200 image/png,gehen.in,True,alt1.aspmx.l.google.com
gemsinvite.com,True,200 image/png,gemsinvite.com,True,alt1.aspmx.l.google.com
gemsmantra.com,True,200 image/png,gemsmantra.com,True,alt1.aspmx.l.google.com
gemsroot.com,True,200 image/png,gemsroot.com,True,mailstore1.secureserver.net
gemstonegalaxy.in,True,200 image/png,gemstonegalaxy.in,True,alt1.aspmx.l.google.com
geneslecoanethemant.com,True,200 image/png,lecoanethemant.com,True,lecoanethemant-com.mail.protection.outlook.com
genietravel.com,True,200 image/png,genietravel.com,True,mailstore1.secureserver.net
geonix.in,True,200 image/png,geonix.in,True,mx.zoho.in
getmymettle.com,True,200 image/png,getmymettle.com,True,getmymettle-com.mail.protection.outlook.com
getriggr.com,True,200 image/png,getriggr.com,True,mx.zoho.in
ghagrakurti.in,True,200 image/png,gmail.com,True,alt1.gmail-smtp-in.l.google.com
ghaniphutri.com,True,200 image/jpeg,gmail.com,True,alt1.gmail-smtp-in.l.google.com
gharaana.in,True,200 image/png,gharaana.in,True,alt1.aspmx.l.google.com
ghc.health,True,200 image/png,ghc.health,True,alt1.aspmx.l.google.com
ghumartrend.com,True,200 image/png,gmail.com,True,alt1.gmail-smtp-in.l.google.com
giftgalaxy.in,True,200 image/png,gmail.com,True,alt1.gmail-smtp-in.l.google.com
gillori.com,True,200 image/png,gillori.com,True,mx1.privateemail.com
giordanotimewear.com,True,200 image/png,brandzstorm.com,True,mail.rediffmailpro.com
girorganic.com,True,200 image/png,girorganic.com,True,girorganic-com.mail.protection.outlook.com
gitaayurvedic.com,True,200 image/png,gitaayurvedic.com,True,alt1.aspmx.l.google.com
givea.in,True,200 image/png,givea.in,True,alt1.aspmx.l.google.com
gkpublications.com,True,200 image/png,gkpublications.com,True,smtp.google.com
glam21.in,True,200 image/png,glam21.in,True,alt1.aspmx.l.google.com
glamgait.in,True,200 image/png,gmail.com,True,alt1.gmail-smtp-in.l.google.com
glamwiz.com,True,200 image/png,glamwiz.com,True,alt1.aspmx.l.google.com
glamzei.com,True,200 image/png,glamzei.com,True,alt1.aspmx.l.google.com
glassesbyahana.com,False,404 text/html,glassesbyahana.com,True,alt1.aspmx.l.google.com
glenindia.com,True,200 image/png,glenindia.com,True,filter10.antispamcloud.com
globalrepublic.in,True,200 image/png,gmail.com,True,alt1.gmail-smtp-in.l.google.com
glutone.in,True,200 image/png,glutone.in,True,alt1.aspmx.l.google.com
glyters.com,True,200 image/png,glyters.com,True,alt1.aspmx.l.google.com
gn1917.com,True,200 image/svg+xml,gn1917.com,True,alt1.aspmx.l.google.com
goamen.com,True,200 image/png,goamen.com,True,mailstore1.secureserver.net
goblunt.com,True,200 image/png,goblunt.com,True,mx1.hostinger.com
gochk.co,True,200 image/png,gochk.co,True,alt1.aspmx.l.google.com
gocolors.com,True,200 image/svg+xml,gocolors.com,True,ALT1.ASPMX.L.GOOGLE.com
godesi.in,True,200 image/png,godesi.in,True,godesi-in.mail.protection.outlook.com
godhaworld.in,False,404 text/html,godhaworld.in,True,mailstore1.secureserver.net
goenkajewellers.com,True,200 image/png,goenkajewellers.com,True,smtp.google.com
gokulsantol.com,True,200 image/png,tsr.in,True,alt1.aspmx.l.google.com
goldenmirrorfashion.com,True,200 image/png,gmail.com,True,alt1.gmail-smtp-in.l.google.com
gonefarmers.com,False,404 text/html,gmail.com,True,alt1.gmail-smtp-in.l.google.com
goodgudi.com,True,200 image/png,goodgudi.com,True,alt1.aspmx.l.google.com
goodleathergarments.in,True,200 image/png,gmail.com,True,alt1.gmail-smtp-in.l.google.com
goodmonk.in,True,200 image/png,onegreen.in,True,alltheemails.com
goodness-farm.com,True,200 image/png,gmail.com,True,alt1.gmail-smtp-in.l.google.com
goodricketea.in,True,200 image/png,goodricke.com,True,goodricke-com.mail.protection.outlook.com
goodtimesbysaicreations.com,True,200 image/png,goodtimesbysaicreations.com,True,mx1.hostinger.com
goonjasa.in,True,200 image/png,gmail.com,True,alt1.gmail-smtp-in.l.google.com
gopivaid.com,True,200 image/png,gmail.com,True,alt1.gmail-smtp-in.l.google.com
goyalpublisher.com,True,200 image/png,gmail.com,True,alt1.gmail-smtp-in.l.google.com
gpullareddysweets.com,True,200 image/svg+xml,gpullareddysweets.com,True,alt1.aspmx.l.google.com
graciousyou.com,True,200 image/png,graciousyou.com,True,mx.zoho.in
grandmaasecret.com,False,404 text/html,grandmaasecret.com,True,alt1.aspmx.l.google.com
grandpitstop.com,True,200 image/gif,grandpitstop.com,True,smtp.google.com
grathika.com,True,200 image/png,gmail.com,True,alt1.gmail-smtp-in.l.google.com
greathappy.in,True,200 image/png,greathappy.in,True,mailstore1.secureserver.net
greenchickchop.in,True,200 image/png,greenchickchop.in,True,alt1.aspmx.l.google.com
greenevolve.online,True,200 image/png,gmail.com,True,alt1.gmail-smtp-in.l.google.com
greenmilkconcepts.in,True,200 image/png,greenmilkconcepts.in,True,mx.zoho.in
grenaro.com,True,200 image/jpeg,grenaro.com,True,mxn.mxhichina.com
greypottery.com,True,200 image/png,greypottery.com,True,mx.zoho.com
gro.club,True,200 image/png,gro.club,True,alt1.aspmx.l.google.com
groovee.in,True,200 image/gif,groovee.in,True,alt1.aspmx.l.google.com
grytt.in,True,200 image/svg+xml,grytt.in,True,mailstore1.secureserver.net
gudgum.in,True,200 image/jpeg,gudgum.in,True,alt1.aspmx.l.google.com
gulabchand.com,True,200 image/png,gmail.com,True,alt1.gmail-smtp-in.l.google.com
gulabchandtrends.com,True,200 image/png,gulabchandtrends.com,True,alt1.aspmx.l.google.com
guttify.com,True,200 image/png,gmail.com,True,alt1.gmail-smtp-in.l.google.com
gwayurvedic.com,True,200 image/jpeg,gwayurvedic.com,True,alt1.aspmx.l.google.com
gwdkids.com,True,200 image/png,gallerywalldecor.com,True,mx1.dreamhost.com
gymxapparel.in,True,200 image/png,gymxapparel.com,True,us2.mx1.mailhostbox.com
gypsymaal.com,True,200 image/png,gypsymaal.com,True,alt1.aspmx.l.google.com
haappyherbs.com,True,200 image/png,haappyherbs.com,True,alt1.aspmx.l.google.com
hadiyahgifting.com,True,200 image/svg+xml,hadiyahgifting.com,True,smtp.google.com
hairdramacompany.com,True,200 image/png,hairdramacompany.com,True,hairdramacompany-com.mail.protection.outlook.com
hakimifragrance.com,True,200 image/png,hakimifragrance.com,False,no MX record
hamercop.com,True,200 image/png,hamercop.com,True,alt1.aspmx.l.google.com
hammeronline.in,True,200 image/png,hammeronline.in,True,alt1.aspmx.l.google.com
hammondsflycatcher.com,True,200 image/png,hammondsflycatcher.com,True,alt1.aspmx.l.google.com
handabangles.com,True,200 image/png,handabangles.co.in,False,no MX record
handmadejoy.co.in,True,200 image/png,handmadejoy.in,True,mx.handmadejoy.in.cust.b.hostedemail.com
hankpets.com,True,200 image/png,hankpets.com,True,mailstore1.secureserver.net
happilo.com,True,200 image/png,happilo.com,True,happilo-com.mail.protection.outlook.com
happycultures.com,True,200 image/png,happycultures.com,True,happycultures-com.mail.protection.outlook.com
happyhomesonline.com,True,200 image/png,happyhomesonline.com,True,mailstore1.secureserver.net
harah.in,True,200 image/png,gmail.com,True,alt1.gmail-smtp-in.l.google.com
harfun.in,True,200 image/png,harfun.in,True,harfun-in.mail.protection.outlook.com
haribadairyfarm.com,True,200 image/png,haribadairyfarm.com,True,alt1.aspmx.l.google.com
haridarshan.com,True,200 image/png,haridarshan.com,True,alt1.aspmx.l.google.com
harishprojects.com,True,200 image/png,harishprojects.in,True,mx.zoho.in
haroldelectricals.com,True,200 image/png,haroldelectricals.com,True,alt1.aspmx.l.google.com
hashboosh.com,True,200 image/png,hashboosh.com,True,alt1.aspmx.l.google.com
hashtageyewears.com,True,200 image/png,hashtageyewears.com,True,alt1.aspmx.l.google.com
hasthip.com,True,200 image/png,hasthip.com,True,mxbiz1.qq.com
hausandkinder.com,True,200 image/png,hausandkinder.com,True,alt1.aspmx.l.google.com
havein.in,True,200 image/png,havein.in,True,mailstore1.secureserver.net
hayagrivassilkhouse.com,True,200 image/png,hayagrivassilkhouse.com,True,alt1.aspmx.l.google.com
hayatslucknowi.com,True,200 image/png,hayatslucknowi.com,True,alt1.aspmx.l.google.com
hayclothing.in,True,200 image/png,hayclothing.in,True,alt1.aspmx.l.google.com
hayyan.in,True,200 image/png,hayyan.in,True,mx.zoho.in
hazelkitchenware.com,True,200 image/png,hazelkitchenware.com,True,smtp.google.com
healeo.in,True,200 image/png,healeo.in,True,alt1.aspmx.l.google.com
healingpharmaonline.com,True,200 image/png,healingpharma.in,True,alt1.aspmx.l.google.com
healthyhey.com,True,200 image/jpeg,healthyhey.com,True,healthyhey-com.mail.protection.outlook.com
healthymaster.in,True,200 image/png,twobrothersindia.com,True,alt1.aspmx.l.google.com
healthymithai.co,True,200 image/jpeg,healthymithai.co,True,alt1.aspmx.l.google.com
heavenmagic.com,True,200 image/png,gmail.com,True,alt1.gmail-smtp-in.l.google.com
heelsindia.com,True,200 image/png,gmail.com,True,alt1.gmail-smtp-in.l.google.com
heganwalk.com,True,200 image/png,gmail.com,True,alt1.gmail-smtp-in.l.google.com
hektor.in,True,200 image/png,hektor.in,True,alt1.aspmx.l.google.com
heliosindia.com,True,200 image/png,heliosindia.com,True,alt1.aspmx.l.google.com
helix-watches.com,True,200 image/svg+xml,timehut.in,True,s161.cyberspace.in
helloedc.com,True,200 image/png,helloedc.com,True,alt1.aspmx.l.google.com
hellokidology.in,True,200 image/png,inkmilan.com,False,no MX record
helmetwala.com,True,200 image/png,helmetwala.com,True,smtp.google.com
helpinghands.jewelry,True,200 image/png,helpinghands.jewelry,True,mx1.improvmx.com
herbalmax.in,True,200 image/png,herbalmax.in,True,alt1.aspmx.l.google.com
herbalmaza.com,True,200 image/png,gmail.com,True,alt1.gmail-smtp-in.l.google.com
herbspro.in,True,200 image/png,herbspro.in,True,mail.herbspro.in
heritagehuesbyritika.com,True,200 image/png,heritagehuesbyritika.com,True,mx.zoho.in
heritageofficial.com,True,200 image/png,heritageofficial.com,True,mx1.hostinger.com
herolectro.com,True,200 image/svg+xml,herolectro.com,True,herocycles.in.tmes.trendmicro.com
heybuyers.in,True,200 image/png,heybuyer.in,True,alt1.aspmx.l.google.com
hibiscusmonkey.com,True,200 image/png,hibiscusmonkey.com,True,hibiscusmonkey-com.mail.protection.outlook.com
hidesign.com,True,200 image/svg+xml,hidesign.com,True,hidesign-com.mail.protection.outlook.com
highgeartoys.com,True,200 image/png,gmail.com,True,alt1.gmail-smtp-in.l.google.com
highsparksilver.com,True,200 image/jpeg,highsparksilver.com,True,mx.zoho.in
hilaryrhoda.in,True,200 image/png,hilaryrhoda.in,True,alt1.aspmx.l.google.com
himalayarudraksh.online,True,200 image/png,himalayarudraksh.online,True,mx.himalayarudraksh.online.cust.b.hostedemail.com
himalayawellness.in,True,200 image/png,himalayawellness.com,True,cluster5.us.messagelabs.com
hintworld.com,False,404 text/html,hintworld.com,True,mailstore1.secureserver.net
hirafragrances.com,True,200 image/png,hirafragrances.com,True,mailstore1.secureserver.net
hirajewellery.com,True,200 image/png,hirajewellery.com,True,mailstore1.secureserver.net
hithawellness.com,True,200 image/png,gmail.com,True,alt1.gmail-smtp-in.l.google.com
hittersports.in,True,200 image/svg+xml,gmail.com,True,alt1.gmail-smtp-in.l.google.com
hitz.co.in,True,200 image/png,hitzshoes.in,True,alt1.aspmx.l.google.com
hivagi.in,False,404 text/html,hivagi.in,True,mailstore1.secureserver.net
hmrhandlooms.com,True,200 image/png,gmail.com,True,alt1.gmail-smtp-in.l.google.com
hocheparis.in,True,200 image/png,hocheparis.in,True,smtp.google.com
hokmakeup.com,True,200 image/png,hokmakeup.com,True,alt1.aspmx.l.google.com
homecanvas.com,True,200 image/jpeg,homecanvas.com,True,alt1.aspmx.l.google.com
homedecorcompany.in,False,200 text/html,gmail.com,True,alt1.gmail-smtp-in.l.google.com
homedekar.com,True,200 image/png,homedekar.com,True,mx.zoho.in
homeessentials.in,True,200 image/png,homeessentials.in,True,alt1.aspmx.l.google.com
homeomart.com,True,200 image/png,homeomart.com,True,mx.zoho.com
homestrap.com,True,200 image/png,homestrap.com,True,alt1.aspmx.l.google.com
hometheatreexperts.in,True,200 image/png,gmail.com,True,alt1.gmail-smtp-in.l.google.com
hometown.in,True,200 image/png,hometown.in,True,smtp.google.com
homfert.com,True,200 image/svg+xml,homfert.com,True,mx1.hostinger.com
honeyandspice.in,True,200 image/png,honeyandspice.in,True,mx.zoho.com
honeyveda.in,True,200 image/png,honeyveda.in,True,alt1.aspmx.l.google.com
hoophello.com,True,200 image/png,hoophello.com,True,alt1.aspmx.l.google.com
hophead.co.in,True,200 image/png,hophead.co.in,True,smtp.google.com
housenama.com,True,200 image/png,housenama.com,True,alt1.aspmx.l.google.com
houseofbeautyindia.com,True,200 image/png,houseofbeautyindia.com,True,alt1.aspmx.l.google.com
houseofceramics.in,True,200 image/png,houseofceramics.in,True,alt1.aspmx.l.google.com
houseofekam.com,True,200 image/png,houseofekam.com,True,mx.zoho.com
houseofkanzan.com,True,200 image/svg+xml,houseofkanzan.com,True,mx1.hostinger.com
houseofkoala.com,True,200 image/png,houseofkoala.com,True,alt1.aspmx.l.google.com
houseofmachines.in,True,200 image/jpeg,houseofmachines.in,True,SMTP.GOOGLE.COM
houseofmakeup.com,True,200 image/png,houseofmakeup.com,True,alt1.aspmx.l.google.com
houseofmanika.in,True,200 image/png,gmail.com,True,alt1.gmail-smtp-in.l.google.com
houseofmannath.com,True,200 image/png,houseofmannath.com,True,mailstore1.secureserver.net
houseofmasaba.com,True,200 image/png,houseofmasaba.com,True,houseofmasaba-com.mail.protection.outlook.com
houseofniav.com,True,200 image/png,gmail.com,True,alt1.gmail-smtp-in.l.google.com
houseofniraa.com,True,200 image/png,gmail.com,True,alt1.gmail-smtp-in.l.google.com
houseofpanchhi.com,True,200 image/png,houseofpanchhi.com,True,alt1.aspmx.l.google.com
houseofparati.com,True,200 image/png,houseofparati.com,True,alt1.aspmx.l.google.com
houseofquadri.com,True,200 image/png,houseofquadri.com,True,alt1.aspmx.l.google.com
houseofraadhvi.com,True,200 image/png,houseofraadhya.com,True,houseofraadhya-com.mail.protection.outlook.com
houseofsuniyara.com,True,200 image/png,houseofsuniyara.com,True,mailstore1.secureserver.net
houseofthansha.com,True,200 image/png,gmail.com,True,alt1.gmail-smtp-in.l.google.com
houseofvardha.in,True,200 image/png,houseofvardha.in,True,mailstore1.secureserver.net
htrzmodz.com,True,200 image/png,gmail.com,True,alt1.gmail-smtp-in.l.google.com
huesfab.com,True,200 image/png,huesfab.com,True,huesfab-com.mail.protection.outlook.com
hugaplant.com,True,200 image/png,hugaplant.com,True,us2.mx1.mailhostbox.com
hungrykoala.in,True,200 image/png,hungrykoala.in,True,hungrykoala-in.mail.protection.outlook.com
hustleculture.co.in,True,200 image/svg+xml,hustleclub.co.in,True,smtp.google.com
hutsandlooms.com,True,200 image/png,hutsandlooms.com,True,alt1.aspmx.l.google.com
hyara.in,True,200 image/png,hyara.in,True,SMTP.GOOGLE.COM
hyppy.in,True,200 image/png,hyppy.in,True,alt1.aspmx.l.google.com
hyvesports.com,True,200 image/svg+xml,hyvesports.com,True,alt1.aspmx.l.google.com
ibacosmetics.com,True,200 image/png,ibacosmetics.com,True,alt1.aspmx.l.google.com
ibdmaphouse.com,True,200 image/jpeg,ibdmaphouse.com,True,alt1.aspmx.l.google.com
ibellstore.com,True,200 image/svg+xml,ibellstore.com,True,alt1.aspmx.l.google.com
iberiaskinbrands.in,True,200 image/png,iberiaskinbrands.com,True,mail.iberiaskinbrands.com
ibisfab.com,True,200 image/jpeg,ibisfab.com,True,mx.zoho.in
iblamebeads.com,True,200 image/png,iblamebeads.com,True,alt1.aspmx.l.google.com
iconicindia.com,True,200 image/png,iconicindia.com,True,iconicindia-com.mail.eo.outlook.com
idaho-o.com,True,200 image/jpeg,idaho-o.com,True,alt1.aspmx.l.google.com
idcult.com,True,200 image/jpeg,idcult.com,True,mailstore1.secureserver.net
iffcourbangardens.com,True,200 image/png,iffcourbangardens.com,True,alt1.aspmx.l.google.com
ikoho.in,True,200 image/svg+xml,ikoho.in,True,alt1.aspmx.l.google.com
impexstore.com,True,200 image/png,kcmtechnologies.com,True,alt1.aspmx.l.google.com
inaboxstore.com,True,200 image/png,gmail.com,True,alt1.gmail-smtp-in.l.google.com
inart.co.in,True,200 image/png,inart.co.in,True,alt1.aspmx.l.google.com
inc5shop.com,True,200 image/png,inc5shoes.com,True,inc5shoes-com.mail.protection.outlook.com
indclues.com,True,200 image/png,indclues.com,True,alt1.aspmx.l.google.com
indianhobbycenter.com,True,200 image/png,indianhobbycenter.com,True,alt1.aspmx.l.google.com
indiansnackhouse.com,True,200 image/png,indiansnackhouse.com,True,alt1.aspmx.l.google.com
indianterrain.com,True,200 image/png,indianterrain.com,True,mx-01-eu-central-1.prod.hydra.sophos.com
indianweddingoutfit.com,True,200 image/png,gmail.com,True,alt1.gmail-smtp-in.l.google.com
indiclub.shop,True,200 image/svg+xml,indiclub.shop,True,mailstore1.secureserver.net
indranilife.in,True,200 image/svg+xml,gmail.com,True,alt1.gmail-smtp-in.l.google.com
indygood.com,True,200 image/png,indygood.com,True,mailstore1.secureserver.net
infinixmobiles.in,True,200 image/png,transsion.com,True,transsion-com.mail.protection.outlook.com
inkhub.in,True,200 image/png,inkhub.in,True,smtp.google.com
insightcosmetics.in,True,200 image/svg+xml,insightcosmetics.in,True,insightcosmetics-in.mail.protection.outlook.com
insta360india.com,True,200 image/png,insta360india.com,True,smtp.google.com
instacuppastore.com,True,200 image/png,instacuppastore.com,True,mx.zoho.com
instax.in,True,200 image/png,fujifilm.com,True,mxa-00922502.gslb.pphosted.com
intex.in,True,200 image/gif,intex.in,True,intex-in.mail.protection.outlook.com
intifashions.com,True,200 image/png,gmail.com,True,alt1.gmail-smtp-in.l.google.com
invoguish.in,True,200 image/png,invoguish.in,True,invoguish-in.mail.protection.outlook.com
involveyoursenses.com,True,200 image/png,involveyoursenses.com,True,alt1.aspmx.l.google.com
irasoles.com,True,200 image/png,gmail.com,True,alt1.gmail-smtp-in.l.google.com
isopureprotein.co.in,True,200 image/png,glanbia.com,True,eu-smtp-inbound-1.mimecast.com
itisaaj.in,True,200 image/svg+xml,itisaaj.in,True,SMTP.GOOGLE.COM
itokri.com,True,200 image/png,itokri.com,True,alt1.aspmx.l.google.com
itsfun.in,True,200 image/png,gmail.com,True,alt1.gmail-smtp-in.l.google.com
ivalinmabia.com,True,200 image/png,gmail.com,True,alt1.gmail-smtp-in.l.google.com
ivanajewels.com,True,200 image/png,ivanajewels.com,True,smtp.google.com
ivorynatural.com,True,200 image/jpeg,ivorynatural.com,True,smtp.google.com
jabsons.com,False,404 image/png,jabsons.com,True,jabsons-com.mail.protection.outlook.com
jackjones.in,True,200 image/png,jackjones.in,True,jackjones-in.mail.protection.outlook.com
jagdishfarshan.com,True,200 image/png,jagdish-farshan.com,True,smtp.google.com
jaihindnursery.in,True,200 image/png,gmail.com,True,alt1.gmail-smtp-in.l.google.com
jaimantoys.com,True,200 image/png,gmail.com,True,alt1.gmail-smtp-in.l.google.com
jaipurfabric.com,True,200 image/png,jaipurfabric.com,True,alt1.aspmx.l.google.com
jaipuristitch.com,True,200 image/png,jaipuristitch.com,True,mx.zoho.in
jaipurkurti.com,True,200 image/png,jaipurkurti.com,True,alt1.aspmx.l.google.com
janasya.com,True,200 image/png,janasya.com,True,smtp.google.com
japam.in,True,200 image/png,japam.in,True,alt1.aspmx.l.google.com
jewelemarket.com,True,200 image/png,jewelmaze.com,True,mx-biz.mail.am0.yahoodns.net
jewellerybucket.com,True,200 image/jpeg,gmail.com,True,alt1.gmail-smtp-in.l.google.com
jewellerykhazana.com,True,200 image/png,gmail.com,True,alt1.gmail-smtp-in.l.google.com
jewelove.in,True,200 image/jpeg,jewelove.in,True,alt1.aspmx.l.google.com
jewelsmars.com,True,200 image/png,gmail.com,True,alt1.gmail-smtp-in.l.google.com
jhajistore.com,True,200 image/png,jhajistore.com,True,alt1.aspmx.l.google.com
jisora.com,True,200 image/png,jisora.com,True,alt1.aspmx.l.google.com
jmlooks.com,True,200 image/png,jmlooks.com,True,smtp.google.com
jnorss.in,True,200 image/png,jnorss.com,True,smtp.google.com
jockey.in,True,200 image/png,jockeyindia.com,True,jockeyindia-com.mail.protection.outlook.com
johnellies.in,True,200 image/png,johnellies.com,True,alt1.aspmx.l.google.com
jompers.com,True,200 image/jpeg,jompers.com,True,alt1.aspmx.l.google.com
jovees.com,True,200 image/png,jovees.com,True,alt1.aspmx.l.google.com
joypersonalcare.com,True,200 image/png,joycosmetics.com,True,joycosmetics-com.mail.protection.outlook.com
jpttools.com,True,200 image/png,jpttools.com,True,smtp.google.com
jumkey.com,True,200 image/png,jumkey.com,True,alt1.aspmx.l.google.com
juneberrycollections.in,True,200 image/png,gmail.com,True,alt1.gmail-smtp-in.l.google.com
justintime.in,True,200 image/svg+xml,justintime.in,True,mx01.mailngx.com
justwowfactory.com,True,200 image/png,justwowfactory.com,True,alt1.aspmx.l.google.com
jvlclassicware.com,True,200 image/png,gmail.com,True,alt1.gmail-smtp-in.l.google.com
jyotisarees.com,True,200 image/png,gmail.com,True,alt1.gmail-smtp-in.l.google.com
kaavyam.in,True,200 image/svg+xml,kaavyam.in,True,SMTP.GOOGLE.COM
kaftanize.com,True,200 image/png,kaftanize.com,True,alt1.aspmx.l.google.com
kalamandir.com,True,200 image/png,kalamandir.com,True,alt1.aspmx.l.google.com
kalanjali.com,False,404 image/png,kalanjali.com,True,ALT1.ASPMX.L.GOOGLE.com
kalmkari.in,True,200 image/png,gmail.com,True,alt1.gmail-smtp-in.l.google.com
kalpraag.com,True,200 image/png,kalpraag.com,True,alt1.aspmx.l.google.com
kalyanastrogems.com,True,200 image/png,kalyanastrogems.com,True,alt1.aspmx.l.google.com
kalyansilks.com,True,200 image/png,kalyansilks.com,True,kalyansilks-com.mail.protection.outlook.com
kanakadurgacollections.com,True,200 image/png,gmail.com,True,alt1.gmail-smtp-in.l.google.com
kankatala.com,True,200 image/png,kankatala.com,True,alt1.aspmx.l.google.com
kantagiri.com,True,200 image/svg+xml,gmail.com,True,alt1.gmail-smtp-in.l.google.com
karagiri.com,True,200 image/png,karagiri.com,True,alt1.aspmx.l.google.com
karissakart.com,True,200 image/png,karissakart.com,True,alt1.aspmx.l.google.com
karizmajewels.in,True,200 image/png,karizmajewels.in,True,smtp.google.com
karmikh.com,True,200 image/png,karmikh.com,True,mx1.hostinger.com
kashmirbox.com,True,200 image/png,kashmirbox.com,True,alt1.aspmx.l.google.com
kasutam.com,False,404 text/html,kasutam.com,True,mailstore1.secureserver.net
kattam.in,True,200 image/png,kattam.in,True,alt1.aspmx.l.google.com
kaushalyaartjewellery.com,True,200 image/png,kaushalyaartjewellery.com,True,alt1.aspmx.l.google.com
kavyastyleplus.com,True,200 image/png,gmail.com,True,alt1.gmail-smtp-in.l.google.com
kazeliving.com,True,200 image/png,kskt.in,True,mx.zoho.in
kazo.com,True,200 image/png,kazo.com,True,kazo-com.mail.protection.outlook.com
kenstar.in,True,200 image/png,kenstar.in,True,kenstar-in.mail.protection.outlook.com
keyaseth.com,True,200 image/png,keyaseth.com,True,keyaseth-com.mail.protection.outlook.com
kffindia.com,True,200 image/png,kffindia.com,True,alt1.aspmx.l.google.com
khadinatural.com,True,200 image/png,khadinatural.com,True,khadinatural-com.mail.protection.outlook.com
kharrido.in,True,200 image/png,gmail.com,True,alt1.gmail-smtp-in.l.google.com
khatricreations.com,True,200 image/png,gmail.com,True,alt1.gmail-smtp-in.l.google.com
kickyandperky.com,True,200 image/png,kickyandperky.com,True,alt1.aspmx.l.google.com
kiddikind.com,True,200 image/png,kiddikind.com,True,smtp.google.com
killerjeans.com,True,200 image/png,killerjeans.com,True,killerjeans-com.mail.protection.outlook.com
kimti.in,True,200 image/gif,kimti.in,True,alt1.aspmx.l.google.com
kisaansay.com,True,200 image/png,kisaansay.in,True,smtp.google.com
kisah.in,True,200 image/png,kisah.in,True,kisah-in.mail.protection.outlook.com
kitchenmart.co.in,True,200 image/jpeg,kitchenmart.co.in,True,alt1.aspmx.l.google.com
kitsguru.com,True,200 image/png,kitsguru.com,True,alt1.aspmx.l.google.com
kollercut.com,True,200 image/png,kollercut.com,True,alt1.aspmx.l.google.com
kompanero.in,True,200 image/png,kompanero.in,True,alt1.aspmx.l.google.com
koranm.com,True,200 image/png,koranm.com,True,koranm-com.mail.protection.outlook.com
krafthouseware.com,True,200 image/png,vinodcookware.com,True,mx.zoho.in
krausjeans.com,True,200 image/png,krausjeans.com,True,alt1.aspmx.l.google.com
krishnaayurved.com,True,200 image/png,krishnaayurved.com,True,alt1.aspmx.l.google.com
krishnajewellers.com,True,200 image/png,krishnajewellers.com,True,alt1.aspmx.l.google.com
krishnapearls.com,True,200 image/png,krishnapearls.com,True,alt1.aspmx.l.google.com
krishnasaree.in,True,200 image/png,krishnasaree.in,True,mailstore1.secureserver.net
krishnawatch.com,True,200 image/svg+xml,krishnawatch.com,True,mailstore1.secureserver.net
krutico.com,True,200 image/png,krutico.com,True,krutico-com.mail.protection.outlook.com
krysstalindia.com,True,200 image/png,krstalbathindia.com,False,domain does not exist
kumaransilksonline.com,False,404 text/html,kumaransilksonline.com,True,alt1.aspmx.l.google.com
kunjuvandi.in,True,200 image/png,gmail.com,True,alt1.gmail-smtp-in.l.google.com
kushals.com,True,200 image/png,kushals.com,True,alt1.aspmx.l.google.com
kuthampullysarees.com,True,200 image/png,gmail.com,True,alt1.gmail-smtp-in.l.google.com
kvsshopping.com,True,200 image/png,gmail.com,True,alt1.gmail-smtp-in.l.google.com
kyaratoys.com,True,200 image/png,gmail.com,True,alt1.gmail-smtp-in.l.google.com
kyari.co,True,200 image/png,kyari.co,True,alt1.aspmx.l.google.com
kymee.in,True,200 image/png,kymee.in,True,alt1.aspmx.l.google.com
label-s4u.com,True,200 image/jpeg,label-s4u.com,True,alt1.aspmx.l.google.com
labeldc.com,True,200 image/png,labeldc.com,True,mailstore1.secureserver.net
labelflavia.com,True,200 image/png,labelflavia.com,True,qpc733kks22juh7dkw72lsuxclrbka3jwp6f2rns6bepgkljllcq.mx-verification.google.com
labelmadhurithakkar.com,True,200 image/png,gmail.com,True,alt1.gmail-smtp-in.l.google.com
lacesandfrills.in,True,200 image/png,lacesandfrills.in,True,alt1.aspmx.l.google.com
lagorii.com,True,200 image/png,lagorii.com,True,alt1.aspmx.l.google.com
lajreedesigner.com,True,200 image/png,lajreedesigner.com,True,alt1.aspmx.l.google.com
lakmesalon.in,True,200 image/png,unilever.com,True,unilever-com.mail.protection.outlook.com
lakshita.com,True,200 image/png,lakshita.com,True,alt1.aspmx.l.google.com
languageshoes.com,True,200 image/png,languageshoes.com,True,languageshoes-com.mail.protection.outlook.com
lavanyathelabel.com,True,200 image/png,lavanyathelabel.com,True,alt1.aspmx.l.google.com
lavieworld.com,True,200 image/png,lavieworld.com,True,mx.zoho.com
lavosperformance.com,True,200 image/svg+xml,lavosperformance.com,True,lavosperformance-com.mail.protection.outlook.com
laxmipati.com,True,200 image/png,laxmipati.com,True,mail.laxmipati.com
lazostore.in,True,200 image/png,lazostore.in,True,alt1.aspmx.l.google.com
leaclothingco.com,True,200 image/jpeg,leaclothingco.com,True,alt1.aspmx.l.google.com
leefordortho.in,True,200 image/svg+xml,leefordortho.in,True,alt1.aspmx.l.google.com
legendoftoys.com,True,200 image/png,legendoftoys.com,True,alt1.aspmx.l.google.com
lehengabazaar.co.in,True,200 image/png,lehengabazaar.co.in,True,alt1.aspmx.l.google.com
leheriya.com,True,200 image/png,leheriya.com,True,alt1.aspmx.l.google.com
letrendz.in,True,200 image/png,gmail.com,True,alt1.gmail-smtp-in.l.google.com
letscurlup.com,True,200 image/png,letscurlup.com,True,alt1.aspmx.l.google.com
letsgearup.in,True,200 image/png,letsgearup.in,True,letsgearup-in.mail.protection.outlook.com
letshyphen.com,True,200 image/svg+xml,letshyphen.com,True,alt1.aspmx.l.google.com
levi.in,True,200 image/png,levi.in,True,mxa-003beb01.gslb.pphosted.com
liandli.in,True,200 image/jpeg,liandli.in,True,5xja42ha6brs6sg77umdhsjxwkjk65vfh35tl22f2msbtffagzta.mx-verification.google.com
libertyshoesonline.com,True,200 image/svg+xml,libertyshoes.com,True,mx.zoho.in
lifelongindiaonline.com,True,200 image/svg+xml,lifelongonline.com,True,lifelongonline-com.mail.protection.outlook.com
lightyearshealth.com,True,200 image/png,elevateconsumer.com,True,elevateconsumer-com.mail.protection.outlook.com
likenlike.in,True,200 image/png,gmail.com,True,alt1.gmail-smtp-in.l.google.com
likshaclothing.com,True,200 image/png,gmail.com,True,alt1.gmail-smtp-in.l.google.com
limelightdiamonds.com,True,200 image/png,limelightdiamonds.com,True,alt1.aspmx.l.google.com
linkcart.in,True,200 image/png,linklocks.com,True,linklocks-com.mail.protection.outlook.com
littlemuffet.in,True,200 image/png,littlemuffet.com,True,alt1.aspmx.l.google.com
livingshapes.in,True,200 image/png,livingshapes.com,True,5au3pxr5ftygovz5j65e4vst446tdsttjuypaje6okhbepk5aeoq.mx-verification.google.com
londoncotton.in,True,200 image/png,londoncotton.in,True,mailstore1.secureserver.net
loomsandtassels.com,True,200 image/png,loomsandtassels.com,True,mailstore1.secureserver.net
lorazzo.com,True,200 image/png,lorazzo.com,True,alt1.aspmx.l.google.com
lostmybuds.com,True,200 image/png,gmail.com,True,alt1.gmail-smtp-in.l.google.com
lovebeautyandplanet.in,True,200 image/png,lovebeautyandplanet.in,True,alt1.aspmx.l.google.com
lovechild.in,True,200 image/png,lovechild.in,True,alt1.aspmx.l.google.com
lovegen.com,True,200 image/png,lovegen.com,True,alt1.aspmx.l.google.com
lovely-cards.com,True,200 image/png,lovelyoffset.com,True,alt1.aspmx.l.google.com
lovingcrafts.in,True,200 image/png,lovingcrafts.in,True,mailstore1.secureserver.net
lucienbags.com,True,200 image/png,lucienbags.com,True,mx.zoho.in
lukson.co,True,200 image/png,lukson.co,True,alt1.aspmx.l.google.com
luvlap.com,True,200 image/png,luvlap.com,True,mailstore1.secureserver.net
lzrus.in,True,200 image/png,gmail.com,True,alt1.gmail-smtp-in.l.google.com
machki.com,True,200 image/png,gmail.com,True,alt1.gmail-smtp-in.l.google.com
macsjewelry.com,True,200 image/png,macsjewelry.com,True,mx.zoho.in
mahajanelectronics.com,True,200 image/png,mahajanelectronics.com,True,alt1.aspmx.l.google.com
mahavirs.com,True,200 image/png,gmail.com,True,alt1.gmail-smtp-in.l.google.com
maheejaipur.com,True,200 image/png,gmail.com,True,alt1.gmail-smtp-in.l.google.com
mahetri.in,True,200 image/png,mahetri.com,True,alt1.aspmx.l.google.com
mahina.co,True,200 image/png,mahina.co,True,alt1.aspmx.l.google.com
maishalifestyle.com,True,200 image/png,maishalifestyle.com,True,smtp.google.com
maizic.com,True,200 image/png,maizic.com,True,us2.mx1.mailhostbox.com
makerbazar.in,True,200 image/png,makerbazar.in,True,mx.zoho.in
makezmia.com,True,200 image/png,makezmia.com,True,mailstore1.secureserver.net
mamansh.com,True,200 image/png,mamansh.com,True,mx.zoho.in
managramasethu.in,True,200 image/png,managramasethu.in,True,smtp.google.com
manetain.in,True,200 image/png,manetain.in,True,alt1.aspmx.l.google.com
maniaclife.com,True,200 image/png,maniaclife.com,True,alt2.aspmx.l.google.com
manmandir.com,True,200 image/png,manmandir.com,True,smtp.google.com
mannatjewelz.in,True,200 image/svg+xml,mannatjewelz.in,True,alt1.aspmx.l.google.com
mantavya.co.in,True,200 image/png,gmail.com,True,alt1.gmail-smtp-in.l.google.com
mapro.com,True,200 image/png,mapro.com,True,smtp.google.com
marscosmetics.in,True,200 image/png,marscosmetics.in,True,alt1.aspmx.l.google.com
maskmantoys.com,True,200 image/png,gmail.com,True,alt1.gmail-smtp-in.l.google.com
matinimpex.com,True,200 image/png,matinimpex.shop,False,no MX record
mauveaccessories.com,True,200 image/png,mauveaccessories.com,True,alt1.aspmx.l.google.com
maxzoneclothing.com,True,200 image/png,maxzoneclothing.com,True,smtp.google.com
maybellindia.com,True,200 image/png,maybellindia.com,True,alt1.aspmx.l.google.com
mayrashop365.com,True,200 image/jpeg,mayrashop365.com,True,mailstore1.secureserver.net
mbz.in,False,404 text/html,mbindia.net,True,alt1.aspmx.l.google.com
mechitrakar.com,True,200 image/png,mechitrakar.com,True,alt1.aspmx.l.google.com
mecnex.com,True,200 image/png,mecnex.com,True,mailstore1.secureserver.net
meenabazaar.com,True,200 image/png,meenabazaar.com,True,alt1.aspmx.l.google.com
meenabazaar.shop,True,200 image/png,meenabazaar.shop,True,alt1.aspmx.l.google.com
meerasplussizestore.com,True,200 image/png,meerasplussizestore.com,True,smtp.google.com
melblok.com,True,200 image/gif,melblok.com,True,alt1.aspmx.l.google.com
memy.co.in,True,200 image/png,memy.co.in,True,mailstore1.secureserver.net
menmaifabrics.com,True,200 image/png,gmail.com,True,alt1.gmail-smtp-in.l.google.com
metroactiv.com,True,200 image/png,metroactiv.com,True,metroactiv-com.mail.protection.outlook.com
militarymarvels.com,True,200 image/png,gmail.com,True,alt1.gmail-smtp-in.l.google.com
milletmaniaorganic.com,True,200 image/png,gmail.com,True,alt1.gmail-smtp-in.l.google.com
millex.in,True,200 image/jpeg,brandboostup.in,True,mail.brandboostup.in
milton.in,True,200 image/png,hamiltonindia.in,True,hamiltonindia-in.mail.protection.outlook.com
ministerwhite.com,True,200 image/png,ministerwhite.com,True,alt1.aspmx.l.google.com
mipatex.in,True,200 image/jpeg,mipatex.in,True,alt1.aspmx.l.google.com
miraahe.com,True,200 image/png,miraahe.com,True,mailstore1.secureserver.net
mirabellecosmetics.in,True,200 image/png,mirabellecosmetics.com,True,alt1.aspmx.l.google.com
miraggiolife.com,True,200 image/png,miraggiolife.com,True,miraggiolife-com.mail.protection.outlook.com
miranajewels.com,True,200 image/png,miranajewels.com,True,mx.zoho.in
mishmashnaturals.com,True,200 image/svg+xml,mishmashnaturals.com,True,my.mailbux.com
mlada.in,True,200 image/png,mlada.in,True,alt1.aspmx.l.google.com
mobil-fox.in,True,200 image/png,mobil-fox.in,False,no MX record
modernseries.in,True,200 image/png,modernseries.in,True,mailstore1.secureserver.net
mohsintextiles.com,True,200 image/png,mohsintextiles.com,True,mailstore1.secureserver.net
mokosh.in,True,200 image/png,gmail.com,True,alt1.gmail-smtp-in.l.google.com
mokshaaworld.com,True,200 image/png,mokshaaworld.com,True,smtp.google.com
momshome.in,True,200 image/png,momshome.in,True,mx.zoho.in
monrow.in,True,200 image/png,monrow.in,True,alt1.aspmx.l.google.com
moolchandmill.com,False,404 text/html,moolchandmill.com,True,alt1.aspmx.l.google.com
motocentral.in,True,200 image/png,motocentral.in,True,alt1.aspmx.l.google.com
motogeniusstore.com,True,200 image/png,motogeniusstore.com,True,mx.zoho.in
motomodz.com,True,200 image/png,motomodz.com,True,smtp.google.com
motovolt.co,True,200 image/svg+xml,motovolt.co,True,motovolt-co.mail.protection.outlook.com
moxiebeauty.in,True,200 image/svg+xml,moxiebeauty.in,True,alt1.aspmx.l.google.com
mrbutton.in,True,200 image/png,mrbutton.in,True,alt1.aspmx.l.google.com
mrjewels.in,True,200 image/png,mrjewels.in,True,alt1.aspmx.l.google.com
muffynn.com,True,200 image/png,muffynn.com,True,muffynn-com.mail.protection.outlook.com
mumkins.in,True,200 image/png,mumkins.in,True,smtp.google.com
myadira.com,True,200 image/png,myadira.com,True,alt1.aspmx.l.google.com
myalmari.in,True,200 image/png,myalmari.in,True,alt1.aspmx.l.google.com
mybageecha.com,True,200 image/png,mybageecha.com,True,mx.zoho.in
myborosil.com,True,200 image/png,borosil.com,True,alt1.aspmx.l.google.com
mybudgetstore.in,True,200 image/png,gmail.com,True,alt1.gmail-smtp-in.l.google.com
mydesignation.com,True,200 image/png,mydesignation.com,True,alt1.aspmx.l.google.com
myescplan.com,True,200 image/png,enchantebrands.com,True,smtp.google.com
myfitness.in,True,200 image/png,myfitness.co.in,True,alt1.aspmx.l.google.com
myhealinghands.in,True,200 image/svg+xml,myhealinghands.in,True,alt1.aspmx.l.google.com
mykaladhar.com,True,200 image/png,mykaladhar.com,True,mailstore1.secureserver.net
myop.in,True,200 image/png,myop.in,True,alt1.aspmx.l.google.com
mypoojabox.in,True,200 image/svg+xml,mypoojabox.com,True,alt1.aspmx.l.google.com
myprisma.in,True,200 image/png,myprisma.in,True,myprisma-in.mail.protection.outlook.com
myragems.com,True,200 image/jpeg,myragems.com,True,alt1.aspmx.l.google.com
myratna.com,True,200 image/svg+xml,myratna.com,True,mx.zoho.com
myraymond.com,True,200 image/png,raymond.in,True,raymond-in.mail.protection.outlook.com
mysanskritam.com,True,200 image/png,gmail.com,True,alt1.gmail-smtp-in.l.google.com
mysleepwell.com,False,404 text/html,mysleepwell.com,True,alt1.aspmx.l.google.com
mysleepyhead.com,True,200 image/png,mysleepyhead.com,True,alt1.aspmx.l.google.com
mysmartbazaar.com,True,200 image/png,mysmartbazaar.com,True,mx1.zoho.com
mysneakerstudio.com,True,200 image/png,gmail.com,True,alt1.gmail-smtp-in.l.google.com
mysorepattu.com,True,200 image/png,mysorepattu.com,True,mx.zoho.in
mysparemarket.com,True,200 image/png,mysparemarket.com,True,mailstore1.secureserver.net
mystella.in,True,200 image/png,gmail.com,True,alt1.gmail-smtp-in.l.google.com
mytrident.com,True,200 image/png,mytrident.com,True,mytrident-com.mail.protection.outlook.com
mywakeup.in,False,404 text/html,mywakeup.in,True,alt1.aspmx.l.google.com
mywestern.in,True,200 image/png,mywestern.in,True,alt1.aspmx.l.google.com
mywishcare.com,True,200 image/png,mywishcare.com,True,mx.zoho.com
nalli.com,True,200 image/png,nalli.com,True,alt1.aspmx.l.google.com
namonarayana.com,True,200 image/png,gmail.com,True,alt1.gmail-smtp-in.l.google.com
nanaki.co.in,True,200 image/png,nanaki.co.in,True,ALT1.ASPMX.L.GOOGLE.COM
nangaliaruchira.com,True,200 image/png,nangaliaruchira.com,True,alt1.aspmx.l.google.com
napchief.com,True,200 image/png,napchief.com,True,alt1.aspmx.l.google.com
nariyal.co.in,True,200 image/png,nariyal.co.in,True,alt1.aspmx.l.google.com
nashermiles.com,False,404 image/png,nashermiles.com,True,alt1.aspmx.l.google.com
natriel.com,True,200 image/png,natriel.com,True,natriel-com.mail.protection.outlook.com
naturali.co.in,True,200 image/svg+xml,rpsg.in,True,mx1.hc1108-17.ap.iphmx.com
naturaltein.in,True,200 image/svg+xml,naturaltein.in,True,alt1.aspmx.l.google.com
naturesmiracle.in,True,200 image/jpeg,naturesmiracle.in,True,mx.zoho.in
navneetstore.com,True,200 image/png,navneet.com,True,cluster6.netcore.co.in
navvi.in,False,404 text/html,navvi.in,True,mx.zoho.com
nayajaisa.com,True,200 image/png,nayajaisa.com,True,alt1.aspmx.l.google.com
nazranachikan.com,True,200 image/png,nazranachikan.com,True,alt1.aspmx.l.google.com
needledust.com,True,200 image/png,needledust.com,True,alt1.aspmx.l.google.com
neelakkachil.com,True,200 image/png,gmail.com,True,alt1.gmail-smtp-in.l.google.com
neerus.com,True,200 image/png,neerus.com,True,neerus-com.mail.protection.outlook.com
neidhal.com,True,200 image/png,neidhal.com,True,alt1.aspmx.l.google.com
neofaa.com,True,200 image/png,neofaa.com,True,neofaa-com.mail.protection.outlook.com
neown.in,True,200 image/png,neown.in,True,alt1.aspmx.l.google.com
neurogumindia.com,True,200 image/png,neurogumindia.com,True,neurogumindia-com.mail.protection.outlook.com
neverowned.in,True,200 image/png,neverowned.in,True,alt1.aspmx.l.google.com
newinsub.com,True,200 image/png,newinsub.com,True,mailstore1.secureserver.net
newjaisa.com,True,200 image/png,newjaisa.com,True,alt1.aspmx.l.google.com
nhkindia.com,True,200 image/png,69designs.in,True,smtp.google.com
nicobar.com,True,200 image/png,nicobar.com,True,alt1.aspmx.l.google.com
nidharshanasarees.com,True,200 image/png,gmail.com,True,alt1.gmail-smtp-in.l.google.com
niharikafashion.in,True,200 image/png,gmail.com,True,alt1.gmail-smtp-in.l.google.com
nilkamalfurniture.com,True,200 image/png,nilkamalfurniture.com,True,mx1.hc2899-12.iphmx.com
niluscollection.com,True,200 image/png,niluscollection.com,True,alt1.aspmx.l.google.com
nintarababy.in,True,200 image/svg+xml,nintarababy.in,True,nintarababy-in.mail.protection.outlook.com
nishhair.com,True,200 image/png,nishhair.com,True,alt1.aspmx.l.google.com
nitori.co.in,True,200 image/png,nitori.co.in,True,nitori-co-in.mail.protection.outlook.com
niviasports.com,True,200 image/png,nivia.in,True,ALT1.ASPMX.L.GOOGLE.COM
nobero.com,True,200 image/svg+xml,nobero.com,True,alt1.aspmx.l.google.com
nooe.co,True,200 image/png,nooe.co,True,alt1.aspmx.l.google.com
noorbahar.com,True,200 image/png,gmail.com,True,alt1.gmail-smtp-in.l.google.com
noorchikankari.in,False,404 text/html,gmail.com,True,alt1.gmail-smtp-in.l.google.com
nostrumfashion.com,True,200 image/png,nostrumfashion.com,True,mailstore1.secureserver.net
novology.com,True,200 image/svg+xml,novology.com,True,alt1.aspmx.l.google.com
numerounojeanswear.com,True,200 image/png,nucl.in,True,nucl-in.mail.protection.outlook.com
numour.com,True,200 image/png,numour.com,True,alt1.aspmx.l.google.com
nurepublic.co,True,200 image/png,nurepublic.co,True,alt1.aspmx.l.google.com
nutrabox.in,True,200 image/jpeg,nutrabox.in,True,alt1.aspmx.l.google.com
nutrelanutrition.com,True,200 image/png,patanjalifoods.co.in,True,mail.rediffmailpro.com
nutristar.in,True,200 image/svg+xml,nutristar.in,True,alt1.aspmx.l.google.com
nveda.in,True,200 image/png,nveda.in,True,mx.zoho.in
nylaacrafts.com,True,200 image/png,gmail.com,True,alt1.gmail-smtp-in.l.google.com
o3plus.com,True,200 image/png,o3plus.com,True,alt1.aspmx.l.google.com
obeetee.in,True,200 image/png,obeetee.com,True,mail.obeetee.com
octave.co.in,True,200 image/png,octaveapparels.com,True,mx9.nexbro.com
odhni.com,True,200 image/jpeg,odhni.com,True,alt1.aspmx.l.google.com
offlimits.co.in,True,200 image/png,offlimits.co.in,True,offlimits-co-in.mail.protection.outlook.com
ohbyozy.com,True,200 image/png,gmail.com,True,alt1.gmail-smtp-in.l.google.com
okhai.org,True,200 image/jpeg,okhai.org,True,alt1.aspmx.l.google.com
omobikes.com,True,200 image/png,omobikes.com,True,alt1.aspmx.l.google.com
onefridayworld.com,True,200 image/png,onefridayworld.com,True,onefridayworld-com.mail.protection.outlook.com
onesciencenutrition.in,True,200 image/png,onesciencenutrition.in,True,ALT1.ASPMX.L.GOOGLE.COM
onlinebandhej.com,True,200 image/png,onlinebandhej.com,True,smtp.google.com
onlinemantra.in,True,200 image/png,ateeagn.com,True,alt1.aspmx.l.google.com
onlinepng.com,True,200 image/svg+xml,pngsl.com,True,fallbackmx.spamexperts.eu
only.in,True,200 image/png,only.in,True,only-in.mail.protection.outlook.com
onyc.in,True,200 image/png,onyc.in,True,alt1.aspmx.l.google.com
onyxaqua.com,True,200 image/png,onyxaqua.com,True,alt1.aspmx.l.google.com
optimumnutrition.co.in,False,error ConnectError,glanbia.com,True,eu-smtp-inbound-1.mimecast.com
oracura.in,True,200 image/png,oracura.in,True,alt1.aspmx.l.google.com
orangesugar.in,True,200 image/png,orangesugar.in,True,alt1.aspmx.l.google.com
organicbazar.net,True,200 image/png,organicbazar.net,True,organicbazar-net.mail.protection.outlook.com
organicindia.com,True,200 image/png,tataconsumer.com,True,tataconsumer-com.mail.protection.outlook.com
organictattva.com,True,200 image/png,organictattva.com,True,organictattva-com.mail.protection.outlook.com
originnutrition.in,True,200 image/svg+xml,originnutrition.in,True,alt1.aspmx.l.google.com
orimiiskincare.com,True,200 image/png,orimii.com,True,alt1.aspmx.l.google.com
orionzjewels.com,True,200 image/png,orionzjewels.com,True,alt1.aspmx.l.google.com
ornatejewels.com,True,200 image/jpeg,ornatejewels.com,True,ornatejewels-com.mail.protection.outlook.com
ottostore.com,True,200 image/png,ottostore.com,True,alt1.aspmx.l.google.com
outcasts.in,True,200 image/png,outcasts.in,True,alt1.aspmx.l.google.com
outdoorgoats.com,True,200 image/png,outdoorgoats.com,True,outdoorgoats-com.mail.protection.outlook.com
ownd.in,True,200 image/svg+xml,abfrl.adityabirla.com,True,abfrl-adityabirla-com.mail.protection.outlook.com
oyela.in,True,200 image/png,oyela.in,True,alt1.aspmx.l.google.com
ozokart.com,True,200 image/png,ozone.in,True,ozone-in.mail.protection.outlook.com
paanchajanyajewels.com,True,200 image/png,paanchajanyajewels.com,True,mx.zoho.in
pachaiyappas.in,True,200 image/png,pachaiyappas.in,True,mx.zoho.in
padmam.com,True,200 image/png,padmam.com,True,alt1.aspmx.l.google.com
padmavathisilksandsarees.com,True,200 image/png,padmavathisilksandsarees.com,True,mx.padmavathisilksandsarees.com.cust.b.hostedemail.com
pairietales.com,True,200 image/svg+xml,pairietales.com,True,alt1.aspmx.l.google.com
paksha.in,True,200 image/png,paksha.com,True,alt1.aspmx.l.google.com
palmonas.com,True,200 image/png,palmonas.com,True,alt1.aspmx.l.google.com
panjavarnam.com,True,200 image/png,panjavarnam.com,True,alt1.aspmx.l.google.com
paragonfootwear.com,True,200 image/png,paragonfootwear.com,True,alt1.aspmx.l.google.com
parakkatjewels.com,True,200 image/png,parakkatjewels.com,True,smtp.google.com
parulgargbeauty.com,True,200 image/png,parulgargbeauty.com,True,alt1.aspmx.l.google.com
pastmodern.in,True,200 image/jpeg,fourinao.com,True,mx.fourinao.com
patoys.in,True,200 image/png,patoys.in,True,smtp.google.com
pazhassigarden.in,True,200 image/png,pazhassigarden.in,True,mx.zoho.in
pcchandraindia.com,True,200 image/png,pcchandraindia.com,True,alt1.aspmx.l.google.com
peachmode.com,True,200 image/png,peachmode.com,True,alt1.aspmx.l.google.com
pebblecart.com,True,200 image/png,pebblecart.com,True,alt1.aspmx.l.google.com
peesafe.com,True,200 image/png,peesafe.com,True,alt1.aspmx.l.google.com
peorajewellery.com,True,200 image/png,peorafashions.com,True,alt1.aspmx.l.google.com
perch.co.in,True,200 image/png,perch.co.in,True,SMTP.GOOGLE.COM
perfectcollections.shop,True,200 image/png,gmail.com,True,alt1.gmail-smtp-in.l.google.com
pierrecardinindia.com,True,200 image/png,pierrecardinindia.com,True,smtp.google.com
pinkfort.co,True,200 image/png,pinkfort.co,True,alt1.aspmx.l.google.com
pinkjelly.in,True,200 image/png,gmail.com,True,alt1.gmail-smtp-in.l.google.com
pitshirts.in,True,200 image/jpeg,pitshirts.in,True,alt1.aspmx.l.google.com
pixies.in,True,200 image/png,pixies.in,True,alt1.aspmx.l.google.com
plantex.in,True,200 image/png,plantex.in,True,plantex-in.mail.protection.outlook.com
plantncr.com,True,200 image/png,gmail.com,True,alt1.gmail-smtp-in.l.google.com
plantsguru.com,True,200 image/png,plantsguru.com,True,mx.zoho.com
pleatedup.com,True,200 image/svg+xml,gmail.com,True,alt1.gmail-smtp-in.l.google.com
plumgoodness.com,True,200 image/png,plumgoodness.com,True,alt1.aspmx.l.google.com
pngjewellers.com,True,200 image/png,pngadgil.com,True,cluster2.netcore.co.in
pokonut.com,True,200 image/png,pokonut.com,True,mx.zoho.in
poliskart.com,True,200 image/png,policouple.com,False,domain does not exist
polkisarees.com,True,200 image/jpeg,gmail.com,True,alt1.gmail-smtp-in.l.google.com
portronics.com,True,200 image/png,portronics.com,True,smtp.google.com
poshaffair.co,True,200 image/png,poshaffair.co,True,alt1.aspmx.l.google.com
pothys.com,True,200 image/png,pothys.com,True,pothys-com.mail.protection.outlook.com
powerlook.in,True,200 image/png,powerlook.in,True,alt1.aspmx.l.google.com
prabhatex.com,True,200 image/png,gmail.com,True,alt1.gmail-smtp-in.l.google.com
prabhuprasad.in,True,200 image/png,gmail.com,True,alt1.gmail-smtp-in.l.google.com
prakrithibyramya.com,True,200 image/png,prakrithibyramya.com,True,smtp.google.com
prao.com,True,200 image/png,prao.com,True,alt1.aspmx.l.google.com
pratapsons.com,True,200 image/png,pratapsons.com,True,abjem5nztjbb43igl4oksvanv4cnaeeum7ym2kv7qisf2akipuma.mx-verification.google.com
prathasarees.com,True,200 image/png,gmail.com,True,alt1.gmail-smtp-in.l.google.com
prdgy.in,True,200 image/png,prdgy.in,True,alt1.aspmx.l.google.com
preethiwear.in,True,200 image/svg+xml,preethiwear.in,True,alt1.aspmx.l.google.com
preityssilks.com,True,200 image/png,preityssilks.com,True,mx1.hostinger.com
priganindia.com,True,200 image/png,priganindia.com,True,mailstore1.secureserver.net
princenprincess.in,True,200 image/png,princenprincess.in,True,alt1.aspmx.l.google.com
prinjal.com,True,200 image/png,prinjal.com,True,alt1.aspmx.l.google.com
prisachi.com,False,404 text/html,prisachi.in,True,mx.zoho.in
priveeparis.in,True,200 image/jpeg,priveeparis.in,True,mailstore1.secureserver.net
priyafoods.com,True,200 image/png,priyafoods.com,True,mx.zoho.in
prokicksports.com,True,200 image/png,prokicksports.com,True,mx.zoho.com
proplusindia.in,False,200 text/html,proplusindia.in,True,mx.zoho.in
provogue.com,True,200 image/png,provogue.com,True,alt1.aspmx.l.google.com
pspeaches.com,True,200 image/png,pspeaches.com,True,mx1.hostinger.com
psrsilks.com,True,200 image/png,psrsilks.in,True,smtp.google.com
ptal.in,True,200 image/png,ptal.in,True,alt1.aspmx.l.google.com
publicaddresssolutions.com,True,200 image/png,gmail.com,True,alt1.gmail-smtp-in.l.google.com
pureaura.in,True,200 image/png,pureaura.in,True,mx1.hostinger.com
purenutrition.in,True,200 image/png,purenutrition.me,True,alt1.aspmx.l.google.com
pureus.in,True,200 image/png,gmail.com,True,alt1.gmail-smtp-in.l.google.com
purpleunited.com,True,200 image/jpeg,purpleunited.com,True,smtp.google.com
qua.clothing,True,200 image/png,qua.clothing,True,alt1.aspmx.l.google.com
queengalaxycollections.com,True,200 image/png,gmail.com,True,alt1.gmail-smtp-in.l.google.com
raajraani.com,True,200 image/png,raajraani.com,True,mx.zoho.com
rajkamalnxjewellery.com,True,200 image/png,gmail.com,True,alt1.gmail-smtp-in.l.google.com
rajnigandha.com,True,200 image/png,rajnigandha.com,True,mailstore1.secureserver.net
ramalacollections.com,True,200 image/png,gmail.com,True,alt1.gmail-smtp-in.l.google.com
ramyanagendra.com,True,200 image/png,ramyanagendra.com,True,smtp.google.com
rangita.com,True,200 image/png,rangita.com,True,alt1.aspmx.l.google.com
rangvarshasarees.com,True,200 image/jpeg,gmail.com,True,alt1.gmail-smtp-in.l.google.com
rannagill.co.in,False,404 text/html,rannagill.co.in,True,alt1.aspmx.l.google.com
rareism.com,True,200 image/png,thehouseofrare.com,True,smtp.google.com
rasasilver.com,True,200 image/svg+xml,rasasilver.com,True,alt1.aspmx.l.google.com
rasayanam.in,True,200 image/svg+xml,rasayanam.in,True,alt1.aspmx.l.google.com
rashyam.in,True,200 image/png,rashyam.com,True,alt1.aspmx.l.google.com
rasluxuryoils.com,True,200 image/png,rasluxuryoils.com,True,alt1.aspmx.l.google.com
rayglow.in,True,200 image/png,raybliss.com,True,alt1.aspmx.l.google.com
rclub.in,True,200 image/png,rclub.in,True,mailstore1.secureserver.net
rdklu.com,True,200 image/png,rdklu.com,True,ALT1.ASPMX.L.GOOGLE.com
redchief.in,True,200 image/png,redchief.co.in,True,alt1.aspmx.l.google.com
redtape.com,True,200 image/png,redtapeindia.com,True,alt1.aspmx.l.google.com
refitglobal.com,True,200 image/png,refitglobal.com,True,alt1.aspmx.l.google.com
regalshoes.in,True,200 image/png,regalshoes.co.in,True,ALT1.ASPMX.L.GOOGLE.COM
reidandtaylor.in,True,200 image/svg+xml,rtil.in,True,rtil-in.mail.protection.outlook.com
reisemoto.com,True,200 image/png,reisemoto.com,True,mx-01-us-east-2.prod.hydra.sophos.com
relaxofootwear.com,True,200 image/svg+xml,relaxofootwear.com,True,d281386a.ess.barracudanetworks.com
reneecosmetics.in,True,200 image/png,reneecosmetics.in,True,reneecosmetics-in.mail.protection.outlook.com
rescript.in,True,200 image/svg+xml,rescript.in,True,alt1.aspmx.l.google.com
revlon.co.in,True,200 image/png,modibeautyproducts.com,True,infilter02.spectraidc.net
richfeelnaturals.com,True,200 image/png,sapientbeauty.in,True,alt1.aspmx.l.google.com
rideadventure.in,True,200 image/png,rideadventure.in,True,mailstore1.secureserver.net
rimli.in,True,200 image/png,rimli.co.in,True,smtp.google.com
rippedupnutrition.com,True,200 image/png,rippedupnutrition.com,True,alt1.aspmx.l.google.com
rippletea.com,True,200 image/png,kdhptea.co.in<br><br>,False,domain does not exist
ristoss.com,True,200 image/png,ristoss.com,True,ristoss-com.mail.protection.outlook.com
rjexpress.in,True,200 image/png,rjexpress.in,True,mx.zoho.in
rmkv.com,True,200 image/jpeg,rmkv.com,True,alt1.aspmx.l.google.com
rookiesjeans.com,True,200 image/png,finessefashions.net,True,mx1.supremebox.com
rosadababy.com,True,200 image/png,rosadababy.com,True,mailstore1.secureserver.net
roshcookwares.in,True,200 image/png,roshcookwares.in,True,mx.zoho.in
rosierfoods.com,True,200 image/png,rosierfoods.com,True,alt1.aspmx.l.google.com
rosinjewellery.com,True,200 image/png,gmail.com,True,alt1.gmail-smtp-in.l.google.com
rossobrunello.com,True,200 image/svg+xml,rossobrunello.com,True,damilano.icewarpcloud.in
routeofdreams.in,True,200 image/png,gmail.com,True,alt1.gmail-smtp-in.l.google.com
royalboxshop.com,True,200 image/png,royalboxshop.com,True,us2.mx1.mailhostbox.com
rusticart.in,True,200 image/png,rusticart.in,True,alt1.aspmx.l.google.com
rustorange.com,True,200 image/png,rustorange.com,True,alt1.aspmx.l.google.com
rwdy.in,True,200 image/png,rwdy.in,True,alt1.aspmx.l.google.com
sabhyataclothing.com,True,200 image/png,sabhyataclothing.com,True,alt1.aspmx.l.google.com
safaribags.com,True,200 image/png,safari.in,True,mx-01-us-west-2.prod.hydra.sophos.com
saffronthreadsclothing.com,True,200 image/png,saffronthreadsclothing.com,True,us2.mx1.mailhostbox.com
sagebymala.com,True,200 image/svg+xml,sagebymala.com,True,alt1.aspmx.l.google.com
saicreationswatches.com,True,200 image/png,saicreationswatches.com,True,mailstore1.secureserver.net
saihandabangle.com,True,200 image/png,saihandabangle.com,True,mailstore1.secureserver.net
saintg.in,True,200 image/png,saintg.in,True,mailstore1.secureserver.net
salammalsilks.com,True,200 image/png,salammalsilks.com,True,alt1.aspmx.l.google.com
saltattire.com,True,200 image/png,saltattire.com,True,alt1.aspmx.l.google.com
samgarage.in,True,200 image/svg+xml,samgarge.in,False,domain does not exist
samstoy.in,True,200 image/png,samstoy.in,False,no MX record
saralhome.com,True,200 image/svg+xml,saralhome.com,True,zimbra512904-ind.megavelocity.net
sareesbysiva.com,True,200 image/png,gmail.com,True,alt1.gmail-smtp-in.l.google.com
sasitrends.com,True,200 image/png,sasitrends.com,True,alt1.aspmx.l.google.com
sassafras.in,True,200 image/png,sassafras.in,True,mx.zoho.in
saubhagyavati.in,True,200 image/svg+xml,saubhagyavati.in,True,mailstore1.secureserver.net
saudewala.in,True,200 image/png,saudewala.in,True,ALT1.ASPMX.L.GOOGLE.COM
saundh.com,True,200 image/png,saundh.in,True,alt1.aspmx.l.google.com
sayalirajadhyakshasarees.com,True,200 image/png,sayalirajadhyakshasarees.com,True,smtp.google.com
sayy.in,True,200 image/png,sayy.in,True,alt1.aspmx.l.google.com
sbwatches.in,True,200 image/jpeg,gmail.com,True,alt1.gmail-smtp-in.l.google.com
scalearts.in,False,200 text/html,gmail.com,True,alt1.gmail-smtp-in.l.google.com
scentoria.co.in,True,200 image/png,scentoria.co.in,True,mx1.hostinger.com
scooboo.in,True,200 image/png,scooboo.in,True,aspmx.l.google.com
securement.in,True,200 image/jpeg,securement.in,True,alt1.aspmx.l.google.com
selectedhomme.in,True,200 image/svg+xml,selectedhomme.in,True,selectedhomme-in.mail.protection.outlook.com
servdharm.com,True,200 image/jpeg,servdharm.com,True,alt1.aspmx.l.google.com
seventen.in,True,200 image/png,7-10.in,True,alt1.aspmx.l.google.com
sgboutique.in,False,404 image/png,gmail.com,True,alt1.gmail-smtp-in.l.google.com
shahnaz.in,True,200 image/png,shahnaz.in,True,shahnaz-in.mail.protection.outlook.com
sheetalbatra.com,True,200 image/png,sheetalbatra.com,True,mailstore1.secureserver.net
sheopals.com,True,200 image/png,sheopals.com,True,aspmx.l.google.com
sheshaayurveda.com,True,200 image/jpeg,sheshaayurveda.com,True,mailstore1.secureserver.net
shinysecrets.in,True,200 image/png,shinysecrets.in,True,inbound-smtp.ap-northeast-1.amazonaws.com
shivcrafts.com,True,200 image/png,shivcrafts.com,True,mx1.hostinger.com
shop2india.com,True,200 image/png,shop2india.com,True,alt1.aspmx.l.google.com
shop4shops.in,True,200 image/png,shop4shops.in,True,alt1.aspmx.l.google.com
shopaarel.com,True,200 image/png,shopaarel.com,True,alt1.aspmx.l.google.com
shopatsc.com,True,200 image/png,shopatsc.com,True,shopatsc-com.mail.protection.outlook.com
shopdori.in,True,200 image/jpeg,shopdori.com,False,no MX record
shopforaurelia.com,True,200 image/jpeg,abfrl.adityabirla.com,True,abfrl-adityabirla-com.mail.protection.outlook.com
shopjbr.com,True,200 image/png,shopjbr.com,True,mailstore1.secureserver.net
shopmasakali.co,True,200 image/png,masakali.co,True,masakali-co.mail.protection.outlook.com
shopmulmul.com,True,200 image/png,shopmulmul.com,True,alt1.aspmx.l.google.com
shopwithpraylady.com,True,200 image/png,praylady.com,True,alt1.aspmx.l.google.com
showoffff.in,True,200 image/png,showoffclothes.com,False,no MX record
shriandsam.com,True,200 image/png,shriandsam.com,True,shriandsam-com.mail.protection.outlook.com
shyle.in,True,200 image/png,shyle.in,True,mx.zoho.in
sicsense.in,True,200 image/png,sicsense.in,True,alt1.aspmx.l.google.com
silkfolks.com,True,200 image/png,silkfolks.com,True,alt1.aspmx.l.google.com
silverfied.in,True,200 image/svg+xml,silverfied.in,True,alt1.aspmx.l.google.com
silvertarakaya.com,True,200 image/png,gmail.com,True,alt1.gmail-smtp-in.l.google.com
simplikurta.com,True,200 image/jpeg,gmail.com,True,alt1.gmail-smtp-in.l.google.com
simplynam.com,True,200 image/png,simplynam.com,True,smtp.google.com
sindhidryfruits.live,True,200 image/png,sindhidryfruits.live,True,alt1.aspmx.l.google.com
singhanias.in,True,200 image/png,singhanias.in,True,alt1.aspmx.l.google.com
skillmatics.in,True,200 image/png,skillmatics.in,True,mailstore1.secureserver.net
skillotoys.com,True,200 image/png,skillotoys.com,True,alt1.aspmx.l.google.com
skinbae.in,True,200 image/png,skinbae.in,True,alt1.aspmx.l.google.com
skininspired.in,True,200 image/png,skininspired.in,True,alt1.aspmx.l.google.com
skinkraft.com,True,200 image/svg+xml,skinkraft.com,True,alt1.aspmx.l.google.com
slovic.com,True,200 image/jpeg,slovicfitness.com,True,alt1.aspmx.l.google.com
slsfashionworld.com,True,200 image/png,gmail.com,True,alt1.gmail-smtp-in.l.google.com
slurrpfarm.com,True,200 image/svg+xml,wholsumfoods.com,True,alt1.aspmx.l.google.com
slvsales.in,True,200 image/png,slvsales.in,True,alt1.aspmx.l.google.com
smoor.in,True,200 image/png,smoorchocolates.com,True,smoorchocolates-com.mail.protection.outlook.com
snehalayaasilks.com,True,200 image/png,snehalayaasilks.com,True,smtp.google.com
sojanya.com,True,200 image/png,sojanya.com,True,alt1.aspmx.l.google.com
solacegears.com,True,200 image/png,solacegears.com,True,mx.zoho.in
soni.fashion,True,200 image/png,soni.fashion,True,alt1.aspmx.l.google.com
soniclamb.com,True,200 image/png,soniclamb.com,True,alt1.aspmx.l.google.com
sotrue.in,True,200 image/png,sotrue.in,True,sotrue-in.mail.protection.outlook.com
soulflower.in,True,200 image/jpeg,soulflower.in,True,soulflower-in.mail.protection.outlook.com
soultheory.in,True,200 image/png,japam.in,True,alt1.aspmx.l.google.com
soulworks.co,True,200 image/png,gmail.com,True,alt1.gmail-smtp-in.l.google.com
sourceitright.com,True,200 image/png,sourceitright.com,True,alt1.aspmx.l.google.com
sparify.co,True,200 image/png,sparify.co,True,mx.zoho.in
sparkleandglow.co.in,True,200 image/png,sparkleandglow.co.in,True,mailstore1.secureserver.net
sparkyjeans.in,True,200 image/png,sparkyjeans.in,True,alt1.aspmx.l.google.com
spicysamayals.com,True,200 image/png,gmail.com,True,alt1.gmail-smtp-in.l.google.com
spiffers.in,True,200 image/png,spiffers.in,True,alt1.aspmx.l.google.com
spigen.in,True,200 image/png,spigen.com,True,alt1.aspmx.l.google.com
sportsun.in,True,200 image/jpeg,sportsun.in,True,alt1.aspmx.l.google.com
sprig.store,True,200 image/png,sprig.store,True,alt1.aspmx.l.google.com
sprinklez.in,True,200 image/png,sprinklez.in,True,alt1.aspmx.l.google.com
spykar.com,True,200 image/png,spykar.com,True,spykar-com.mail.protection.outlook.com
sreeleathers.com,True,200 image/png,sreeleathers.com,True,alt1.aspmx.l.google.com
sreeleathersonline.com,True,200 image/jpeg,sreeleathersonline.com,True,alt1.aspmx.l.google.com
sreesaisilks.in,True,200 image/png,gmail.com,True,alt1.gmail-smtp-in.l.google.com
srianujewellers.com,True,200 image/png,gmail.com,True,alt1.gmail-smtp-in.l.google.com
srikrishnapearls.com,True,200 image/png,gmail.com,True,alt1.gmail-smtp-in.l.google.com
srisritattva.com,True,200 image/png,srisritattva.com,True,mx.zoho.in
srivarahafoods.com,True,200 image/gif,srivarahafoods.com,True,alt1.aspmx.l.google.com
ssptex.com,True,200 image/png,gmail.com,True,alt1.gmail-smtp-in.l.google.com
ssvfashioncollection.com,True,200 image/png,gmail.com,True,alt1.gmail-smtp-in.l.google.com
stahlkitchens.com,True,200 image/png,stahlkitchens.com,True,alt1.aspmx.l.google.com
stanwellskids.in,False,404 text/html,stanwellskids.in,True,alt1.aspmx.l.google.com
steadfastnutrition.in,True,200 image/jpeg,steadfastnutrition.in,True,alt1.aspmx.l.google.com
stickitup.xyz,True,200 image/png,stickitup.xyz,True,mx.zoho.in
storeno6.com,True,200 image/png,storeno6.com,True,SMTP.GOOGLE.com
streetbred.in,True,200 image/png,gmail.com,True,alt1.gmail-smtp-in.l.google.com
stryderbikes.com,True,200 image/png,tatainternational.com,True,tatainternational-com.mail.protection.outlook.com
studiokook.com,True,200 image/png,studiokook.com,True,alt1.aspmx.l.google.com
studiovirupa.com,True,200 image/png,gmail.com,True,alt1.gmail-smtp-in.l.google.com
stylejaipur.com,True,200 image/jpeg,stylejaipur.com,True,mx.zoho.in
stylika.com,True,200 image/png,stylika.com,True,alt1.aspmx.l.google.com
stylishwodrobe.com,True,200 image/png,stylishwodrobe.com,True,alt1.aspmx.l.google.com
subhvastra.in,True,200 image/png,gmail.com,True,alt1.gmail-smtp-in.l.google.com
submarinepens.com,True,200 image/gif,submarinepens.co.in,True,alt1.aspmx.l.google.com
sugandhlok.com,True,200 image/png,sugandhlok.com,True,sugandhlok-com.mail.protection.outlook.com
sujathaonegramgold.com,True,200 image/gif,sujathagold.in,True,mx1.hostinger.com
sulliejewels.com,True,200 image/png,gmail.com,True,alt1.gmail-smtp-in.l.google.com
sumannathwani.com,True,200 image/png,sdapparels.com,True,smtp.google.com
sumeetcookware.in,True,200 image/png,sumeetcookware.in,True,smtp.google.com
sumiivastra.in,True,200 image/png,gmail.com,True,alt1.gmail-smtp-in.l.google.com
sundayrest.com,True,200 image/svg+xml,sundayrest.com,True,alt1.aspmx.l.google.com
superherotoystore.com,True,200 image/png,superherotoystore.com,True,superherotoystore-com.mail.protection.outlook.com
superkicks.in,True,200 image/png,superkicks.in,True,alt1.aspmx.l.google.com
supertails.com,True,200 image/png,supertails.com,True,alt1.aspmx.l.google.com
suprememobiles.in,True,200 image/png,supremeparadise.in,True,alt1.aspmx.l.google.com
surabisilvers.com,True,200 image/svg+xml,gmail.com,True,alt1.gmail-smtp-in.l.google.com
surma.in,True,200 image/svg+xml,surma.in,True,alt1.aspmx.l.google.com
suroskie.com,True,200 image/png,suroskie.com,True,alt1.aspmx.l.google.com
surtisilk.com,True,200 image/png,surtisilk.com,True,smtp.google.com
suryasilksonline.com,True,200 image/png,suryasilksonline.com,True,alt1.aspmx.l.google.com
sutisancha.com,True,200 image/png,sutisancha.com,True,mailstore1.secureserver.net
suvasa.in,True,200 image/svg+xml,suvasa.in,True,aspmx.spamjadoo.com
swashaa.com,True,200 image/png,swashaa.com,True,alt1.aspmx.l.google.com
sweetkaramcoffee.in,True,200 image/gif,sweetkaramcoffee.in,True,alt1.aspmx.l.google.com
swissmilitaryindia.com,False,404 text/html,swissmilitaryindia.com,True,mail.rediffmailpro.com
swtantra.com,True,200 image/svg+xml,swtantra.com,True,alt1.aspmx.l.google.com
taanabaanabysapna.com,True,200 image/png,thetaanabaana.com,True,mail.thetaanabaana.com
taghouse.in,True,200 image/png,gmail.com,True,alt1.gmail-smtp-in.l.google.com
talentkerala.com,True,200 image/svg+xml,talentkerala.com,True,SMTP.GOOGLE.com
talktocrystals.com,True,200 image/png,talktocrystals.com,True,alt1.aspmx.l.google.com
tanchui.co.in,True,200 image/jpeg,gmail.com,True,alt1.gmail-smtp-in.l.google.com
tangyshopindia.com,True,200 image/png,tangyshopindia.com,True,tangyshopindia-com.mail.protection.outlook.com
tanotis.com,True,200 image/svg+xml,tanotis.com,True,alt1.aspmx.l.google.com
taractara.com,True,200 image/png,taractara.com,True,alt1.aspmx.l.google.com
tarangg.in,True,200 image/png,gmail.com,True,alt1.gmail-smtp-in.l.google.com
tarinika.in,True,200 image/png,tarinika.com,True,tarinika-com.mail.protection.outlook.com
taruni.in,True,200 image/png,taruni.in,True,alt1.aspmx.l.google.com
tastynibbles.in,True,200 image/png,tastynibbles.in,True,alt1.aspmx.l.google.com
tatasimplybetter.com,True,200 image/png,tataconsumer.com,True,tataconsumer-com.mail.protection.outlook.com
techcommerce.in,True,200 image/png,techcommerce.in,True,techcommerce-in.mail.protection.outlook.com
tecmarx.com,True,200 image/png,tecmarx.com,True,mx1.hostinger.com
tecpods.com,True,200 image/png,tecpods.com,True,mx1.hostinger.com
tecsox.com,True,200 image/png,tecsox.com,True,mx1.hostinger.com
teenbaan.com,True,200 image/png,teenbaan.com,True,mx.zoho.com
templedesigner.com,True,200 image/png,gmail.com,True,alt1.gmail-smtp-in.l.google.com
texovera.com,False,404 application/xml,texovera.com,True,mx1.hostinger.com
thanviboutique.com,True,200 image/png,gmail.com,True,alt1.gmail-smtp-in.l.google.com
the1970shop.com,True,200 image/png,the1970shop.com,True,alt1.aspmx.l.google.com
the99jewel.com,True,200 image/png,gmail.com,True,alt1.gmail-smtp-in.l.google.com
theartment.com,True,200 image/png,theartment.com,True,alt1.aspmx.l.google.com
theaudio.co,True,200 image/png,theaudio.co,True,alt1.aspmx.l.google.com
theaudiostore.in,True,200 image/svg+xml,theaudiostore.in,True,mx.zoho.in
thebakingtools.com,True,200 image/png,thebakingtools.com,True,alt1.aspmx.l.google.com
thebearhouse.com,True,200 image/svg+xml,thebearhouse.com,True,alt1.aspmx.l.google.com
theblackboxco.com,True,200 image/png,theblackboxco.com,True,alt1.aspmx.l.google.com
thecaistore.com,True,200 image/jpeg,thecaistore.com,True,alt1.aspmx.l.google.com
thedapperman.in,False,404 text/html,thedapperman.in,True,mx.zoho.com
thedeconstruct.in,True,200 image/png,thedeconstruct.in,True,alt1.aspmx.l.google.com
thedesigncart.com,True,200 image/png,thedesigncart.com,True,thedesigncart-com.mail.protection.outlook.com
thedrchoice.com,True,200 image/png,thedrchoice.com,True,alt1.aspmx.l.google.com
theethniclabel.com,True,200 image/png,theethniclabel.com,True,mailstore1.secureserver.net
thefarstore.com,True,200 image/png,thefarstore.com,True,alt1.aspmx.l.google.com
thefashioncapital.in,True,200 image/png,thefashioncapital.in,True,mx1.titan.email
thefitfuelnutrition.com,True,200 image/png,gmail.com,True,alt1.gmail-smtp-in.l.google.com
thefootballfrenzy.com,True,200 image/png,gmail.com,True,alt1.gmail-smtp-in.l.google.com
theformalclub.in,True,200 image/png,theformalclub.com,True,alt1.aspmx.l.google.com
theformularx.com,True,200 image/png,theformularx.com,True,alt1.aspmx.l.google.com
thegiftstudio.com,True,200 image/svg+xml,thegiftstudio.com,True,alt1.aspmx.l.google.com
thegoodbug.com,True,200 image/svg+xml,seventurns.in,True,alt1.aspmx.l.google.com
thegooddoll.in,True,200 image/png,thegooddoll.in,True,alt1.aspmx.l.google.com
thehorizoncollections.com,True,200 image/png,thehorizoncollections.com,True,mx.zoho.in
theindianethnicco.com,True,200 image/jpeg,theindianethnicco.com,True,alt1.aspmx.l.google.com
thejaipurstudio.com,True,200 image/png,thejaipurstudio.com,True,alt1.aspmx.l.google.com
thekkgroups.in,True,200 image/png,thekkgroups.in,True,alt1.aspmx.l.google.com
theknotcompany.in,True,200 image/png,theknotcompany.in,True,alt1.aspmx.l.google.com
theknottyrope.com,True,200 image/png,theknottyrope.com,True,smtp.google.com
thekraftykart.com,True,200 image/png,kraftykart.com,True,route1.mx.cloudflare.net
thekrishnadesign.com,True,200 image/png,gmail.com,True,alt1.gmail-smtp-in.l.google.com
thelabeljenn.com,True,200 image/png,labeljenn.com,True,alt1.aspmx.l.google.com
thelotusfab.in,True,200 image/png,thelotusfab.in,True,alt1.aspmx.l.google.com
thenaturalwash.com,True,200 image/png,thenaturalwash.com,True,alt1.astmx.l.google.com
thenomadvibes.com,True,200 image/png,thenomadvibes.com,True,alt1.aspmx.l.google.com
theoriginalknit.com,True,200 image/png,theoriginalknit.com,True,alt1.aspmx.l.google.com
thepeppystore.in,True,200 image/png,thepeppystore.in,True,mailstore1.secureserver.net
theprink.in,True,200 image/png,theprink.in,True,mx.zoho.in
therajlaxmijewellers.in,True,200 image/png,gmail.com,True,alt1.gmail-smtp-in.l.google.com
therevolverclub.com,True,200 image/png,therevolverclub.com,True,alt1.aspmx.l.google.com
thesagacity.in,True,200 image/png,thesagacity.in,True,mx.zoho.in
thesleepcompany.in,True,200 image/png,thesleepcompany.in,True,thesleepcompany-in.mail.protection.outlook.com
thesolvedskin.com,True,200 image/png,thesolvedskin.com,True,smtp.google.com
thestrokesgallery.com,True,200 image/jpeg,thestrokesgallery.com,True,thestrokesgallery-com.mail.protection.outlook.com
thestudiobagru.com,True,200 image/png,gmail.com,True,alt1.gmail-smtp-in.l.google.com
thetrouserlab.com,True,200 image/png,thetrouserlab.com,True,mailstore1.secureserver.net
hairmedindia.com,True,200 image/png,theuroots.com,True,alt1.aspmx.l.google.com
theuseeshop.com,True,200 image/jpeg,gmail.com,True,alt1.gmail-smtp-in.l.google.com
thevallisilks.com,True,200 image/png,thevallisilks.com,True,aspmx1.migadu.com
theyellowdwelling.com,True,200 image/png,theyellowdwelling.com,True,alt1.aspmx.l.google.com
thinkrobotics.com,True,200 image/png,thinkrobotics.com,True,alt1.aspmx.l.google.com
thomasscott.in,True,200 image/svg+xml,thomasscott.in,True,alt1.aspmx.l.google.com
threadsandblocks.com,True,200 image/png,threadsandblocks.com,True,threadsandblocks-com.mail.protection.outlook.com
threesixty.life,True,200 image/png,threesixty.life,True,alt1.aspmx.l.google.com
thrillerrr.in,True,200 image/png,thrillerrr.in,True,mx1.hostinger.com
thriveco.in,True,200 image/png,thriveco.in,True,alt1.aspmx.l.google.com
tigc.in,True,200 image/png,tigc.in,True,alt1.aspmx.l.google.com
tilfi.com,True,200 image/png,tilfi.com,True,alt1.aspmx.l.google.com
tinyminymo.com,True,200 image/png,tinyminymo.com,True,mailstore1.secureserver.net
tmfragrance.com,True,200 image/png,fourpirates.in,True,mx1.hostinger.com
tmperfumehouse.com,True,200 image/png,fourpirates.in,True,mx1.hostinger.com
tonirossi.com,True,200 image/png,tonirossi.com,True,smtp.google.com
topperskit.com,True,200 image/jpeg,topperskit.com,True,mailstore1.secureserver.net
touch925.com,True,200 image/png,touch925.com,True,alt1.aspmx.l.google.com
toycra.com,True,200 image/jpeg,gmail.com,True,alt1.gmail-smtp-in.l.google.com
toyloft.in,True,200 image/jpeg,toyloft.co,True,mx1.titan.email
tpstech.in,True,200 image/png,tpstech.in,True,tpstech-in.mail.protection.outlook.com
trackandtrail.in,True,200 image/svg+xml,tii.murugappa.com,True,tii-murugappa-com.mail.protection.outlook.com
tramboosports.com,True,200 image/png,gmail.com,True,alt1.gmail-smtp-in.l.google.com
trancehomelinen.in,True,200 image/png,trancehomelinen.in,True,mx.zoho.com
transformium.co,True,200 image/png,gmail.com,True,alt1.gmail-smtp-in.l.google.com
travelstorycollectives.com,True,200 image/png,travelstorycollectives.com,True,mailstore1.secureserver.net
traya.health,True,200 image/png,traya.health,True,alt1.aspmx.l.google.com
trendize.in,True,200 image/png,trendize.in,True,mx1.privateemail.com
tresmode.com,True,200 image/png,tresmode.com,True,alt1.aspmx.l.google.com
triprindia.com,True,200 image/png,triprindia.com,True,mx.zoho.com
trisu.in,True,200 image/jpeg,trisu.in,True,alt1.aspmx.l.google.com
triveniworld.com,True,200 image/jpeg,triveniworld.com,True,mailstore1.secureserver.net
troost.in,True,200 image/png,troost.in,True,mx.zoho.in
troovyfoods.com,True,200 image/png,troovyfoods.com,True,alt1.aspmx.l.google.com
truebrowns.com,True,200 image/png,truebrowns.com,True,mx.zoho.com
truediamond.in,True,200 image/png,truediamond.in,True,alt1.aspmx.l.google.com
trulysma.com,True,200 image/png,trulysma.com,True,alt1.aspmx.l.google.com
trunativ.co,True,200 image/png,trunativ.co,True,alt1.aspmx.l.google.com
trymoody.com,True,200 image/png,trymoody.com,True,alt1.aspmx.l.google.com
tucokids.com,True,200 image/png,tucokids.com,True,smtp.google.com
tweensinvisifit.com,True,200 image/png,tweens.in,True,mx.zoho.com
twinbirds.co.in,True,200 image/jpeg,twinbirds.co.in,True,twinbirds-co-in.mail.protection.outlook.com
twinklechoice.com,True,200 image/png,gmail.com,True,alt1.gmail-smtp-in.l.google.com
twobrothersindiashop.com,True,200 image/png,twobrothersindia.com,True,alt1.aspmx.l.google.com
typsybeauty.com,True,200 image/png,typsybeauty.com,True,typsybeauty-com.mail.protection.outlook.com
uare.co,True,200 image/png,uare.co,True,alt1.aspmx.l.google.com
ubonindia.com,True,200 image/png,ubon.in,True,alt1.aspmx.l.google.com
ueirorganic.com,True,200 image/png,ueirorganic.com,True,alt1.aspmx.l.google.com
ugaoo.com,True,200 image/png,ugaoo.com,True,alt1.aspmx.l.google.com
underattackapparel.com,True,200 image/png,gmail.com,True,alt1.gmail-smtp-in.l.google.com
underratedclub.com,True,200 image/gif,underratedclub.com,True,alt1.aspmx.l.google.com
uniqbuy.in,True,200 image/png,uniqbuy.in,True,mailstore1.secureserver.net
uniqkart.in,True,200 image/png,uniqkart.in,True,mailstore1.secureserver.net
uniseoul.in,True,200 image/png,uniseoul.in,True,alt1.aspmx.l.google.com
unniyarcha.com,True,200 image/png,unniyarcha.com,True,alt1.aspmx.l.google.com
untld.in,True,200 image/png,untld.in,True,smtp.google.com
uppercase.co.in,True,200 image/svg+xml,uppercase.co.in,True,uppercase-co-in.mail.protection.outlook.com
urbanjungle.shop,True,200 image/png,safari.in,True,mx-01-us-west-2.prod.hydra.sophos.com
urbanneeds.in,True,200 image/jpeg,urbanneeds.in,True,mailstore1.secureserver.net
urbanspacestore.in,True,200 image/jpeg,urbanspacestore.in,True,alt1.aspmx.l.google.com
urturms.com,True,200 image/jpeg,urturms.com,True,mailstore1.secureserver.net
urvasionline.com,True,200 image/png,gmail.com,True,alt1.gmail-smtp-in.l.google.com
uspoloassn.in,True,200 image/png,uspoloassn.in,True,uspoloassn-in.mail.protection.outlook.com
utkarshagro.com,True,200 image/png,utkarshagro.com,True,alt1.aspmx.l.google.com
vaaradhifarms.com,True,200 image/png,vaaradhifarms.com,True,alt1.aspmx.l.google.com
vahdam.in,False,404 text/html,vahdam.com,True,alt1.aspmx.l.google.com
vahro.in,True,200 image/png,vahro.in,True,alt1.aspmx.l.google.com
vaidban.com,True,200 image/png,vaidban.com,True,alt1.aspmx.l.google.com
vallisvaseha.com,True,200 image/png,gmail.com,True,alt1.gmail-smtp-in.l.google.com
vandanasarees.com,True,200 image/png,gmail.com,True,alt1.gmail-smtp-in.l.google.com
varanchi.com,True,200 image/png,varanchi.com,True,alt1.aspmx.l.google.com
varanga.in,True,200 image/png,varanga.co.in,True,alt1.aspmx.l.google.com
vardhmanweaves.com,True,200 image/png,gmail.com,True,alt1.gmail-smtp-in.l.google.com
vasansi.com,True,200 image/png,vasansi.co.in,True,smtp.google.com
vastraculture.com,True,200 image/png,gmail.com,True,alt1.gmail-smtp-in.l.google.com
vastrado.com,True,200 image/png,vastrado.com,True,alt1.aspmx.l.google.com
vastrakaala.com,True,200 image/png,gmail.com,True,alt1.gmail-smtp-in.l.google.com
vastramaniaa.com,True,200 image/png,gmail.com,True,alt1.gmail-smtp-in.l.google.com
vastramay.com,False,404 image/png,vastramay.com,True,ALT1.ASPMX.L.GOOGLE.com
vastrang.in,True,200 image/jpeg,vastrang.in,True,mailstore1.secureserver.net
vastraofficial.in,True,200 image/png,gmail.com,True,alt1.gmail-smtp-in.l.google.com
vastrashops.com,True,200 image/png,gmail.com,True,alt1.gmail-smtp-in.l.google.com
vedanshcraft.com,True,200 image/png,gmail.com,True,alt1.gmail-smtp-in.l.google.com
vedaoils.com,True,200 image/png,vedaoils.com,True,alt1.aspmx.l.google.com
veeba.in,True,200 image/png,veeba.in,True,veeba-in.mail.protection.outlook.com
vegaauto.com,True,200 image/png,vegaauto.com,True,alt1.aspmx.l.google.com
veirdo.in,True,200 image/png,awesomefab.in,True,alt1.aspmx.l.google.com
velanstore.com,False,404 image/png,velanstore.com,True,mx.zoho.in
veromoda.in,True,200 image/png,veromoda.in,True,veromoda-in.mail.protection.outlook.com
verymiss.in,True,200 image/png,verymiss.in,True,smtp.google.com
vguard.com,True,200 image/png,vguard.in,True,d241350a.ess.barracudanetworks.com
viaanakidsstore.com,True,200 image/png,gmail.com,True,alt1.gmail-smtp-in.l.google.com
vigneto.in,False,404 text/html,vigneto.in,True,alt1.aspmx.l.google.com
viha.online,True,200 image/jpeg,gmail.com,True,alt1.gmail-smtp-in.l.google.com
vikasbookdepo.com,True,200 image/jpeg,vikasbookdepo.com,True,mx.zoho.in
villain.in,True,200 image/png,villain.in,True,alt1.aspmx.lgoogle.com
vinodcookware.com,True,200 image/png,vinodcookware.com,True,mx.zoho.in
vintagevelvetonline.com,True,200 image/jpeg,vintagevelvetonline.com,True,smtp.google.com
vintagewatcholic.in,True,200 image/png,gmail.com,True,alt1.gmail-smtp-in.l.google.com
vishalperipherals.com,True,200 image/png,vishalperipherals.com,True,alt1.aspmx.l.google.com
vishalprints.in,True,200 image/png,vishalprints.in,True,ALT1.ASPMX.L.GOOGLE.COM
vismay.com,True,200 image/png,vismay.in,True,alt1.aspmx.l.google.com
vitabiotics.in,True,200 image/png,meyer.co.in,True,d237734.a.ess.uk.barracudanetworks.com
vnhnaiduhall.com,True,200 image/png,naiduhall.net.in,True,naiduhall-net-in.mail.protection.outlook.com
voylla.com,True,200 image/png,voylla.com,True,alt1.aspmx.l.google.com
wacoalindia.com,True,200 image/jpeg,wacoalindia.com,True,mx.zoho.com
waidon.com,True,200 image/svg+xml,adonhaircare.com,True,alt1.aspmx.l.google.com
walkaroo.in,True,200 image/jpeg,walkaroo.in,True,walkaroo-in.mail.protection.outlook.com
walusha.in,True,200 image/png,walusha.in,True,alt1.aspmx.l.google.com
warriorworld.in,True,200 image/png,warriorworld.in,True,alt1.aspmx.l.google.com
watchfactory.in,True,200 image/svg+xml,watchfactory.in,True,mx.zoho.com
wearadhd.com,True,200 image/png,wearadhd.com,True,alt1.aspmx.l.google.com
wearetto.com,True,200 image/png,wearetto.com,True,alt1.aspmx.l.google.com
weaveanddecor.com,True,200 image/jpeg,gmail.com,True,alt1.gmail-smtp-in.l.google.com
wedtree.com,True,200 image/png,wedtree.com,True,alt3.aspmx.l.google.com
wellbi.in,True,200 image/png,wellbi.in,True,alt1.aspmx.l.google.com
wellwithlife.com,True,200 image/png,wellwithlife.com,True,alt1.aspmx.l.google.com
wforwoman.com,True,200 image/png,tcnsclothing.com,True,tcnsclothing-com.mail.protection.outlook.com
whimsyindia.com,True,200 image/jpeg,whimsyindia.com,True,alt1.aspmx.l.google.com
wildstone.in,True,200 image/png,mcnroe.com,True,mcnroe-com.mail.protection.outlook.com
winstonindia.com,True,200 image/png,winstonindia.com,True,smtp.google.com
wntrtravel.com,True,200 image/png,wntrtravel.com,True,alt1.aspmx.l.google.com
wodarmour.in,True,200 image/png,wodarmour.in,True,mx.zoho.com
wonderchef.com,True,200 image/png,wonderchef.in,True,wonderchef-in.mail.protection.outlook.com
wondergifts.in,True,200 image/svg+xml,wondergifts.com,True,alt1.aspmx.l.google.com
wondrdiamonds.com,True,200 image/png,wondrdiamonds.com,True,wondrdiamonds-com.mail.protection.outlook.com
woodentwist.com,True,200 image/png,woodentwist.com,True,mailstore1.secureserver.net
worldofasaya.com,True,200 image/svg+xml,wellspringconsumer.in,True,alt1.aspmx.l.google.com
worthwrap.in,True,200 image/png,gmail.com,True,alt1.gmail-smtp-in.l.google.com
wtflex.in,True,200 image/png,wtflex.in,True,alt1.aspmx.l.google.com
xtepindia.com,True,200 image/svg+xml,xtepindia.com,True,alt1.aspmx.l.google.com
yanchi.in,True,200 image/png,gmail.com,True,alt1.gmail-smtp-in.l.google.com
yardleyoflondon.com,True,200 image/png,gmail.com,True,alt1.gmail-smtp-in.l.google.com
yera.com,True,200 image/svg+xml,alembic.co.in,True,mx1-cluster21.immenzaces.com
yesbabu.in,True,200 image/png,gmail.com,True,alt1.gmail-smtp-in.l.google.com
yoholife.in,True,200 image/png,yoholife.in,True,alt1.aspmx.l.google.com
yourbasil.com,True,200 image/png,yourbasil.com,True,alt1.aspmx.l.google.com
yourlibaas.com,True,200 image/png,yourlibaas.com,True,mx.zohomail.com
yusufbhaifragrances.in,True,200 image/png,yusufbhaifragrances.in,True,yusufbhaifragrances-in.mail.protection.outlook.com
yuvistyle.com,True,200 image/jpeg,yuvistyle.com,True,mailstore1.secureserver.net
zairahmr.com,True,200 image/png,gmail.com,True,alt1.gmail-smtp-in.l.google.com
zanducare.com,True,200 image/png,zanducare.com,True,zanducare-com.mail.protection.outlook.com
zarfstudios.com,True,200 image/jpeg,zarfstudios.com,True,mailstore1.secureserver.net
zarkan.co,True,200 image/png,zarkan.co,True,alt1.aspmx.l.google.com
zebronics.com,True,200 image/png,zebronics.com,True,ALT1.ASPMX.L.GOOGLE.com
zeelretail.com,True,200 image/png,gmail.com,True,alt1.gmail-smtp-in.l.google.com
zeespares.in,True,200 image/png,zeespares.in,True,mailstore1.secureserver.net
zena.online,True,200 image/png,gmail.com,True,alt1.gmail-smtp-in.l.google.com
zeroharm.in,True,200 image/png,zeroharm.in,True,smtp.google.com
zevana.co,True,200 image/png,zevana.co,True,alt1.aspmx.l.google.com
zever4u.com,True,200 image/png,gmail.com,True,alt1.gmail-smtp-in.l.google.com
zilmor.com,True,200 image/png,zilmor.com,True,mx.zoho.in
zivamoms.com,True,200 image/jpeg,zivamoms.com,True,alt1.aspmx.l.google.com
zivanche.com,True,200 image/png,zivanche.com,True,smtp.google.com
zodiaconline.com,True,200 image/svg+xml,zodiacmtc.com,True,zodiacmtc.com.c2.mx1.ik2.com
zonealpha.in,True,200 image/png,zonealpha.in,True,alt1.aspmx.l.google.com
